metric,value,threshold,unit,level
MAPE,43.83040712935135,15.0,%,很差
GEH平均值,10.126035805367474,5.0,,很差
GEH合格率,14.087301587301587,75.0,%,很差
