gantry_id,end_gantryid,gantry_name,start_time,flow,k1,k2,k3,k4,h1,h2,h3,h4,h5,h6,t1,t2,t3,t4,t5,t6,total_k,total_h,total_t,speed,avg_duration,distance,time_key
G000551002000110010,G000551002000210010,,2025-08-11 03:00:00,11,4,0,0,0,0,1,0,0,1,5,0,0,0,0,0,0,4,7,0,,,,2025-08-11 03:00:00
G000551002000110010,G000551002000210010,,2025-08-11 03:05:00,16,5,0,0,0,0,1,5,0,0,5,0,0,0,0,0,0,5,11,0,,,,2025-08-11 03:05:00
G000551002000110010,G000551002000210010,,2025-08-11 03:10:00,7,2,0,0,0,1,0,2,0,0,1,1,0,0,0,0,0,2,4,1,,,,2025-08-11 03:10:00
G000551002000110010,G000551002000210010,,2025-08-11 03:15:00,9,1,0,0,0,2,0,4,0,1,1,0,0,0,0,0,0,1,8,0,,,,2025-08-11 03:15:00
G000551002000110010,G000551002000210010,,2025-08-11 03:20:00,12,4,0,0,0,0,3,1,0,0,4,0,0,0,0,0,0,4,8,0,,,,2025-08-11 03:20:00
G000551002000110010,G000551002000210010,,2025-08-11 03:25:00,4,0,0,0,0,1,2,1,0,0,0,0,0,0,0,0,0,0,4,0,,,,2025-08-11 03:25:00
G000551002000110010,G000551002000210010,,2025-08-11 03:30:00,17,2,0,0,0,2,3,4,0,2,4,0,0,0,0,0,0,2,15,0,,,,2025-08-11 03:30:00
G000551002000110010,G000551002000210010,,2025-08-11 03:35:00,7,3,0,0,0,1,0,2,0,0,1,0,0,0,0,0,0,3,4,0,,,,2025-08-11 03:35:00
G000551002000110010,G000551002000210010,,2025-08-11 03:40:00,10,5,0,0,0,0,2,1,0,0,2,0,0,0,0,0,0,5,5,0,,,,2025-08-11 03:40:00
G000551002000110010,G000551002000210010,,2025-08-11 03:45:00,14,7,0,0,0,1,1,3,0,1,1,0,0,0,0,0,0,7,7,0,,,,2025-08-11 03:45:00
G000551002000110010,G000551002000210010,,2025-08-11 03:50:00,13,6,0,0,0,0,3,1,0,0,3,0,0,0,0,0,0,6,7,0,,,,2025-08-11 03:50:00
G000551002000110010,G000551002000210010,,2025-08-11 03:55:00,10,2,0,0,0,0,2,4,0,0,2,0,0,0,0,0,0,2,8,0,,,,2025-08-11 03:55:00
G000551002000210010,G000551002000310010,,2025-08-11 03:00:00,6,1,0,0,0,0,0,1,0,2,2,0,0,0,0,0,0,1,5,0,,,,2025-08-11 03:00:00
G000551002000210010,G000551002000310010,,2025-08-11 03:05:00,12,5,0,0,0,0,1,2,0,0,4,0,0,0,0,0,0,5,7,0,,,,2025-08-11 03:05:00
G000551002000210010,G000551002000310010,,2025-08-11 03:10:00,15,4,0,0,0,1,2,4,0,0,4,0,0,0,0,0,0,4,11,0,,,,2025-08-11 03:10:00
G000551002000210010,G000551002000310010,,2025-08-11 03:15:00,7,1,0,0,0,0,1,3,0,0,1,1,0,0,0,0,0,1,5,1,,,,2025-08-11 03:15:00
G000551002000210010,G000551002000310010,,2025-08-11 03:20:00,10,1,0,0,0,3,1,4,0,1,0,0,0,0,0,0,0,1,9,0,,,,2025-08-11 03:20:00
G000551002000210010,G000551002000310010,,2025-08-11 03:25:00,10,4,0,0,0,0,2,0,0,0,4,0,0,0,0,0,0,4,6,0,,,,2025-08-11 03:25:00
G000551002000210010,G000551002000310010,,2025-08-11 03:30:00,13,2,0,0,0,2,3,3,0,0,3,0,0,0,0,0,0,2,11,0,,,,2025-08-11 03:30:00
G000551002000210010,G000551002000310010,,2025-08-11 03:35:00,10,1,0,0,0,1,2,2,0,2,2,0,0,0,0,0,0,1,9,0,,,,2025-08-11 03:35:00
G000551002000210010,G000551002000310010,,2025-08-11 03:40:00,11,6,0,0,0,1,1,3,0,0,0,0,0,0,0,0,0,6,5,0,,,,2025-08-11 03:40:00
G000551002000210010,G000551002000310010,,2025-08-11 03:45:00,7,3,0,0,0,0,1,1,0,0,2,0,0,0,0,0,0,3,4,0,,,,2025-08-11 03:45:00
G000551002000210010,G000551002000310010,,2025-08-11 03:50:00,17,9,0,0,0,1,3,2,0,1,1,0,0,0,0,0,0,9,8,0,,,,2025-08-11 03:50:00
G000551002000210010,G000551002000310010,,2025-08-11 03:55:00,13,4,0,0,0,0,2,3,0,0,4,0,0,0,0,0,0,4,9,0,,,,2025-08-11 03:55:00
G000551002000220010,G000551002000120010,,2025-08-11 03:00:00,5,3,0,0,0,0,1,0,1,0,0,0,0,0,0,0,0,3,2,0,,,,2025-08-11 03:00:00
G000551002000220010,G000551002000120010,,2025-08-11 03:05:00,3,0,0,0,0,0,1,2,0,0,0,0,0,0,0,0,0,0,3,0,,,,2025-08-11 03:05:00
G000551002000220010,G000551002000120010,,2025-08-11 03:10:00,6,3,0,0,0,0,2,1,0,0,0,0,0,0,0,0,0,3,3,0,,,,2025-08-11 03:10:00
G000551002000220010,G000551002000120010,,2025-08-11 03:15:00,6,2,0,0,0,1,0,1,0,0,2,0,0,0,0,0,0,2,4,0,,,,2025-08-11 03:15:00
G000551002000220010,G000551002000120010,,2025-08-11 03:20:00,7,3,0,0,0,0,2,1,1,0,0,0,0,0,0,0,0,3,4,0,,,,2025-08-11 03:20:00
G000551002000220010,G000551002000120010,,2025-08-11 03:25:00,6,1,0,0,0,0,3,1,0,0,1,0,0,0,0,0,0,1,5,0,,,,2025-08-11 03:25:00
G000551002000220010,G000551002000120010,,2025-08-11 03:30:00,5,1,0,0,0,1,0,3,0,0,0,0,0,0,0,0,0,1,4,0,,,,2025-08-11 03:30:00
G000551002000220010,G000551002000120010,,2025-08-11 03:35:00,6,3,0,0,0,1,1,1,0,0,0,0,0,0,0,0,0,3,3,0,,,,2025-08-11 03:35:00
G000551002000220010,G000551002000120010,,2025-08-11 03:40:00,1,0,0,0,0,0,1,0,0,0,0,0,0,0,0,0,0,0,1,0,,,,2025-08-11 03:40:00
G000551002000220010,G000551002000120010,,2025-08-11 03:45:00,4,1,0,0,0,1,1,1,0,0,0,0,0,0,0,0,0,1,3,0,,,,2025-08-11 03:45:00
G000551002000220010,G000551002000120010,,2025-08-11 03:50:00,8,4,0,0,0,2,1,1,0,0,0,0,0,0,0,0,0,4,4,0,,,,2025-08-11 03:50:00
G000551002000220010,G000551002000120010,,2025-08-11 03:55:00,4,2,0,0,0,0,0,2,0,0,0,0,0,0,0,0,0,2,2,0,,,,2025-08-11 03:55:00
G000551002000310010,G000551003000110010,,2025-08-11 03:00:00,10,5,0,0,0,0,1,1,0,0,3,0,0,0,0,0,0,5,5,0,,,,2025-08-11 03:00:00
G000551002000310010,G000551003000110010,,2025-08-11 03:05:00,9,5,0,0,0,1,0,1,0,0,2,0,0,0,0,0,0,5,4,0,,,,2025-08-11 03:05:00
G000551002000310010,G000551003000110010,,2025-08-11 03:10:00,5,3,0,0,0,1,0,1,0,0,0,0,0,0,0,0,0,3,2,0,,,,2025-08-11 03:10:00
G000551002000310010,G000551003000110010,,2025-08-11 03:15:00,13,5,0,0,0,0,1,1,0,2,4,0,0,0,0,0,0,5,8,0,,,,2025-08-11 03:15:00
G000551002000310010,G000551003000110010,,2025-08-11 03:20:00,16,5,0,0,0,1,1,2,1,0,6,0,0,0,0,0,0,5,11,0,,,,2025-08-11 03:20:00
G000551002000310010,G000551003000110010,,2025-08-11 03:25:00,17,4,0,0,0,2,2,5,0,0,3,1,0,0,0,0,0,4,12,1,,,,2025-08-11 03:25:00
G000551002000310010,G000551003000110010,,2025-08-11 03:30:00,12,3,0,0,0,2,0,4,1,0,2,0,0,0,0,0,0,3,9,0,,,,2025-08-11 03:30:00
G000551002000310010,G000551003000110010,,2025-08-11 03:35:00,17,5,0,0,0,1,3,2,0,1,5,0,0,0,0,0,0,5,12,0,,,,2025-08-11 03:35:00
G000551002000310010,G000551003000110010,,2025-08-11 03:40:00,7,2,0,0,0,0,0,3,1,0,1,0,0,0,0,0,0,2,5,0,,,,2025-08-11 03:40:00
G000551002000310010,G000551003000110010,,2025-08-11 03:45:00,7,2,0,0,0,0,3,2,0,0,0,0,0,0,0,0,0,2,5,0,,,,2025-08-11 03:45:00
G000551002000310010,G000551003000110010,,2025-08-11 03:50:00,10,6,0,0,0,0,0,2,0,1,1,0,0,0,0,0,0,6,4,0,,,,2025-08-11 03:50:00
G000551002000310010,G000551003000110010,,2025-08-11 03:55:00,4,0,0,0,0,0,3,1,0,0,0,0,0,0,0,0,0,0,4,0,,,,2025-08-11 03:55:00
G000551002000320010,G000551002000220010,,2025-08-11 03:00:00,8,6,0,0,0,1,0,0,0,0,1,0,0,0,0,0,0,6,2,0,,,,2025-08-11 03:00:00
G000551002000320010,G000551002000220010,,2025-08-11 03:05:00,3,1,0,0,0,0,0,2,0,0,0,0,0,0,0,0,0,1,2,0,,,,2025-08-11 03:05:00
G000551002000320010,G000551002000220010,,2025-08-11 03:10:00,12,3,0,0,0,2,3,1,2,0,1,0,0,0,0,0,0,3,9,0,,,,2025-08-11 03:10:00
G000551002000320010,G000551002000220010,,2025-08-11 03:15:00,8,3,0,0,0,0,1,4,0,0,0,0,0,0,0,0,0,3,5,0,,,,2025-08-11 03:15:00
G000551002000320010,G000551002000220010,,2025-08-11 03:20:00,7,1,0,0,0,2,2,2,0,0,0,0,0,0,0,0,0,1,6,0,,,,2025-08-11 03:20:00
G000551002000320010,G000551002000220010,,2025-08-11 03:25:00,5,3,0,0,0,0,0,2,0,0,0,0,0,0,0,0,0,3,2,0,,,,2025-08-11 03:25:00
G000551002000320010,G000551002000220010,,2025-08-11 03:30:00,3,0,0,0,0,1,1,1,0,0,0,0,0,0,0,0,0,0,3,0,,,,2025-08-11 03:30:00
G000551002000320010,G000551002000220010,,2025-08-11 03:35:00,4,2,0,0,0,0,2,0,0,0,0,0,0,0,0,0,0,2,2,0,,,,2025-08-11 03:35:00
G000551002000320010,G000551002000220010,,2025-08-11 03:40:00,6,2,0,0,0,1,1,2,0,0,0,0,0,0,0,0,0,2,4,0,,,,2025-08-11 03:40:00
G000551002000320010,G000551002000220010,,2025-08-11 03:45:00,6,3,0,0,0,1,0,1,1,0,0,0,0,0,0,0,0,3,3,0,,,,2025-08-11 03:45:00
G000551002000320010,G000551002000220010,,2025-08-11 03:50:00,5,0,0,0,0,0,0,3,1,0,1,0,0,0,0,0,0,0,5,0,,,,2025-08-11 03:50:00
G000551002000320010,G000551002000220010,,2025-08-11 03:55:00,3,2,0,0,0,0,0,1,0,0,0,0,0,0,0,0,0,2,1,0,,,,2025-08-11 03:55:00
G000551003000110010,G000551003000210010,,2025-08-11 03:00:00,12,6,0,0,0,0,0,2,0,0,4,0,0,0,0,0,0,6,6,0,,,,2025-08-11 03:00:00
G000551003000110010,G000551003000210010,,2025-08-11 03:05:00,12,5,0,0,0,3,1,2,1,0,0,0,0,0,0,0,0,5,7,0,,,,2025-08-11 03:05:00
G000551003000110010,G000551003000210010,,2025-08-11 03:10:00,17,5,0,0,0,0,1,7,1,0,3,0,0,0,0,0,0,5,12,0,,,,2025-08-11 03:10:00
G000551003000110010,G000551003000210010,,2025-08-11 03:15:00,17,4,0,0,0,1,1,4,0,0,7,0,0,0,0,0,0,4,13,0,,,,2025-08-11 03:15:00
G000551003000110010,G000551003000210010,,2025-08-11 03:20:00,14,4,0,0,0,1,1,2,1,1,4,0,0,0,0,0,0,4,10,0,,,,2025-08-11 03:20:00
G000551003000110010,G000551003000210010,,2025-08-11 03:25:00,7,2,0,0,0,0,1,2,0,1,1,0,0,0,0,0,0,2,5,0,,,,2025-08-11 03:25:00
G000551003000110010,G000551003000210010,,2025-08-11 03:30:00,8,4,0,0,0,0,0,2,0,0,2,0,0,0,0,0,0,4,4,0,,,,2025-08-11 03:30:00
G000551003000110010,G000551003000210010,,2025-08-11 03:35:00,13,4,0,0,0,1,1,4,0,2,1,0,0,0,0,0,0,4,9,0,,,,2025-08-11 03:35:00
G000551003000110010,G000551003000210010,,2025-08-11 03:40:00,11,3,0,0,0,1,1,2,1,0,3,0,0,0,0,0,0,3,8,0,,,,2025-08-11 03:40:00
G000551003000110010,G000551003000210010,,2025-08-11 03:45:00,12,2,0,0,0,1,0,4,0,0,5,0,0,0,0,0,0,2,10,0,,,,2025-08-11 03:45:00
G000551003000110010,G000551003000210010,,2025-08-11 03:50:00,15,2,0,0,0,2,2,5,0,0,3,1,0,0,0,0,0,2,12,1,,,,2025-08-11 03:50:00
G000551003000110010,G000551003000210010,,2025-08-11 03:55:00,15,3,0,0,0,1,4,3,1,1,2,0,0,0,0,0,0,3,12,0,,,,2025-08-11 03:55:00
G000551003000120010,G000551002000320010,,2025-08-11 03:00:00,7,1,0,0,0,2,2,2,0,0,0,0,0,0,0,0,0,1,6,0,,,,2025-08-11 03:00:00
G000551003000120010,G000551002000320010,,2025-08-11 03:05:00,8,2,0,0,0,0,1,5,0,0,0,0,0,0,0,0,0,2,6,0,,,,2025-08-11 03:05:00
G000551003000120010,G000551002000320010,,2025-08-11 03:10:00,3,2,0,0,0,1,0,0,0,0,0,0,0,0,0,0,0,2,1,0,,,,2025-08-11 03:10:00
G000551003000120010,G000551002000320010,,2025-08-11 03:15:00,8,1,0,0,0,0,1,5,1,0,0,0,0,0,0,0,0,1,7,0,,,,2025-08-11 03:15:00
G000551003000120010,G000551002000320010,,2025-08-11 03:20:00,5,0,0,0,0,0,2,3,0,0,0,0,0,0,0,0,0,0,5,0,,,,2025-08-11 03:20:00
G000551003000120010,G000551002000320010,,2025-08-11 03:25:00,11,2,0,0,0,3,0,4,2,0,0,0,0,0,0,0,0,2,9,0,,,,2025-08-11 03:25:00
G000551003000120010,G000551002000320010,,2025-08-11 03:30:00,5,3,0,0,0,0,0,1,0,0,1,0,0,0,0,0,0,3,2,0,,,,2025-08-11 03:30:00
G000551003000120010,G000551002000320010,,2025-08-11 03:35:00,3,0,0,0,0,0,0,3,0,0,0,0,0,0,0,0,0,0,3,0,,,,2025-08-11 03:35:00
G000551003000120010,G000551002000320010,,2025-08-11 03:40:00,6,2,0,0,0,0,1,1,0,0,2,0,0,0,0,0,0,2,4,0,,,,2025-08-11 03:40:00
G000551003000120010,G000551002000320010,,2025-08-11 03:45:00,14,7,0,0,0,0,2,4,1,0,0,0,0,0,0,0,0,7,7,0,,,,2025-08-11 03:45:00
G000551003000120010,G000551002000320010,,2025-08-11 03:50:00,7,1,0,0,0,0,1,3,1,0,1,0,0,0,0,0,0,1,6,0,,,,2025-08-11 03:50:00
G000551003000120010,G000551002000320010,,2025-08-11 03:55:00,5,1,0,0,0,1,1,2,0,0,0,0,0,0,0,0,0,1,4,0,,,,2025-08-11 03:55:00
G000551003000210010,G000551003000310010,,2025-08-11 03:00:00,5,1,0,0,0,0,0,0,1,1,2,0,0,0,0,0,0,1,4,0,,,,2025-08-11 03:00:00
G000551003000210010,G000551003000310010,,2025-08-11 03:05:00,13,5,0,0,0,2,0,4,0,0,2,0,0,0,0,0,0,5,8,0,,,,2025-08-11 03:05:00
G000551003000210010,G000551003000310010,,2025-08-11 03:10:00,15,3,0,0,0,1,1,6,2,0,2,0,0,0,0,0,0,3,12,0,,,,2025-08-11 03:10:00
G000551003000210010,G000551003000310010,,2025-08-11 03:15:00,16,4,0,0,0,1,1,7,0,0,3,0,0,0,0,0,0,4,12,0,,,,2025-08-11 03:15:00
G000551003000210010,G000551003000310010,,2025-08-11 03:20:00,14,3,0,0,0,2,2,1,0,1,5,0,0,0,0,0,0,3,11,0,,,,2025-08-11 03:20:00
G000551003000210010,G000551003000310010,,2025-08-11 03:25:00,11,2,0,0,0,0,1,3,1,1,3,0,0,0,0,0,0,2,9,0,,,,2025-08-11 03:25:00
G000551003000210010,G000551003000310010,,2025-08-11 03:30:00,7,2,0,0,0,0,0,1,0,0,4,0,0,0,0,0,0,2,5,0,,,,2025-08-11 03:30:00
G000551003000210010,G000551003000310010,,2025-08-11 03:35:00,10,4,0,0,0,1,1,3,0,1,0,0,0,0,0,0,0,4,6,0,,,,2025-08-11 03:35:00
G000551003000210010,G000551003000310010,,2025-08-11 03:40:00,9,0,0,0,0,0,1,3,1,1,3,0,0,0,0,0,0,0,9,0,,,,2025-08-11 03:40:00
G000551003000210010,G000551003000310010,,2025-08-11 03:45:00,15,4,0,0,0,1,0,5,0,0,5,0,0,0,0,0,0,4,11,0,,,,2025-08-11 03:45:00
G000551003000210010,G000551003000310010,,2025-08-11 03:50:00,15,1,0,0,0,2,2,5,0,0,4,1,0,0,0,0,0,1,13,1,,,,2025-08-11 03:50:00
G000551003000210010,G000551003000310010,,2025-08-11 03:55:00,12,2,0,0,0,0,2,6,1,0,1,0,0,0,0,0,0,2,10,0,,,,2025-08-11 03:55:00
G000551003000220010,G000551003000120010,,2025-08-11 03:00:00,6,3,0,0,0,1,0,2,0,0,0,0,0,0,0,0,0,3,3,0,,,,2025-08-11 03:00:00
G000551003000220010,G000551003000120010,,2025-08-11 03:05:00,7,2,0,0,0,1,1,3,0,0,0,0,0,0,0,0,0,2,5,0,,,,2025-08-11 03:05:00
G000551003000220010,G000551003000120010,,2025-08-11 03:10:00,6,2,0,0,0,0,1,2,1,0,0,0,0,0,0,0,0,2,4,0,,,,2025-08-11 03:10:00
G000551003000220010,G000551003000120010,,2025-08-11 03:15:00,7,1,0,0,0,1,1,4,0,0,0,0,0,0,0,0,0,1,6,0,,,,2025-08-11 03:15:00
G000551003000220010,G000551003000120010,,2025-08-11 03:20:00,6,1,0,0,0,1,1,1,2,0,0,0,0,0,0,0,0,1,5,0,,,,2025-08-11 03:20:00
G000551003000220010,G000551003000120010,,2025-08-11 03:25:00,7,1,0,0,0,1,0,5,0,0,0,0,0,0,0,0,0,1,6,0,,,,2025-08-11 03:25:00
G000551003000220010,G000551003000120010,,2025-08-11 03:30:00,5,2,0,0,0,0,0,2,0,0,1,0,0,0,0,0,0,2,3,0,,,,2025-08-11 03:30:00
G000551003000220010,G000551003000120010,,2025-08-11 03:35:00,3,1,0,0,0,0,0,1,0,0,1,0,0,0,0,0,0,1,2,0,,,,2025-08-11 03:35:00
G000551003000220010,G000551003000120010,,2025-08-11 03:40:00,10,4,0,0,0,0,1,4,0,0,1,0,0,0,0,0,0,4,6,0,,,,2025-08-11 03:40:00
G000551003000220010,G000551003000120010,,2025-08-11 03:45:00,7,3,0,0,0,0,2,1,1,0,0,0,0,0,0,0,0,3,4,0,,,,2025-08-11 03:45:00
G000551003000220010,G000551003000120010,,2025-08-11 03:50:00,8,1,0,0,0,0,1,4,1,0,1,0,0,0,0,0,0,1,7,0,,,,2025-08-11 03:50:00
G000551003000220010,G000551003000120010,,2025-08-11 03:55:00,5,0,0,0,0,1,3,1,0,0,0,0,0,0,0,0,0,0,5,0,,,,2025-08-11 03:55:00
G000551003000310010,G000551003000410010,,2025-08-11 03:00:00,9,4,0,0,0,0,0,2,0,0,3,0,0,0,0,0,0,4,5,0,,,,2025-08-11 03:00:00
G000551003000310010,G000551003000410010,,2025-08-11 03:05:00,17,3,0,0,0,1,4,5,1,0,3,0,0,0,0,0,0,3,14,0,,,,2025-08-11 03:05:00
G000551003000310010,G000551003000410010,,2025-08-11 03:10:00,13,4,0,0,0,2,2,2,0,0,3,0,0,0,0,0,0,4,9,0,,,,2025-08-11 03:10:00
G000551003000310010,G000551003000410010,,2025-08-11 03:15:00,10,6,0,0,0,0,1,1,1,0,1,0,0,0,0,0,0,6,4,0,,,,2025-08-11 03:15:00
G000551003000310010,G000551003000410010,,2025-08-11 03:20:00,10,3,0,0,0,0,0,4,0,0,3,0,0,0,0,0,0,3,7,0,,,,2025-08-11 03:20:00
G000551003000310010,G000551003000410010,,2025-08-11 03:25:00,12,4,0,0,0,1,2,1,1,1,2,0,0,0,0,0,0,4,8,0,,,,2025-08-11 03:25:00
G000551003000310010,G000551003000410010,,2025-08-11 03:30:00,17,8,0,0,0,0,0,5,0,0,4,0,0,0,0,0,0,8,9,0,,,,2025-08-11 03:30:00
G000551003000310010,G000551003000410010,,2025-08-11 03:35:00,12,4,0,0,0,2,1,2,2,0,1,0,0,0,0,0,0,4,8,0,,,,2025-08-11 03:35:00
G000551003000310010,G000551003000410010,,2025-08-11 03:40:00,14,3,0,0,0,0,1,7,0,0,3,0,0,0,0,0,0,3,11,0,,,,2025-08-11 03:40:00
G000551003000310010,G000551003000410010,,2025-08-11 03:45:00,21,6,0,0,0,2,1,5,0,1,6,0,0,0,0,0,0,6,15,0,,,,2025-08-11 03:45:00
G000551003000310010,G000551003000410010,,2025-08-11 03:50:00,8,1,0,0,0,0,2,3,0,0,2,0,0,0,0,0,0,1,7,0,,,,2025-08-11 03:50:00
G000551003000310010,G000551003000410010,,2025-08-11 03:55:00,13,7,0,0,0,0,0,0,1,1,4,0,0,0,0,0,0,7,6,0,,,,2025-08-11 03:55:00
G000551003000320010,G000551003000220010,,2025-08-11 03:00:00,5,1,0,0,0,1,0,2,0,0,1,0,0,0,0,0,0,1,4,0,,,,2025-08-11 03:00:00
G000551003000320010,G000551003000220010,,2025-08-11 03:05:00,2,0,0,0,0,0,0,1,0,0,1,0,0,0,0,0,0,0,2,0,,,,2025-08-11 03:05:00
G000551003000320010,G000551003000220010,,2025-08-11 03:10:00,5,2,0,0,0,0,0,3,0,0,0,0,0,0,0,0,0,2,3,0,,,,2025-08-11 03:10:00
G000551003000320010,G000551003000220010,,2025-08-11 03:15:00,8,1,0,0,0,0,1,5,0,0,1,0,0,0,0,0,0,1,7,0,,,,2025-08-11 03:15:00
G000551003000320010,G000551003000220010,,2025-08-11 03:20:00,9,3,0,0,0,0,2,3,1,0,0,0,0,0,0,0,0,3,6,0,,,,2025-08-11 03:20:00
G000551003000320010,G000551003000220010,,2025-08-11 03:25:00,9,5,0,0,0,0,2,1,0,0,1,0,0,0,0,0,0,5,4,0,,,,2025-08-11 03:25:00
G000551003000320010,G000551003000220010,,2025-08-11 03:30:00,5,1,0,0,0,0,3,0,1,0,0,0,0,0,0,0,0,1,4,0,,,,2025-08-11 03:30:00
G000551003000320010,G000551003000220010,,2025-08-11 03:35:00,1,0,0,0,0,1,0,0,0,0,0,0,0,0,0,0,0,0,1,0,,,,2025-08-11 03:35:00
G000551003000320010,G000551003000220010,,2025-08-11 03:40:00,6,1,0,0,0,1,3,1,0,0,0,0,0,0,0,0,0,1,5,0,,,,2025-08-11 03:40:00
G000551003000320010,G000551003000220010,,2025-08-11 03:45:00,12,1,0,0,0,0,5,5,0,0,0,1,0,0,0,0,0,1,10,1,,,,2025-08-11 03:45:00
G000551003000320010,G000551003000220010,,2025-08-11 03:50:00,7,2,0,0,0,0,3,1,1,0,0,0,0,0,0,0,0,2,5,0,,,,2025-08-11 03:50:00
G000551003000320010,G000551003000220010,,2025-08-11 03:55:00,6,2,0,0,0,0,1,1,2,0,0,0,0,0,0,0,0,2,4,0,,,,2025-08-11 03:55:00
G000551003000410010,G000551003000510010,,2025-08-11 03:00:00,10,1,0,0,0,1,2,1,2,0,3,0,0,0,0,0,0,1,9,0,,,,2025-08-11 03:00:00
G000551003000410010,G000551003000510010,,2025-08-11 03:05:00,16,3,0,0,0,3,0,6,1,1,2,0,0,0,0,0,0,3,13,0,,,,2025-08-11 03:05:00
G000551003000410010,G000551003000510010,,2025-08-11 03:10:00,9,2,0,0,0,1,0,2,0,0,4,0,0,0,0,0,0,2,7,0,,,,2025-08-11 03:10:00
G000551003000410010,G000551003000510010,,2025-08-11 03:15:00,15,3,0,0,0,1,5,4,1,0,1,0,0,0,0,0,0,3,12,0,,,,2025-08-11 03:15:00
G000551003000410010,G000551003000510010,,2025-08-11 03:20:00,13,6,0,0,0,0,1,3,0,0,3,0,0,0,0,0,0,6,7,0,,,,2025-08-11 03:20:00
G000551003000410010,G000551003000510010,,2025-08-11 03:25:00,11,6,0,0,0,0,1,1,1,0,2,0,0,0,0,0,0,6,5,0,,,,2025-08-11 03:25:00
G000551003000410010,G000551003000510010,,2025-08-11 03:30:00,10,1,0,0,0,1,1,3,0,0,4,0,0,0,0,0,0,1,9,0,,,,2025-08-11 03:30:00
G000551003000410010,G000551003000510010,,2025-08-11 03:35:00,14,10,0,0,0,0,1,1,1,1,0,0,0,0,0,0,0,10,4,0,,,,2025-08-11 03:35:00
G000551003000410010,G000551003000510010,,2025-08-11 03:40:00,18,4,0,0,0,1,1,6,1,0,5,0,0,0,0,0,0,4,14,0,,,,2025-08-11 03:40:00
G000551003000410010,G000551003000510010,,2025-08-11 03:45:00,9,3,0,0,0,1,1,3,1,0,0,0,0,0,0,0,0,3,6,0,,,,2025-08-11 03:45:00
G000551003000410010,G000551003000510010,,2025-08-11 03:50:00,23,6,0,0,0,3,1,8,0,0,5,0,0,0,0,0,0,6,17,0,,,,2025-08-11 03:50:00
G000551003000410010,G000551003000510010,,2025-08-11 03:55:00,12,3,0,0,0,1,0,3,0,1,4,0,0,0,0,0,0,3,9,0,,,,2025-08-11 03:55:00
G000551003000420010,G000551003000320010,,2025-08-11 03:00:00,4,2,0,0,0,0,0,2,0,0,0,0,0,0,0,0,0,2,2,0,,,,2025-08-11 03:00:00
G000551003000420010,G000551003000320010,,2025-08-11 03:05:00,9,2,0,0,0,0,1,5,0,0,1,0,0,0,0,0,0,2,7,0,,,,2025-08-11 03:05:00
G000551003000420010,G000551003000320010,,2025-08-11 03:10:00,6,2,0,0,0,0,1,2,1,0,0,0,0,0,0,0,0,2,4,0,,,,2025-08-11 03:10:00
G000551003000420010,G000551003000320010,,2025-08-11 03:15:00,7,3,0,0,0,0,2,1,0,0,1,0,0,0,0,0,0,3,4,0,,,,2025-08-11 03:15:00
G000551003000420010,G000551003000320010,,2025-08-11 03:20:00,10,5,0,0,0,0,3,1,1,0,0,0,0,0,0,0,0,5,5,0,,,,2025-08-11 03:20:00
G000551003000420010,G000551003000320010,,2025-08-11 03:25:00,3,1,0,0,0,1,1,0,0,0,0,0,0,0,0,0,0,1,2,0,,,,2025-08-11 03:25:00
G000551003000420010,G000551003000320010,,2025-08-11 03:30:00,5,0,0,0,0,1,3,0,0,0,0,0,1,0,0,0,0,0,4,1,,,,2025-08-11 03:30:00
G000551003000420010,G000551003000320010,,2025-08-11 03:35:00,7,3,0,0,0,0,1,3,0,0,0,0,0,0,0,0,0,3,4,0,,,,2025-08-11 03:35:00
G000551003000420010,G000551003000320010,,2025-08-11 03:40:00,11,1,0,0,0,0,4,3,2,0,0,1,0,0,0,0,0,1,9,1,,,,2025-08-11 03:40:00
G000551003000420010,G000551003000320010,,2025-08-11 03:45:00,8,3,0,0,0,0,4,0,1,0,0,0,0,0,0,0,0,3,5,0,,,,2025-08-11 03:45:00
G000551003000420010,G000551003000320010,,2025-08-11 03:50:00,4,2,0,0,0,0,0,2,0,0,0,0,0,0,0,0,0,2,2,0,,,,2025-08-11 03:50:00
G000551003000420010,G000551003000320010,,2025-08-11 03:55:00,6,3,0,0,0,0,2,1,0,0,0,0,0,0,0,0,0,3,3,0,,,,2025-08-11 03:55:00
G000551003000510010,G000551003000610010,,2025-08-11 03:00:00,11,4,0,0,0,0,0,5,0,1,1,0,0,0,0,0,0,4,7,0,,,,2025-08-11 03:00:00
G000551003000510010,G000551003000610010,,2025-08-11 03:05:00,16,2,0,0,0,4,2,2,3,1,2,0,0,0,0,0,0,2,14,0,,,,2025-08-11 03:05:00
G000551003000510010,G000551003000610010,,2025-08-11 03:10:00,9,3,0,0,0,0,0,4,0,0,2,0,0,0,0,0,0,3,6,0,,,,2025-08-11 03:10:00
G000551003000510010,G000551003000610010,,2025-08-11 03:15:00,14,3,0,0,0,1,0,5,1,0,4,0,0,0,0,0,0,3,11,0,,,,2025-08-11 03:15:00
G000551003000510010,G000551003000610010,,2025-08-11 03:20:00,17,4,0,0,0,1,6,3,0,0,3,0,0,0,0,0,0,4,13,0,,,,2025-08-11 03:20:00
G000551003000510010,G000551003000610010,,2025-08-11 03:25:00,10,7,0,0,0,0,0,1,1,0,1,0,0,0,0,0,0,7,3,0,,,,2025-08-11 03:25:00
G000551003000510010,G000551003000610010,,2025-08-11 03:30:00,7,2,0,0,0,0,1,2,0,0,2,0,0,0,0,0,0,2,5,0,,,,2025-08-11 03:30:00
G000551003000510010,G000551003000610010,,2025-08-11 03:35:00,13,4,0,0,0,1,1,2,0,1,4,0,0,0,0,0,0,4,9,0,,,,2025-08-11 03:35:00
G000551003000510010,G000551003000610010,,2025-08-11 03:40:00,14,9,0,0,0,0,1,2,1,0,1,0,0,0,0,0,0,9,5,0,,,,2025-08-11 03:40:00
G000551003000510010,G000551003000610010,,2025-08-11 03:45:00,17,4,0,0,0,2,1,5,1,0,4,0,0,0,0,0,0,4,13,0,,,,2025-08-11 03:45:00
G000551003000510010,G000551003000610010,,2025-08-11 03:50:00,10,3,0,0,0,0,1,3,1,0,2,0,0,0,0,0,0,3,7,0,,,,2025-08-11 03:50:00
G000551003000510010,G000551003000610010,,2025-08-11 03:55:00,25,7,0,0,0,4,1,9,0,0,4,0,0,0,0,0,0,7,18,0,,,,2025-08-11 03:55:00
G000551003000520010,G000551003000420010,,2025-08-11 03:00:00,7,2,0,0,0,0,0,3,0,0,2,0,0,0,0,0,0,2,5,0,,,,2025-08-11 03:00:00
G000551003000520010,G000551003000420010,,2025-08-11 03:05:00,6,1,0,0,0,0,0,4,1,0,0,0,0,0,0,0,0,1,5,0,,,,2025-08-11 03:05:00
G000551003000520010,G000551003000420010,,2025-08-11 03:10:00,7,2,0,0,0,0,3,2,0,0,0,0,0,0,0,0,0,2,5,0,,,,2025-08-11 03:10:00
G000551003000520010,G000551003000420010,,2025-08-11 03:15:00,13,8,0,0,0,0,2,1,1,0,1,0,0,0,0,0,0,8,5,0,,,,2025-08-11 03:15:00
G000551003000520010,G000551003000420010,,2025-08-11 03:20:00,3,1,0,0,0,0,2,0,0,0,0,0,0,0,0,0,0,1,2,0,,,,2025-08-11 03:20:00
G000551003000520010,G000551003000420010,,2025-08-11 03:25:00,1,0,0,0,0,0,0,0,0,0,0,0,1,0,0,0,0,0,0,1,,,,2025-08-11 03:25:00
G000551003000520010,G000551003000420010,,2025-08-11 03:30:00,9,2,0,0,0,1,4,2,0,0,0,0,0,0,0,0,0,2,7,0,,,,2025-08-11 03:30:00
G000551003000520010,G000551003000420010,,2025-08-11 03:35:00,12,1,0,0,0,0,4,4,2,0,0,1,0,0,0,0,0,1,10,1,,,,2025-08-11 03:35:00
G000551003000520010,G000551003000420010,,2025-08-11 03:40:00,7,3,0,0,0,0,3,0,1,0,0,0,0,0,0,0,0,3,4,0,,,,2025-08-11 03:40:00
G000551003000520010,G000551003000420010,,2025-08-11 03:45:00,4,1,0,0,0,0,1,2,0,0,0,0,0,0,0,0,0,1,3,0,,,,2025-08-11 03:45:00
G000551003000520010,G000551003000420010,,2025-08-11 03:50:00,4,3,0,0,0,0,0,1,0,0,0,0,0,0,0,0,0,3,1,0,,,,2025-08-11 03:50:00
G000551003000520010,G000551003000420010,,2025-08-11 03:55:00,6,3,0,0,0,0,3,0,0,0,0,0,0,0,0,0,0,3,3,0,,,,2025-08-11 03:55:00
G000551003000610010,G000551003000710010,,2025-08-11 03:00:00,23,7,0,0,0,0,6,1,1,1,7,0,0,0,0,0,0,7,16,0,,,,2025-08-11 03:00:00
G000551003000610010,G000551003000710010,,2025-08-11 03:05:00,6,0,0,0,0,0,2,3,0,0,1,0,0,0,0,0,0,0,6,0,,,,2025-08-11 03:05:00
G000551003000610010,G000551003000710010,,2025-08-11 03:10:00,12,4,0,0,0,0,1,3,2,0,2,0,0,0,0,0,0,4,8,0,,,,2025-08-11 03:10:00
G000551003000610010,G000551003000710010,,2025-08-11 03:15:00,9,2,0,0,0,0,1,4,0,1,1,0,0,0,0,0,0,2,7,0,,,,2025-08-11 03:15:00
G000551003000610010,G000551003000710010,,2025-08-11 03:20:00,15,2,0,0,0,2,2,2,3,1,3,0,0,0,0,0,0,2,13,0,,,,2025-08-11 03:20:00
G000551003000610010,G000551003000710010,,2025-08-11 03:25:00,12,3,0,0,0,1,0,4,1,0,3,0,0,0,0,0,0,3,9,0,,,,2025-08-11 03:25:00
G000551003000610010,G000551003000710010,,2025-08-11 03:30:00,9,1,0,0,0,1,0,3,1,0,3,0,0,0,0,0,0,1,8,0,,,,2025-08-11 03:30:00
G000551003000610010,G000551003000710010,,2025-08-11 03:35:00,19,6,0,0,0,0,4,4,0,0,5,0,0,0,0,0,0,6,13,0,,,,2025-08-11 03:35:00
G000551003000610010,G000551003000710010,,2025-08-11 03:40:00,9,4,0,0,0,1,1,2,1,0,0,0,0,0,0,0,0,4,5,0,,,,2025-08-11 03:40:00
G000551003000610010,G000551003000710010,,2025-08-11 03:45:00,11,4,0,0,0,1,2,3,0,0,1,0,0,0,0,0,0,4,7,0,,,,2025-08-11 03:45:00
G000551003000610010,G000551003000710010,,2025-08-11 03:50:00,13,6,0,0,0,0,2,2,0,1,2,0,0,0,0,0,0,6,7,0,,,,2025-08-11 03:50:00
G000551003000610010,G000551003000710010,,2025-08-11 03:55:00,10,3,0,0,0,0,0,2,1,0,4,0,0,0,0,0,0,3,7,0,,,,2025-08-11 03:55:00
G000551003000620010,G000551003000520010,,2025-08-11 03:00:00,6,0,0,0,0,0,4,1,0,0,1,0,0,0,0,0,0,0,6,0,,,,2025-08-11 03:00:00
G000551003000620010,G000551003000520010,,2025-08-11 03:05:00,8,6,0,0,0,0,1,0,1,0,0,0,0,0,0,0,0,6,2,0,,,,2025-08-11 03:05:00
G000551003000620010,G000551003000520010,,2025-08-11 03:10:00,3,0,0,0,0,1,1,0,0,0,0,0,1,0,0,0,0,0,2,1,,,,2025-08-11 03:10:00
G000551003000620010,G000551003000520010,,2025-08-11 03:15:00,7,1,0,0,0,0,2,3,1,0,0,0,0,0,0,0,0,1,6,0,,,,2025-08-11 03:15:00
G000551003000620010,G000551003000520010,,2025-08-11 03:20:00,7,1,0,0,0,1,2,2,1,0,0,0,0,0,0,0,0,1,6,0,,,,2025-08-11 03:20:00
G000551003000620010,G000551003000520010,,2025-08-11 03:25:00,9,1,0,0,0,1,3,2,1,0,0,1,0,0,0,0,0,1,7,1,,,,2025-08-11 03:25:00
G000551003000620010,G000551003000520010,,2025-08-11 03:30:00,8,3,0,0,0,0,4,1,0,0,0,0,0,0,0,0,0,3,5,0,,,,2025-08-11 03:30:00
G000551003000620010,G000551003000520010,,2025-08-11 03:35:00,5,2,0,0,0,0,2,1,0,0,0,0,0,0,0,0,0,2,3,0,,,,2025-08-11 03:35:00
G000551003000620010,G000551003000520010,,2025-08-11 03:40:00,7,4,0,0,0,0,3,0,0,0,0,0,0,0,0,0,0,4,3,0,,,,2025-08-11 03:40:00
G000551003000620010,G000551003000520010,,2025-08-11 03:45:00,6,3,0,0,0,0,1,2,0,0,0,0,0,0,0,0,0,3,3,0,,,,2025-08-11 03:45:00
G000551003000620010,G000551003000520010,,2025-08-11 03:50:00,4,2,0,0,0,2,0,0,0,0,0,0,0,0,0,0,0,2,2,0,,,,2025-08-11 03:50:00
G000551003000620010,G000551003000520010,,2025-08-11 03:55:00,6,3,0,0,0,0,1,2,0,0,0,0,0,0,0,0,0,3,3,0,,,,2025-08-11 03:55:00
G000551003000710010,G000551003000810010,,2025-08-11 03:00:00,14,7,0,0,0,0,1,3,2,0,1,0,0,0,0,0,0,7,7,0,,,,2025-08-11 03:00:00
G000551003000710010,G000551003000810010,,2025-08-11 03:05:00,21,4,0,0,0,1,6,1,1,1,7,0,0,0,0,0,0,4,17,0,,,,2025-08-11 03:05:00
G000551003000710010,G000551003000810010,,2025-08-11 03:10:00,7,1,0,0,0,0,2,3,0,0,1,0,0,0,0,0,0,1,6,0,,,,2025-08-11 03:10:00
G000551003000710010,G000551003000810010,,2025-08-11 03:15:00,11,5,0,0,0,0,1,2,2,0,1,0,0,0,0,0,0,5,6,0,,,,2025-08-11 03:15:00
G000551003000710010,G000551003000810010,,2025-08-11 03:20:00,11,1,0,0,0,0,1,5,1,1,2,0,0,0,0,0,0,1,10,0,,,,2025-08-11 03:20:00
G000551003000710010,G000551003000810010,,2025-08-11 03:25:00,11,2,0,0,0,2,2,2,1,1,1,0,0,0,0,0,0,2,9,0,,,,2025-08-11 03:25:00
G000551003000710010,G000551003000810010,,2025-08-11 03:30:00,15,4,0,0,0,1,0,4,2,0,4,0,0,0,0,0,0,4,11,0,,,,2025-08-11 03:30:00
G000551003000710010,G000551003000810010,,2025-08-11 03:35:00,10,1,0,0,0,1,0,3,1,0,4,0,0,0,0,0,0,1,9,0,,,,2025-08-11 03:35:00
G000551003000710010,G000551003000810010,,2025-08-11 03:40:00,20,7,0,0,0,0,4,4,0,0,5,0,0,0,0,0,0,7,13,0,,,,2025-08-11 03:40:00
G000551003000710010,G000551003000810010,,2025-08-11 03:45:00,9,4,0,0,0,1,1,2,1,0,0,0,0,0,0,0,0,4,5,0,,,,2025-08-11 03:45:00
G000551003000710010,G000551003000810010,,2025-08-11 03:50:00,10,4,0,0,0,1,2,2,0,0,1,0,0,0,0,0,0,4,6,0,,,,2025-08-11 03:50:00
G000551003000710010,G000551003000810010,,2025-08-11 03:55:00,15,7,0,0,0,0,2,3,0,1,2,0,0,0,0,0,0,7,8,0,,,,2025-08-11 03:55:00
G000551003000720010,G000551003000620010,,2025-08-11 03:00:00,6,4,0,0,0,0,1,0,1,0,0,0,0,0,0,0,0,4,2,0,,,,2025-08-11 03:00:00
G000551003000720010,G000551003000620010,,2025-08-11 03:05:00,6,2,0,0,0,1,1,1,0,0,0,0,1,0,0,0,0,2,3,1,,,,2025-08-11 03:05:00
G000551003000720010,G000551003000620010,,2025-08-11 03:10:00,7,1,0,0,0,0,2,3,1,0,0,0,0,0,0,0,0,1,6,0,,,,2025-08-11 03:10:00
G000551003000720010,G000551003000620010,,2025-08-11 03:15:00,8,1,0,0,0,2,2,2,1,0,0,0,0,0,0,0,0,1,7,0,,,,2025-08-11 03:15:00
G000551003000720010,G000551003000620010,,2025-08-11 03:20:00,8,1,0,0,0,0,3,2,1,0,0,1,0,0,0,0,0,1,6,1,,,,2025-08-11 03:20:00
G000551003000720010,G000551003000620010,,2025-08-11 03:25:00,9,2,0,0,0,0,5,2,0,0,0,0,0,0,0,0,0,2,7,0,,,,2025-08-11 03:25:00
G000551003000720010,G000551003000620010,,2025-08-11 03:30:00,4,3,0,0,0,0,1,0,0,0,0,0,0,0,0,0,0,3,1,0,,,,2025-08-11 03:30:00
G000551003000720010,G000551003000620010,,2025-08-11 03:35:00,6,2,0,0,0,0,3,1,0,0,0,0,0,0,0,0,0,2,4,0,,,,2025-08-11 03:35:00
G000551003000720010,G000551003000620010,,2025-08-11 03:40:00,7,4,0,0,0,1,1,1,0,0,0,0,0,0,0,0,0,4,3,0,,,,2025-08-11 03:40:00
G000551003000720010,G000551003000620010,,2025-08-11 03:45:00,4,3,0,0,0,1,0,0,0,0,0,0,0,0,0,0,0,3,1,0,,,,2025-08-11 03:45:00
G000551003000720010,G000551003000620010,,2025-08-11 03:50:00,8,4,0,0,0,0,1,3,0,0,0,0,0,0,0,0,0,4,4,0,,,,2025-08-11 03:50:00
G000551003000810010,G000551003000910010,,2025-08-11 03:00:00,12,5,0,0,0,0,1,2,0,0,4,0,0,0,0,0,0,5,7,0,,,,2025-08-11 03:00:00
G000551003000810010,G000551003000910010,,2025-08-11 03:05:00,13,5,0,0,0,0,1,3,2,0,2,0,0,0,0,0,0,5,8,0,,,,2025-08-11 03:05:00
G000551003000810010,G000551003000910010,,2025-08-11 03:10:00,20,3,0,0,0,1,7,1,1,1,6,0,0,0,0,0,0,3,17,0,,,,2025-08-11 03:10:00
G000551003000810010,G000551003000910010,,2025-08-11 03:15:00,10,4,0,0,0,0,1,4,0,0,1,0,0,0,0,0,0,4,6,0,,,,2025-08-11 03:15:00
G000551003000810010,G000551003000910010,,2025-08-11 03:20:00,10,2,0,0,0,0,1,3,2,0,2,0,0,0,0,0,0,2,8,0,,,,2025-08-11 03:20:00
G000551003000810010,G000551003000910010,,2025-08-11 03:25:00,7,1,0,0,0,0,1,2,1,1,1,0,0,0,0,0,0,1,6,0,,,,2025-08-11 03:25:00
G000551003000810010,G000551003000910010,,2025-08-11 03:30:00,15,5,0,0,0,2,2,2,2,1,1,0,0,0,0,0,0,5,10,0,,,,2025-08-11 03:30:00
G000551003000810010,G000551003000910010,,2025-08-11 03:35:00,11,2,0,0,0,0,0,4,1,0,4,0,0,0,0,0,0,2,9,0,,,,2025-08-11 03:35:00
G000551003000810010,G000551003000910010,,2025-08-11 03:40:00,10,2,0,0,0,1,0,3,1,0,3,0,0,0,0,0,0,2,8,0,,,,2025-08-11 03:40:00
G000551003000810010,G000551003000910010,,2025-08-11 03:45:00,15,5,0,0,0,0,4,2,0,0,4,0,0,0,0,0,0,5,10,0,,,,2025-08-11 03:45:00
G000551003000810010,G000551003000910010,,2025-08-11 03:50:00,9,2,0,0,0,1,1,4,1,0,0,0,0,0,0,0,0,2,7,0,,,,2025-08-11 03:50:00
G000551003000810010,G000551003000910010,,2025-08-11 03:55:00,15,7,0,0,0,1,2,4,0,0,1,0,0,0,0,0,0,7,8,0,,,,2025-08-11 03:55:00
G000551003000820010,G000551003000720010,,2025-08-11 03:00:00,8,4,0,0,0,1,2,0,0,0,0,0,1,0,0,0,0,4,3,1,,,,2025-08-11 03:00:00
G000551003000820010,G000551003000720010,,2025-08-11 03:05:00,5,0,0,0,0,0,2,2,1,0,0,0,0,0,0,0,0,0,5,0,,,,2025-08-11 03:05:00
G000551003000820010,G000551003000720010,,2025-08-11 03:10:00,6,1,0,0,0,0,2,2,1,0,0,0,0,0,0,0,0,1,5,0,,,,2025-08-11 03:10:00
G000551003000820010,G000551003000720010,,2025-08-11 03:15:00,9,1,0,0,0,2,3,2,0,0,0,1,0,0,0,0,0,1,7,1,,,,2025-08-11 03:15:00
G000551003000820010,G000551003000720010,,2025-08-11 03:20:00,10,2,0,0,0,0,5,2,1,0,0,0,0,0,0,0,0,2,8,0,,,,2025-08-11 03:20:00
G000551003000820010,G000551003000720010,,2025-08-11 03:25:00,5,3,0,0,0,0,1,1,0,0,0,0,0,0,0,0,0,3,2,0,,,,2025-08-11 03:25:00
G000551003000820010,G000551003000720010,,2025-08-11 03:30:00,3,0,0,0,0,0,3,0,0,0,0,0,0,0,0,0,0,0,3,0,,,,2025-08-11 03:30:00
G000551003000820010,G000551003000720010,,2025-08-11 03:35:00,7,4,0,0,0,0,1,2,0,0,0,0,0,0,0,0,0,4,3,0,,,,2025-08-11 03:35:00
G000551003000820010,G000551003000720010,,2025-08-11 03:40:00,6,4,0,0,0,2,0,0,0,0,0,0,0,0,0,0,0,4,2,0,,,,2025-08-11 03:40:00
G000551003000820010,G000551003000720010,,2025-08-11 03:45:00,6,3,0,0,0,0,1,2,0,0,0,0,0,0,0,0,0,3,3,0,,,,2025-08-11 03:45:00
G000551003000820010,G000551003000720010,,2025-08-11 03:50:00,2,1,0,0,0,0,0,1,0,0,0,0,0,0,0,0,0,1,1,0,,,,2025-08-11 03:50:00
G000551003000820010,G000551003000720010,,2025-08-11 03:55:00,7,3,0,0,0,1,1,2,0,0,0,0,0,0,0,0,0,3,4,0,,,,2025-08-11 03:55:00
G000551003000910010,G000551003001010010,,2025-08-11 03:00:00,10,1,0,0,0,1,0,3,0,1,4,0,0,0,0,0,0,1,9,0,,,,2025-08-11 03:00:00
G000551003000910010,G000551003001010010,,2025-08-11 03:05:00,6,3,0,0,0,0,0,0,0,1,2,0,0,0,0,0,0,3,3,0,,,,2025-08-11 03:05:00
G000551003000910010,G000551003001010010,,2025-08-11 03:10:00,16,6,0,0,0,0,2,2,1,0,5,0,0,0,0,0,0,6,10,0,,,,2025-08-11 03:10:00
G000551003000910010,G000551003001010010,,2025-08-11 03:15:00,13,4,0,0,0,0,1,5,2,0,1,0,0,0,0,0,0,4,9,0,,,,2025-08-11 03:15:00
G000551003000910010,G000551003001010010,,2025-08-11 03:20:00,18,3,0,0,0,1,6,1,1,1,5,0,0,0,0,0,0,3,15,0,,,,2025-08-11 03:20:00
G000551003000910010,G000551003001010010,,2025-08-11 03:25:00,14,6,0,0,0,1,2,2,0,0,3,0,0,0,0,0,0,6,8,0,,,,2025-08-11 03:25:00
G000551003000910010,G000551003001010010,,2025-08-11 03:30:00,8,1,0,0,0,0,1,4,1,0,1,0,0,0,0,0,0,1,7,0,,,,2025-08-11 03:30:00
G000551003000910010,G000551003001010010,,2025-08-11 03:35:00,10,2,0,0,0,0,1,3,2,0,2,0,0,0,0,0,0,2,8,0,,,,2025-08-11 03:35:00
G000551003000910010,G000551003001010010,,2025-08-11 03:40:00,14,2,0,0,0,3,3,1,2,2,1,0,0,0,0,0,0,2,12,0,,,,2025-08-11 03:40:00
G000551003000910010,G000551003001010010,,2025-08-11 03:45:00,12,3,0,0,0,0,0,4,1,0,4,0,0,0,0,0,0,3,9,0,,,,2025-08-11 03:45:00
G000551003000910010,G000551003001010010,,2025-08-11 03:50:00,17,8,0,0,0,0,0,4,1,0,4,0,0,0,0,0,0,8,9,0,,,,2025-08-11 03:50:00
G000551003000910010,G000551003001010010,,2025-08-11 03:55:00,14,4,0,0,0,1,3,2,0,0,4,0,0,0,0,0,0,4,10,0,,,,2025-08-11 03:55:00
G000551003000920010,G000551003000820010,,2025-08-11 03:00:00,5,0,0,0,0,1,2,1,1,0,0,0,0,0,0,0,0,0,5,0,,,,2025-08-11 03:00:00
G000551003000920010,G000551003000820010,,2025-08-11 03:05:00,13,3,0,0,0,1,5,2,1,0,0,1,0,0,0,0,0,3,9,1,,,,2025-08-11 03:05:00
G000551003000920010,G000551003000820010,,2025-08-11 03:10:00,7,2,0,0,0,0,3,2,0,0,0,0,0,0,0,0,0,2,5,0,,,,2025-08-11 03:10:00
G000551003000920010,G000551003000820010,,2025-08-11 03:15:00,6,2,0,0,0,0,4,0,0,0,0,0,0,0,0,0,0,2,4,0,,,,2025-08-11 03:15:00
G000551003000920010,G000551003000820010,,2025-08-11 03:20:00,6,2,0,0,0,0,3,1,0,0,0,0,0,0,0,0,0,2,4,0,,,,2025-08-11 03:20:00
G000551003000920010,G000551003000820010,,2025-08-11 03:25:00,3,1,0,0,0,1,0,1,0,0,0,0,0,0,0,0,0,1,2,0,,,,2025-08-11 03:25:00
G000551003000920010,G000551003000820010,,2025-08-11 03:30:00,7,5,0,0,0,1,1,0,0,0,0,0,0,0,0,0,0,5,2,0,,,,2025-08-11 03:30:00
G000551003000920010,G000551003000820010,,2025-08-11 03:35:00,7,3,0,0,0,1,0,3,0,0,0,0,0,0,0,0,0,3,4,0,,,,2025-08-11 03:35:00
G000551003000920010,G000551003000820010,,2025-08-11 03:40:00,7,4,0,0,0,2,1,0,0,0,0,0,0,0,0,0,0,4,3,0,,,,2025-08-11 03:40:00
G000551003000920010,G000551003000820010,,2025-08-11 03:45:00,8,3,0,0,0,2,1,2,0,0,0,0,0,0,0,0,0,3,5,0,,,,2025-08-11 03:45:00
G000551003000920010,G000551003000820010,,2025-08-11 03:50:00,12,5,0,0,0,2,2,2,1,0,0,0,0,0,0,0,0,5,7,0,,,,2025-08-11 03:50:00
G000551003000920010,G000551003000820010,,2025-08-11 03:55:00,7,3,0,0,0,0,1,2,1,0,0,0,0,0,0,0,0,3,4,0,,,,2025-08-11 03:55:00
G000551003001010010,G000551003001110010,,2025-08-11 03:00:00,11,3,0,0,0,2,0,1,2,1,2,0,0,0,0,0,0,3,8,0,,,,2025-08-11 03:00:00
G000551003001010010,G000551003001110010,,2025-08-11 03:05:00,6,1,0,0,0,0,0,2,0,1,2,0,0,0,0,0,0,1,5,0,,,,2025-08-11 03:05:00
G000551003001010010,G000551003001110010,,2025-08-11 03:10:00,10,4,0,0,0,0,1,1,1,0,3,0,0,0,0,0,0,4,6,0,,,,2025-08-11 03:10:00
G000551003001010010,G000551003001110010,,2025-08-11 03:15:00,13,5,0,0,0,0,2,2,1,0,3,0,0,0,0,0,0,5,8,0,,,,2025-08-11 03:15:00
G000551003001010010,G000551003001110010,,2025-08-11 03:20:00,14,4,0,0,0,0,1,4,1,1,3,0,0,0,0,0,0,4,10,0,,,,2025-08-11 03:20:00
G000551003001010010,G000551003001110010,,2025-08-11 03:25:00,19,3,0,0,0,2,6,2,0,0,6,0,0,0,0,0,0,3,16,0,,,,2025-08-11 03:25:00
G000551003001010010,G000551003001110010,,2025-08-11 03:30:00,8,4,0,0,0,0,1,2,1,0,0,0,0,0,0,0,0,4,4,0,,,,2025-08-11 03:30:00
G000551003001010010,G000551003001110010,,2025-08-11 03:35:00,10,1,0,0,0,0,0,4,2,0,3,0,0,0,0,0,0,1,9,0,,,,2025-08-11 03:35:00
G000551003001010010,G000551003001110010,,2025-08-11 03:40:00,9,3,0,0,0,2,2,1,0,1,0,0,0,0,0,0,0,3,6,0,,,,2025-08-11 03:40:00
G000551003001010010,G000551003001110010,,2025-08-11 03:45:00,14,3,0,0,0,1,2,2,2,1,3,0,0,0,0,0,0,3,11,0,,,,2025-08-11 03:45:00
G000551003001010010,G000551003001110010,,2025-08-11 03:50:00,16,3,0,0,0,0,0,5,2,0,6,0,0,0,0,0,0,3,13,0,,,,2025-08-11 03:50:00
G000551003001010010,G000551003001110010,,2025-08-11 03:55:00,11,6,0,0,0,1,2,1,0,0,1,0,0,0,0,0,0,6,5,0,,,,2025-08-11 03:55:00
G000551003001020010,G000551003000920010,,2025-08-11 03:00:00,8,1,0,0,0,1,5,1,0,0,0,0,0,0,0,0,0,1,7,0,,,,2025-08-11 03:00:00
G000551003001020010,G000551003000920010,,2025-08-11 03:05:00,12,3,0,0,0,1,4,2,1,0,0,1,0,0,0,0,0,3,8,1,,,,2025-08-11 03:05:00
G000551003001020010,G000551003000920010,,2025-08-11 03:10:00,7,3,0,0,0,0,3,1,0,0,0,0,0,0,0,0,0,3,4,0,,,,2025-08-11 03:10:00
G000551003001020010,G000551003000920010,,2025-08-11 03:15:00,6,2,0,0,0,0,4,0,0,0,0,0,0,0,0,0,0,2,4,0,,,,2025-08-11 03:15:00
G000551003001020010,G000551003000920010,,2025-08-11 03:20:00,5,0,0,0,0,1,2,2,0,0,0,0,0,0,0,0,0,0,5,0,,,,2025-08-11 03:20:00
G000551003001020010,G000551003000920010,,2025-08-11 03:25:00,4,4,0,0,0,0,0,0,0,0,0,0,0,0,0,0,0,4,0,0,,,,2025-08-11 03:25:00
G000551003001020010,G000551003000920010,,2025-08-11 03:30:00,8,4,0,0,0,2,1,1,0,0,0,0,0,0,0,0,0,4,4,0,,,,2025-08-11 03:30:00
G000551003001020010,G000551003000920010,,2025-08-11 03:35:00,6,3,0,0,0,0,1,2,0,0,0,0,0,0,0,0,0,3,3,0,,,,2025-08-11 03:35:00
G000551003001020010,G000551003000920010,,2025-08-11 03:40:00,8,2,0,0,0,3,1,2,0,0,0,0,0,0,0,0,0,2,6,0,,,,2025-08-11 03:40:00
G000551003001020010,G000551003000920010,,2025-08-11 03:45:00,12,7,0,0,0,1,1,2,1,0,0,0,0,0,0,0,0,7,5,0,,,,2025-08-11 03:45:00
G000551003001020010,G000551003000920010,,2025-08-11 03:50:00,9,2,0,0,0,2,3,1,1,0,0,0,0,0,0,0,0,2,7,0,,,,2025-08-11 03:50:00
G000551003001020010,G000551003000920010,,2025-08-11 03:55:00,5,2,0,0,0,0,1,1,0,0,0,1,0,0,0,0,0,2,2,1,,,,2025-08-11 03:55:00
G000551003001110010,G000551003001210010,,2025-08-11 03:00:00,13,4,0,0,0,1,1,3,3,0,1,0,0,0,0,0,0,4,9,0,,,,2025-08-11 03:00:00
G000551003001110010,G000551003001210010,,2025-08-11 03:05:00,8,1,0,0,0,1,0,2,0,1,3,0,0,0,0,0,0,1,7,0,,,,2025-08-11 03:05:00
G000551003001110010,G000551003001210010,,2025-08-11 03:10:00,7,3,0,0,0,0,0,2,0,1,1,0,0,0,0,0,0,3,4,0,,,,2025-08-11 03:10:00
G000551003001110010,G000551003001210010,,2025-08-11 03:15:00,15,6,0,0,0,2,1,1,1,0,4,0,0,0,0,0,0,6,9,0,,,,2025-08-11 03:15:00
G000551003001110010,G000551003001210010,,2025-08-11 03:20:00,15,5,0,0,0,0,2,5,1,0,2,0,0,0,0,0,0,5,10,0,,,,2025-08-11 03:20:00
G000551003001110010,G000551003001210010,,2025-08-11 03:25:00,16,4,0,0,0,1,3,2,1,1,4,0,0,0,0,0,0,4,12,0,,,,2025-08-11 03:25:00
G000551003001110010,G000551003001210010,,2025-08-11 03:30:00,17,6,0,0,0,1,4,2,0,0,4,0,0,0,0,0,0,6,11,0,,,,2025-08-11 03:30:00
G000551003001110010,G000551003001210010,,2025-08-11 03:35:00,10,2,0,0,0,1,1,4,1,0,1,0,0,0,0,0,0,2,8,0,,,,2025-08-11 03:35:00
G000551003001110010,G000551003001210010,,2025-08-11 03:40:00,12,2,0,0,0,1,1,4,2,0,2,0,0,0,0,0,0,2,10,0,,,,2025-08-11 03:40:00
G000551003001110010,G000551003001210010,,2025-08-11 03:45:00,11,1,0,0,0,3,3,1,0,2,1,0,0,0,0,0,0,1,10,0,,,,2025-08-11 03:45:00
G000551003001110010,G000551003001210010,,2025-08-11 03:50:00,12,4,0,0,0,0,0,3,2,0,3,0,0,0,0,0,0,4,8,0,,,,2025-08-11 03:50:00
G000551003001110010,G000551003001210010,,2025-08-11 03:55:00,18,8,0,0,0,0,0,4,1,0,5,0,0,0,0,0,0,8,10,0,,,,2025-08-11 03:55:00
G000551003001120010,G000551003001020010,,2025-08-11 03:00:00,14,3,0,0,0,2,5,2,1,0,0,1,0,0,0,0,0,3,10,1,,,,2025-08-11 03:00:00
G000551003001120010,G000551003001020010,,2025-08-11 03:05:00,7,2,0,0,0,0,3,2,0,0,0,0,0,0,0,0,0,2,5,0,,,,2025-08-11 03:05:00
G000551003001120010,G000551003001020010,,2025-08-11 03:10:00,5,2,0,0,0,0,3,0,0,0,0,0,0,0,0,0,0,2,3,0,,,,2025-08-11 03:10:00
G000551003001120010,G000551003001020010,,2025-08-11 03:15:00,9,3,0,0,0,0,4,2,0,0,0,0,0,0,0,0,0,3,6,0,,,,2025-08-11 03:15:00
G000551003001120010,G000551003001020010,,2025-08-11 03:20:00,3,1,0,0,0,2,0,0,0,0,0,0,0,0,0,0,0,1,2,0,,,,2025-08-11 03:20:00
G000551003001120010,G000551003001020010,,2025-08-11 03:25:00,9,5,0,0,0,3,1,0,0,0,0,0,0,0,0,0,0,5,4,0,,,,2025-08-11 03:25:00
G000551003001120010,G000551003001020010,,2025-08-11 03:30:00,9,3,0,0,0,2,1,3,0,0,0,0,0,0,0,0,0,3,6,0,,,,2025-08-11 03:30:00
G000551003001120010,G000551003001020010,,2025-08-11 03:35:00,9,4,0,0,0,2,2,1,0,0,0,0,0,0,0,0,0,4,5,0,,,,2025-08-11 03:35:00
G000551003001120010,G000551003001020010,,2025-08-11 03:40:00,8,4,0,0,0,1,1,2,0,0,0,0,0,0,0,0,0,4,4,0,,,,2025-08-11 03:40:00
G000551003001120010,G000551003001020010,,2025-08-11 03:45:00,14,5,0,0,0,2,3,2,2,0,0,0,0,0,0,0,0,5,9,0,,,,2025-08-11 03:45:00
G000551003001120010,G000551003001020010,,2025-08-11 03:50:00,6,3,0,0,0,0,1,1,0,0,0,1,0,0,0,0,0,3,2,1,,,,2025-08-11 03:50:00
G000551003001120010,G000551003001020010,,2025-08-11 03:55:00,6,0,0,0,0,0,3,3,0,0,0,0,0,0,0,0,0,0,6,0,,,,2025-08-11 03:55:00
G000551003001210010,G000551003001310010,,2025-08-11 03:00:00,13,6,0,0,0,0,2,0,0,1,4,0,0,0,0,0,0,6,7,0,,,,2025-08-11 03:00:00
G000551003001210010,G000551003001310010,,2025-08-11 03:05:00,12,4,0,0,0,0,2,2,1,1,2,0,0,0,0,0,0,4,8,0,,,,2025-08-11 03:05:00
G000551003001210010,G000551003001310010,,2025-08-11 03:10:00,11,4,0,0,0,1,0,1,3,1,1,0,0,0,0,0,0,4,7,0,,,,2025-08-11 03:10:00
G000551003001210010,G000551003001310010,,2025-08-11 03:15:00,9,1,0,0,0,1,1,3,1,0,2,0,0,0,0,0,0,1,8,0,,,,2025-08-11 03:15:00
G000551003001210010,G000551003001310010,,2025-08-11 03:20:00,12,6,0,0,0,0,0,3,0,2,1,0,0,0,0,0,0,6,6,0,,,,2025-08-11 03:20:00
G000551003001210010,G000551003001310010,,2025-08-11 03:25:00,10,5,0,0,0,0,0,2,1,0,2,0,0,0,0,0,0,5,5,0,,,,2025-08-11 03:25:00
G000551003001210010,G000551003001310010,,2025-08-11 03:30:00,14,5,0,0,0,1,3,1,0,0,4,0,0,0,0,0,0,5,9,0,,,,2025-08-11 03:30:00
G000551003001210010,G000551003001310010,,2025-08-11 03:35:00,18,5,0,0,0,2,1,4,2,1,3,0,0,0,0,0,0,5,13,0,,,,2025-08-11 03:35:00
G000551003001210010,G000551003001310010,,2025-08-11 03:40:00,15,5,0,0,0,1,4,3,0,0,2,0,0,0,0,0,0,5,10,0,,,,2025-08-11 03:40:00
G000551003001210010,G000551003001310010,,2025-08-11 03:45:00,15,4,0,0,0,2,3,2,1,0,3,0,0,0,0,0,0,4,11,0,,,,2025-08-11 03:45:00
G000551003001210010,G000551003001310010,,2025-08-11 03:50:00,12,3,0,0,0,1,0,5,2,0,1,0,0,0,0,0,0,3,9,0,,,,2025-08-11 03:50:00
G000551003001210010,G000551003001310010,,2025-08-11 03:55:00,10,0,0,0,0,4,2,2,0,0,2,0,0,0,0,0,0,0,10,0,,,,2025-08-11 03:55:00
G000551003001220010,G000551003001120010,,2025-08-11 03:00:00,9,4,0,0,0,0,5,0,0,0,0,0,0,0,0,0,0,4,5,0,,,,2025-08-11 03:00:00
G000551003001220010,G000551003001120010,,2025-08-11 03:05:00,8,2,0,0,0,2,2,2,0,0,0,0,0,0,0,0,0,2,6,0,,,,2025-08-11 03:05:00
G000551003001220010,G000551003001120010,,2025-08-11 03:10:00,4,2,0,0,0,1,1,0,0,0,0,0,0,0,0,0,0,2,2,0,,,,2025-08-11 03:10:00
G000551003001220010,G000551003001120010,,2025-08-11 03:15:00,8,5,0,0,0,1,1,1,0,0,0,0,0,0,0,0,0,5,3,0,,,,2025-08-11 03:15:00
G000551003001220010,G000551003001120010,,2025-08-11 03:20:00,10,5,0,0,0,2,0,3,0,0,0,0,0,0,0,0,0,5,5,0,,,,2025-08-11 03:20:00
G000551003001220010,G000551003001120010,,2025-08-11 03:25:00,12,6,0,0,0,2,3,1,0,0,0,0,0,0,0,0,0,6,6,0,,,,2025-08-11 03:25:00
G000551003001220010,G000551003001120010,,2025-08-11 03:30:00,11,6,0,0,0,0,1,3,1,0,0,0,0,0,0,0,0,6,5,0,,,,2025-08-11 03:30:00
G000551003001220010,G000551003001120010,,2025-08-11 03:35:00,16,8,0,0,0,2,5,0,1,0,0,0,0,0,0,0,0,8,8,0,,,,2025-08-11 03:35:00
G000551003001220010,G000551003001120010,,2025-08-11 03:40:00,7,3,0,0,0,1,1,1,0,0,0,1,0,0,0,0,0,3,3,1,,,,2025-08-11 03:40:00
G000551003001220010,G000551003001120010,,2025-08-11 03:45:00,9,2,0,0,0,0,2,5,0,0,0,0,0,0,0,0,0,2,7,0,,,,2025-08-11 03:45:00
G000551003001220010,G000551003001120010,,2025-08-11 03:50:00,5,2,0,0,0,2,1,0,0,0,0,0,0,0,0,0,0,2,3,0,,,,2025-08-11 03:50:00
G000551003001220010,G000551003001120010,,2025-08-11 03:55:00,8,4,0,0,0,0,2,2,0,0,0,0,0,0,0,0,0,4,4,0,,,,2025-08-11 03:55:00
G000551003001310010,G000551044000210010,,2025-08-11 03:00:00,25,7,0,0,0,3,2,1,1,1,10,0,0,0,0,0,0,7,18,0,,,,2025-08-11 03:00:00
G000551003001310010,G000551044000210010,,2025-08-11 03:05:00,14,5,0,0,0,0,1,1,1,1,5,0,0,0,0,0,0,5,9,0,,,,2025-08-11 03:05:00
G000551003001310010,G000551044000210010,,2025-08-11 03:10:00,16,5,0,0,0,3,2,3,1,1,1,0,0,0,0,0,0,5,11,0,,,,2025-08-11 03:10:00
G000551003001310010,G000551044000210010,,2025-08-11 03:15:00,15,4,0,0,0,2,1,3,3,0,2,0,0,0,0,0,0,4,11,0,,,,2025-08-11 03:15:00
G000551003001310010,G000551044000210010,,2025-08-11 03:20:00,12,8,0,0,0,1,0,2,0,1,0,0,0,0,0,0,0,8,4,0,,,,2025-08-11 03:20:00
G000551003001310010,G000551044000210010,,2025-08-11 03:25:00,15,7,0,0,0,1,0,3,0,1,3,0,0,0,0,0,0,7,8,0,,,,2025-08-11 03:25:00
G000551003001310010,G000551044000210010,,2025-08-11 03:30:00,18,7,0,0,0,1,3,1,1,0,5,0,0,0,0,0,0,7,11,0,,,,2025-08-11 03:30:00
G000551003001310010,G000551044000210010,,2025-08-11 03:35:00,13,4,0,0,0,3,0,4,1,0,1,0,0,0,0,0,0,4,9,0,,,,2025-08-11 03:35:00
G000551003001310010,G000551044000210010,,2025-08-11 03:40:00,29,11,0,0,0,4,4,4,1,1,4,0,0,0,0,0,0,11,18,0,,,,2025-08-11 03:40:00
G000551003001310010,G000551044000210010,,2025-08-11 03:45:00,14,3,0,0,0,1,5,1,1,0,3,0,0,0,0,0,0,3,11,0,,,,2025-08-11 03:45:00
G000551003001310010,G000551044000210010,,2025-08-11 03:50:00,15,7,0,0,0,2,1,4,1,0,0,0,0,0,0,0,0,7,8,0,,,,2025-08-11 03:50:00
G000551003001310010,G000551044000210010,,2025-08-11 03:55:00,18,3,0,0,0,5,2,4,1,0,3,0,0,0,0,0,0,3,15,0,,,,2025-08-11 03:55:00
G000551003001320010,G000551003001220010,,2025-08-11 03:00:00,15,5,0,0,0,2,5,3,0,0,0,0,0,0,0,0,0,5,10,0,,,,2025-08-11 03:00:00
G000551003001320010,G000551003001220010,,2025-08-11 03:05:00,10,6,0,0,0,2,1,1,0,0,0,0,0,0,0,0,0,6,4,0,,,,2025-08-11 03:05:00
G000551003001320010,G000551003001220010,,2025-08-11 03:10:00,7,3,0,0,0,2,1,1,0,0,0,0,0,0,0,0,0,3,4,0,,,,2025-08-11 03:10:00
G000551003001320010,G000551003001220010,,2025-08-11 03:15:00,11,5,0,0,0,1,1,4,0,0,0,0,0,0,0,0,0,5,6,0,,,,2025-08-11 03:15:00
G000551003001320010,G000551003001220010,,2025-08-11 03:20:00,13,8,0,0,0,2,2,1,0,0,0,0,0,0,0,0,0,8,5,0,,,,2025-08-11 03:20:00
G000551003001320010,G000551003001220010,,2025-08-11 03:25:00,15,7,0,0,0,4,3,1,0,0,0,0,0,0,0,0,0,7,8,0,,,,2025-08-11 03:25:00
G000551003001320010,G000551003001220010,,2025-08-11 03:30:00,18,12,0,0,0,1,1,3,1,0,0,0,0,0,0,0,0,12,6,0,,,,2025-08-11 03:30:00
G000551003001320010,G000551003001220010,,2025-08-11 03:35:00,21,7,0,0,0,3,8,1,1,0,0,1,0,0,0,0,0,7,13,1,,,,2025-08-11 03:35:00
G000551003001320010,G000551003001220010,,2025-08-11 03:40:00,7,2,1,0,0,0,1,3,0,0,0,0,0,0,0,0,0,3,4,0,,,,2025-08-11 03:40:00
G000551003001320010,G000551003001220010,,2025-08-11 03:45:00,14,5,0,0,0,4,2,3,0,0,0,0,0,0,0,0,0,5,9,0,,,,2025-08-11 03:45:00
G000551003001320010,G000551003001220010,,2025-08-11 03:50:00,14,5,0,0,0,2,3,4,0,0,0,0,0,0,0,0,0,5,9,0,,,,2025-08-11 03:50:00
G000551003001320010,G000551003001220010,,2025-08-11 03:55:00,14,10,0,0,0,2,0,1,1,0,0,0,0,0,0,0,0,10,4,0,,,,2025-08-11 03:55:00
G000551005000210010,G000551005000310010,,2025-08-11 03:00:00,17,14,0,0,0,2,0,1,0,0,0,0,0,0,0,0,0,14,3,0,,,,2025-08-11 03:00:00
G000551005000210010,G000551005000310010,,2025-08-11 03:05:00,23,8,0,0,0,5,4,3,1,1,1,0,0,0,0,0,0,8,15,0,,,,2025-08-11 03:05:00
G000551005000210010,G000551005000310010,,2025-08-11 03:10:00,24,13,0,0,0,6,4,1,0,0,0,0,0,0,0,0,0,13,11,0,,,,2025-08-11 03:10:00
G000551005000210010,G000551005000310010,,2025-08-11 03:15:00,21,12,0,0,0,3,1,4,0,1,0,0,0,0,0,0,0,12,9,0,,,,2025-08-11 03:15:00
G000551005000210010,G000551005000310010,,2025-08-11 03:20:00,21,13,0,0,0,4,0,2,1,0,1,0,0,0,0,0,0,13,8,0,,,,2025-08-11 03:20:00
G000551005000210010,G000551005000310010,,2025-08-11 03:25:00,20,15,0,0,0,2,1,2,0,0,0,0,0,0,0,0,0,15,5,0,,,,2025-08-11 03:25:00
G000551005000210010,G000551005000310010,,2025-08-11 03:30:00,17,11,0,0,0,4,1,0,1,0,0,0,0,0,0,0,0,11,6,0,,,,2025-08-11 03:30:00
G000551005000210010,G000551005000310010,,2025-08-11 03:35:00,20,3,0,0,0,6,6,4,0,0,1,0,0,0,0,0,0,3,17,0,,,,2025-08-11 03:35:00
G000551005000210010,G000551005000310010,,2025-08-11 03:40:00,15,6,0,0,0,3,4,2,0,0,0,0,0,0,0,0,0,6,9,0,,,,2025-08-11 03:40:00
G000551005000210010,G000551005000310010,,2025-08-11 03:45:00,27,13,0,0,0,7,3,4,0,0,0,0,0,0,0,0,0,13,14,0,,,,2025-08-11 03:45:00
G000551005000210010,G000551005000310010,,2025-08-11 03:50:00,14,4,0,0,0,5,3,2,0,0,0,0,0,0,0,0,0,4,10,0,,,,2025-08-11 03:50:00
G000551005000210010,G000551005000310010,,2025-08-11 03:55:00,17,7,0,0,0,3,3,1,1,1,1,0,0,0,0,0,0,7,10,0,,,,2025-08-11 03:55:00
G000551005000220010,G000551005003720010,,2025-08-11 03:00:00,15,6,0,0,0,1,5,3,0,0,0,0,0,0,0,0,0,6,9,0,,,,2025-08-11 03:00:00
G000551005000220010,G000551005003720010,,2025-08-11 03:05:00,17,7,0,0,0,5,3,2,0,0,0,0,0,0,0,0,0,7,10,0,,,,2025-08-11 03:05:00
G000551005000220010,G000551005003720010,,2025-08-11 03:10:00,17,11,0,0,0,1,2,3,0,0,0,0,0,0,0,0,0,11,6,0,,,,2025-08-11 03:10:00
G000551005000220010,G000551005003720010,,2025-08-11 03:15:00,15,8,0,0,0,3,2,2,0,0,0,0,0,0,0,0,0,8,7,0,,,,2025-08-11 03:15:00
G000551005000220010,G000551005003720010,,2025-08-11 03:20:00,11,6,0,0,0,1,2,1,0,0,1,0,0,0,0,0,0,6,5,0,,,,2025-08-11 03:20:00
G000551005000220010,G000551005003720010,,2025-08-11 03:25:00,15,10,0,0,0,1,4,0,0,0,0,0,0,0,0,0,0,10,5,0,,,,2025-08-11 03:25:00
G000551005000220010,G000551005003720010,,2025-08-11 03:30:00,14,5,0,0,0,2,3,2,2,0,0,0,0,0,0,0,0,5,9,0,,,,2025-08-11 03:30:00
G000551005000220010,G000551005003720010,,2025-08-11 03:35:00,21,10,0,0,0,3,5,1,1,0,1,0,0,0,0,0,0,10,11,0,,,,2025-08-11 03:35:00
G000551005000220010,G000551005003720010,,2025-08-11 03:40:00,12,4,0,0,0,1,3,4,0,0,0,0,0,0,0,0,0,4,8,0,,,,2025-08-11 03:40:00
G000551005000220010,G000551005003720010,,2025-08-11 03:45:00,18,6,0,0,0,5,2,4,0,0,0,0,1,0,0,0,0,6,11,1,,,,2025-08-11 03:45:00
G000551005000220010,G000551005003720010,,2025-08-11 03:50:00,18,10,0,0,0,5,0,1,2,0,0,0,0,0,0,0,0,10,8,0,,,,2025-08-11 03:50:00
G000551005000220010,G000551005003720010,,2025-08-11 03:55:00,12,4,0,0,0,5,1,1,1,0,0,0,0,0,0,0,0,4,8,0,,,,2025-08-11 03:55:00
G000551005000310010,G000551005000410010,,2025-08-11 03:00:00,21,15,0,0,0,0,4,2,0,0,0,0,0,0,0,0,0,15,6,0,,,,2025-08-11 03:00:00
G000551005000310010,G000551005000410010,,2025-08-11 03:05:00,15,8,0,0,0,5,2,0,0,0,0,0,0,0,0,0,0,8,7,0,,,,2025-08-11 03:05:00
G000551005000310010,G000551005000410010,,2025-08-11 03:10:00,26,9,0,0,0,5,8,2,1,0,1,0,0,0,0,0,0,9,17,0,,,,2025-08-11 03:10:00
G000551005000310010,G000551005000410010,,2025-08-11 03:15:00,20,9,0,0,0,5,5,1,0,0,0,0,0,0,0,0,0,9,11,0,,,,2025-08-11 03:15:00
G000551005000310010,G000551005000410010,,2025-08-11 03:20:00,22,15,0,0,0,3,1,2,0,1,0,0,0,0,0,0,0,15,7,0,,,,2025-08-11 03:20:00
G000551005000310010,G000551005000410010,,2025-08-11 03:25:00,22,10,0,0,0,5,2,4,0,0,1,0,0,0,0,0,0,10,12,0,,,,2025-08-11 03:25:00
G000551005000310010,G000551005000410010,,2025-08-11 03:30:00,24,14,0,0,0,5,3,2,0,0,0,0,0,0,0,0,0,14,10,0,,,,2025-08-11 03:30:00
G000551005000310010,G000551005000410010,,2025-08-11 03:35:00,14,6,0,0,0,4,3,1,0,0,0,0,0,0,0,0,0,6,8,0,,,,2025-08-11 03:35:00
G000551005000310010,G000551005000410010,,2025-08-11 03:40:00,15,5,0,0,0,4,4,2,0,0,0,0,0,0,0,0,0,5,10,0,,,,2025-08-11 03:40:00
G000551005000310010,G000551005000410010,,2025-08-11 03:45:00,23,8,0,0,0,8,5,2,0,0,0,0,0,0,0,0,0,8,15,0,,,,2025-08-11 03:45:00
G000551005000310010,G000551005000410010,,2025-08-11 03:50:00,20,9,0,0,0,6,4,1,0,0,0,0,0,0,0,0,0,9,11,0,,,,2025-08-11 03:50:00
G000551005000310010,G000551005000410010,,2025-08-11 03:55:00,13,5,0,0,0,5,2,1,0,0,0,0,0,0,0,0,0,5,8,0,,,,2025-08-11 03:55:00
G000551005000320010,G000551005000220010,,2025-08-11 03:00:00,17,4,0,0,0,4,5,4,0,0,0,0,0,0,0,0,0,4,13,0,,,,2025-08-11 03:00:00
G000551005000320010,G000551005000220010,,2025-08-11 03:05:00,26,15,0,0,0,2,6,3,0,0,0,0,0,0,0,0,0,15,11,0,,,,2025-08-11 03:05:00
G000551005000320010,G000551005000220010,,2025-08-11 03:10:00,11,5,0,0,0,0,5,1,0,0,0,0,0,0,0,0,0,5,6,0,,,,2025-08-11 03:10:00
G000551005000320010,G000551005000220010,,2025-08-11 03:15:00,13,8,0,0,0,2,1,1,0,0,1,0,0,0,0,0,0,8,5,0,,,,2025-08-11 03:15:00
G000551005000320010,G000551005000220010,,2025-08-11 03:20:00,15,9,0,0,0,1,3,2,0,0,0,0,0,0,0,0,0,9,6,0,,,,2025-08-11 03:20:00
G000551005000320010,G000551005000220010,,2025-08-11 03:25:00,15,9,0,0,0,0,3,0,3,0,0,0,0,0,0,0,0,9,6,0,,,,2025-08-11 03:25:00
G000551005000320010,G000551005000220010,,2025-08-11 03:30:00,11,5,0,0,0,2,3,1,0,0,0,0,0,0,0,0,0,5,6,0,,,,2025-08-11 03:30:00
G000551005000320010,G000551005000220010,,2025-08-11 03:35:00,15,10,0,0,0,0,1,2,1,0,1,0,0,0,0,0,0,10,5,0,,,,2025-08-11 03:35:00
G000551005000320010,G000551005000220010,,2025-08-11 03:40:00,13,6,0,0,0,3,1,2,0,0,0,0,1,0,0,0,0,6,6,1,,,,2025-08-11 03:40:00
G000551005000320010,G000551005000220010,,2025-08-11 03:45:00,16,10,0,0,0,3,0,2,1,0,0,0,0,0,0,0,0,10,6,0,,,,2025-08-11 03:45:00
G000551005000320010,G000551005000220010,,2025-08-11 03:50:00,10,7,0,0,0,2,0,0,1,0,0,0,0,0,0,0,0,7,3,0,,,,2025-08-11 03:50:00
G000551005000320010,G000551005000220010,,2025-08-11 03:55:00,18,6,0,0,0,4,4,2,2,0,0,0,0,0,0,0,0,6,12,0,,,,2025-08-11 03:55:00
G000551005000410010,G000551005000510010,,2025-08-11 03:00:00,18,13,0,0,0,1,1,3,0,0,0,0,0,0,0,0,0,13,5,0,,,,2025-08-11 03:00:00
G000551005000410010,G000551005000510010,,2025-08-11 03:05:00,31,19,0,0,0,3,4,5,0,0,0,0,0,0,0,0,0,19,12,0,,,,2025-08-11 03:05:00
G000551005000410010,G000551005000510010,,2025-08-11 03:10:00,16,9,0,0,0,3,3,1,0,0,0,0,0,0,0,0,0,9,7,0,,,,2025-08-11 03:10:00
G000551005000410010,G000551005000510010,,2025-08-11 03:15:00,22,10,0,0,0,5,4,1,1,0,1,0,0,0,0,0,0,10,12,0,,,,2025-08-11 03:15:00
G000551005000410010,G000551005000510010,,2025-08-11 03:20:00,20,11,0,0,0,4,4,1,0,0,0,0,0,0,0,0,0,11,9,0,,,,2025-08-11 03:20:00
G000551005000410010,G000551005000510010,,2025-08-11 03:25:00,28,16,0,0,0,7,1,3,0,1,0,0,0,0,0,0,0,16,12,0,,,,2025-08-11 03:25:00
G000551005000410010,G000551005000510010,,2025-08-11 03:30:00,20,9,0,0,0,4,3,3,0,0,1,0,0,0,0,0,0,9,11,0,,,,2025-08-11 03:30:00
G000551005000410010,G000551005000510010,,2025-08-11 03:35:00,22,14,0,0,0,3,2,3,0,0,0,0,0,0,0,0,0,14,8,0,,,,2025-08-11 03:35:00
G000551005000410010,G000551005000510010,,2025-08-11 03:40:00,14,8,0,0,0,4,2,0,0,0,0,0,0,0,0,0,0,8,6,0,,,,2025-08-11 03:40:00
G000551005000410010,G000551005000510010,,2025-08-11 03:45:00,21,6,0,0,0,5,7,3,0,0,0,0,0,0,0,0,0,6,15,0,,,,2025-08-11 03:45:00
G000551005000410010,G000551005000510010,,2025-08-11 03:50:00,14,6,0,0,0,4,3,1,0,0,0,0,0,0,0,0,0,6,8,0,,,,2025-08-11 03:50:00
G000551005000410010,G000551005000510010,,2025-08-11 03:55:00,27,13,0,0,0,9,3,2,0,0,0,0,0,0,0,0,0,13,14,0,,,,2025-08-11 03:55:00
G000551005000420010,G000551005000320010,,2025-08-11 03:00:00,19,10,0,0,0,1,5,3,0,0,0,0,0,0,0,0,0,10,9,0,,,,2025-08-11 03:00:00
G000551005000420010,G000551005000320010,,2025-08-11 03:05:00,11,5,0,0,0,2,3,1,0,0,0,0,0,0,0,0,0,5,6,0,,,,2025-08-11 03:05:00
G000551005000420010,G000551005000320010,,2025-08-11 03:10:00,15,10,0,0,0,0,3,0,1,0,1,0,0,0,0,0,0,10,5,0,,,,2025-08-11 03:10:00
G000551005000420010,G000551005000320010,,2025-08-11 03:15:00,13,9,0,0,0,2,1,1,0,0,0,0,0,0,0,0,0,9,4,0,,,,2025-08-11 03:15:00
G000551005000420010,G000551005000320010,,2025-08-11 03:20:00,19,11,0,0,0,1,4,0,3,0,0,0,0,0,0,0,0,11,8,0,,,,2025-08-11 03:20:00
G000551005000420010,G000551005000320010,,2025-08-11 03:25:00,10,4,0,0,0,1,3,1,1,0,0,0,0,0,0,0,0,4,6,0,,,,2025-08-11 03:25:00
G000551005000420010,G000551005000320010,,2025-08-11 03:30:00,14,11,0,0,0,1,2,0,0,0,0,0,0,0,0,0,0,11,3,0,,,,2025-08-11 03:30:00
G000551005000420010,G000551005000320010,,2025-08-11 03:35:00,13,6,0,0,0,3,0,3,0,0,0,0,1,0,0,0,0,6,6,1,,,,2025-08-11 03:35:00
G000551005000420010,G000551005000320010,,2025-08-11 03:40:00,22,12,0,0,0,6,3,0,1,0,0,0,0,0,0,0,0,12,10,0,,,,2025-08-11 03:40:00
G000551005000420010,G000551005000320010,,2025-08-11 03:45:00,16,10,0,0,0,1,3,0,2,0,0,0,0,0,0,0,0,10,6,0,,,,2025-08-11 03:45:00
G000551005000420010,G000551005000320010,,2025-08-11 03:50:00,15,5,0,0,0,5,2,2,1,0,0,0,0,0,0,0,0,5,10,0,,,,2025-08-11 03:50:00
G000551005000420010,G000551005000320010,,2025-08-11 03:55:00,22,11,0,0,0,2,6,2,1,0,0,0,0,0,0,0,0,11,11,0,,,,2025-08-11 03:55:00
G000551005000510010,G000551005000610010,,2025-08-11 03:00:00,19,13,0,0,0,2,0,4,0,0,0,0,0,0,0,0,0,13,6,0,,,,2025-08-11 03:00:00
G000551005000510010,G000551005000610010,,2025-08-11 03:05:00,21,14,0,0,0,1,3,3,0,0,0,0,0,0,0,0,0,14,7,0,,,,2025-08-11 03:05:00
G000551005000510010,G000551005000610010,,2025-08-11 03:10:00,16,11,0,0,0,1,3,1,0,0,0,0,0,0,0,0,0,11,5,0,,,,2025-08-11 03:10:00
G000551005000510010,G000551005000610010,,2025-08-11 03:15:00,13,9,0,0,0,3,0,0,1,0,0,0,0,0,0,0,0,9,4,0,,,,2025-08-11 03:15:00
G000551005000510010,G000551005000610010,,2025-08-11 03:20:00,17,9,0,0,0,4,3,1,0,0,0,0,0,0,0,0,0,9,8,0,,,,2025-08-11 03:20:00
G000551005000510010,G000551005000610010,,2025-08-11 03:25:00,20,11,0,0,0,6,3,0,0,0,0,0,0,0,0,0,0,11,9,0,,,,2025-08-11 03:25:00
G000551005000510010,G000551005000610010,,2025-08-11 03:30:00,18,10,0,0,0,5,3,0,0,0,0,0,0,0,0,0,0,10,8,0,,,,2025-08-11 03:30:00
G000551005000510010,G000551005000610010,,2025-08-11 03:35:00,18,12,0,0,0,1,1,3,0,0,1,0,0,0,0,0,0,12,6,0,,,,2025-08-11 03:35:00
G000551005000510010,G000551005000610010,,2025-08-11 03:40:00,13,6,0,0,0,4,2,1,0,0,0,0,0,0,0,0,0,6,7,0,,,,2025-08-11 03:40:00
G000551005000510010,G000551005000610010,,2025-08-11 03:45:00,13,3,0,0,0,4,3,3,0,0,0,0,0,0,0,0,0,3,10,0,,,,2025-08-11 03:45:00
G000551005000510010,G000551005000610010,,2025-08-11 03:50:00,10,5,0,0,0,4,1,0,0,0,0,0,0,0,0,0,0,5,5,0,,,,2025-08-11 03:50:00
G000551005000510010,G000551005000610010,,2025-08-11 03:55:00,22,15,0,0,0,4,2,1,0,0,0,0,0,0,0,0,0,15,7,0,,,,2025-08-11 03:55:00
G000551005000520010,G000551005000420010,,2025-08-11 03:00:00,13,11,0,0,0,0,1,1,0,0,0,0,0,0,0,0,0,11,2,0,,,,2025-08-11 03:00:00
G000551005000520010,G000551005000420010,,2025-08-11 03:05:00,13,9,0,0,0,1,1,1,0,0,1,0,0,0,0,0,0,9,4,0,,,,2025-08-11 03:05:00
G000551005000520010,G000551005000420010,,2025-08-11 03:10:00,13,10,0,0,0,1,0,1,1,0,0,0,0,0,0,0,0,10,3,0,,,,2025-08-11 03:10:00
G000551005000520010,G000551005000420010,,2025-08-11 03:15:00,15,10,0,0,0,1,2,1,1,0,0,0,0,0,0,0,0,10,5,0,,,,2025-08-11 03:15:00
G000551005000520010,G000551005000420010,,2025-08-11 03:20:00,14,9,0,0,0,1,2,1,1,0,0,0,0,0,0,0,0,9,5,0,,,,2025-08-11 03:20:00
G000551005000520010,G000551005000420010,,2025-08-11 03:25:00,11,7,0,0,0,0,3,0,1,0,0,0,0,0,0,0,0,7,4,0,,,,2025-08-11 03:25:00
G000551005000520010,G000551005000420010,,2025-08-11 03:30:00,12,6,0,0,0,2,1,3,0,0,0,0,0,0,0,0,0,6,6,0,,,,2025-08-11 03:30:00
G000551005000520010,G000551005000420010,,2025-08-11 03:35:00,13,7,0,0,0,3,1,1,0,0,0,0,1,0,0,0,0,7,5,1,,,,2025-08-11 03:35:00
G000551005000520010,G000551005000420010,,2025-08-11 03:40:00,19,12,0,0,0,2,3,0,2,0,0,0,0,0,0,0,0,12,7,0,,,,2025-08-11 03:40:00
G000551005000520010,G000551005000420010,,2025-08-11 03:45:00,14,7,0,0,0,2,2,1,2,0,0,0,0,0,0,0,0,7,7,0,,,,2025-08-11 03:45:00
G000551005000520010,G000551005000420010,,2025-08-11 03:50:00,13,6,0,0,0,3,3,1,0,0,0,0,0,0,0,0,0,6,7,0,,,,2025-08-11 03:50:00
G000551005000520010,G000551005000420010,,2025-08-11 03:55:00,19,8,0,0,0,6,1,3,1,0,0,0,0,0,0,0,0,8,11,0,,,,2025-08-11 03:55:00
G000551005000620010,G000551005000520010,,2025-08-11 03:00:00,12,8,0,0,0,1,1,1,0,0,1,0,0,0,0,0,0,8,4,0,,,,2025-08-11 03:00:00
G000551005000620010,G000551005000520010,,2025-08-11 03:05:00,12,10,0,0,0,1,0,0,1,0,0,0,0,0,0,0,0,10,2,0,,,,2025-08-11 03:05:00
G000551005000620010,G000551005000520010,,2025-08-11 03:10:00,13,9,0,0,0,2,1,1,0,0,0,0,0,0,0,0,0,9,4,0,,,,2025-08-11 03:10:00
G000551005000620010,G000551005000520010,,2025-08-11 03:15:00,10,7,0,0,0,0,2,0,1,0,0,0,0,0,0,0,0,7,3,0,,,,2025-08-11 03:15:00
G000551005000620010,G000551005000520010,,2025-08-11 03:20:00,6,4,0,0,0,1,1,0,0,0,0,0,0,0,0,0,0,4,2,0,,,,2025-08-11 03:20:00
G000551005000620010,G000551005000520010,,2025-08-11 03:25:00,13,9,0,0,0,1,0,3,0,0,0,0,0,0,0,0,0,9,4,0,,,,2025-08-11 03:25:00
G000551005000620010,G000551005000520010,,2025-08-11 03:30:00,13,7,0,0,0,4,0,1,0,0,0,0,1,0,0,0,0,7,5,1,,,,2025-08-11 03:30:00
G000551005000620010,G000551005000520010,,2025-08-11 03:35:00,15,11,0,0,0,2,2,0,0,0,0,0,0,0,0,0,0,11,4,0,,,,2025-08-11 03:35:00
G000551005000620010,G000551005000520010,,2025-08-11 03:40:00,12,9,0,0,0,0,1,1,1,0,0,0,0,0,0,0,0,9,3,0,,,,2025-08-11 03:40:00
G000551005000620010,G000551005000520010,,2025-08-11 03:45:00,12,6,0,0,0,4,1,1,0,0,0,0,0,0,0,0,0,6,6,0,,,,2025-08-11 03:45:00
G000551005000620010,G000551005000520010,,2025-08-11 03:50:00,14,6,0,0,0,3,2,3,0,0,0,0,0,0,0,0,0,6,8,0,,,,2025-08-11 03:50:00
G000551005000620010,G000551005000520010,,2025-08-11 03:55:00,16,11,0,1,0,4,0,0,0,0,0,0,0,0,0,0,0,12,4,0,,,,2025-08-11 03:55:00
G000551005000720010,G000551005000620010,,2025-08-11 03:00:00,3,1,0,0,0,0,1,0,1,0,0,0,0,0,0,0,0,1,2,0,,,,2025-08-11 03:00:00
G000551005000720010,G000551005000620010,,2025-08-11 03:05:00,4,4,0,0,0,0,0,0,0,0,0,0,0,0,0,0,0,4,0,0,,,,2025-08-11 03:05:00
G000551005000720010,G000551005000620010,,2025-08-11 03:10:00,1,1,0,0,0,0,0,0,0,0,0,0,0,0,0,0,0,1,0,0,,,,2025-08-11 03:10:00
G000551005000720010,G000551005000620010,,2025-08-11 03:15:00,9,9,0,0,0,0,0,0,0,0,0,0,0,0,0,0,0,9,0,0,,,,2025-08-11 03:15:00
G000551005000720010,G000551005000620010,,2025-08-11 03:20:00,2,1,0,0,0,0,1,0,0,0,0,0,0,0,0,0,0,1,1,0,,,,2025-08-11 03:20:00
G000551005000720010,G000551005000620010,,2025-08-11 03:25:00,5,4,0,0,0,1,0,0,0,0,0,0,0,0,0,0,0,4,1,0,,,,2025-08-11 03:25:00
G000551005000720010,G000551005000620010,,2025-08-11 03:30:00,8,5,0,0,0,1,1,0,1,0,0,0,0,0,0,0,0,5,3,0,,,,2025-08-11 03:30:00
G000551005000720010,G000551005000620010,,2025-08-11 03:40:00,5,3,0,1,0,1,0,0,0,0,0,0,0,0,0,0,0,4,1,0,,,,2025-08-11 03:40:00
G000551005000720010,G000551005000620010,,2025-08-11 03:45:00,4,4,0,0,0,0,0,0,0,0,0,0,0,0,0,0,0,4,0,0,,,,2025-08-11 03:45:00
G000551005000720010,G000551005000620010,,2025-08-11 03:50:00,3,3,0,0,0,0,0,0,0,0,0,0,0,0,0,0,0,3,0,0,,,,2025-08-11 03:50:00
G000551005000720010,G000551005000620010,,2025-08-11 03:55:00,2,2,0,0,0,0,0,0,0,0,0,0,0,0,0,0,0,2,0,0,,,,2025-08-11 03:55:00
G000551005000810010,G000551005000910010,,2025-08-11 03:00:00,12,7,0,0,0,2,3,0,0,0,0,0,0,0,0,0,0,7,5,0,,,,2025-08-11 03:00:00
G000551005000810010,G000551005000910010,,2025-08-11 03:05:00,7,6,0,0,0,0,1,0,0,0,0,0,0,0,0,0,0,6,1,0,,,,2025-08-11 03:05:00
G000551005000810010,G000551005000910010,,2025-08-11 03:10:00,5,4,0,0,0,1,0,0,0,0,0,0,0,0,0,0,0,4,1,0,,,,2025-08-11 03:10:00
G000551005000810010,G000551005000910010,,2025-08-11 03:15:00,5,5,0,0,0,0,0,0,0,0,0,0,0,0,0,0,0,5,0,0,,,,2025-08-11 03:15:00
G000551005000810010,G000551005000910010,,2025-08-11 03:20:00,4,3,0,0,0,0,1,0,0,0,0,0,0,0,0,0,0,3,1,0,,,,2025-08-11 03:20:00
G000551005000810010,G000551005000910010,,2025-08-11 03:25:00,5,4,0,0,0,0,1,0,0,0,0,0,0,0,0,0,0,4,1,0,,,,2025-08-11 03:25:00
G000551005000810010,G000551005000910010,,2025-08-11 03:30:00,6,3,0,0,0,1,2,0,0,0,0,0,0,0,0,0,0,3,3,0,,,,2025-08-11 03:30:00
G000551005000810010,G000551005000910010,,2025-08-11 03:35:00,5,4,0,0,0,1,0,0,0,0,0,0,0,0,0,0,0,4,1,0,,,,2025-08-11 03:35:00
G000551005000810010,G000551005000910010,,2025-08-11 03:40:00,2,1,0,0,0,1,0,0,0,0,0,0,0,0,0,0,0,1,1,0,,,,2025-08-11 03:40:00
G000551005000810010,G000551005000910010,,2025-08-11 03:45:00,12,7,0,0,0,1,4,0,0,0,0,0,0,0,0,0,0,7,5,0,,,,2025-08-11 03:45:00
G000551005000810010,G000551005000910010,,2025-08-11 03:50:00,7,4,0,0,0,2,0,1,0,0,0,0,0,0,0,0,0,4,3,0,,,,2025-08-11 03:50:00
G000551005000810010,G000551005000910010,,2025-08-11 03:55:00,3,2,0,0,0,0,1,0,0,0,0,0,0,0,0,0,0,2,1,0,,,,2025-08-11 03:55:00
G000551005000820010,G000551005000720010,,2025-08-11 03:00:00,5,3,0,0,0,0,1,0,1,0,0,0,0,0,0,0,0,3,2,0,,,,2025-08-11 03:00:00
G000551005000820010,G000551005000720010,,2025-08-11 03:05:00,2,2,0,0,0,0,0,0,0,0,0,0,0,0,0,0,0,2,0,0,,,,2025-08-11 03:05:00
G000551005000820010,G000551005000720010,,2025-08-11 03:10:00,8,8,0,0,0,0,0,0,0,0,0,0,0,0,0,0,0,8,0,0,,,,2025-08-11 03:10:00
G000551005000820010,G000551005000720010,,2025-08-11 03:15:00,1,1,0,0,0,0,0,0,0,0,0,0,0,0,0,0,0,1,0,0,,,,2025-08-11 03:15:00
G000551005000820010,G000551005000720010,,2025-08-11 03:20:00,7,5,0,0,0,1,1,0,0,0,0,0,0,0,0,0,0,5,2,0,,,,2025-08-11 03:20:00
G000551005000820010,G000551005000720010,,2025-08-11 03:25:00,7,4,0,0,0,1,1,0,1,0,0,0,0,0,0,0,0,4,3,0,,,,2025-08-11 03:25:00
G000551005000820010,G000551005000720010,,2025-08-11 03:30:00,2,2,0,0,0,0,0,0,0,0,0,0,0,0,0,0,0,2,0,0,,,,2025-08-11 03:30:00
G000551005000820010,G000551005000720010,,2025-08-11 03:35:00,1,0,0,1,0,0,0,0,0,0,0,0,0,0,0,0,0,1,0,0,,,,2025-08-11 03:35:00
G000551005000820010,G000551005000720010,,2025-08-11 03:40:00,4,4,0,0,0,0,0,0,0,0,0,0,0,0,0,0,0,4,0,0,,,,2025-08-11 03:40:00
G000551005000820010,G000551005000720010,,2025-08-11 03:45:00,5,5,0,0,0,0,0,0,0,0,0,0,0,0,0,0,0,5,0,0,,,,2025-08-11 03:45:00
G000551005000820010,G000551005000720010,,2025-08-11 03:50:00,1,1,0,0,0,0,0,0,0,0,0,0,0,0,0,0,0,1,0,0,,,,2025-08-11 03:50:00
G000551005000820010,G000551005000720010,,2025-08-11 03:55:00,6,4,0,0,0,1,0,1,0,0,0,0,0,0,0,0,0,4,2,0,,,,2025-08-11 03:55:00
G000551005000910010,G000551005001010010,,2025-08-11 03:00:00,7,5,0,0,0,1,1,0,0,0,0,0,0,0,0,0,0,5,2,0,,,,2025-08-11 03:00:00
G000551005000910010,G000551005001010010,,2025-08-11 03:05:00,12,8,0,0,0,2,2,0,0,0,0,0,0,0,0,0,0,8,4,0,,,,2025-08-11 03:05:00
G000551005000910010,G000551005001010010,,2025-08-11 03:10:00,7,5,0,0,0,1,1,0,0,0,0,0,0,0,0,0,0,5,2,0,,,,2025-08-11 03:10:00
G000551005000910010,G000551005001010010,,2025-08-11 03:15:00,4,3,0,0,0,0,1,0,0,0,0,0,0,0,0,0,0,3,1,0,,,,2025-08-11 03:15:00
G000551005000910010,G000551005001010010,,2025-08-11 03:20:00,7,5,0,0,0,1,1,0,0,0,0,0,0,0,0,0,0,5,2,0,,,,2025-08-11 03:20:00
G000551005000910010,G000551005001010010,,2025-08-11 03:25:00,3,3,0,0,0,0,0,0,0,0,0,0,0,0,0,0,0,3,0,0,,,,2025-08-11 03:25:00
G000551005000910010,G000551005001010010,,2025-08-11 03:30:00,4,3,0,0,0,0,1,0,0,0,0,0,0,0,0,0,0,3,1,0,,,,2025-08-11 03:30:00
G000551005000910010,G000551005001010010,,2025-08-11 03:35:00,8,4,0,0,0,2,2,0,0,0,0,0,0,0,0,0,0,4,4,0,,,,2025-08-11 03:35:00
G000551005000910010,G000551005001010010,,2025-08-11 03:40:00,3,1,0,0,0,2,0,0,0,0,0,0,0,0,0,0,0,1,2,0,,,,2025-08-11 03:40:00
G000551005000910010,G000551005001010010,,2025-08-11 03:45:00,9,5,0,0,0,1,3,0,0,0,0,0,0,0,0,0,0,5,4,0,,,,2025-08-11 03:45:00
G000551005000910010,G000551005001010010,,2025-08-11 03:50:00,7,4,0,0,0,2,1,0,0,0,0,0,0,0,0,0,0,4,3,0,,,,2025-08-11 03:50:00
G000551005000910010,G000551005001010010,,2025-08-11 03:55:00,6,4,0,0,0,1,0,1,0,0,0,0,0,0,0,0,0,4,2,0,,,,2025-08-11 03:55:00
G000551005000920010,G000551005000820010,,2025-08-11 03:00:00,5,5,0,0,0,0,0,0,0,0,0,0,0,0,0,0,0,5,0,0,,,,2025-08-11 03:00:00
G000551005000920010,G000551005000820010,,2025-08-11 03:05:00,1,1,0,0,0,0,0,0,0,0,0,0,0,0,0,0,0,1,0,0,,,,2025-08-11 03:05:00
G000551005000920010,G000551005000820010,,2025-08-11 03:10:00,9,9,0,0,0,0,0,0,0,0,0,0,0,0,0,0,0,9,0,0,,,,2025-08-11 03:10:00
G000551005000920010,G000551005000820010,,2025-08-11 03:15:00,3,1,0,0,0,1,1,0,0,0,0,0,0,0,0,0,0,1,2,0,,,,2025-08-11 03:15:00
G000551005000920010,G000551005000820010,,2025-08-11 03:20:00,7,4,0,0,0,1,1,0,1,0,0,0,0,0,0,0,0,4,3,0,,,,2025-08-11 03:20:00
G000551005000920010,G000551005000820010,,2025-08-11 03:25:00,7,5,0,0,0,2,0,0,0,0,0,0,0,0,0,0,0,5,2,0,,,,2025-08-11 03:25:00
G000551005000920010,G000551005000820010,,2025-08-11 03:30:00,1,1,0,0,0,0,0,0,0,0,0,0,0,0,0,0,0,1,0,0,,,,2025-08-11 03:30:00
G000551005000920010,G000551005000820010,,2025-08-11 03:35:00,3,2,0,1,0,0,0,0,0,0,0,0,0,0,0,0,0,3,0,0,,,,2025-08-11 03:35:00
G000551005000920010,G000551005000820010,,2025-08-11 03:40:00,3,3,0,0,0,0,0,0,0,0,0,0,0,0,0,0,0,3,0,0,,,,2025-08-11 03:40:00
G000551005000920010,G000551005000820010,,2025-08-11 03:45:00,4,4,0,0,0,0,0,0,0,0,0,0,0,0,0,0,0,4,0,0,,,,2025-08-11 03:45:00
G000551005000920010,G000551005000820010,,2025-08-11 03:50:00,2,1,0,0,0,1,0,0,0,0,0,0,0,0,0,0,0,1,1,0,,,,2025-08-11 03:50:00
G000551005000920010,G000551005000820010,,2025-08-11 03:55:00,7,5,0,0,0,1,0,1,0,0,0,0,0,0,0,0,0,5,2,0,,,,2025-08-11 03:55:00
G000551005001010010,G000551005001110010,,2025-08-11 03:00:00,10,7,0,0,0,0,2,1,0,0,0,0,0,0,0,0,0,7,3,0,,,,2025-08-11 03:00:00
G000551005001010010,G000551005001110010,,2025-08-11 03:05:00,7,7,0,0,0,0,0,0,0,0,0,0,0,0,0,0,0,7,0,0,,,,2025-08-11 03:05:00
G000551005001010010,G000551005001110010,,2025-08-11 03:10:00,12,7,0,0,0,2,3,0,0,0,0,0,0,0,0,0,0,7,5,0,,,,2025-08-11 03:10:00
G000551005001010010,G000551005001110010,,2025-08-11 03:15:00,7,6,0,0,0,0,1,0,0,0,0,0,0,0,0,0,0,6,1,0,,,,2025-08-11 03:15:00
G000551005001010010,G000551005001110010,,2025-08-11 03:20:00,4,2,0,0,0,1,1,0,0,0,0,0,0,0,0,0,0,2,2,0,,,,2025-08-11 03:20:00
G000551005001010010,G000551005001110010,,2025-08-11 03:25:00,9,7,0,0,0,2,0,0,0,0,0,0,0,0,0,0,0,7,2,0,,,,2025-08-11 03:25:00
G000551005001010010,G000551005001110010,,2025-08-11 03:30:00,3,2,0,0,0,0,1,0,0,0,0,0,0,0,0,0,0,2,1,0,,,,2025-08-11 03:30:00
G000551005001010010,G000551005001110010,,2025-08-11 03:35:00,6,5,0,0,0,0,1,0,0,0,0,0,0,0,0,0,0,5,1,0,,,,2025-08-11 03:35:00
G000551005001010010,G000551005001110010,,2025-08-11 03:40:00,10,5,0,0,0,3,2,0,0,0,0,0,0,0,0,0,0,5,5,0,,,,2025-08-11 03:40:00
G000551005001010010,G000551005001110010,,2025-08-11 03:45:00,3,1,0,0,0,2,0,0,0,0,0,0,0,0,0,0,0,1,2,0,,,,2025-08-11 03:45:00
G000551005001010010,G000551005001110010,,2025-08-11 03:50:00,7,5,0,0,0,1,1,0,0,0,0,0,0,0,0,0,0,5,2,0,,,,2025-08-11 03:50:00
G000551005001010010,G000551005001110010,,2025-08-11 03:55:00,9,4,0,0,0,2,3,0,0,0,0,0,0,0,0,0,0,4,5,0,,,,2025-08-11 03:55:00
G000551005001110010,G000551005001210010,,2025-08-11 03:00:00,8,6,0,0,0,0,1,1,0,0,0,0,0,0,0,0,0,6,2,0,,,,2025-08-11 03:00:00
G000551005001110010,G000551005001210010,,2025-08-11 03:05:00,9,5,0,0,0,1,3,0,0,0,0,0,0,0,0,0,0,5,4,0,,,,2025-08-11 03:05:00
G000551005001110010,G000551005001210010,,2025-08-11 03:10:00,5,4,0,0,0,0,0,1,0,0,0,0,0,0,0,0,0,4,1,0,,,,2025-08-11 03:10:00
G000551005001110010,G000551005001210010,,2025-08-11 03:15:00,10,8,0,0,0,1,1,0,0,0,0,0,0,0,0,0,0,8,2,0,,,,2025-08-11 03:15:00
G000551005001110010,G000551005001210010,,2025-08-11 03:20:00,6,3,0,0,0,1,2,0,0,0,0,0,0,0,0,0,0,3,3,0,,,,2025-08-11 03:20:00
G000551005001110010,G000551005001210010,,2025-08-11 03:25:00,6,4,0,0,0,1,1,0,0,0,0,0,0,0,0,0,0,4,2,0,,,,2025-08-11 03:25:00
G000551005001110010,G000551005001210010,,2025-08-11 03:30:00,8,7,0,0,0,1,0,0,0,0,0,0,0,0,0,0,0,7,1,0,,,,2025-08-11 03:30:00
G000551005001110010,G000551005001210010,,2025-08-11 03:35:00,2,1,0,0,0,1,0,0,0,0,0,0,0,0,0,0,0,1,1,0,,,,2025-08-11 03:35:00
G000551005001110010,G000551005001210010,,2025-08-11 03:40:00,5,4,0,0,0,0,1,0,0,0,0,0,0,0,0,0,0,4,1,0,,,,2025-08-11 03:40:00
G000551005001110010,G000551005001210010,,2025-08-11 03:45:00,8,4,0,0,0,1,3,0,0,0,0,0,0,0,0,0,0,4,4,0,,,,2025-08-11 03:45:00
G000551005001110010,G000551005001210010,,2025-08-11 03:50:00,4,2,0,0,0,2,0,0,0,0,0,0,0,0,0,0,0,2,2,0,,,,2025-08-11 03:50:00
G000551005001110010,G000551005001210010,,2025-08-11 03:55:00,6,4,0,0,0,2,0,0,0,0,0,0,0,0,0,0,0,4,2,0,,,,2025-08-11 03:55:00
G000551005001210010,G000551005001310010,,2025-08-11 03:00:00,5,5,0,0,0,0,0,0,0,0,0,0,0,0,0,0,0,5,0,0,,,,2025-08-11 03:00:00
G000551005001210010,G000551005001310010,,2025-08-11 03:05:00,9,7,0,0,0,0,1,1,0,0,0,0,0,0,0,0,0,7,2,0,,,,2025-08-11 03:05:00
G000551005001210010,G000551005001310010,,2025-08-11 03:10:00,8,4,0,0,0,2,1,1,0,0,0,0,0,0,0,0,0,4,4,0,,,,2025-08-11 03:10:00
G000551005001210010,G000551005001310010,,2025-08-11 03:15:00,10,9,0,0,0,0,1,0,0,0,0,0,0,0,0,0,0,9,1,0,,,,2025-08-11 03:15:00
G000551005001210010,G000551005001310010,,2025-08-11 03:20:00,10,6,0,0,0,1,3,0,0,0,0,0,0,0,0,0,0,6,4,0,,,,2025-08-11 03:20:00
G000551005001210010,G000551005001310010,,2025-08-11 03:25:00,3,1,0,0,0,1,1,0,0,0,0,0,0,0,0,0,0,1,2,0,,,,2025-08-11 03:25:00
G000551005001210010,G000551005001310010,,2025-08-11 03:30:00,6,3,0,0,0,1,1,1,0,0,0,0,0,0,0,0,0,3,3,0,,,,2025-08-11 03:30:00
G000551005001210010,G000551005001310010,,2025-08-11 03:35:00,3,3,0,0,0,0,0,0,0,0,0,0,0,0,0,0,0,3,0,0,,,,2025-08-11 03:35:00
G000551005001210010,G000551005001310010,,2025-08-11 03:40:00,5,4,0,0,0,1,0,0,0,0,0,0,0,0,0,0,0,4,1,0,,,,2025-08-11 03:40:00
G000551005001210010,G000551005001310010,,2025-08-11 03:45:00,5,4,0,0,0,0,1,0,0,0,0,0,0,0,0,0,0,4,1,0,,,,2025-08-11 03:45:00
G000551005001210010,G000551005001310010,,2025-08-11 03:50:00,8,5,0,0,0,1,2,0,0,0,0,0,0,0,0,0,0,5,3,0,,,,2025-08-11 03:50:00
G000551005001210010,G000551005001310010,,2025-08-11 03:55:00,4,1,0,0,0,3,0,0,0,0,0,0,0,0,0,0,0,1,3,0,,,,2025-08-11 03:55:00
G000551005001220010,G000551005001120010,,2025-08-11 03:00:00,2,2,0,0,0,0,0,0,0,0,0,0,0,0,0,0,0,2,0,0,,,,2025-08-11 03:00:00
G000551005001220010,G000551005001120010,,2025-08-11 03:05:00,5,3,0,0,0,1,0,0,1,0,0,0,0,0,0,0,0,3,2,0,,,,2025-08-11 03:05:00
G000551005001220010,G000551005001120010,,2025-08-11 03:10:00,5,3,0,0,0,1,0,1,0,0,0,0,0,0,0,0,0,3,2,0,,,,2025-08-11 03:10:00
G000551005001220010,G000551005001120010,,2025-08-11 03:15:00,3,2,0,1,0,0,0,0,0,0,0,0,0,0,0,0,0,3,0,0,,,,2025-08-11 03:15:00
G000551005001220010,G000551005001120010,,2025-08-11 03:20:00,2,1,0,0,0,1,0,0,0,0,0,0,0,0,0,0,0,1,1,0,,,,2025-08-11 03:20:00
G000551005001220010,G000551005001120010,,2025-08-11 03:25:00,6,5,0,0,0,0,0,1,0,0,0,0,0,0,0,0,0,5,1,0,,,,2025-08-11 03:25:00
G000551005001220010,G000551005001120010,,2025-08-11 03:30:00,5,3,0,0,0,2,0,0,0,0,0,0,0,0,0,0,0,3,2,0,,,,2025-08-11 03:30:00
G000551005001220010,G000551005001120010,,2025-08-11 03:35:00,1,1,0,0,0,0,0,0,0,0,0,0,0,0,0,0,0,1,0,0,,,,2025-08-11 03:35:00
G000551005001220010,G000551005001120010,,2025-08-11 03:40:00,5,2,0,0,0,1,0,1,0,0,1,0,0,0,0,0,0,2,3,0,,,,2025-08-11 03:40:00
G000551005001220010,G000551005001120010,,2025-08-11 03:45:00,7,6,0,0,0,0,1,0,0,0,0,0,0,0,0,0,0,6,1,0,,,,2025-08-11 03:45:00
G000551005001220010,G000551005001120010,,2025-08-11 03:50:00,3,2,0,0,0,1,0,0,0,0,0,0,0,0,0,0,0,2,1,0,,,,2025-08-11 03:50:00
G000551005001220010,G000551005001120010,,2025-08-11 03:55:00,4,3,0,0,0,0,1,0,0,0,0,0,0,0,0,0,0,3,1,0,,,,2025-08-11 03:55:00
G000551005001310010,G000551005001410010,,2025-08-11 03:00:00,5,5,0,0,0,0,0,0,0,0,0,0,0,0,0,0,0,5,0,0,,,,2025-08-11 03:00:00
G000551005001310010,G000551005001410010,,2025-08-11 03:05:00,7,5,0,0,0,0,1,1,0,0,0,0,0,0,0,0,0,5,2,0,,,,2025-08-11 03:05:00
G000551005001310010,G000551005001410010,,2025-08-11 03:10:00,8,6,0,0,0,1,0,1,0,0,0,0,0,0,0,0,0,6,2,0,,,,2025-08-11 03:10:00
G000551005001310010,G000551005001410010,,2025-08-11 03:15:00,8,5,0,0,0,1,2,0,0,0,0,0,0,0,0,0,0,5,3,0,,,,2025-08-11 03:15:00
G000551005001310010,G000551005001410010,,2025-08-11 03:20:00,9,8,0,0,0,1,0,0,0,0,0,0,0,0,0,0,0,8,1,0,,,,2025-08-11 03:20:00
G000551005001310010,G000551005001410010,,2025-08-11 03:25:00,8,3,0,0,0,1,4,0,0,0,0,0,0,0,0,0,0,3,5,0,,,,2025-08-11 03:25:00
G000551005001310010,G000551005001410010,,2025-08-11 03:30:00,4,3,0,0,0,0,1,0,0,0,0,0,0,0,0,0,0,3,1,0,,,,2025-08-11 03:30:00
G000551005001310010,G000551005001410010,,2025-08-11 03:35:00,6,3,0,0,0,2,0,1,0,0,0,0,0,0,0,0,0,3,3,0,,,,2025-08-11 03:35:00
G000551005001310010,G000551005001410010,,2025-08-11 03:40:00,6,4,0,0,0,2,0,0,0,0,0,0,0,0,0,0,0,4,2,0,,,,2025-08-11 03:40:00
G000551005001310010,G000551005001410010,,2025-08-11 03:45:00,3,3,0,0,0,0,0,0,0,0,0,0,0,0,0,0,0,3,0,0,,,,2025-08-11 03:45:00
G000551005001310010,G000551005001410010,,2025-08-11 03:50:00,6,4,0,0,0,1,1,0,0,0,0,0,0,0,0,0,0,4,2,0,,,,2025-08-11 03:50:00
G000551005001310010,G000551005001410010,,2025-08-11 03:55:00,5,1,0,0,0,2,2,0,0,0,0,0,0,0,0,0,0,1,4,0,,,,2025-08-11 03:55:00
G000551005001320010,G000551005001220010,,2025-08-11 03:00:00,2,1,0,0,0,0,0,0,1,0,0,0,0,0,0,0,0,1,1,0,,,,2025-08-11 03:00:00
G000551005001320010,G000551005001220010,,2025-08-11 03:05:00,7,4,0,0,0,2,0,1,0,0,0,0,0,0,0,0,0,4,3,0,,,,2025-08-11 03:05:00
G000551005001320010,G000551005001220010,,2025-08-11 03:10:00,3,2,0,1,0,0,0,0,0,0,0,0,0,0,0,0,0,3,0,0,,,,2025-08-11 03:10:00
G000551005001320010,G000551005001220010,,2025-08-11 03:15:00,2,1,0,0,0,1,0,0,0,0,0,0,0,0,0,0,0,1,1,0,,,,2025-08-11 03:15:00
G000551005001320010,G000551005001220010,,2025-08-11 03:20:00,2,2,0,0,0,0,0,0,0,0,0,0,0,0,0,0,0,2,0,0,,,,2025-08-11 03:20:00
G000551005001320010,G000551005001220010,,2025-08-11 03:25:00,6,4,0,0,0,1,0,1,0,0,0,0,0,0,0,0,0,4,2,0,,,,2025-08-11 03:25:00
G000551005001320010,G000551005001220010,,2025-08-11 03:30:00,4,3,0,0,0,1,0,0,0,0,0,0,0,0,0,0,0,3,1,0,,,,2025-08-11 03:30:00
G000551005001320010,G000551005001220010,,2025-08-11 03:35:00,4,1,0,0,0,1,0,1,0,0,1,0,0,0,0,0,0,1,3,0,,,,2025-08-11 03:35:00
G000551005001320010,G000551005001220010,,2025-08-11 03:40:00,5,4,0,0,0,0,1,0,0,0,0,0,0,0,0,0,0,4,1,0,,,,2025-08-11 03:40:00
G000551005001320010,G000551005001220010,,2025-08-11 03:45:00,4,3,0,0,0,1,0,0,0,0,0,0,0,0,0,0,0,3,1,0,,,,2025-08-11 03:45:00
G000551005001320010,G000551005001220010,,2025-08-11 03:50:00,5,4,0,0,0,0,1,0,0,0,0,0,0,0,0,0,0,4,1,0,,,,2025-08-11 03:50:00
G000551005001320010,G000551005001220010,,2025-08-11 03:55:00,3,1,0,0,0,1,0,1,0,0,0,0,0,0,0,0,0,1,2,0,,,,2025-08-11 03:55:00
G000551005001420010,G000551005001320010,,2025-08-11 03:00:00,7,5,0,0,0,1,0,1,0,0,0,0,0,0,0,0,0,5,2,0,,,,2025-08-11 03:00:00
G000551005001420010,G000551005001320010,,2025-08-11 03:05:00,2,2,0,0,0,0,0,0,0,0,0,0,0,0,0,0,0,2,0,0,,,,2025-08-11 03:05:00
G000551005001420010,G000551005001320010,,2025-08-11 03:10:00,1,1,0,0,0,0,0,0,0,0,0,0,0,0,0,0,0,1,0,0,,,,2025-08-11 03:10:00
G000551005001420010,G000551005001320010,,2025-08-11 03:15:00,2,2,0,0,0,0,0,0,0,0,0,0,0,0,0,0,0,2,0,0,,,,2025-08-11 03:15:00
G000551005001420010,G000551005001320010,,2025-08-11 03:20:00,4,3,0,0,0,1,0,0,0,0,0,0,0,0,0,0,0,3,1,0,,,,2025-08-11 03:20:00
G000551005001420010,G000551005001320010,,2025-08-11 03:25:00,4,4,0,0,0,0,0,0,0,0,0,0,0,0,0,0,0,4,0,0,,,,2025-08-11 03:25:00
G000551005001420010,G000551005001320010,,2025-08-11 03:30:00,3,1,0,0,0,1,0,0,0,0,1,0,0,0,0,0,0,1,2,0,,,,2025-08-11 03:30:00
G000551005001420010,G000551005001320010,,2025-08-11 03:35:00,7,6,0,0,0,0,1,0,0,0,0,0,0,0,0,0,0,6,1,0,,,,2025-08-11 03:35:00
G000551005001420010,G000551005001320010,,2025-08-11 03:40:00,6,4,0,0,0,1,1,0,0,0,0,0,0,0,0,0,0,4,2,0,,,,2025-08-11 03:40:00
G000551005001420010,G000551005001320010,,2025-08-11 03:45:00,2,2,0,0,0,0,0,0,0,0,0,0,0,0,0,0,0,2,0,0,,,,2025-08-11 03:45:00
G000551005001420010,G000551005001320010,,2025-08-11 03:50:00,2,1,0,0,0,0,0,1,0,0,0,0,0,0,0,0,0,1,1,0,,,,2025-08-11 03:50:00
G000551005001420010,G000551005001320010,,2025-08-11 03:55:00,7,7,0,0,0,0,0,0,0,0,0,0,0,0,0,0,0,7,0,0,,,,2025-08-11 03:55:00
G000551005001610010,G000551005001710010,,2025-08-11 03:00:00,8,3,0,0,0,0,3,1,0,0,1,0,0,0,0,0,0,3,5,0,,,,2025-08-11 03:00:00
G000551005001610010,G000551005001710010,,2025-08-11 03:05:00,14,6,0,0,0,1,4,2,1,0,0,0,0,0,0,0,0,6,8,0,,,,2025-08-11 03:05:00
G000551005001610010,G000551005001710010,,2025-08-11 03:10:00,6,3,0,0,0,0,1,0,1,0,1,0,0,0,0,0,0,3,3,0,,,,2025-08-11 03:10:00
G000551005001610010,G000551005001710010,,2025-08-11 03:15:00,10,5,0,0,0,1,3,1,0,0,0,0,0,0,0,0,0,5,5,0,,,,2025-08-11 03:15:00
G000551005001610010,G000551005001710010,,2025-08-11 03:20:00,12,8,0,0,0,1,3,0,0,0,0,0,0,0,0,0,0,8,4,0,,,,2025-08-11 03:20:00
G000551005001610010,G000551005001710010,,2025-08-11 03:25:00,9,6,0,0,0,3,0,0,0,0,0,0,0,0,0,0,0,6,3,0,,,,2025-08-11 03:25:00
G000551005001610010,G000551005001710010,,2025-08-11 03:30:00,8,6,0,0,0,1,1,0,0,0,0,0,0,0,0,0,0,6,2,0,,,,2025-08-11 03:30:00
G000551005001610010,G000551005001710010,,2025-08-11 03:35:00,13,5,0,0,0,1,4,3,0,0,0,0,0,0,0,0,0,5,8,0,,,,2025-08-11 03:35:00
G000551005001610010,G000551005001710010,,2025-08-11 03:40:00,9,3,0,0,0,3,1,2,0,0,0,0,0,0,0,0,0,3,6,0,,,,2025-08-11 03:40:00
G000551005001610010,G000551005001710010,,2025-08-11 03:45:00,14,7,0,0,0,2,5,0,0,0,0,0,0,0,0,0,0,7,7,0,,,,2025-08-11 03:45:00
G000551005001610010,G000551005001710010,,2025-08-11 03:50:00,15,5,0,0,0,3,4,2,1,0,0,0,0,0,0,0,0,5,10,0,,,,2025-08-11 03:50:00
G000551005001610010,G000551005001710010,,2025-08-11 03:55:00,13,7,0,0,0,0,4,2,0,0,0,0,0,0,0,0,0,7,6,0,,,,2025-08-11 03:55:00
G000551005001710010,G000551005001810010,,2025-08-11 03:00:00,10,3,0,0,0,1,5,1,0,0,0,0,0,0,0,0,0,3,7,0,,,,2025-08-11 03:00:00
G000551005001710010,G000551005001810010,,2025-08-11 03:05:00,11,7,0,0,0,1,2,1,0,0,0,0,0,0,0,0,0,7,4,0,,,,2025-08-11 03:05:00
G000551005001710010,G000551005001810010,,2025-08-11 03:10:00,8,3,0,0,0,0,2,1,1,0,1,0,0,0,0,0,0,3,5,0,,,,2025-08-11 03:10:00
G000551005001710010,G000551005001810010,,2025-08-11 03:15:00,9,3,0,0,0,1,4,0,1,0,0,0,0,0,0,0,0,3,6,0,,,,2025-08-11 03:15:00
G000551005001710010,G000551005001810010,,2025-08-11 03:20:00,12,9,0,0,0,1,1,1,0,0,0,0,0,0,0,0,0,9,3,0,,,,2025-08-11 03:20:00
G000551005001710010,G000551005001810010,,2025-08-11 03:25:00,9,4,0,0,0,3,2,0,0,0,0,0,0,0,0,0,0,4,5,0,,,,2025-08-11 03:25:00
G000551005001710010,G000551005001810010,,2025-08-11 03:30:00,9,7,0,0,0,1,1,0,0,0,0,0,0,0,0,0,0,7,2,0,,,,2025-08-11 03:30:00
G000551005001710010,G000551005001810010,,2025-08-11 03:35:00,11,7,0,0,0,1,1,2,0,0,0,0,0,0,0,0,0,7,4,0,,,,2025-08-11 03:35:00
G000551005001710010,G000551005001810010,,2025-08-11 03:40:00,11,4,0,0,0,1,4,2,0,0,0,0,0,0,0,0,0,4,7,0,,,,2025-08-11 03:40:00
G000551005001710010,G000551005001810010,,2025-08-11 03:45:00,13,6,0,0,0,4,2,1,0,0,0,0,0,0,0,0,0,6,7,0,,,,2025-08-11 03:45:00
G000551005001710010,G000551005001810010,,2025-08-11 03:50:00,15,5,0,0,0,3,4,2,1,0,0,0,0,0,0,0,0,5,10,0,,,,2025-08-11 03:50:00
G000551005001710010,G000551005001810010,,2025-08-11 03:55:00,12,6,0,0,0,0,4,2,0,0,0,0,0,0,0,0,0,6,6,0,,,,2025-08-11 03:55:00
G000551005001720010,G000551005001620010,,2025-08-11 03:00:00,7,1,0,0,0,3,2,0,0,0,1,0,0,0,0,0,0,1,6,0,,,,2025-08-11 03:00:00
G000551005001720010,G000551005001620010,,2025-08-11 03:05:00,9,7,0,0,0,1,1,0,0,0,0,0,0,0,0,0,0,7,2,0,,,,2025-08-11 03:05:00
G000551005001720010,G000551005001620010,,2025-08-11 03:10:00,9,4,0,0,0,1,2,1,0,0,1,0,0,0,0,0,0,4,5,0,,,,2025-08-11 03:10:00
G000551005001720010,G000551005001620010,,2025-08-11 03:15:00,7,5,0,0,0,1,1,0,0,0,0,0,0,0,0,0,0,5,2,0,,,,2025-08-11 03:15:00
G000551005001720010,G000551005001620010,,2025-08-11 03:20:00,8,4,0,0,0,1,2,0,1,0,0,0,0,0,0,0,0,4,4,0,,,,2025-08-11 03:20:00
G000551005001720010,G000551005001620010,,2025-08-11 03:25:00,9,7,0,0,0,2,0,0,0,0,0,0,0,0,0,0,0,7,2,0,,,,2025-08-11 03:25:00
G000551005001720010,G000551005001620010,,2025-08-11 03:30:00,5,2,0,0,0,2,1,0,0,0,0,0,0,0,0,0,0,2,3,0,,,,2025-08-11 03:30:00
G000551005001720010,G000551005001620010,,2025-08-11 03:35:00,5,3,0,0,0,1,0,1,0,0,0,0,0,0,0,0,0,3,2,0,,,,2025-08-11 03:35:00
G000551005001720010,G000551005001620010,,2025-08-11 03:40:00,9,6,0,0,0,0,2,1,0,0,0,0,0,0,0,0,0,6,3,0,,,,2025-08-11 03:40:00
G000551005001720010,G000551005001620010,,2025-08-11 03:45:00,4,1,0,0,0,2,1,0,0,0,0,0,0,0,0,0,0,1,3,0,,,,2025-08-11 03:45:00
G000551005001720010,G000551005001620010,,2025-08-11 03:50:00,5,2,0,0,0,1,1,1,0,0,0,0,0,0,0,0,0,2,3,0,,,,2025-08-11 03:50:00
G000551005001720010,G000551005001620010,,2025-08-11 03:55:00,4,1,0,0,0,1,1,1,0,0,0,0,0,0,0,0,0,1,3,0,,,,2025-08-11 03:55:00
G000551005001810010,G000551005001910010,,2025-08-11 03:00:00,7,4,0,0,0,1,1,0,0,0,1,0,0,0,0,0,0,4,3,0,,,,2025-08-11 03:00:00
G000551005001810010,G000551005001910010,,2025-08-11 03:05:00,8,3,0,0,0,1,2,1,0,0,1,0,0,0,0,0,0,3,5,0,,,,2025-08-11 03:05:00
G000551005001810010,G000551005001910010,,2025-08-11 03:10:00,9,4,0,0,0,0,4,1,0,0,0,0,0,0,0,0,0,4,5,0,,,,2025-08-11 03:10:00
G000551005001810010,G000551005001910010,,2025-08-11 03:15:00,10,3,0,0,0,1,3,2,1,0,0,0,0,0,0,0,0,3,7,0,,,,2025-08-11 03:15:00
G000551005001810010,G000551005001910010,,2025-08-11 03:20:00,6,3,0,0,0,0,1,0,1,0,1,0,0,0,0,0,0,3,3,0,,,,2025-08-11 03:20:00
G000551005001810010,G000551005001910010,,2025-08-11 03:25:00,15,9,0,0,0,2,4,0,0,0,0,0,0,0,0,0,0,9,6,0,,,,2025-08-11 03:25:00
G000551005001810010,G000551005001910010,,2025-08-11 03:30:00,5,3,0,0,0,0,2,0,0,0,0,0,0,0,0,0,0,3,2,0,,,,2025-08-11 03:30:00
G000551005001810010,G000551005001910010,,2025-08-11 03:35:00,8,5,0,0,0,3,0,0,0,0,0,0,0,0,0,0,0,5,3,0,,,,2025-08-11 03:35:00
G000551005001810010,G000551005001910010,,2025-08-11 03:40:00,9,5,0,0,0,2,1,1,0,0,0,0,0,0,0,0,0,5,4,0,,,,2025-08-11 03:40:00
G000551005001810010,G000551005001910010,,2025-08-11 03:45:00,9,3,0,0,0,0,4,2,0,0,0,0,0,0,0,0,0,3,6,0,,,,2025-08-11 03:45:00
G000551005001810010,G000551005001910010,,2025-08-11 03:50:00,14,6,0,0,0,4,2,2,0,0,0,0,0,0,0,0,0,6,8,0,,,,2025-08-11 03:50:00
G000551005001810010,G000551005001910010,,2025-08-11 03:55:00,13,5,0,0,0,2,4,1,1,0,0,0,0,0,0,0,0,5,8,0,,,,2025-08-11 03:55:00
G000551005001820010,G000551005001720010,,2025-08-11 03:00:00,11,6,0,0,0,1,3,1,0,0,0,0,0,0,0,0,0,6,5,0,,,,2025-08-11 03:00:00
G000551005001820010,G000551005001720010,,2025-08-11 03:05:00,5,3,0,0,0,1,0,0,0,0,1,0,0,0,0,0,0,3,2,0,,,,2025-08-11 03:05:00
G000551005001820010,G000551005001720010,,2025-08-11 03:10:00,8,4,0,0,0,1,2,0,1,0,0,0,0,0,0,0,0,4,4,0,,,,2025-08-11 03:10:00
G000551005001820010,G000551005001720010,,2025-08-11 03:15:00,8,4,0,0,0,2,2,0,0,0,0,0,0,0,0,0,0,4,4,0,,,,2025-08-11 03:15:00
G000551005001820010,G000551005001720010,,2025-08-11 03:20:00,6,4,0,0,0,2,0,0,0,0,0,0,0,0,0,0,0,4,2,0,,,,2025-08-11 03:20:00
G000551005001820010,G000551005001720010,,2025-08-11 03:25:00,3,2,0,0,0,0,1,0,0,0,0,0,0,0,0,0,0,2,1,0,,,,2025-08-11 03:25:00
G000551005001820010,G000551005001720010,,2025-08-11 03:30:00,8,3,0,0,0,1,2,2,0,0,0,0,0,0,0,0,0,3,5,0,,,,2025-08-11 03:30:00
G000551005001820010,G000551005001720010,,2025-08-11 03:35:00,5,5,0,0,0,0,0,0,0,0,0,0,0,0,0,0,0,5,0,0,,,,2025-08-11 03:35:00
G000551005001820010,G000551005001720010,,2025-08-11 03:40:00,4,1,0,0,0,2,1,0,0,0,0,0,0,0,0,0,0,1,3,0,,,,2025-08-11 03:40:00
G000551005001820010,G000551005001720010,,2025-08-11 03:45:00,7,2,0,0,0,1,1,2,0,0,1,0,0,0,0,0,0,2,5,0,,,,2025-08-11 03:45:00
G000551005001820010,G000551005001720010,,2025-08-11 03:50:00,4,2,0,0,0,1,1,0,0,0,0,0,0,0,0,0,0,2,2,0,,,,2025-08-11 03:50:00
G000551005001820010,G000551005001720010,,2025-08-11 03:55:00,5,4,0,0,0,0,1,0,0,0,0,0,0,0,0,0,0,4,1,0,,,,2025-08-11 03:55:00
G000551005001910010,G000551005002010010,,2025-08-11 03:00:00,10,8,0,0,0,0,2,0,0,0,0,0,0,0,0,0,0,8,2,0,,,,2025-08-11 03:00:00
G000551005001910010,G000551005002010010,,2025-08-11 03:05:00,7,3,0,0,0,1,1,1,0,0,1,0,0,0,0,0,0,3,4,0,,,,2025-08-11 03:05:00
G000551005001910010,G000551005002010010,,2025-08-11 03:10:00,10,2,0,0,0,1,5,1,0,0,1,0,0,0,0,0,0,2,8,0,,,,2025-08-11 03:10:00
G000551005001910010,G000551005002010010,,2025-08-11 03:15:00,8,4,0,0,0,1,2,1,0,0,0,0,0,0,0,0,0,4,4,0,,,,2025-08-11 03:15:00
G000551005001910010,G000551005002010010,,2025-08-11 03:20:00,8,3,0,0,0,0,2,1,1,0,1,0,0,0,0,0,0,3,5,0,,,,2025-08-11 03:20:00
G000551005001910010,G000551005002010010,,2025-08-11 03:25:00,12,6,0,0,0,1,4,0,1,0,0,0,0,0,0,0,0,6,6,0,,,,2025-08-11 03:25:00
G000551005001910010,G000551005002010010,,2025-08-11 03:30:00,7,6,0,0,0,0,1,0,0,0,0,0,0,0,0,0,0,6,1,0,,,,2025-08-11 03:30:00
G000551005001910010,G000551005002010010,,2025-08-11 03:35:00,9,5,0,0,0,2,2,0,0,0,0,0,0,0,0,0,0,5,4,0,,,,2025-08-11 03:35:00
G000551005001910010,G000551005002010010,,2025-08-11 03:40:00,7,5,0,0,0,2,0,0,0,0,0,0,0,0,0,0,0,5,2,0,,,,2025-08-11 03:40:00
G000551005001910010,G000551005002010010,,2025-08-11 03:45:00,7,3,0,0,0,1,1,2,0,0,0,0,0,0,0,0,0,3,4,0,,,,2025-08-11 03:45:00
G000551005001910010,G000551005002010010,,2025-08-11 03:50:00,9,3,0,0,0,1,4,1,0,0,0,0,0,0,0,0,0,3,6,0,,,,2025-08-11 03:50:00
G000551005001910010,G000551005002010010,,2025-08-11 03:55:00,15,8,0,0,0,3,2,2,0,0,0,0,0,0,0,0,0,8,7,0,,,,2025-08-11 03:55:00
G000551005001920010,G000551005001820010,,2025-08-11 03:00:00,10,5,0,0,0,1,3,0,0,0,1,0,0,0,0,0,0,5,5,0,,,,2025-08-11 03:00:00
G000551005001920010,G000551005001820010,,2025-08-11 03:05:00,4,3,0,0,0,0,1,0,0,0,0,0,0,0,0,0,0,3,1,0,,,,2025-08-11 03:05:00
G000551005001920010,G000551005001820010,,2025-08-11 03:10:00,8,3,0,0,0,1,3,0,1,0,0,0,0,0,0,0,0,3,5,0,,,,2025-08-11 03:10:00
G000551005001920010,G000551005001820010,,2025-08-11 03:15:00,8,6,0,0,0,2,0,0,0,0,0,0,0,0,0,0,0,6,2,0,,,,2025-08-11 03:15:00
G000551005001920010,G000551005001820010,,2025-08-11 03:20:00,6,3,0,0,0,2,1,0,0,0,0,0,0,0,0,0,0,3,3,0,,,,2025-08-11 03:20:00
G000551005001920010,G000551005001820010,,2025-08-11 03:25:00,5,3,0,0,0,1,0,1,0,0,0,0,0,0,0,0,0,3,2,0,,,,2025-08-11 03:25:00
G000551005001920010,G000551005001820010,,2025-08-11 03:30:00,4,1,0,0,0,0,2,1,0,0,0,0,0,0,0,0,0,1,3,0,,,,2025-08-11 03:30:00
G000551005001920010,G000551005001820010,,2025-08-11 03:35:00,7,5,0,0,0,1,1,0,0,0,0,0,0,0,0,0,0,5,2,0,,,,2025-08-11 03:35:00
G000551005001920010,G000551005001820010,,2025-08-11 03:40:00,7,2,0,0,0,1,1,2,0,0,1,0,0,0,0,0,0,2,5,0,,,,2025-08-11 03:40:00
G000551005001920010,G000551005001820010,,2025-08-11 03:45:00,4,0,0,0,0,2,2,0,0,0,0,0,0,0,0,0,0,0,4,0,,,,2025-08-11 03:45:00
G000551005001920010,G000551005001820010,,2025-08-11 03:50:00,4,3,0,0,0,0,1,0,0,0,0,0,0,0,0,0,0,3,1,0,,,,2025-08-11 03:50:00
G000551005001920010,G000551005001820010,,2025-08-11 03:55:00,6,5,0,0,0,1,0,0,0,0,0,0,0,0,0,0,0,5,1,0,,,,2025-08-11 03:55:00
G000551005002010010,G000551006000110010,,2025-08-11 03:00:00,12,8,0,0,0,0,3,0,1,0,0,0,0,0,0,0,0,8,4,0,,,,2025-08-11 03:00:00
G000551005002010010,G000551006000110010,,2025-08-11 03:05:00,8,4,0,0,0,1,2,0,0,0,1,0,0,0,0,0,0,4,4,0,,,,2025-08-11 03:05:00
G000551005002010010,G000551006000110010,,2025-08-11 03:10:00,7,1,0,0,0,2,2,1,0,0,1,0,0,0,0,0,0,1,6,0,,,,2025-08-11 03:10:00
G000551005002010010,G000551006000110010,,2025-08-11 03:15:00,9,4,0,0,0,0,4,1,0,0,0,0,0,0,0,0,0,4,5,0,,,,2025-08-11 03:15:00
G000551005002010010,G000551006000110010,,2025-08-11 03:20:00,10,3,0,0,0,1,3,2,1,0,0,0,0,0,0,0,0,3,7,0,,,,2025-08-11 03:20:00
G000551005002010010,G000551006000110010,,2025-08-11 03:25:00,7,4,0,0,0,0,1,0,1,0,1,0,0,0,0,0,0,4,3,0,,,,2025-08-11 03:25:00
G000551005002010010,G000551006000110010,,2025-08-11 03:30:00,15,10,0,0,0,1,4,0,0,0,0,0,0,0,0,0,0,10,5,0,,,,2025-08-11 03:30:00
G000551005002010010,G000551006000110010,,2025-08-11 03:35:00,4,2,0,0,0,0,2,0,0,0,0,0,0,0,0,0,0,2,2,0,,,,2025-08-11 03:35:00
G000551005002010010,G000551006000110010,,2025-08-11 03:40:00,9,7,0,0,0,2,0,0,0,0,0,0,0,0,0,0,0,7,2,0,,,,2025-08-11 03:40:00
G000551005002010010,G000551006000110010,,2025-08-11 03:45:00,8,4,0,0,0,3,0,1,0,0,0,0,0,0,0,0,0,4,4,0,,,,2025-08-11 03:45:00
G000551005002010010,G000551006000110010,,2025-08-11 03:50:00,10,4,0,0,0,0,4,2,0,0,0,0,0,0,0,0,0,4,6,0,,,,2025-08-11 03:50:00
G000551005002010010,G000551006000110010,,2025-08-11 03:55:00,15,9,0,0,0,3,1,2,0,0,0,0,0,0,0,0,0,9,6,0,,,,2025-08-11 03:55:00
G000551005002020010,G000551005001920010,,2025-08-11 03:00:00,5,4,0,0,0,0,0,0,0,0,1,0,0,0,0,0,0,4,1,0,,,,2025-08-11 03:00:00
G000551005002020010,G000551005001920010,,2025-08-11 03:05:00,8,5,0,0,0,0,2,0,1,0,0,0,0,0,0,0,0,5,3,0,,,,2025-08-11 03:05:00
G000551005002020010,G000551005001920010,,2025-08-11 03:10:00,6,3,0,0,0,2,1,0,0,0,0,0,0,0,0,0,0,3,3,0,,,,2025-08-11 03:10:00
G000551005002020010,G000551005001920010,,2025-08-11 03:15:00,7,5,0,0,0,2,0,0,0,0,0,0,0,0,0,0,0,5,2,0,,,,2025-08-11 03:15:00
G000551005002020010,G000551005001920010,,2025-08-11 03:20:00,3,2,0,0,0,0,1,0,0,0,0,0,0,0,0,0,0,2,1,0,,,,2025-08-11 03:20:00
G000551005002020010,G000551005001920010,,2025-08-11 03:25:00,9,4,0,0,0,1,2,2,0,0,0,0,0,0,0,0,0,4,5,0,,,,2025-08-11 03:25:00
G000551005002020010,G000551005001920010,,2025-08-11 03:30:00,5,4,0,0,0,1,0,0,0,0,0,0,0,0,0,0,0,4,1,0,,,,2025-08-11 03:30:00
G000551005002020010,G000551005001920010,,2025-08-11 03:35:00,7,2,0,0,0,2,2,0,0,0,1,0,0,0,0,0,0,2,5,0,,,,2025-08-11 03:35:00
G000551005002020010,G000551005001920010,,2025-08-11 03:40:00,6,2,0,0,0,2,0,2,0,0,0,0,0,0,0,0,0,2,4,0,,,,2025-08-11 03:40:00
G000551005002020010,G000551005001920010,,2025-08-11 03:45:00,3,0,0,0,0,1,2,0,0,0,0,0,0,0,0,0,0,0,3,0,,,,2025-08-11 03:45:00
G000551005002020010,G000551005001920010,,2025-08-11 03:50:00,4,3,0,0,0,0,1,0,0,0,0,0,0,0,0,0,0,3,1,0,,,,2025-08-11 03:50:00
G000551005002020010,G000551005001920010,,2025-08-11 03:55:00,6,5,0,0,0,0,1,0,0,0,0,0,0,0,0,0,0,5,1,0,,,,2025-08-11 03:55:00
G000551005003710010,G000551005000210010,,2025-08-11 03:00:00,27,13,0,0,0,5,3,3,1,1,1,0,0,0,0,0,0,13,14,0,,,,2025-08-11 03:00:00
G000551005003710010,G000551005000210010,,2025-08-11 03:05:00,24,9,0,0,0,5,8,2,0,0,0,0,0,0,0,0,0,9,15,0,,,,2025-08-11 03:05:00
G000551005003710010,G000551005000210010,,2025-08-11 03:10:00,25,13,0,0,0,5,2,5,0,0,0,0,0,0,0,0,0,13,12,0,,,,2025-08-11 03:10:00
G000551005003710010,G000551005000210010,,2025-08-11 03:15:00,28,17,0,0,0,6,0,2,1,1,1,0,0,0,0,0,0,17,11,0,,,,2025-08-11 03:15:00
G000551005003710010,G000551005000210010,,2025-08-11 03:20:00,29,16,0,0,0,8,3,2,0,0,0,0,0,0,0,0,0,16,13,0,,,,2025-08-11 03:20:00
G000551005003710010,G000551005000210010,,2025-08-11 03:25:00,24,16,0,0,0,3,4,0,1,0,0,0,0,0,0,0,0,16,8,0,,,,2025-08-11 03:25:00
G000551005003710010,G000551005000210010,,2025-08-11 03:30:00,20,4,0,0,0,3,5,6,1,0,1,0,0,0,0,0,0,4,16,0,,,,2025-08-11 03:30:00
G000551005003710010,G000551005000210010,,2025-08-11 03:35:00,22,10,0,0,0,7,4,1,0,0,0,0,0,0,0,0,0,10,12,0,,,,2025-08-11 03:35:00
G000551005003710010,G000551005000210010,,2025-08-11 03:40:00,21,9,0,0,0,6,3,3,0,0,0,0,0,0,0,0,0,9,12,0,,,,2025-08-11 03:40:00
G000551005003710010,G000551005000210010,,2025-08-11 03:45:00,30,11,0,0,0,11,4,3,0,0,1,0,0,0,0,0,0,11,19,0,,,,2025-08-11 03:45:00
G000551005003710010,G000551005000210010,,2025-08-11 03:50:00,21,6,0,0,0,6,5,3,0,1,0,0,0,0,0,0,0,6,15,0,,,,2025-08-11 03:50:00
G000551005003710010,G000551005000210010,,2025-08-11 03:55:00,28,11,0,0,0,3,9,3,1,0,1,0,0,0,0,0,0,11,17,0,,,,2025-08-11 03:55:00
G000551006000110010,G000551006000210010,,2025-08-11 03:05:00,5,3,0,0,0,0,2,0,0,0,0,0,0,0,0,0,0,3,2,0,,,,2025-08-11 03:05:00
G000551006000110010,G000551006000210010,,2025-08-11 03:10:00,3,1,0,0,0,0,1,0,0,0,1,0,0,0,0,0,0,1,2,0,,,,2025-08-11 03:10:00
G000551006000110010,G000551006000210010,,2025-08-11 03:15:00,8,1,0,0,0,2,2,2,0,0,1,0,0,0,0,0,0,1,7,0,,,,2025-08-11 03:15:00
G000551006000110010,G000551006000210010,,2025-08-11 03:25:00,7,1,0,0,0,1,3,1,1,0,0,0,0,0,0,0,0,1,6,0,,,,2025-08-11 03:25:00
G000551006000110010,G000551006000210010,,2025-08-11 03:30:00,6,3,0,0,0,1,1,0,0,0,1,0,0,0,0,0,0,3,3,0,,,,2025-08-11 03:30:00
G000551006000110010,G000551006000210010,,2025-08-11 03:40:00,7,4,0,0,0,1,2,0,0,0,0,0,0,0,0,0,0,4,3,0,,,,2025-08-11 03:40:00
G000551006000210010,G000551006000310010,,2025-08-11 03:05:00,2,1,0,0,0,0,1,0,0,0,0,0,0,0,0,0,0,1,1,0,,,,2025-08-11 03:05:00
G000551006000210010,G000551006000310010,,2025-08-11 03:10:00,2,0,0,0,0,0,1,0,0,0,1,0,0,0,0,0,0,0,2,0,,,,2025-08-11 03:10:00
G000551006000210010,G000551006000310010,,2025-08-11 03:40:00,1,0,0,0,0,1,0,0,0,0,0,0,0,0,0,0,0,0,1,0,,,,2025-08-11 03:40:00
G000551006000310010,G000551006000410010,,2025-08-11 03:00:00,7,3,0,0,0,1,2,1,0,0,0,0,0,0,0,0,0,3,4,0,,,,2025-08-11 03:00:00
G000551006000310010,G000551006000410010,,2025-08-11 03:05:00,7,1,0,0,0,1,4,0,1,0,0,0,0,0,0,0,0,1,6,0,,,,2025-08-11 03:05:00
G000551006000310010,G000551006000410010,,2025-08-11 03:10:00,3,0,0,0,0,0,2,0,1,0,0,0,0,0,0,0,0,0,3,0,,,,2025-08-11 03:10:00
G000551006000310010,G000551006000410010,,2025-08-11 03:15:00,1,0,0,0,0,1,0,0,0,0,0,0,0,0,0,0,0,0,1,0,,,,2025-08-11 03:15:00
G000551006000310010,G000551006000410010,,2025-08-11 03:20:00,4,2,0,0,0,0,2,0,0,0,0,0,0,0,0,0,0,2,2,0,,,,2025-08-11 03:20:00
G000551006000310010,G000551006000410010,,2025-08-11 03:25:00,8,2,0,0,0,1,3,1,1,0,0,0,0,0,0,0,0,2,6,0,,,,2025-08-11 03:25:00
G000551006000310010,G000551006000410010,,2025-08-11 03:30:00,2,1,0,0,0,0,1,0,0,0,0,0,0,0,0,0,0,1,1,0,,,,2025-08-11 03:30:00
G000551006000310010,G000551006000410010,,2025-08-11 03:35:00,1,0,0,0,0,0,1,0,0,0,0,0,0,0,0,0,0,0,1,0,,,,2025-08-11 03:35:00
G000551006000310010,G000551006000410010,,2025-08-11 03:40:00,7,2,0,0,0,2,3,0,0,0,0,0,0,0,0,0,0,2,5,0,,,,2025-08-11 03:40:00
G000551006000310010,G000551006000410010,,2025-08-11 03:45:00,3,0,0,0,0,1,1,1,0,0,0,0,0,0,0,0,0,0,3,0,,,,2025-08-11 03:45:00
G000551006000310010,G000551006000410010,,2025-08-11 03:50:00,8,3,0,0,0,2,3,0,0,0,0,0,0,0,0,0,0,3,5,0,,,,2025-08-11 03:50:00
G000551006000310010,G000551006000410010,,2025-08-11 03:55:00,5,3,0,0,0,1,1,0,0,0,0,0,0,0,0,0,0,3,2,0,,,,2025-08-11 03:55:00
G000551006000320010,G000551006000220010,,2025-08-11 03:00:00,4,0,0,0,0,0,2,2,0,0,0,0,0,0,0,0,0,0,4,0,,,,2025-08-11 03:00:00
G000551006000320010,G000551006000220010,,2025-08-11 03:05:00,4,3,0,0,0,0,0,1,0,0,0,0,0,0,0,0,0,3,1,0,,,,2025-08-11 03:05:00
G000551006000320010,G000551006000220010,,2025-08-11 03:10:00,3,2,0,0,0,1,0,0,0,0,0,0,0,0,0,0,0,2,1,0,,,,2025-08-11 03:10:00
G000551006000320010,G000551006000220010,,2025-08-11 03:15:00,6,3,0,0,0,2,1,0,0,0,0,0,0,0,0,0,0,3,3,0,,,,2025-08-11 03:15:00
G000551006000320010,G000551006000220010,,2025-08-11 03:20:00,2,0,0,0,0,0,2,0,0,0,0,0,0,0,0,0,0,0,2,0,,,,2025-08-11 03:20:00
G000551006000320010,G000551006000220010,,2025-08-11 03:25:00,5,2,0,0,0,2,1,0,0,0,0,0,0,0,0,0,0,2,3,0,,,,2025-08-11 03:25:00
G000551006000320010,G000551006000220010,,2025-08-11 03:30:00,1,1,0,0,0,0,0,0,0,0,0,0,0,0,0,0,0,1,0,0,,,,2025-08-11 03:30:00
G000551006000320010,G000551006000220010,,2025-08-11 03:35:00,5,4,0,0,0,1,0,0,0,0,0,0,0,0,0,0,0,4,1,0,,,,2025-08-11 03:35:00
G000551006000320010,G000551006000220010,,2025-08-11 03:40:00,10,5,0,0,0,2,2,0,1,0,0,0,0,0,0,0,0,5,5,0,,,,2025-08-11 03:40:00
G000551006000320010,G000551006000220010,,2025-08-11 03:45:00,6,5,0,0,0,0,1,0,0,0,0,0,0,0,0,0,0,5,1,0,,,,2025-08-11 03:45:00
G000551006000320010,G000551006000220010,,2025-08-11 03:50:00,6,4,0,0,0,1,0,1,0,0,0,0,0,0,0,0,0,4,2,0,,,,2025-08-11 03:50:00
G000551006000320010,G000551006000220010,,2025-08-11 03:55:00,6,4,0,0,0,0,2,0,0,0,0,0,0,0,0,0,0,4,2,0,,,,2025-08-11 03:55:00
G000551006000410010,G000551006000510010,,2025-08-11 03:00:00,6,3,0,0,0,0,3,0,0,0,0,0,0,0,0,0,0,3,3,0,,,,2025-08-11 03:00:00
G000551006000410010,G000551006000510010,,2025-08-11 03:05:00,4,3,0,0,0,0,0,1,0,0,0,0,0,0,0,0,0,3,1,0,,,,2025-08-11 03:05:00
G000551006000410010,G000551006000510010,,2025-08-11 03:10:00,8,2,0,0,0,3,3,0,0,0,0,0,0,0,0,0,0,2,6,0,,,,2025-08-11 03:10:00
G000551006000410010,G000551006000510010,,2025-08-11 03:15:00,5,1,0,0,0,1,3,0,0,0,0,0,0,0,0,0,0,1,4,0,,,,2025-08-11 03:15:00
G000551006000410010,G000551006000510010,,2025-08-11 03:20:00,3,1,0,0,0,1,1,0,0,0,0,0,0,0,0,0,0,1,2,0,,,,2025-08-11 03:20:00
G000551006000410010,G000551006000510010,,2025-08-11 03:30:00,6,2,0,0,0,1,2,0,1,0,0,0,0,0,0,0,0,2,4,0,,,,2025-08-11 03:30:00
G000551006000410010,G000551006000510010,,2025-08-11 03:35:00,6,2,0,0,0,0,3,1,0,0,0,0,0,0,0,0,0,2,4,0,,,,2025-08-11 03:35:00
G000551006000410010,G000551006000510010,,2025-08-11 03:40:00,2,1,0,0,0,0,1,0,0,0,0,0,0,0,0,0,0,1,1,0,,,,2025-08-11 03:40:00
G000551006000410010,G000551006000510010,,2025-08-11 03:45:00,1,0,0,0,0,0,1,0,0,0,0,0,0,0,0,0,0,0,1,0,,,,2025-08-11 03:45:00
G000551006000410010,G000551006000510010,,2025-08-11 03:50:00,3,1,0,0,0,0,1,1,0,0,0,0,0,0,0,0,0,1,2,0,,,,2025-08-11 03:50:00
G000551006000410010,G000551006000510010,,2025-08-11 03:55:00,3,0,0,0,0,1,2,0,0,0,0,0,0,0,0,0,0,0,3,0,,,,2025-08-11 03:55:00
G000551006000420010,G000551006000320010,,2025-08-11 03:00:00,4,2,0,0,0,1,0,1,0,0,0,0,0,0,0,0,0,2,2,0,,,,2025-08-11 03:00:00
G000551006000420010,G000551006000320010,,2025-08-11 03:05:00,3,1,0,0,0,1,1,0,0,0,0,0,0,0,0,0,0,1,2,0,,,,2025-08-11 03:05:00
G000551006000420010,G000551006000320010,,2025-08-11 03:10:00,4,1,0,0,0,1,2,0,0,0,0,0,0,0,0,0,0,1,3,0,,,,2025-08-11 03:10:00
G000551006000420010,G000551006000320010,,2025-08-11 03:15:00,2,2,0,0,0,0,0,0,0,0,0,0,0,0,0,0,0,2,0,0,,,,2025-08-11 03:15:00
G000551006000420010,G000551006000320010,,2025-08-11 03:20:00,4,2,0,0,0,2,0,0,0,0,0,0,0,0,0,0,0,2,2,0,,,,2025-08-11 03:20:00
G000551006000420010,G000551006000320010,,2025-08-11 03:25:00,5,3,0,0,0,2,0,0,0,0,0,0,0,0,0,0,0,3,2,0,,,,2025-08-11 03:25:00
G000551006000420010,G000551006000320010,,2025-08-11 03:30:00,5,1,0,0,0,1,2,0,1,0,0,0,0,0,0,0,0,1,4,0,,,,2025-08-11 03:30:00
G000551006000420010,G000551006000320010,,2025-08-11 03:35:00,12,11,0,0,0,0,0,1,0,0,0,0,0,0,0,0,0,11,1,0,,,,2025-08-11 03:35:00
G000551006000420010,G000551006000320010,,2025-08-11 03:40:00,11,7,0,0,0,1,2,0,1,0,0,0,0,0,0,0,0,7,4,0,,,,2025-08-11 03:40:00
G000551006000420010,G000551006000320010,,2025-08-11 03:45:00,6,4,0,0,0,0,2,0,0,0,0,0,0,0,0,0,0,4,2,0,,,,2025-08-11 03:45:00
G000551006000420010,G000551006000320010,,2025-08-11 03:50:00,3,2,0,0,0,0,1,0,0,0,0,0,0,0,0,0,0,2,1,0,,,,2025-08-11 03:50:00
G000551006000420010,G000551006000320010,,2025-08-11 03:55:00,6,4,0,0,0,0,0,2,0,0,0,0,0,0,0,0,0,4,2,0,,,,2025-08-11 03:55:00
G000551006000510010,G000551006000610010,,2025-08-11 03:00:00,3,2,0,0,0,0,1,0,0,0,0,0,0,0,0,0,0,2,1,0,,,,2025-08-11 03:00:00
G000551006000510010,G000551006000610010,,2025-08-11 03:05:00,5,1,0,0,0,0,3,1,0,0,0,0,0,0,0,0,0,1,4,0,,,,2025-08-11 03:05:00
G000551006000510010,G000551006000610010,,2025-08-11 03:10:00,2,2,0,0,0,0,0,0,0,0,0,0,0,0,0,0,0,2,0,0,,,,2025-08-11 03:10:00
G000551006000510010,G000551006000610010,,2025-08-11 03:15:00,3,2,0,0,0,0,1,0,0,0,0,0,0,0,0,0,0,2,1,0,,,,2025-08-11 03:15:00
G000551006000510010,G000551006000610010,,2025-08-11 03:20:00,6,2,0,0,0,0,3,1,0,0,0,0,0,0,0,0,0,2,4,0,,,,2025-08-11 03:20:00
G000551006000510010,G000551006000610010,,2025-08-11 03:30:00,6,3,0,0,0,0,3,0,0,0,0,0,0,0,0,0,0,3,3,0,,,,2025-08-11 03:30:00
G000551006000510010,G000551006000610010,,2025-08-11 03:35:00,6,3,0,0,0,2,1,0,0,0,0,0,0,0,0,0,0,3,3,0,,,,2025-08-11 03:35:00
G000551006000510010,G000551006000610010,,2025-08-11 03:45:00,8,2,0,0,0,0,4,2,0,0,0,0,0,0,0,0,0,2,6,0,,,,2025-08-11 03:45:00
G000551006000510010,G000551006000610010,,2025-08-11 03:55:00,3,2,0,0,0,0,1,0,0,0,0,0,0,0,0,0,0,2,1,0,,,,2025-08-11 03:55:00
G000551006000520010,G000551006000420010,,2025-08-11 03:00:00,5,3,0,0,0,1,0,0,1,0,0,0,0,0,0,0,0,3,2,0,,,,2025-08-11 03:00:00
G000551006000520010,G000551006000420010,,2025-08-11 03:05:00,5,4,0,0,0,0,0,1,0,0,0,0,0,0,0,0,0,4,1,0,,,,2025-08-11 03:05:00
G000551006000520010,G000551006000420010,,2025-08-11 03:10:00,17,14,0,0,0,1,2,0,0,0,0,0,0,0,0,0,0,14,3,0,,,,2025-08-11 03:10:00
G000551006000520010,G000551006000420010,,2025-08-11 03:15:00,5,2,0,0,0,0,3,0,0,0,0,0,0,0,0,0,0,2,3,0,,,,2025-08-11 03:15:00
G000551006000520010,G000551006000420010,,2025-08-11 03:20:00,7,5,0,0,0,0,0,2,0,0,0,0,0,0,0,0,0,5,2,0,,,,2025-08-11 03:20:00
G000551006000520010,G000551006000420010,,2025-08-11 03:25:00,5,2,0,0,0,1,1,1,0,0,0,0,0,0,0,0,0,2,3,0,,,,2025-08-11 03:25:00
G000551006000520010,G000551006000420010,,2025-08-11 03:30:00,5,3,0,0,0,1,0,1,0,0,0,0,0,0,0,0,0,3,2,0,,,,2025-08-11 03:30:00
G000551006000520010,G000551006000420010,,2025-08-11 03:35:00,5,3,0,0,0,1,0,1,0,0,0,0,0,0,0,0,0,3,2,0,,,,2025-08-11 03:35:00
G000551006000520010,G000551006000420010,,2025-08-11 03:40:00,2,2,0,0,0,0,0,0,0,0,0,0,0,0,0,0,0,2,0,0,,,,2025-08-11 03:40:00
G000551006000520010,G000551006000420010,,2025-08-11 03:45:00,8,5,0,0,0,1,1,1,0,0,0,0,0,0,0,0,0,5,3,0,,,,2025-08-11 03:45:00
G000551006000520010,G000551006000420010,,2025-08-11 03:50:00,5,3,0,0,0,1,0,0,0,0,1,0,0,0,0,0,0,3,2,0,,,,2025-08-11 03:50:00
G000551006000520010,G000551006000420010,,2025-08-11 03:55:00,1,1,0,0,0,0,0,0,0,0,0,0,0,0,0,0,0,1,0,0,,,,2025-08-11 03:55:00
G000551006000610010,G000551006000710010,,2025-08-11 03:00:00,6,4,0,0,0,0,1,1,0,0,0,0,0,0,0,0,0,4,2,0,,,,2025-08-11 03:00:00
G000551006000610010,G000551006000710010,,2025-08-11 03:05:00,8,5,0,0,0,0,3,0,0,0,0,0,0,0,0,0,0,5,3,0,,,,2025-08-11 03:05:00
G000551006000610010,G000551006000710010,,2025-08-11 03:10:00,2,0,0,0,0,0,2,0,0,0,0,0,0,0,0,0,0,0,2,0,,,,2025-08-11 03:10:00
G000551006000610010,G000551006000710010,,2025-08-11 03:15:00,4,2,0,0,0,0,1,0,1,0,0,0,0,0,0,0,0,2,2,0,,,,2025-08-11 03:15:00
G000551006000610010,G000551006000710010,,2025-08-11 03:20:00,4,3,0,0,0,0,1,0,0,0,0,0,0,0,0,0,0,3,1,0,,,,2025-08-11 03:20:00
G000551006000610010,G000551006000710010,,2025-08-11 03:30:00,4,2,0,0,0,0,2,0,0,0,0,0,0,0,0,0,0,2,2,0,,,,2025-08-11 03:30:00
G000551006000610010,G000551006000710010,,2025-08-11 03:35:00,3,1,0,0,0,0,2,0,0,0,0,0,0,0,0,0,0,1,2,0,,,,2025-08-11 03:35:00
G000551006000610010,G000551006000710010,,2025-08-11 03:40:00,5,2,0,0,0,1,2,0,0,0,0,0,0,0,0,0,0,2,3,0,,,,2025-08-11 03:40:00
G000551006000610010,G000551006000710010,,2025-08-11 03:45:00,2,2,0,0,0,0,0,0,0,0,0,0,0,0,0,0,0,2,0,0,,,,2025-08-11 03:45:00
G000551006000610010,G000551006000710010,,2025-08-11 03:50:00,5,3,0,0,0,1,1,0,0,0,0,0,0,0,0,0,0,3,2,0,,,,2025-08-11 03:50:00
G000551006000610010,G000551006000710010,,2025-08-11 03:55:00,7,2,0,0,0,0,5,0,0,0,0,0,0,0,0,0,0,2,5,0,,,,2025-08-11 03:55:00
G000551006000620010,G000551006000520010,,2025-08-11 03:00:00,5,2,0,0,0,0,2,0,1,0,0,0,0,0,0,0,0,2,3,0,,,,2025-08-11 03:00:00
G000551006000620010,G000551006000520010,,2025-08-11 03:05:00,3,2,0,0,0,0,0,0,1,0,0,0,0,0,0,0,0,2,1,0,,,,2025-08-11 03:05:00
G000551006000620010,G000551006000520010,,2025-08-11 03:10:00,6,5,0,0,0,0,0,1,0,0,0,0,0,0,0,0,0,5,1,0,,,,2025-08-11 03:10:00
G000551006000620010,G000551006000520010,,2025-08-11 03:15:00,7,4,0,0,0,0,2,1,0,0,0,0,0,0,0,0,0,4,3,0,,,,2025-08-11 03:15:00
G000551006000620010,G000551006000520010,,2025-08-11 03:20:00,4,3,0,0,0,1,0,0,0,0,0,0,0,0,0,0,0,3,1,0,,,,2025-08-11 03:20:00
G000551006000620010,G000551006000520010,,2025-08-11 03:25:00,4,3,0,0,0,1,0,0,0,0,0,0,0,0,0,0,0,3,1,0,,,,2025-08-11 03:25:00
G000551006000620010,G000551006000520010,,2025-08-11 03:30:00,4,3,0,0,0,0,1,0,0,0,0,0,0,0,0,0,0,3,1,0,,,,2025-08-11 03:30:00
G000551006000620010,G000551006000520010,,2025-08-11 03:35:00,7,5,0,0,0,0,1,0,0,0,1,0,0,0,0,0,0,5,2,0,,,,2025-08-11 03:35:00
G000551006000620010,G000551006000520010,,2025-08-11 03:40:00,4,4,0,0,0,0,0,0,0,0,0,0,0,0,0,0,0,4,0,0,,,,2025-08-11 03:40:00
G000551006000620010,G000551006000520010,,2025-08-11 03:45:00,11,5,0,0,0,1,3,1,0,0,1,0,0,0,0,0,0,5,6,0,,,,2025-08-11 03:45:00
G000551006000620010,G000551006000520010,,2025-08-11 03:50:00,12,6,0,0,0,0,4,2,0,0,0,0,0,0,0,0,0,6,6,0,,,,2025-08-11 03:50:00
G000551006000720010,G000551006000620010,,2025-08-11 03:00:00,8,3,0,0,0,1,4,0,0,0,0,0,0,0,0,0,0,3,5,0,,,,2025-08-11 03:00:00
G000551006000720010,G000551006000620010,,2025-08-11 03:05:00,7,3,0,0,0,0,1,2,1,0,0,0,0,0,0,0,0,3,4,0,,,,2025-08-11 03:05:00
G000551006000720010,G000551006000620010,,2025-08-11 03:10:00,7,5,0,0,0,0,1,1,0,0,0,0,0,0,0,0,0,5,2,0,,,,2025-08-11 03:10:00
G000551006000720010,G000551006000620010,,2025-08-11 03:15:00,8,8,0,0,0,0,0,0,0,0,0,0,0,0,0,0,0,8,0,0,,,,2025-08-11 03:15:00
G000551006000720010,G000551006000620010,,2025-08-11 03:20:00,4,3,0,0,0,1,0,0,0,0,0,0,0,0,0,0,0,3,1,0,,,,2025-08-11 03:20:00
G000551006000720010,G000551006000620010,,2025-08-11 03:25:00,4,3,0,0,0,0,1,0,0,0,0,0,0,0,0,0,0,3,1,0,,,,2025-08-11 03:25:00
G000551006000720010,G000551006000620010,,2025-08-11 03:30:00,8,6,0,0,0,0,2,0,0,0,0,0,0,0,0,0,0,6,2,0,,,,2025-08-11 03:30:00
G000551006000720010,G000551006000620010,,2025-08-11 03:35:00,8,6,0,0,0,0,0,1,0,0,1,0,0,0,0,0,0,6,2,0,,,,2025-08-11 03:35:00
G000551006000720010,G000551006000620010,,2025-08-11 03:40:00,8,3,0,0,0,0,3,1,0,0,1,0,0,0,0,0,0,3,5,0,,,,2025-08-11 03:40:00
G000551006000720010,G000551006000620010,,2025-08-11 03:45:00,11,6,0,0,0,1,3,1,0,0,0,0,0,0,0,0,0,6,5,0,,,,2025-08-11 03:45:00
G000551006000720010,G000551006000620010,,2025-08-11 03:50:00,3,1,0,0,0,0,1,1,0,0,0,0,0,0,0,0,0,1,2,0,,,,2025-08-11 03:50:00
G000551006000720010,G000551006000620010,,2025-08-11 03:55:00,4,2,0,0,0,0,2,0,0,0,0,0,0,0,0,0,0,2,2,0,,,,2025-08-11 03:55:00
G000551006000820010,G000551006000720010,,2025-08-11 03:00:00,3,3,0,0,0,0,0,0,0,0,0,0,0,0,0,0,0,3,0,0,,,,2025-08-11 03:00:00
G000551006000820010,G000551006000720010,,2025-08-11 03:05:00,2,2,0,0,0,0,0,0,0,0,0,0,0,0,0,0,0,2,0,0,,,,2025-08-11 03:05:00
G000551006000820010,G000551006000720010,,2025-08-11 03:15:00,5,3,0,0,0,0,0,1,0,0,1,0,0,0,0,0,0,3,2,0,,,,2025-08-11 03:15:00
G000551006000820010,G000551006000720010,,2025-08-11 03:20:00,1,1,0,0,0,0,0,0,0,0,0,0,0,0,0,0,0,1,0,0,,,,2025-08-11 03:20:00
G000551006000820010,G000551006000720010,,2025-08-11 03:25:00,5,3,0,0,0,0,1,1,0,0,0,0,0,0,0,0,0,3,2,0,,,,2025-08-11 03:25:00
G000551006000820010,G000551006000720010,,2025-08-11 03:30:00,1,1,0,0,0,0,0,0,0,0,0,0,0,0,0,0,0,1,0,0,,,,2025-08-11 03:30:00
G000551006000820010,G000551006000720010,,2025-08-11 03:35:00,5,4,0,0,0,0,1,0,0,0,0,0,0,0,0,0,0,4,1,0,,,,2025-08-11 03:35:00
G000551006000820010,G000551006000720010,,2025-08-11 03:40:00,1,1,0,0,0,0,0,0,0,0,0,0,0,0,0,0,0,1,0,0,,,,2025-08-11 03:40:00
G000551006000820010,G000551006000720010,,2025-08-11 03:45:00,5,3,0,0,0,0,2,0,0,0,0,0,0,0,0,0,0,3,2,0,,,,2025-08-11 03:45:00
G000551006000820010,G000551006000720010,,2025-08-11 03:50:00,6,3,0,0,0,1,2,0,0,0,0,0,0,0,0,0,0,3,3,0,,,,2025-08-11 03:50:00
G000551006000910010,G000551006001010010,,2025-08-11 03:05:00,1,1,0,0,0,0,0,0,0,0,0,0,0,0,0,0,0,1,0,0,,,,2025-08-11 03:05:00
G000551006000910010,G000551006001010010,,2025-08-11 03:15:00,1,1,0,0,0,0,0,0,0,0,0,0,0,0,0,0,0,1,0,0,,,,2025-08-11 03:15:00
G000551006000910010,G000551006001010010,,2025-08-11 03:20:00,1,1,0,0,0,0,0,0,0,0,0,0,0,0,0,0,0,1,0,0,,,,2025-08-11 03:20:00
G000551006000910010,G000551006001010010,,2025-08-11 03:25:00,3,3,0,0,0,0,0,0,0,0,0,0,0,0,0,0,0,3,0,0,,,,2025-08-11 03:25:00
G000551006000910010,G000551006001010010,,2025-08-11 03:30:00,3,3,0,0,0,0,0,0,0,0,0,0,0,0,0,0,0,3,0,0,,,,2025-08-11 03:30:00
G000551006000910010,G000551006001010010,,2025-08-11 03:35:00,1,1,0,0,0,0,0,0,0,0,0,0,0,0,0,0,0,1,0,0,,,,2025-08-11 03:35:00
G000551006000910010,G000551006001010010,,2025-08-11 03:45:00,2,2,0,0,0,0,0,0,0,0,0,0,0,0,0,0,0,2,0,0,,,,2025-08-11 03:45:00
G000551006001010010,G000551006001110010,,2025-08-11 03:00:00,5,4,0,0,0,1,0,0,0,0,0,0,0,0,0,0,0,4,1,0,,,,2025-08-11 03:00:00
G000551006001010010,G000551006001110010,,2025-08-11 03:05:00,10,4,0,0,0,4,1,1,0,0,0,0,0,0,0,0,0,4,6,0,,,,2025-08-11 03:05:00
G000551006001010010,G000551006001110010,,2025-08-11 03:10:00,7,4,0,0,0,0,2,1,0,0,0,0,0,0,0,0,0,4,3,0,,,,2025-08-11 03:10:00
G000551006001010010,G000551006001110010,,2025-08-11 03:15:00,5,3,0,0,0,0,1,1,0,0,0,0,0,0,0,0,0,3,2,0,,,,2025-08-11 03:15:00
G000551006001010010,G000551006001110010,,2025-08-11 03:20:00,4,1,0,0,0,0,2,1,0,0,0,0,0,0,0,0,0,1,3,0,,,,2025-08-11 03:20:00
G000551006001010010,G000551006001110010,,2025-08-11 03:25:00,5,1,0,0,0,1,1,2,0,0,0,0,0,0,0,0,0,1,4,0,,,,2025-08-11 03:25:00
G000551006001010010,G000551006001110010,,2025-08-11 03:30:00,5,4,0,0,0,1,0,0,0,0,0,0,0,0,0,0,0,4,1,0,,,,2025-08-11 03:30:00
G000551006001010010,G000551006001110010,,2025-08-11 03:35:00,2,0,0,0,0,1,1,0,0,0,0,0,0,0,0,0,0,0,2,0,,,,2025-08-11 03:35:00
G000551006001010010,G000551006001110010,,2025-08-11 03:40:00,3,1,0,0,0,1,0,1,0,0,0,0,0,0,0,0,0,1,2,0,,,,2025-08-11 03:40:00
G000551006001010010,G000551006001110010,,2025-08-11 03:45:00,2,2,0,0,0,0,0,0,0,0,0,0,0,0,0,0,0,2,0,0,,,,2025-08-11 03:45:00
G000551006001010010,G000551006001110010,,2025-08-11 03:50:00,1,1,0,0,0,0,0,0,0,0,0,0,0,0,0,0,0,1,0,0,,,,2025-08-11 03:50:00
G000551006001010010,G000551006001110010,,2025-08-11 03:55:00,3,3,0,0,0,0,0,0,0,0,0,0,0,0,0,0,0,3,0,0,,,,2025-08-11 03:55:00
G000551006001020010,G000551006000920010,,2025-08-11 03:00:00,5,1,0,0,0,1,2,0,1,0,0,0,0,0,0,0,0,1,4,0,,,,2025-08-11 03:00:00
G000551006001020010,G000551006000920010,,2025-08-11 03:05:00,5,2,0,0,0,2,1,0,0,0,0,0,0,0,0,0,0,2,3,0,,,,2025-08-11 03:05:00
G000551006001020010,G000551006000920010,,2025-08-11 03:10:00,4,2,0,0,0,0,0,1,1,0,0,0,0,0,0,0,0,2,2,0,,,,2025-08-11 03:10:00
G000551006001020010,G000551006000920010,,2025-08-11 03:15:00,6,4,0,0,0,0,0,0,1,0,1,0,0,0,0,0,0,4,2,0,,,,2025-08-11 03:15:00
G000551006001020010,G000551006000920010,,2025-08-11 03:20:00,5,2,0,0,0,1,1,1,0,0,0,0,0,0,0,0,0,2,3,0,,,,2025-08-11 03:20:00
G000551006001020010,G000551006000920010,,2025-08-11 03:25:00,10,2,0,0,0,3,1,2,1,0,1,0,0,0,0,0,0,2,8,0,,,,2025-08-11 03:25:00
G000551006001020010,G000551006000920010,,2025-08-11 03:30:00,10,5,0,0,0,1,3,0,0,0,1,0,0,0,0,0,0,5,5,0,,,,2025-08-11 03:30:00
G000551006001020010,G000551006000920010,,2025-08-11 03:35:00,9,4,0,0,0,1,3,0,1,0,0,0,0,0,0,0,0,4,5,0,,,,2025-08-11 03:35:00
G000551006001020010,G000551006000920010,,2025-08-11 03:40:00,2,0,0,0,0,0,2,0,0,0,0,0,0,0,0,0,0,0,2,0,,,,2025-08-11 03:40:00
G000551006001020010,G000551006000920010,,2025-08-11 03:45:00,4,1,0,0,0,1,0,0,1,0,1,0,0,0,0,0,0,1,3,0,,,,2025-08-11 03:45:00
G000551006001020010,G000551006000920010,,2025-08-11 03:50:00,4,4,0,0,0,0,0,0,0,0,0,0,0,0,0,0,0,4,0,0,,,,2025-08-11 03:50:00
G000551006001020010,G000551006000920010,,2025-08-11 03:55:00,3,1,0,0,0,1,1,0,0,0,0,0,0,0,0,0,0,1,2,0,,,,2025-08-11 03:55:00
G000551006001110010,G000551006001210010,,2025-08-11 03:00:00,8,5,0,0,0,1,1,1,0,0,0,0,0,0,0,0,0,5,3,0,,,,2025-08-11 03:00:00
G000551006001110010,G000551006001210010,,2025-08-11 03:05:00,4,1,0,0,0,1,2,0,0,0,0,0,0,0,0,0,0,1,3,0,,,,2025-08-11 03:05:00
G000551006001110010,G000551006001210010,,2025-08-11 03:10:00,4,3,0,0,0,0,0,0,1,0,0,0,0,0,0,0,0,3,1,0,,,,2025-08-11 03:10:00
G000551006001110010,G000551006001210010,,2025-08-11 03:15:00,7,5,0,0,0,1,1,0,0,0,0,0,0,0,0,0,0,5,2,0,,,,2025-08-11 03:15:00
G000551006001110010,G000551006001210010,,2025-08-11 03:20:00,3,1,0,0,0,1,0,1,0,0,0,0,0,0,0,0,0,1,2,0,,,,2025-08-11 03:20:00
G000551006001110010,G000551006001210010,,2025-08-11 03:25:00,8,3,0,0,0,2,1,2,0,0,0,0,0,0,0,0,0,3,5,0,,,,2025-08-11 03:25:00
G000551006001110010,G000551006001210010,,2025-08-11 03:30:00,6,4,0,0,0,0,1,1,0,0,0,0,0,0,0,0,0,4,2,0,,,,2025-08-11 03:30:00
G000551006001110010,G000551006001210010,,2025-08-11 03:35:00,3,0,0,0,0,0,2,1,0,0,0,0,0,0,0,0,0,0,3,0,,,,2025-08-11 03:35:00
G000551006001110010,G000551006001210010,,2025-08-11 03:40:00,5,2,0,0,0,1,0,2,0,0,0,0,0,0,0,0,0,2,3,0,,,,2025-08-11 03:40:00
G000551006001110010,G000551006001210010,,2025-08-11 03:45:00,5,3,0,0,0,1,0,1,0,0,0,0,0,0,0,0,0,3,2,0,,,,2025-08-11 03:45:00
G000551006001110010,G000551006001210010,,2025-08-11 03:50:00,2,1,0,0,0,0,0,1,0,0,0,0,0,0,0,0,0,1,1,0,,,,2025-08-11 03:50:00
G000551006001110010,G000551006001210010,,2025-08-11 03:55:00,4,1,0,0,0,2,0,1,0,0,0,0,0,0,0,0,0,1,3,0,,,,2025-08-11 03:55:00
G000551006001120010,G000551006001020010,,2025-08-11 03:00:00,7,5,0,0,0,0,1,1,0,0,0,0,0,0,0,0,0,5,2,0,,,,2025-08-11 03:00:00
G000551006001120010,G000551006001020010,,2025-08-11 03:05:00,7,3,0,0,0,2,0,2,0,0,0,0,0,0,0,0,0,3,4,0,,,,2025-08-11 03:05:00
G000551006001120010,G000551006001020010,,2025-08-11 03:10:00,9,1,0,0,0,2,3,0,1,0,2,0,0,0,0,0,0,1,8,0,,,,2025-08-11 03:10:00
G000551006001120010,G000551006001020010,,2025-08-11 03:15:00,11,6,0,0,0,0,4,0,1,0,0,0,0,0,0,0,0,6,5,0,,,,2025-08-11 03:15:00
G000551006001120010,G000551006001020010,,2025-08-11 03:20:00,4,3,0,0,0,0,1,0,0,0,0,0,0,0,0,0,0,3,1,0,,,,2025-08-11 03:20:00
G000551006001120010,G000551006001020010,,2025-08-11 03:25:00,3,1,0,0,0,0,1,0,0,0,1,0,0,0,0,0,0,1,2,0,,,,2025-08-11 03:25:00
G000551006001120010,G000551006001020010,,2025-08-11 03:30:00,1,0,0,0,0,1,0,0,0,0,0,0,0,0,0,0,0,0,1,0,,,,2025-08-11 03:30:00
G000551006001120010,G000551006001020010,,2025-08-11 03:35:00,4,3,0,0,0,0,1,0,0,0,0,0,0,0,0,0,0,3,1,0,,,,2025-08-11 03:35:00
G000551006001120010,G000551006001020010,,2025-08-11 03:40:00,4,3,0,0,0,0,0,1,0,0,0,0,0,0,0,0,0,3,1,0,,,,2025-08-11 03:40:00
G000551006001120010,G000551006001020010,,2025-08-11 03:45:00,4,3,0,0,0,0,0,0,0,0,1,0,0,0,0,0,0,3,1,0,,,,2025-08-11 03:45:00
G000551006001120010,G000551006001020010,,2025-08-11 03:50:00,2,2,0,0,0,0,0,0,0,0,0,0,0,0,0,0,0,2,0,0,,,,2025-08-11 03:50:00
G000551006001120010,G000551006001020010,,2025-08-11 03:55:00,1,1,0,0,0,0,0,0,0,0,0,0,0,0,0,0,0,1,0,0,,,,2025-08-11 03:55:00
G000551006001210010,G000551006001310010,,2025-08-11 03:00:00,9,8,0,0,0,0,1,0,0,0,0,0,0,0,0,0,0,8,1,0,,,,2025-08-11 03:00:00
G000551006001210010,G000551006001310010,,2025-08-11 03:05:00,6,4,0,0,0,1,1,0,0,0,0,0,0,0,0,0,0,4,2,0,,,,2025-08-11 03:05:00
G000551006001210010,G000551006001310010,,2025-08-11 03:10:00,4,2,0,0,0,0,1,1,0,0,0,0,0,0,0,0,0,2,2,0,,,,2025-08-11 03:10:00
G000551006001210010,G000551006001310010,,2025-08-11 03:15:00,8,5,0,0,0,1,2,0,0,0,0,0,0,0,0,0,0,5,3,0,,,,2025-08-11 03:15:00
G000551006001210010,G000551006001310010,,2025-08-11 03:20:00,6,3,0,0,0,1,1,0,1,0,0,0,0,0,0,0,0,3,3,0,,,,2025-08-11 03:20:00
G000551006001210010,G000551006001310010,,2025-08-11 03:25:00,8,4,0,0,0,2,1,1,0,0,0,0,0,0,0,0,0,4,4,0,,,,2025-08-11 03:25:00
G000551006001210010,G000551006001310010,,2025-08-11 03:30:00,8,2,0,0,0,2,3,1,0,0,0,0,0,0,0,0,0,2,6,0,,,,2025-08-11 03:30:00
G000551006001210010,G000551006001310010,,2025-08-11 03:35:00,6,3,0,0,0,0,1,2,0,0,0,0,0,0,0,0,0,3,3,0,,,,2025-08-11 03:35:00
G000551006001210010,G000551006001310010,,2025-08-11 03:40:00,3,1,0,0,0,0,1,1,0,0,0,0,0,0,0,0,0,1,2,0,,,,2025-08-11 03:40:00
G000551006001210010,G000551006001310010,,2025-08-11 03:45:00,6,2,0,0,0,1,1,2,0,0,0,0,0,0,0,0,0,2,4,0,,,,2025-08-11 03:45:00
G000551006001210010,G000551006001310010,,2025-08-11 03:50:00,5,4,0,0,0,1,0,0,0,0,0,0,0,0,0,0,0,4,1,0,,,,2025-08-11 03:50:00
G000551006001210010,G000551006001310010,,2025-08-11 03:55:00,3,0,0,0,0,0,1,2,0,0,0,0,0,0,0,0,0,0,3,0,,,,2025-08-11 03:55:00
G000551006001220010,G000551006001120010,,2025-08-11 03:00:00,9,3,0,0,0,1,2,2,1,0,0,0,0,0,0,0,0,3,6,0,,,,2025-08-11 03:00:00
G000551006001220010,G000551006001120010,,2025-08-11 03:05:00,2,1,0,0,0,0,0,0,0,0,1,0,0,0,0,0,0,1,1,0,,,,2025-08-11 03:05:00
G000551006001220010,G000551006001120010,,2025-08-11 03:10:00,11,5,0,0,0,0,4,1,1,0,0,0,0,0,0,0,0,5,6,0,,,,2025-08-11 03:10:00
G000551006001220010,G000551006001120010,,2025-08-11 03:15:00,4,3,0,0,0,0,1,0,0,0,0,0,0,0,0,0,0,3,1,0,,,,2025-08-11 03:15:00
G000551006001220010,G000551006001120010,,2025-08-11 03:20:00,3,2,0,0,0,0,0,0,0,0,1,0,0,0,0,0,0,2,1,0,,,,2025-08-11 03:20:00
G000551006001220010,G000551006001120010,,2025-08-11 03:30:00,5,2,0,0,0,0,2,1,0,0,0,0,0,0,0,0,0,2,3,0,,,,2025-08-11 03:30:00
G000551006001220010,G000551006001120010,,2025-08-11 03:35:00,5,3,0,0,0,0,1,0,0,0,1,0,0,0,0,0,0,3,2,0,,,,2025-08-11 03:35:00
G000551006001220010,G000551006001120010,,2025-08-11 03:40:00,6,5,0,0,0,0,1,0,0,0,0,0,0,0,0,0,0,5,1,0,,,,2025-08-11 03:40:00
G000551006001220010,G000551006001120010,,2025-08-11 03:45:00,1,1,0,0,0,0,0,0,0,0,0,0,0,0,0,0,0,1,0,0,,,,2025-08-11 03:45:00
G000551006001220010,G000551006001120010,,2025-08-11 03:50:00,2,1,0,0,0,0,1,0,0,0,0,0,0,0,0,0,0,1,1,0,,,,2025-08-11 03:50:00
G000551006001220010,G000551006001120010,,2025-08-11 03:55:00,4,2,0,0,0,0,1,0,1,0,0,0,0,0,0,0,0,2,2,0,,,,2025-08-11 03:55:00
G000551006001310010,G000551007000210010,,2025-08-11 03:00:00,7,6,0,0,0,0,1,0,0,0,0,0,0,0,0,0,0,6,1,0,,,,2025-08-11 03:00:00
G000551006001310010,G000551007000210010,,2025-08-11 03:05:00,7,6,0,0,0,1,0,0,0,0,0,0,0,0,0,0,0,6,1,0,,,,2025-08-11 03:05:00
G000551006001310010,G000551007000210010,,2025-08-11 03:10:00,8,5,0,0,0,0,2,1,0,0,0,0,0,0,0,0,0,5,3,0,,,,2025-08-11 03:10:00
G000551006001310010,G000551007000210010,,2025-08-11 03:15:00,6,3,0,0,0,1,2,0,0,0,0,0,0,0,0,0,0,3,3,0,,,,2025-08-11 03:15:00
G000551006001310010,G000551007000210010,,2025-08-11 03:20:00,5,2,0,0,0,1,1,0,1,0,0,0,0,0,0,0,0,2,3,0,,,,2025-08-11 03:20:00
G000551006001310010,G000551007000210010,,2025-08-11 03:25:00,7,5,0,0,0,0,1,1,0,0,0,0,0,0,0,0,0,5,2,0,,,,2025-08-11 03:25:00
G000551006001310010,G000551007000210010,,2025-08-11 03:30:00,10,3,0,0,0,3,3,1,0,0,0,0,0,0,0,0,0,3,7,0,,,,2025-08-11 03:30:00
G000551006001310010,G000551007000210010,,2025-08-11 03:35:00,4,2,0,0,0,1,0,1,0,0,0,0,0,0,0,0,0,2,2,0,,,,2025-08-11 03:35:00
G000551006001310010,G000551007000210010,,2025-08-11 03:40:00,7,3,0,0,0,0,3,1,0,0,0,0,0,0,0,0,0,3,4,0,,,,2025-08-11 03:40:00
G000551006001310010,G000551007000210010,,2025-08-11 03:45:00,4,1,0,0,0,1,0,2,0,0,0,0,0,0,0,0,0,1,3,0,,,,2025-08-11 03:45:00
G000551006001310010,G000551007000210010,,2025-08-11 03:50:00,7,4,0,0,0,1,2,0,0,0,0,0,0,0,0,0,0,4,3,0,,,,2025-08-11 03:50:00
G000551006001310010,G000551007000210010,,2025-08-11 03:55:00,4,1,0,0,0,1,1,1,0,0,0,0,0,0,0,0,0,1,3,0,,,,2025-08-11 03:55:00
G000551006001320010,G000551006001220010,,2025-08-11 03:00:00,6,2,0,0,0,0,2,0,1,0,1,0,0,0,0,0,0,2,4,0,,,,2025-08-11 03:00:00
G000551006001320010,G000551006001220010,,2025-08-11 03:05:00,10,7,0,0,0,0,2,0,1,0,0,0,0,0,0,0,0,7,3,0,,,,2025-08-11 03:05:00
G000551006001320010,G000551006001220010,,2025-08-11 03:10:00,7,3,0,0,0,0,3,1,0,0,0,0,0,0,0,0,0,3,4,0,,,,2025-08-11 03:10:00
G000551006001320010,G000551006001220010,,2025-08-11 03:15:00,5,4,0,0,0,0,0,0,0,0,1,0,0,0,0,0,0,4,1,0,,,,2025-08-11 03:15:00
G000551006001320010,G000551006001220010,,2025-08-11 03:20:00,3,2,0,0,0,0,0,1,0,0,0,0,0,0,0,0,0,2,1,0,,,,2025-08-11 03:20:00
G000551006001320010,G000551006001220010,,2025-08-11 03:25:00,5,2,0,0,0,1,0,1,0,0,0,1,0,0,0,0,0,2,2,1,,,,2025-08-11 03:25:00
G000551006001320010,G000551006001220010,,2025-08-11 03:30:00,6,2,0,0,0,0,2,2,0,0,0,0,0,0,0,0,0,2,4,0,,,,2025-08-11 03:30:00
G000551006001320010,G000551006001220010,,2025-08-11 03:35:00,6,2,0,0,0,0,2,1,0,0,1,0,0,0,0,0,0,2,4,0,,,,2025-08-11 03:35:00
G000551006001320010,G000551006001220010,,2025-08-11 03:40:00,5,4,0,0,0,0,0,1,0,0,0,0,0,0,0,0,0,4,1,0,,,,2025-08-11 03:40:00
G000551006001320010,G000551006001220010,,2025-08-11 03:45:00,1,0,0,0,0,0,1,0,0,0,0,0,0,0,0,0,0,0,1,0,,,,2025-08-11 03:45:00
G000551006001320010,G000551006001220010,,2025-08-11 03:50:00,3,1,0,0,0,0,1,0,1,0,0,0,0,0,0,0,0,1,2,0,,,,2025-08-11 03:50:00
G000551006001320010,G000551006001220010,,2025-08-11 03:55:00,4,1,0,0,0,2,1,0,0,0,0,0,0,0,0,0,0,1,3,0,,,,2025-08-11 03:55:00
G000551007000210010,G000551007000310010,,2025-08-11 03:00:00,12,6,0,0,0,4,1,1,0,0,0,0,0,0,0,0,0,6,6,0,,,,2025-08-11 03:00:00
G000551007000210010,G000551007000310010,,2025-08-11 03:05:00,6,4,0,0,0,0,0,2,0,0,0,0,0,0,0,0,0,4,2,0,,,,2025-08-11 03:05:00
G000551007000210010,G000551007000310010,,2025-08-11 03:10:00,11,3,0,0,0,3,5,0,0,0,0,0,0,0,0,0,0,3,8,0,,,,2025-08-11 03:10:00
G000551007000210010,G000551007000310010,,2025-08-11 03:15:00,7,2,0,0,0,1,3,1,0,0,0,0,0,0,0,0,0,2,5,0,,,,2025-08-11 03:15:00
G000551007000210010,G000551007000310010,,2025-08-11 03:20:00,5,5,0,0,0,0,0,0,0,0,0,0,0,0,0,0,0,5,0,0,,,,2025-08-11 03:20:00
G000551007000210010,G000551007000310010,,2025-08-11 03:25:00,11,7,0,0,0,1,1,1,1,0,0,0,0,0,0,0,0,7,4,0,,,,2025-08-11 03:25:00
G000551007000210010,G000551007000310010,,2025-08-11 03:30:00,10,8,0,0,0,1,1,0,0,0,0,0,0,0,0,0,0,8,2,0,,,,2025-08-11 03:30:00
G000551007000210010,G000551007000310010,,2025-08-11 03:35:00,8,4,0,0,0,1,2,1,0,0,0,0,0,0,0,0,0,4,4,0,,,,2025-08-11 03:35:00
G000551007000210010,G000551007000310010,,2025-08-11 03:40:00,9,6,0,0,0,2,0,1,0,0,0,0,0,0,0,0,0,6,3,0,,,,2025-08-11 03:40:00
G000551007000210010,G000551007000310010,,2025-08-11 03:45:00,6,2,0,0,0,1,2,0,1,0,0,0,0,0,0,0,0,2,4,0,,,,2025-08-11 03:45:00
G000551007000210010,G000551007000310010,,2025-08-11 03:50:00,7,6,0,0,0,0,0,1,0,0,0,0,0,0,0,0,0,6,1,0,,,,2025-08-11 03:50:00
G000551007000210010,G000551007000310010,,2025-08-11 03:55:00,5,3,0,0,0,0,2,0,0,0,0,0,0,0,0,0,0,3,2,0,,,,2025-08-11 03:55:00
G000551007000220010,G000551006001320010,,2025-08-11 03:00:00,7,3,0,0,0,0,2,1,0,0,1,0,0,0,0,0,0,3,4,0,,,,2025-08-11 03:00:00
G000551007000220010,G000551006001320010,,2025-08-11 03:05:00,3,2,0,0,0,0,1,0,0,0,0,0,0,0,0,0,0,2,1,0,,,,2025-08-11 03:05:00
G000551007000220010,G000551006001320010,,2025-08-11 03:10:00,2,2,0,0,0,0,0,0,0,0,0,0,0,0,0,0,0,2,0,0,,,,2025-08-11 03:10:00
G000551007000220010,G000551006001320010,,2025-08-11 03:15:00,6,5,0,0,0,0,1,0,0,0,0,0,0,0,0,0,0,5,1,0,,,,2025-08-11 03:15:00
G000551007000220010,G000551006001320010,,2025-08-11 03:20:00,5,1,0,0,0,2,1,0,1,0,0,0,0,0,0,0,0,1,4,0,,,,2025-08-11 03:20:00
G000551007000220010,G000551006001320010,,2025-08-11 03:25:00,5,4,0,0,0,0,1,0,0,0,0,0,0,0,0,0,0,4,1,0,,,,2025-08-11 03:25:00
G000551007000220010,G000551006001320010,,2025-08-11 03:30:00,4,1,0,0,0,3,0,0,0,0,0,0,0,0,0,0,0,1,3,0,,,,2025-08-11 03:30:00
G000551007000220010,G000551006001320010,,2025-08-11 03:35:00,3,2,0,0,0,0,1,0,0,0,0,0,0,0,0,0,0,2,1,0,,,,2025-08-11 03:35:00
G000551007000220010,G000551006001320010,,2025-08-11 03:40:00,6,1,0,0,0,1,4,0,0,0,0,0,0,0,0,0,0,1,5,0,,,,2025-08-11 03:40:00
G000551007000220010,G000551006001320010,,2025-08-11 03:45:00,8,5,0,0,0,0,1,1,1,0,0,0,0,0,0,0,0,5,3,0,,,,2025-08-11 03:45:00
G000551007000220010,G000551006001320010,,2025-08-11 03:50:00,5,1,0,0,0,0,1,0,3,0,0,0,0,0,0,0,0,1,4,0,,,,2025-08-11 03:50:00
G000551007000220010,G000551006001320010,,2025-08-11 03:55:00,8,5,0,0,0,1,0,0,1,0,1,0,0,0,0,0,0,5,3,0,,,,2025-08-11 03:55:00
G000551007000310010,G000551007000410010,,2025-08-11 03:00:00,11,8,0,0,0,2,0,1,0,0,0,0,0,0,0,0,0,8,3,0,,,,2025-08-11 03:00:00
G000551007000310010,G000551007000410010,,2025-08-11 03:05:00,12,7,0,0,0,2,1,2,0,0,0,0,0,0,0,0,0,7,5,0,,,,2025-08-11 03:05:00
G000551007000310010,G000551007000410010,,2025-08-11 03:10:00,13,9,0,0,0,2,0,2,0,0,0,0,0,0,0,0,0,9,4,0,,,,2025-08-11 03:10:00
G000551007000310010,G000551007000410010,,2025-08-11 03:15:00,10,3,0,0,0,3,1,3,0,0,0,0,0,0,0,0,0,3,7,0,,,,2025-08-11 03:15:00
G000551007000310010,G000551007000410010,,2025-08-11 03:20:00,5,2,0,0,0,2,0,1,0,0,0,0,0,0,0,0,0,2,3,0,,,,2025-08-11 03:20:00
G000551007000310010,G000551007000410010,,2025-08-11 03:25:00,10,2,0,0,0,1,7,0,0,0,0,0,0,0,0,0,0,2,8,0,,,,2025-08-11 03:25:00
G000551007000310010,G000551007000410010,,2025-08-11 03:30:00,9,4,0,0,0,3,1,1,0,0,0,0,0,0,0,0,0,4,5,0,,,,2025-08-11 03:30:00
G000551007000310010,G000551007000410010,,2025-08-11 03:35:00,7,7,0,0,0,0,0,0,0,0,0,0,0,0,0,0,0,7,0,0,,,,2025-08-11 03:35:00
G000551007000310010,G000551007000410010,,2025-08-11 03:40:00,11,8,0,0,0,1,1,1,0,0,0,0,0,0,0,0,0,8,3,0,,,,2025-08-11 03:40:00
G000551007000310010,G000551007000410010,,2025-08-11 03:45:00,5,4,0,0,0,0,1,0,0,0,0,0,0,0,0,0,0,4,1,0,,,,2025-08-11 03:45:00
G000551007000310010,G000551007000410010,,2025-08-11 03:50:00,11,6,0,0,0,2,2,1,0,0,0,0,0,0,0,0,0,6,5,0,,,,2025-08-11 03:50:00
G000551007000310010,G000551007000410010,,2025-08-11 03:55:00,5,3,0,0,0,1,0,1,0,0,0,0,0,0,0,0,0,3,2,0,,,,2025-08-11 03:55:00
G000551007000320010,G000551007000220010,,2025-08-11 03:00:00,3,1,0,0,0,1,1,0,0,0,0,0,0,0,0,0,0,1,2,0,,,,2025-08-11 03:00:00
G000551007000320010,G000551007000220010,,2025-08-11 03:05:00,5,3,0,0,0,1,1,0,0,0,0,0,0,0,0,0,0,3,2,0,,,,2025-08-11 03:05:00
G000551007000320010,G000551007000220010,,2025-08-11 03:10:00,3,1,0,0,0,0,1,0,1,0,0,0,0,0,0,0,0,1,2,0,,,,2025-08-11 03:10:00
G000551007000320010,G000551007000220010,,2025-08-11 03:15:00,8,5,0,0,0,2,1,0,0,0,0,0,0,0,0,0,0,5,3,0,,,,2025-08-11 03:15:00
G000551007000320010,G000551007000220010,,2025-08-11 03:20:00,3,2,0,0,0,1,0,0,0,0,0,0,0,0,0,0,0,2,1,0,,,,2025-08-11 03:20:00
G000551007000320010,G000551007000220010,,2025-08-11 03:25:00,6,1,0,0,0,1,4,0,0,0,0,0,0,0,0,0,0,1,5,0,,,,2025-08-11 03:25:00
G000551007000320010,G000551007000220010,,2025-08-11 03:30:00,6,2,0,0,0,0,1,1,2,0,0,0,0,0,0,0,0,2,4,0,,,,2025-08-11 03:30:00
G000551007000320010,G000551007000220010,,2025-08-11 03:35:00,7,5,0,0,0,0,1,0,1,0,0,0,0,0,0,0,0,5,2,0,,,,2025-08-11 03:35:00
G000551007000320010,G000551007000220010,,2025-08-11 03:40:00,7,3,0,0,0,1,0,0,2,0,1,0,0,0,0,0,0,3,4,0,,,,2025-08-11 03:40:00
G000551007000320010,G000551007000220010,,2025-08-11 03:45:00,6,5,0,0,0,0,0,0,0,0,1,0,0,0,0,0,0,5,1,0,,,,2025-08-11 03:45:00
G000551007000320010,G000551007000220010,,2025-08-11 03:50:00,8,4,0,0,0,2,0,1,0,0,1,0,0,0,0,0,0,4,4,0,,,,2025-08-11 03:50:00
G000551007000320010,G000551007000220010,,2025-08-11 03:55:00,2,2,0,0,0,0,0,0,0,0,0,0,0,0,0,0,0,2,0,0,,,,2025-08-11 03:55:00
G000551007000410010,G000551007000510010,,2025-08-11 03:00:00,14,8,0,0,0,3,0,2,1,0,0,0,0,0,0,0,0,8,6,0,,,,2025-08-11 03:00:00
G000551007000410010,G000551007000510010,,2025-08-11 03:05:00,14,10,0,0,0,1,1,2,0,0,0,0,0,0,0,0,0,10,4,0,,,,2025-08-11 03:05:00
G000551007000410010,G000551007000510010,,2025-08-11 03:10:00,11,7,0,0,0,3,0,1,0,0,0,0,0,0,0,0,0,7,4,0,,,,2025-08-11 03:10:00
G000551007000410010,G000551007000510010,,2025-08-11 03:15:00,12,6,0,0,0,4,1,1,0,0,0,0,0,0,0,0,0,6,6,0,,,,2025-08-11 03:15:00
G000551007000410010,G000551007000510010,,2025-08-11 03:20:00,7,2,0,0,0,1,0,4,0,0,0,0,0,0,0,0,0,2,5,0,,,,2025-08-11 03:20:00
G000551007000410010,G000551007000510010,,2025-08-11 03:25:00,7,3,0,0,0,2,2,0,0,0,0,0,0,0,0,0,0,3,4,0,,,,2025-08-11 03:25:00
G000551007000410010,G000551007000510010,,2025-08-11 03:30:00,10,3,0,0,0,2,4,1,0,0,0,0,0,0,0,0,0,3,7,0,,,,2025-08-11 03:30:00
G000551007000410010,G000551007000510010,,2025-08-11 03:35:00,13,11,0,0,0,1,1,0,0,0,0,0,0,0,0,0,0,11,2,0,,,,2025-08-11 03:35:00
G000551007000410010,G000551007000510010,,2025-08-11 03:40:00,6,5,0,0,0,0,1,0,0,0,0,0,0,0,0,0,0,5,1,0,,,,2025-08-11 03:40:00
G000551007000410010,G000551007000510010,,2025-08-11 03:45:00,8,6,0,0,0,2,0,0,0,0,0,0,0,0,0,0,0,6,2,0,,,,2025-08-11 03:45:00
G000551007000410010,G000551007000510010,,2025-08-11 03:50:00,7,4,0,0,0,1,1,1,0,0,0,0,0,0,0,0,0,4,3,0,,,,2025-08-11 03:50:00
G000551007000410010,G000551007000510010,,2025-08-11 03:55:00,12,5,0,0,0,3,4,0,0,0,0,0,0,0,0,0,0,5,7,0,,,,2025-08-11 03:55:00
G000551007000420010,G000551007000320010,,2025-08-11 03:00:00,6,4,0,0,0,2,0,0,0,0,0,0,0,0,0,0,0,4,2,0,,,,2025-08-11 03:00:00
G000551007000420010,G000551007000320010,,2025-08-11 03:05:00,4,3,0,0,0,0,0,0,1,0,0,0,0,0,0,0,0,3,1,0,,,,2025-08-11 03:05:00
G000551007000420010,G000551007000320010,,2025-08-11 03:10:00,7,4,0,0,0,2,1,0,0,0,0,0,0,0,0,0,0,4,3,0,,,,2025-08-11 03:10:00
G000551007000420010,G000551007000320010,,2025-08-11 03:15:00,6,4,0,0,0,1,1,0,0,0,0,0,0,0,0,0,0,4,2,0,,,,2025-08-11 03:15:00
G000551007000420010,G000551007000320010,,2025-08-11 03:20:00,4,2,0,0,0,0,2,0,0,0,0,0,0,0,0,0,0,2,2,0,,,,2025-08-11 03:20:00
G000551007000420010,G000551007000320010,,2025-08-11 03:25:00,13,11,0,0,0,1,1,0,0,0,0,0,0,0,0,0,0,11,2,0,,,,2025-08-11 03:25:00
G000551007000420010,G000551007000320010,,2025-08-11 03:30:00,7,3,0,0,0,0,0,1,3,0,0,0,0,0,0,0,0,3,4,0,,,,2025-08-11 03:30:00
G000551007000420010,G000551007000320010,,2025-08-11 03:35:00,5,4,0,0,0,0,0,0,1,0,0,0,0,0,0,0,0,4,1,0,,,,2025-08-11 03:35:00
G000551007000420010,G000551007000320010,,2025-08-11 03:40:00,8,5,0,0,0,0,0,0,1,0,2,0,0,0,0,0,0,5,3,0,,,,2025-08-11 03:40:00
G000551007000420010,G000551007000320010,,2025-08-11 03:45:00,9,6,0,0,0,1,0,1,0,0,1,0,0,0,0,0,0,6,3,0,,,,2025-08-11 03:45:00
G000551007000420010,G000551007000320010,,2025-08-11 03:50:00,7,6,0,0,0,1,0,0,0,0,0,0,0,0,0,0,0,6,1,0,,,,2025-08-11 03:50:00
G000551007000420010,G000551007000320010,,2025-08-11 03:55:00,3,2,0,0,0,0,0,0,1,0,0,0,0,0,0,0,0,2,1,0,,,,2025-08-11 03:55:00
G000551007000510010,G000551007000610010,,2025-08-11 03:00:00,6,4,0,0,0,0,1,0,1,0,0,0,0,0,0,0,0,4,2,0,,,,2025-08-11 03:00:00
G000551007000510010,G000551007000610010,,2025-08-11 03:05:00,6,5,0,0,0,1,0,0,0,0,0,0,0,0,0,0,0,5,1,0,,,,2025-08-11 03:05:00
G000551007000510010,G000551007000610010,,2025-08-11 03:10:00,6,4,0,0,0,1,0,1,0,0,0,0,0,0,0,0,0,4,2,0,,,,2025-08-11 03:10:00
G000551007000510010,G000551007000610010,,2025-08-11 03:15:00,12,9,0,0,0,0,1,2,0,0,0,0,0,0,0,0,0,9,3,0,,,,2025-08-11 03:15:00
G000551007000510010,G000551007000610010,,2025-08-11 03:20:00,12,7,0,0,0,4,0,1,0,0,0,0,0,0,0,0,0,7,5,0,,,,2025-08-11 03:20:00
G000551007000510010,G000551007000610010,,2025-08-11 03:25:00,8,7,0,0,0,1,0,0,0,0,0,0,0,0,0,0,0,7,1,0,,,,2025-08-11 03:25:00
G000551007000510010,G000551007000610010,,2025-08-11 03:30:00,7,5,0,0,0,2,0,0,0,0,0,0,0,0,0,0,0,5,2,0,,,,2025-08-11 03:30:00
G000551007000510010,G000551007000610010,,2025-08-11 03:35:00,7,3,0,0,0,1,3,0,0,0,0,0,0,0,0,0,0,3,4,0,,,,2025-08-11 03:35:00
G000551007000510010,G000551007000610010,,2025-08-11 03:40:00,10,7,0,0,0,1,1,1,0,0,0,0,0,0,0,0,0,7,3,0,,,,2025-08-11 03:40:00
G000551007000510010,G000551007000610010,,2025-08-11 03:45:00,6,4,0,0,0,2,0,0,0,0,0,0,0,0,0,0,0,4,2,0,,,,2025-08-11 03:45:00
G000551007000510010,G000551007000610010,,2025-08-11 03:50:00,7,6,0,0,0,0,1,0,0,0,0,0,0,0,0,0,0,6,1,0,,,,2025-08-11 03:50:00
G000551007000510010,G000551007000610010,,2025-08-11 03:55:00,9,8,0,0,0,1,0,0,0,0,0,0,0,0,0,0,0,8,1,0,,,,2025-08-11 03:55:00
G000551007000520010,G000551007000420010,,2025-08-11 03:00:00,5,3,0,0,0,0,1,0,1,0,0,0,0,0,0,0,0,3,2,0,,,,2025-08-11 03:00:00
G000551007000520010,G000551007000420010,,2025-08-11 03:05:00,6,4,0,0,0,2,0,0,0,0,0,0,0,0,0,0,0,4,2,0,,,,2025-08-11 03:05:00
G000551007000520010,G000551007000420010,,2025-08-11 03:10:00,12,6,0,0,0,4,1,0,1,0,0,0,0,0,0,0,0,6,6,0,,,,2025-08-11 03:10:00
G000551007000520010,G000551007000420010,,2025-08-11 03:15:00,5,1,0,0,0,0,3,0,1,0,0,0,0,0,0,0,0,1,4,0,,,,2025-08-11 03:15:00
G000551007000520010,G000551007000420010,,2025-08-11 03:20:00,15,13,0,0,0,0,0,1,0,0,1,0,0,0,0,0,0,13,2,0,,,,2025-08-11 03:20:00
G000551007000520010,G000551007000420010,,2025-08-11 03:25:00,7,4,0,0,0,0,1,0,2,0,0,0,0,0,0,0,0,4,3,0,,,,2025-08-11 03:25:00
G000551007000520010,G000551007000420010,,2025-08-11 03:30:00,4,3,0,0,0,0,0,0,1,0,0,0,0,0,0,0,0,3,1,0,,,,2025-08-11 03:30:00
G000551007000520010,G000551007000420010,,2025-08-11 03:35:00,3,2,0,0,0,0,0,1,0,0,0,0,0,0,0,0,0,2,1,0,,,,2025-08-11 03:35:00
G000551007000520010,G000551007000420010,,2025-08-11 03:40:00,8,5,0,0,0,3,0,0,0,0,0,0,0,0,0,0,0,5,3,0,,,,2025-08-11 03:40:00
G000551007000520010,G000551007000420010,,2025-08-11 03:45:00,7,3,0,0,0,1,2,0,1,0,0,0,0,0,0,0,0,3,4,0,,,,2025-08-11 03:45:00
G000551007000520010,G000551007000420010,,2025-08-11 03:50:00,5,2,0,0,0,0,1,0,1,0,1,0,0,0,0,0,0,2,3,0,,,,2025-08-11 03:50:00
G000551007000520010,G000551007000420010,,2025-08-11 03:55:00,5,3,0,0,0,0,2,0,0,0,0,0,0,0,0,0,0,3,2,0,,,,2025-08-11 03:55:00
G000551007000610010,G000551007000710010,,2025-08-11 03:00:00,9,5,0,0,0,1,1,0,1,0,1,0,0,0,0,0,0,5,4,0,,,,2025-08-11 03:00:00
G000551007000610010,G000551007000710010,,2025-08-11 03:05:00,1,0,0,0,0,0,1,0,0,0,0,0,0,0,0,0,0,0,1,0,,,,2025-08-11 03:05:00
G000551007000610010,G000551007000710010,,2025-08-11 03:10:00,3,2,0,0,0,1,0,0,0,0,0,0,0,0,0,0,0,2,1,0,,,,2025-08-11 03:10:00
G000551007000610010,G000551007000710010,,2025-08-11 03:15:00,3,1,0,0,0,1,0,1,0,0,0,0,0,0,0,0,0,1,2,0,,,,2025-08-11 03:15:00
G000551007000610010,G000551007000710010,,2025-08-11 03:20:00,8,5,0,0,0,1,1,1,0,0,0,0,0,0,0,0,0,5,3,0,,,,2025-08-11 03:20:00
G000551007000610010,G000551007000710010,,2025-08-11 03:25:00,9,6,0,0,0,2,0,1,0,0,0,0,0,0,0,0,0,6,3,0,,,,2025-08-11 03:25:00
G000551007000610010,G000551007000710010,,2025-08-11 03:30:00,5,4,0,0,0,1,0,0,0,0,0,0,0,0,0,0,0,4,1,0,,,,2025-08-11 03:30:00
G000551007000610010,G000551007000710010,,2025-08-11 03:35:00,7,6,0,0,0,1,0,0,0,0,0,0,0,0,0,0,0,6,1,0,,,,2025-08-11 03:35:00
G000551007000610010,G000551007000710010,,2025-08-11 03:40:00,2,1,0,0,0,0,1,0,0,0,0,0,0,0,0,0,0,1,1,0,,,,2025-08-11 03:40:00
G000551007000610010,G000551007000710010,,2025-08-11 03:45:00,5,4,0,0,0,0,1,0,0,0,0,0,0,0,0,0,0,4,1,0,,,,2025-08-11 03:45:00
G000551007000610010,G000551007000710010,,2025-08-11 03:50:00,5,4,0,0,0,1,0,0,0,0,0,0,0,0,0,0,0,4,1,0,,,,2025-08-11 03:50:00
G000551007000610010,G000551007000710010,,2025-08-11 03:55:00,5,4,0,0,0,0,1,0,0,0,0,0,0,0,0,0,0,4,1,0,,,,2025-08-11 03:55:00
G000551007000620010,G000551007000520010,,2025-08-11 03:00:00,7,4,0,0,0,2,1,0,0,0,0,0,0,0,0,0,0,4,3,0,,,,2025-08-11 03:00:00
G000551007000620010,G000551007000520010,,2025-08-11 03:05:00,7,4,0,0,0,2,0,0,1,0,0,0,0,0,0,0,0,4,3,0,,,,2025-08-11 03:05:00
G000551007000620010,G000551007000520010,,2025-08-11 03:10:00,9,1,0,0,0,3,3,1,1,0,0,0,0,0,0,0,0,1,8,0,,,,2025-08-11 03:10:00
G000551007000620010,G000551007000520010,,2025-08-11 03:15:00,12,8,0,0,0,0,1,2,0,0,1,0,0,0,0,0,0,8,4,0,,,,2025-08-11 03:15:00
G000551007000620010,G000551007000520010,,2025-08-11 03:20:00,12,8,0,0,0,1,1,0,2,0,0,0,0,0,0,0,0,8,4,0,,,,2025-08-11 03:20:00
G000551007000620010,G000551007000520010,,2025-08-11 03:25:00,3,1,0,0,0,1,0,0,1,0,0,0,0,0,0,0,0,1,2,0,,,,2025-08-11 03:25:00
G000551007000620010,G000551007000520010,,2025-08-11 03:30:00,2,1,0,0,0,0,0,1,0,0,0,0,0,0,0,0,0,1,1,0,,,,2025-08-11 03:30:00
G000551007000620010,G000551007000520010,,2025-08-11 03:35:00,9,6,0,0,0,3,0,0,0,0,0,0,0,0,0,0,0,6,3,0,,,,2025-08-11 03:35:00
G000551007000620010,G000551007000520010,,2025-08-11 03:40:00,6,1,0,0,0,1,2,0,1,0,1,0,0,0,0,0,0,1,5,0,,,,2025-08-11 03:40:00
G000551007000620010,G000551007000520010,,2025-08-11 03:45:00,3,0,0,0,0,1,1,0,1,0,0,0,0,0,0,0,0,0,3,0,,,,2025-08-11 03:45:00
G000551007000620010,G000551007000520010,,2025-08-11 03:50:00,3,1,0,0,0,0,2,0,0,0,0,0,0,0,0,0,0,1,2,0,,,,2025-08-11 03:50:00
G000551007000620010,G000551007000520010,,2025-08-11 03:55:00,5,2,0,0,0,0,2,0,1,0,0,0,0,0,0,0,0,2,3,0,,,,2025-08-11 03:55:00
G000551007000710010,G000551008000110010,,2025-08-11 03:05:00,9,4,0,0,0,2,0,1,1,0,1,0,0,0,0,0,0,4,5,0,,,,2025-08-11 03:05:00
G000551007000710010,G000551008000110010,,2025-08-11 03:15:00,6,4,0,0,0,1,1,0,0,0,0,0,0,0,0,0,0,4,2,0,,,,2025-08-11 03:15:00
G000551007000710010,G000551008000110010,,2025-08-11 03:25:00,5,3,0,0,0,2,0,0,0,0,0,0,0,0,0,0,0,3,2,0,,,,2025-08-11 03:25:00
G000551007000710010,G000551008000110010,,2025-08-11 03:30:00,9,5,0,0,0,0,1,2,1,0,0,0,0,0,0,0,0,5,4,0,,,,2025-08-11 03:30:00
G000551007000710010,G000551008000110010,,2025-08-11 03:35:00,13,9,0,0,0,3,0,1,0,0,0,0,0,0,0,0,0,9,4,0,,,,2025-08-11 03:35:00
G000551007000710010,G000551008000110010,,2025-08-11 03:40:00,7,5,0,0,0,2,0,0,0,0,0,0,0,0,0,0,0,5,2,0,,,,2025-08-11 03:40:00
G000551007000710010,G000551008000110010,,2025-08-11 03:45:00,4,4,0,0,0,0,0,0,0,0,0,0,0,0,0,0,0,4,0,0,,,,2025-08-11 03:45:00
G000551007000710010,G000551008000110010,,2025-08-11 03:50:00,4,4,0,0,0,0,0,0,0,0,0,0,0,0,0,0,0,4,0,0,,,,2025-08-11 03:50:00
G000551007000710010,G000551008000110010,,2025-08-11 03:55:00,7,4,0,0,0,1,2,0,0,0,0,0,0,0,0,0,0,4,3,0,,,,2025-08-11 03:55:00
G000551007000720010,G000551007000620010,,2025-08-11 03:00:00,8,3,0,0,0,1,2,1,1,0,0,0,0,0,0,0,0,3,5,0,,,,2025-08-11 03:00:00
G000551007000720010,G000551007000620010,,2025-08-11 03:05:00,7,5,0,0,0,0,0,1,1,0,0,0,0,0,0,0,0,5,2,0,,,,2025-08-11 03:05:00
G000551007000720010,G000551007000620010,,2025-08-11 03:10:00,15,11,0,0,0,2,1,0,1,0,0,0,0,0,0,0,0,11,4,0,,,,2025-08-11 03:10:00
G000551007000720010,G000551007000620010,,2025-08-11 03:15:00,5,2,0,0,0,2,0,0,1,0,0,0,0,0,0,0,0,2,3,0,,,,2025-08-11 03:15:00
G000551007000720010,G000551007000620010,,2025-08-11 03:20:00,3,2,0,0,0,0,0,1,0,0,0,0,0,0,0,0,0,2,1,0,,,,2025-08-11 03:20:00
G000551007000720010,G000551007000620010,,2025-08-11 03:25:00,7,4,0,0,0,2,0,1,0,0,0,0,0,0,0,0,0,4,3,0,,,,2025-08-11 03:25:00
G000551007000720010,G000551007000620010,,2025-08-11 03:30:00,11,3,0,0,0,3,2,0,2,0,1,0,0,0,0,0,0,3,8,0,,,,2025-08-11 03:30:00
G000551007000720010,G000551007000620010,,2025-08-11 03:35:00,2,1,0,0,0,0,1,0,0,0,0,0,0,0,0,0,0,1,1,0,,,,2025-08-11 03:35:00
G000551007000720010,G000551007000620010,,2025-08-11 03:40:00,2,0,0,0,0,0,2,0,0,0,0,0,0,0,0,0,0,0,2,0,,,,2025-08-11 03:40:00
G000551007000720010,G000551007000620010,,2025-08-11 03:45:00,10,3,0,0,0,2,3,1,1,0,0,0,0,0,0,0,0,3,7,0,,,,2025-08-11 03:45:00
G000551007000720010,G000551007000620010,,2025-08-11 03:50:00,9,6,0,0,0,3,0,0,0,0,0,0,0,0,0,0,0,6,3,0,,,,2025-08-11 03:50:00
G000551007000720010,G000551007000620010,,2025-08-11 03:55:00,9,1,0,0,0,1,1,2,2,0,2,0,0,0,0,0,0,1,8,0,,,,2025-08-11 03:55:00
G000551008000110010,G000551008000210010,,2025-08-11 03:00:00,1,0,0,0,0,0,1,0,0,0,0,0,0,0,0,0,0,0,1,0,,,,2025-08-11 03:00:00
G000551008000110010,G000551008000210010,,2025-08-11 03:05:00,2,0,0,0,0,0,0,1,1,0,0,0,0,0,0,0,0,0,2,0,,,,2025-08-11 03:05:00
G000551008000110010,G000551008000210010,,2025-08-11 03:10:00,1,0,0,0,0,0,0,0,0,0,1,0,0,0,0,0,0,0,1,0,,,,2025-08-11 03:10:00
G000551008000110010,G000551008000210010,,2025-08-11 03:15:00,4,2,0,0,0,1,1,0,0,0,0,0,0,0,0,0,0,2,2,0,,,,2025-08-11 03:15:00
G000551008000110010,G000551008000210010,,2025-08-11 03:25:00,3,3,0,0,0,0,0,0,0,0,0,0,0,0,0,0,0,3,0,0,,,,2025-08-11 03:25:00
G000551008000110010,G000551008000210010,,2025-08-11 03:30:00,5,3,0,0,0,0,1,1,0,0,0,0,0,0,0,0,0,3,2,0,,,,2025-08-11 03:30:00
G000551008000110010,G000551008000210010,,2025-08-11 03:35:00,4,4,0,0,0,0,0,0,0,0,0,0,0,0,0,0,0,4,0,0,,,,2025-08-11 03:35:00
G000551008000110010,G000551008000210010,,2025-08-11 03:40:00,5,3,0,0,0,2,0,0,0,0,0,0,0,0,0,0,0,3,2,0,,,,2025-08-11 03:40:00
G000551008000110010,G000551008000210010,,2025-08-11 03:45:00,4,4,0,0,0,0,0,0,0,0,0,0,0,0,0,0,0,4,0,0,,,,2025-08-11 03:45:00
G000551008000110010,G000551008000210010,,2025-08-11 03:50:00,5,5,0,0,0,0,0,0,0,0,0,0,0,0,0,0,0,5,0,0,,,,2025-08-11 03:50:00
G000551008000110010,G000551008000210010,,2025-08-11 03:55:00,3,1,0,0,0,0,2,0,0,0,0,0,0,0,0,0,0,1,2,0,,,,2025-08-11 03:55:00
G000551008000120010,G000551007000720010,,2025-08-11 03:00:00,7,2,0,0,0,0,2,2,1,0,0,0,0,0,0,0,0,2,5,0,,,,2025-08-11 03:00:00
G000551008000120010,G000551007000720010,,2025-08-11 03:05:00,6,4,0,0,0,0,0,0,1,0,1,0,0,0,0,0,0,4,2,0,,,,2025-08-11 03:05:00
G000551008000120010,G000551007000720010,,2025-08-11 03:10:00,5,1,0,0,0,2,1,0,1,0,0,0,0,0,0,0,0,1,4,0,,,,2025-08-11 03:10:00
G000551008000120010,G000551007000720010,,2025-08-11 03:15:00,3,1,0,0,0,1,0,0,1,0,0,0,0,0,0,0,0,1,2,0,,,,2025-08-11 03:15:00
G000551008000120010,G000551007000720010,,2025-08-11 03:20:00,4,0,0,0,0,2,0,2,0,0,0,0,0,0,0,0,0,0,4,0,,,,2025-08-11 03:20:00
G000551008000120010,G000551007000720010,,2025-08-11 03:25:00,8,4,0,0,0,2,1,0,0,0,1,0,0,0,0,0,0,4,4,0,,,,2025-08-11 03:25:00
G000551008000120010,G000551007000720010,,2025-08-11 03:30:00,5,1,0,0,0,0,1,1,2,0,0,0,0,0,0,0,0,1,4,0,,,,2025-08-11 03:30:00
G000551008000120010,G000551007000720010,,2025-08-11 03:35:00,1,0,0,0,0,0,1,0,0,0,0,0,0,0,0,0,0,0,1,0,,,,2025-08-11 03:35:00
G000551008000120010,G000551007000720010,,2025-08-11 03:40:00,5,1,0,0,0,0,3,1,0,0,0,0,0,0,0,0,0,1,4,0,,,,2025-08-11 03:40:00
G000551008000120010,G000551007000720010,,2025-08-11 03:45:00,2,1,0,0,0,0,1,0,0,0,0,0,0,0,0,0,0,1,1,0,,,,2025-08-11 03:45:00
G000551008000120010,G000551007000720010,,2025-08-11 03:50:00,5,2,0,0,0,1,1,1,0,0,0,0,0,0,0,0,0,2,3,0,,,,2025-08-11 03:50:00
G000551008000120010,G000551007000720010,,2025-08-11 03:55:00,6,1,0,0,0,0,0,1,2,0,2,0,0,0,0,0,0,1,5,0,,,,2025-08-11 03:55:00
G000551008000210010,G000551008000310010,,2025-08-11 03:00:00,2,1,0,0,0,0,1,0,0,0,0,0,0,0,0,0,0,1,1,0,,,,2025-08-11 03:00:00
G000551008000210010,G000551008000310010,,2025-08-11 03:05:00,5,4,0,0,0,0,1,0,0,0,0,0,0,0,0,0,0,4,1,0,,,,2025-08-11 03:05:00
G000551008000210010,G000551008000310010,,2025-08-11 03:10:00,7,6,0,0,0,0,0,1,0,0,0,0,0,0,0,0,0,6,1,0,,,,2025-08-11 03:10:00
G000551008000210010,G000551008000310010,,2025-08-11 03:15:00,2,1,0,0,0,0,1,0,0,0,0,0,0,0,0,0,0,1,1,0,,,,2025-08-11 03:15:00
G000551008000210010,G000551008000310010,,2025-08-11 03:20:00,4,2,0,0,0,2,0,0,0,0,0,0,0,0,0,0,0,2,2,0,,,,2025-08-11 03:20:00
G000551008000210010,G000551008000310010,,2025-08-11 03:25:00,3,0,0,0,0,0,1,2,0,0,0,0,0,0,0,0,0,0,3,0,,,,2025-08-11 03:25:00
G000551008000210010,G000551008000310010,,2025-08-11 03:30:00,2,0,0,0,0,0,1,1,0,0,0,0,0,0,0,0,0,0,2,0,,,,2025-08-11 03:30:00
G000551008000210010,G000551008000310010,,2025-08-11 03:35:00,5,2,0,0,0,1,0,0,1,0,1,0,0,0,0,0,0,2,3,0,,,,2025-08-11 03:35:00
G000551008000210010,G000551008000310010,,2025-08-11 03:45:00,4,3,0,0,0,0,1,0,0,0,0,0,0,0,0,0,0,3,1,0,,,,2025-08-11 03:45:00
G000551008000210010,G000551008000310010,,2025-08-11 03:50:00,2,2,0,0,0,0,0,0,0,0,0,0,0,0,0,0,0,2,0,0,,,,2025-08-11 03:50:00
G000551008000210010,G000551008000310010,,2025-08-11 03:55:00,7,6,0,0,0,0,1,0,0,0,0,0,0,0,0,0,0,6,1,0,,,,2025-08-11 03:55:00
G000551008000220010,G000551008000120010,,2025-08-11 03:00:00,3,0,0,0,0,0,1,0,2,0,0,0,0,0,0,0,0,0,3,0,,,,2025-08-11 03:00:00
G000551008000220010,G000551008000120010,,2025-08-11 03:05:00,7,4,0,0,0,1,1,1,0,0,0,0,0,0,0,0,0,4,3,0,,,,2025-08-11 03:05:00
G000551008000220010,G000551008000120010,,2025-08-11 03:10:00,1,0,0,0,0,0,1,0,0,0,0,0,0,0,0,0,0,0,1,0,,,,2025-08-11 03:10:00
G000551008000220010,G000551008000120010,,2025-08-11 03:15:00,3,0,0,0,0,0,2,1,0,0,0,0,0,0,0,0,0,0,3,0,,,,2025-08-11 03:15:00
G000551008000220010,G000551008000120010,,2025-08-11 03:20:00,4,0,0,0,0,0,1,1,1,0,1,0,0,0,0,0,0,0,4,0,,,,2025-08-11 03:20:00
G000551008000220010,G000551008000120010,,2025-08-11 03:25:00,6,2,0,0,0,1,1,0,1,0,1,0,0,0,0,0,0,2,4,0,,,,2025-08-11 03:25:00
G000551008000220010,G000551008000120010,,2025-08-11 03:30:00,5,3,0,0,0,0,0,1,0,0,1,0,0,0,0,0,0,3,2,0,,,,2025-08-11 03:30:00
G000551008000220010,G000551008000120010,,2025-08-11 03:35:00,2,0,0,0,0,1,0,0,0,0,1,0,0,0,0,0,0,0,2,0,,,,2025-08-11 03:35:00
G000551008000220010,G000551008000120010,,2025-08-11 03:40:00,5,0,0,0,0,1,2,2,0,0,0,0,0,0,0,0,0,0,5,0,,,,2025-08-11 03:40:00
G000551008000220010,G000551008000120010,,2025-08-11 03:45:00,1,1,0,0,0,0,0,0,0,0,0,0,0,0,0,0,0,1,0,0,,,,2025-08-11 03:45:00
G000551008000220010,G000551008000120010,,2025-08-11 03:50:00,4,0,0,0,0,0,1,1,0,0,2,0,0,0,0,0,0,0,4,0,,,,2025-08-11 03:50:00
G000551008000220010,G000551008000120010,,2025-08-11 03:55:00,2,1,0,0,0,0,1,0,0,0,0,0,0,0,0,0,0,1,1,0,,,,2025-08-11 03:55:00
G000551008000310010,G000551008002210010,,2025-08-11 03:00:00,3,3,0,0,0,0,0,0,0,0,0,0,0,0,0,0,0,3,0,0,,,,2025-08-11 03:00:00
G000551008000310010,G000551008002210010,,2025-08-11 03:05:00,3,2,0,0,0,0,1,0,0,0,0,0,0,0,0,0,0,2,1,0,,,,2025-08-11 03:05:00
G000551008000310010,G000551008002210010,,2025-08-11 03:10:00,5,3,0,0,0,1,1,0,0,0,0,0,0,0,0,0,0,3,2,0,,,,2025-08-11 03:10:00
G000551008000310010,G000551008002210010,,2025-08-11 03:15:00,5,4,0,0,0,0,0,1,0,0,0,0,0,0,0,0,0,4,1,0,,,,2025-08-11 03:15:00
G000551008000310010,G000551008002210010,,2025-08-11 03:20:00,2,0,0,0,0,0,1,0,0,0,0,1,0,0,0,0,0,0,1,1,,,,2025-08-11 03:20:00
G000551008000310010,G000551008002210010,,2025-08-11 03:25:00,3,2,0,0,0,1,0,0,0,0,0,0,0,0,0,0,0,2,1,0,,,,2025-08-11 03:25:00
G000551008000310010,G000551008002210010,,2025-08-11 03:30:00,3,0,0,0,0,0,1,2,0,0,0,0,0,0,0,0,0,0,3,0,,,,2025-08-11 03:30:00
G000551008000310010,G000551008002210010,,2025-08-11 03:35:00,2,0,0,0,0,0,1,1,0,0,0,0,0,0,0,0,0,0,2,0,,,,2025-08-11 03:35:00
G000551008000310010,G000551008002210010,,2025-08-11 03:40:00,3,0,0,0,0,1,0,0,1,0,1,0,0,0,0,0,0,0,3,0,,,,2025-08-11 03:40:00
G000551008000310010,G000551008002210010,,2025-08-11 03:45:00,1,0,0,0,0,1,0,0,0,0,0,0,0,0,0,0,0,0,1,0,,,,2025-08-11 03:45:00
G000551008000310010,G000551008002210010,,2025-08-11 03:50:00,5,3,0,0,0,0,1,1,0,0,0,0,0,0,0,0,0,3,2,0,,,,2025-08-11 03:50:00
G000551008000310010,G000551008002210010,,2025-08-11 03:55:00,3,3,0,0,0,0,0,0,0,0,0,0,0,0,0,0,0,3,0,0,,,,2025-08-11 03:55:00
G000551008000320010,G000551008000220010,,2025-08-11 03:00:00,9,3,0,0,0,1,2,1,2,0,0,0,0,0,0,0,0,3,6,0,,,,2025-08-11 03:00:00
G000551008000320010,G000551008000220010,,2025-08-11 03:05:00,6,3,0,0,0,1,2,0,0,0,0,0,0,0,0,0,0,3,3,0,,,,2025-08-11 03:05:00
G000551008000320010,G000551008000220010,,2025-08-11 03:10:00,4,2,0,0,0,0,1,1,0,0,0,0,0,0,0,0,0,2,2,0,,,,2025-08-11 03:10:00
G000551008000320010,G000551008000220010,,2025-08-11 03:15:00,3,0,0,0,0,0,2,1,0,0,0,0,0,0,0,0,0,0,3,0,,,,2025-08-11 03:15:00
G000551008000320010,G000551008000220010,,2025-08-11 03:20:00,5,1,0,0,0,0,1,0,1,0,2,0,0,0,0,0,0,1,4,0,,,,2025-08-11 03:20:00
G000551008000320010,G000551008000220010,,2025-08-11 03:25:00,4,2,0,0,0,1,0,1,0,0,0,0,0,0,0,0,0,2,2,0,,,,2025-08-11 03:25:00
G000551008000320010,G000551008000220010,,2025-08-11 03:30:00,4,2,0,0,0,1,0,0,0,0,1,0,0,0,0,0,0,2,2,0,,,,2025-08-11 03:30:00
G000551008000320010,G000551008000220010,,2025-08-11 03:35:00,6,0,0,0,0,1,2,2,0,0,1,0,0,0,0,0,0,0,6,0,,,,2025-08-11 03:35:00
G000551008000320010,G000551008000220010,,2025-08-11 03:40:00,2,1,0,0,0,1,0,0,0,0,0,0,0,0,0,0,0,1,1,0,,,,2025-08-11 03:40:00
G000551008000320010,G000551008000220010,,2025-08-11 03:45:00,5,2,0,0,0,0,1,1,0,0,1,0,0,0,0,0,0,2,3,0,,,,2025-08-11 03:45:00
G000551008000320010,G000551008000220010,,2025-08-11 03:50:00,3,0,0,0,0,1,1,0,0,0,1,0,0,0,0,0,0,0,3,0,,,,2025-08-11 03:50:00
G000551008000320010,G000551008000220010,,2025-08-11 03:55:00,3,2,0,0,0,1,0,0,0,0,0,0,0,0,0,0,0,2,1,0,,,,2025-08-11 03:55:00
G000551008000420010,G000551008002220010,,2025-08-11 03:00:00,3,2,0,0,0,0,1,0,0,0,0,0,0,0,0,0,0,2,1,0,,,,2025-08-11 03:00:00
G000551008000420010,G000551008002220010,,2025-08-11 03:05:00,5,0,0,0,0,0,2,1,0,0,2,0,0,0,0,0,0,0,5,0,,,,2025-08-11 03:05:00
G000551008000420010,G000551008002220010,,2025-08-11 03:10:00,2,0,0,0,0,1,0,1,0,0,0,0,0,0,0,0,0,0,2,0,,,,2025-08-11 03:10:00
G000551008000420010,G000551008002220010,,2025-08-11 03:15:00,2,0,0,0,0,1,1,0,0,0,0,0,0,0,0,0,0,0,2,0,,,,2025-08-11 03:15:00
G000551008000420010,G000551008002220010,,2025-08-11 03:20:00,2,0,0,0,0,1,0,0,0,0,1,0,0,0,0,0,0,0,2,0,,,,2025-08-11 03:20:00
G000551008000420010,G000551008002220010,,2025-08-11 03:25:00,3,1,0,0,0,0,2,0,0,0,0,0,0,0,0,0,0,1,2,0,,,,2025-08-11 03:25:00
G000551008000420010,G000551008002220010,,2025-08-11 03:30:00,2,1,0,0,0,0,1,0,0,0,0,0,0,0,0,0,0,1,1,0,,,,2025-08-11 03:30:00
G000551008000420010,G000551008002220010,,2025-08-11 03:35:00,3,2,0,0,0,1,0,0,0,0,0,0,0,0,0,0,0,2,1,0,,,,2025-08-11 03:35:00
G000551008000420010,G000551008002220010,,2025-08-11 03:45:00,4,3,0,0,0,0,0,0,0,0,1,0,0,0,0,0,0,3,1,0,,,,2025-08-11 03:45:00
G000551008000420010,G000551008002220010,,2025-08-11 03:50:00,2,2,0,0,0,0,0,0,0,0,0,0,0,0,0,0,0,2,0,0,,,,2025-08-11 03:50:00
G000551008000420010,G000551008002220010,,2025-08-11 03:55:00,4,0,0,0,0,2,1,1,0,0,0,0,0,0,0,0,0,0,4,0,,,,2025-08-11 03:55:00
G000551008002210010,G000551008000410010,,2025-08-11 03:00:00,8,6,0,0,0,0,0,1,1,0,0,0,0,0,0,0,0,6,2,0,,,,2025-08-11 03:00:00
G000551008002210010,G000551008000410010,,2025-08-11 03:05:00,4,0,0,0,0,2,1,1,0,0,0,0,0,0,0,0,0,0,4,0,,,,2025-08-11 03:05:00
G000551008002210010,G000551008000410010,,2025-08-11 03:10:00,2,1,0,0,0,0,1,0,0,0,0,0,0,0,0,0,0,1,1,0,,,,2025-08-11 03:10:00
G000551008002210010,G000551008000410010,,2025-08-11 03:15:00,1,1,0,0,0,0,0,0,0,0,0,0,0,0,0,0,0,1,0,0,,,,2025-08-11 03:15:00
G000551008002210010,G000551008000410010,,2025-08-11 03:20:00,1,1,0,0,0,0,0,0,0,0,0,0,0,0,0,0,0,1,0,0,,,,2025-08-11 03:20:00
G000551008002210010,G000551008000410010,,2025-08-11 03:25:00,5,2,0,0,0,0,1,2,0,0,0,0,0,0,0,0,0,2,3,0,,,,2025-08-11 03:25:00
G000551008002210010,G000551008000410010,,2025-08-11 03:30:00,4,2,0,0,0,1,1,0,0,0,0,0,0,0,0,0,0,2,2,0,,,,2025-08-11 03:30:00
G000551008002210010,G000551008000410010,,2025-08-11 03:35:00,3,2,0,0,0,0,0,1,0,0,0,0,0,0,0,0,0,2,1,0,,,,2025-08-11 03:35:00
G000551008002210010,G000551008000410010,,2025-08-11 03:45:00,7,4,0,0,0,1,2,0,0,0,0,0,0,0,0,0,0,4,3,0,,,,2025-08-11 03:45:00
G000551008002210010,G000551008000410010,,2025-08-11 03:50:00,2,1,0,0,0,0,0,1,0,0,0,0,0,0,0,0,0,1,1,0,,,,2025-08-11 03:50:00
G000551008002210010,G000551008000410010,,2025-08-11 03:55:00,2,0,0,0,0,0,0,2,0,0,0,0,0,0,0,0,0,0,2,0,,,,2025-08-11 03:55:00
G000551008002220010,G000551008000320010,,2025-08-11 03:00:00,2,0,0,0,0,0,0,0,1,0,1,0,0,0,0,0,0,0,2,0,,,,2025-08-11 03:00:00
G000551008002220010,G000551008000320010,,2025-08-11 03:05:00,3,2,0,0,0,0,1,0,0,0,0,0,0,0,0,0,0,2,1,0,,,,2025-08-11 03:05:00
G000551008002220010,G000551008000320010,,2025-08-11 03:10:00,7,2,0,0,0,0,2,1,0,0,2,0,0,0,0,0,0,2,5,0,,,,2025-08-11 03:10:00
G000551008002220010,G000551008000320010,,2025-08-11 03:15:00,2,0,0,0,0,1,0,1,0,0,0,0,0,0,0,0,0,0,2,0,,,,2025-08-11 03:15:00
G000551008002220010,G000551008000320010,,2025-08-11 03:20:00,3,0,0,0,0,1,1,0,0,0,1,0,0,0,0,0,0,0,3,0,,,,2025-08-11 03:20:00
G000551008002220010,G000551008000320010,,2025-08-11 03:25:00,4,1,0,0,0,1,1,0,0,0,1,0,0,0,0,0,0,1,3,0,,,,2025-08-11 03:25:00
G000551008002220010,G000551008000320010,,2025-08-11 03:30:00,3,1,0,0,0,0,2,0,0,0,0,0,0,0,0,0,0,1,2,0,,,,2025-08-11 03:30:00
G000551008002220010,G000551008000320010,,2025-08-11 03:35:00,4,2,0,0,0,0,1,0,0,0,1,0,0,0,0,0,0,2,2,0,,,,2025-08-11 03:35:00
G000551008002220010,G000551008000320010,,2025-08-11 03:40:00,6,4,0,0,0,1,1,0,0,0,0,0,0,0,0,0,0,4,2,0,,,,2025-08-11 03:40:00
G000551008002220010,G000551008000320010,,2025-08-11 03:45:00,3,2,0,0,0,0,1,0,0,0,0,0,0,0,0,0,0,2,1,0,,,,2025-08-11 03:45:00
G000551008002220010,G000551008000320010,,2025-08-11 03:50:00,4,3,0,0,0,0,0,0,0,0,1,0,0,0,0,0,0,3,1,0,,,,2025-08-11 03:50:00
G000551008002220010,G000551008000320010,,2025-08-11 03:55:00,1,1,0,0,0,0,0,0,0,0,0,0,0,0,0,0,0,1,0,0,,,,2025-08-11 03:55:00
G000551044000210010,G000551044000310010,,2025-08-11 03:00:00,17,10,0,0,0,2,0,1,1,0,3,0,0,0,0,0,0,10,7,0,,,,2025-08-11 03:00:00
G000551044000210010,G000551044000310010,,2025-08-11 03:05:00,17,5,0,0,0,1,1,1,1,0,8,0,0,0,0,0,0,5,12,0,,,,2025-08-11 03:05:00
G000551044000210010,G000551044000310010,,2025-08-11 03:10:00,9,3,0,0,0,1,1,0,0,1,3,0,0,0,0,0,0,3,6,0,,,,2025-08-11 03:10:00
G000551044000210010,G000551044000310010,,2025-08-11 03:15:00,11,2,0,0,0,3,2,2,0,1,1,0,0,0,0,0,0,2,9,0,,,,2025-08-11 03:15:00
G000551044000210010,G000551044000310010,,2025-08-11 03:20:00,12,4,0,0,0,1,1,2,2,1,1,0,0,0,0,0,0,4,8,0,,,,2025-08-11 03:20:00
G000551044000210010,G000551044000310010,,2025-08-11 03:25:00,11,6,0,0,0,0,1,3,0,0,1,0,0,0,0,0,0,6,5,0,,,,2025-08-11 03:25:00
G000551044000210010,G000551044000310010,,2025-08-11 03:30:00,9,2,0,0,0,1,0,3,0,2,1,0,0,0,0,0,0,2,7,0,,,,2025-08-11 03:30:00
G000551044000210010,G000551044000310010,,2025-08-11 03:35:00,16,6,0,0,0,1,3,0,1,0,5,0,0,0,0,0,0,6,10,0,,,,2025-08-11 03:35:00
G000551044000210010,G000551044000310010,,2025-08-11 03:40:00,8,2,0,0,0,3,0,2,0,0,1,0,0,0,0,0,0,2,6,0,,,,2025-08-11 03:40:00
G000551044000210010,G000551044000310010,,2025-08-11 03:45:00,24,10,0,0,0,2,2,4,1,1,4,0,0,0,0,0,0,10,14,0,,,,2025-08-11 03:45:00
G000551044000210010,G000551044000310010,,2025-08-11 03:50:00,8,1,0,0,0,2,2,3,0,0,0,0,0,0,0,0,0,1,7,0,,,,2025-08-11 03:50:00
G000551044000210010,G000551044000310010,,2025-08-11 03:55:00,16,6,0,0,0,0,2,4,1,0,3,0,0,0,0,0,0,6,10,0,,,,2025-08-11 03:55:00
G000551044000220010,G000551003001320010,,2025-08-11 03:00:00,9,3,0,0,0,3,2,1,0,0,0,0,0,0,0,0,0,3,6,0,,,,2025-08-11 03:00:00
G000551044000220010,G000551003001320010,,2025-08-11 03:05:00,3,2,0,0,0,0,0,1,0,0,0,0,0,0,0,0,0,2,1,0,,,,2025-08-11 03:05:00
G000551044000220010,G000551003001320010,,2025-08-11 03:10:00,6,3,0,0,0,0,0,3,0,0,0,0,0,0,0,0,0,3,3,0,,,,2025-08-11 03:10:00
G000551044000220010,G000551003001320010,,2025-08-11 03:15:00,11,5,0,0,0,2,3,1,0,0,0,0,0,0,0,0,0,5,6,0,,,,2025-08-11 03:15:00
G000551044000220010,G000551003001320010,,2025-08-11 03:20:00,13,4,0,0,0,5,4,0,0,0,0,0,0,0,0,0,0,4,9,0,,,,2025-08-11 03:20:00
G000551044000220010,G000551003001320010,,2025-08-11 03:25:00,13,8,0,0,0,1,2,2,0,0,0,0,0,0,0,0,0,8,5,0,,,,2025-08-11 03:25:00
G000551044000220010,G000551003001320010,,2025-08-11 03:30:00,16,6,0,0,0,3,5,1,0,0,0,1,0,0,0,0,0,6,9,1,,,,2025-08-11 03:30:00
G000551044000220010,G000551003001320010,,2025-08-11 03:35:00,8,2,1,0,0,0,1,4,0,0,0,0,0,0,0,0,0,3,5,0,,,,2025-08-11 03:35:00
G000551044000220010,G000551003001320010,,2025-08-11 03:40:00,12,3,0,0,0,5,2,2,0,0,0,0,0,0,0,0,0,3,9,0,,,,2025-08-11 03:40:00
G000551044000220010,G000551003001320010,,2025-08-11 03:45:00,11,3,0,0,0,2,3,3,0,0,0,0,0,0,0,0,0,3,8,0,,,,2025-08-11 03:45:00
G000551044000220010,G000551003001320010,,2025-08-11 03:50:00,10,6,0,0,0,1,2,1,0,0,0,0,0,0,0,0,0,6,4,0,,,,2025-08-11 03:50:00
G000551044000220010,G000551003001320010,,2025-08-11 03:55:00,12,5,0,0,0,1,4,2,0,0,0,0,0,0,0,0,0,5,7,0,,,,2025-08-11 03:55:00
G000551044000310010,G000551044000410010,,2025-08-11 03:00:00,16,10,0,0,0,1,0,1,1,1,2,0,0,0,0,0,0,10,6,0,,,,2025-08-11 03:00:00
G000551044000310010,G000551044000410010,,2025-08-11 03:05:00,17,5,0,0,0,2,1,0,1,0,8,0,0,0,0,0,0,5,12,0,,,,2025-08-11 03:05:00
G000551044000310010,G000551044000410010,,2025-08-11 03:10:00,11,6,0,0,0,0,0,1,0,1,3,0,0,0,0,0,0,6,5,0,,,,2025-08-11 03:10:00
G000551044000310010,G000551044000410010,,2025-08-11 03:15:00,12,2,0,0,0,1,2,3,1,1,2,0,0,0,0,0,0,2,10,0,,,,2025-08-11 03:15:00
G000551044000310010,G000551044000410010,,2025-08-11 03:20:00,14,3,0,0,0,4,2,1,2,1,1,0,0,0,0,0,0,3,11,0,,,,2025-08-11 03:20:00
G000551044000310010,G000551044000410010,,2025-08-11 03:25:00,11,6,0,0,0,0,1,3,0,0,1,0,0,0,0,0,0,6,5,0,,,,2025-08-11 03:25:00
G000551044000310010,G000551044000410010,,2025-08-11 03:30:00,8,4,0,0,0,0,0,2,0,2,0,0,0,0,0,0,0,4,4,0,,,,2025-08-11 03:30:00
G000551044000310010,G000551044000410010,,2025-08-11 03:35:00,10,2,0,0,0,2,0,2,1,0,3,0,0,0,0,0,0,2,8,0,,,,2025-08-11 03:35:00
G000551044000310010,G000551044000410010,,2025-08-11 03:40:00,16,5,0,0,0,3,3,1,0,0,4,0,0,0,0,0,0,5,11,0,,,,2025-08-11 03:40:00
G000551044000310010,G000551044000410010,,2025-08-11 03:45:00,19,8,0,0,0,1,1,5,1,0,3,0,0,0,0,0,0,8,11,0,,,,2025-08-11 03:45:00
G000551044000310010,G000551044000410010,,2025-08-11 03:50:00,12,3,0,0,0,4,2,0,0,1,2,0,0,0,0,0,0,3,9,0,,,,2025-08-11 03:50:00
G000551044000310010,G000551044000410010,,2025-08-11 03:55:00,12,3,0,0,0,0,3,3,0,0,3,0,0,0,0,0,0,3,9,0,,,,2025-08-11 03:55:00
G000551044000320010,G000551044000220010,,2025-08-11 03:00:00,6,1,0,0,0,3,1,1,0,0,0,0,0,0,0,0,0,1,5,0,,,,2025-08-11 03:00:00
G000551044000320010,G000551044000220010,,2025-08-11 03:05:00,6,4,0,0,0,0,0,2,0,0,0,0,0,0,0,0,0,4,2,0,,,,2025-08-11 03:05:00
G000551044000320010,G000551044000220010,,2025-08-11 03:10:00,4,1,0,0,0,0,0,3,0,0,0,0,0,0,0,0,0,1,3,0,,,,2025-08-11 03:10:00
G000551044000320010,G000551044000220010,,2025-08-11 03:15:00,16,7,0,0,0,6,3,0,0,0,0,0,0,0,0,0,0,7,9,0,,,,2025-08-11 03:15:00
G000551044000320010,G000551044000220010,,2025-08-11 03:20:00,11,5,0,0,0,1,3,2,0,0,0,0,0,0,0,0,0,5,6,0,,,,2025-08-11 03:20:00
G000551044000320010,G000551044000220010,,2025-08-11 03:25:00,16,11,0,0,0,0,5,0,0,0,0,0,0,0,0,0,0,11,5,0,,,,2025-08-11 03:25:00
G000551044000320010,G000551044000220010,,2025-08-11 03:30:00,13,4,1,0,0,2,3,2,0,0,0,1,0,0,0,0,0,5,7,1,,,,2025-08-11 03:30:00
G000551044000320010,G000551044000220010,,2025-08-11 03:35:00,6,2,0,0,0,0,1,3,0,0,0,0,0,0,0,0,0,2,4,0,,,,2025-08-11 03:35:00
G000551044000320010,G000551044000220010,,2025-08-11 03:40:00,18,5,0,0,0,7,4,2,0,0,0,0,0,0,0,0,0,5,13,0,,,,2025-08-11 03:40:00
G000551044000320010,G000551044000220010,,2025-08-11 03:45:00,7,3,0,0,0,1,0,3,0,0,0,0,0,0,0,0,0,3,4,0,,,,2025-08-11 03:45:00
G000551044000320010,G000551044000220010,,2025-08-11 03:50:00,15,10,0,0,0,1,2,1,1,0,0,0,0,0,0,0,0,10,5,0,,,,2025-08-11 03:50:00
G000551044000320010,G000551044000220010,,2025-08-11 03:55:00,12,4,0,0,0,1,6,1,0,0,0,0,0,0,0,0,0,4,8,0,,,,2025-08-11 03:55:00
G000551044000410010,G000551044000510010,,2025-08-11 03:00:00,18,7,0,0,0,1,3,2,0,0,5,0,0,0,0,0,0,7,11,0,,,,2025-08-11 03:00:00
G000551044000410010,G000551044000510010,,2025-08-11 03:05:00,18,7,0,0,0,1,1,3,1,0,5,0,0,0,0,0,0,7,11,0,,,,2025-08-11 03:05:00
G000551044000410010,G000551044000510010,,2025-08-11 03:10:00,20,6,0,0,0,3,1,1,1,0,8,0,0,0,0,0,0,6,14,0,,,,2025-08-11 03:10:00
G000551044000410010,G000551044000510010,,2025-08-11 03:15:00,7,3,0,0,0,0,0,2,0,0,2,0,0,0,0,0,0,3,4,0,,,,2025-08-11 03:15:00
G000551044000410010,G000551044000510010,,2025-08-11 03:20:00,17,6,0,0,0,2,1,2,0,2,4,0,0,0,0,0,0,6,11,0,,,,2025-08-11 03:20:00
G000551044000410010,G000551044000510010,,2025-08-11 03:25:00,10,2,0,0,0,3,1,1,0,2,1,0,0,0,0,0,0,2,8,0,,,,2025-08-11 03:25:00
G000551044000410010,G000551044000510010,,2025-08-11 03:30:00,13,6,0,0,0,0,1,4,1,0,1,0,0,0,0,0,0,6,7,0,,,,2025-08-11 03:30:00
G000551044000410010,G000551044000510010,,2025-08-11 03:35:00,6,3,0,0,0,0,0,2,0,1,0,0,0,0,0,0,0,3,3,0,,,,2025-08-11 03:35:00
G000551044000410010,G000551044000510010,,2025-08-11 03:40:00,17,5,0,0,0,1,1,4,1,2,3,0,0,0,0,0,0,5,12,0,,,,2025-08-11 03:40:00
G000551044000410010,G000551044000510010,,2025-08-11 03:45:00,15,5,0,0,0,3,3,1,0,0,3,0,0,0,0,0,0,5,10,0,,,,2025-08-11 03:45:00
G000551044000410010,G000551044000510010,,2025-08-11 03:50:00,19,8,0,0,0,1,2,4,1,0,3,0,0,0,0,0,0,8,11,0,,,,2025-08-11 03:50:00
G000551044000410010,G000551044000510010,,2025-08-11 03:55:00,19,3,0,0,0,4,2,1,3,1,5,0,0,0,0,0,0,3,16,0,,,,2025-08-11 03:55:00
G000551044000420010,G000551044000320010,,2025-08-11 03:00:00,4,0,0,0,0,0,2,2,0,0,0,0,0,0,0,0,0,0,4,0,,,,2025-08-11 03:00:00
G000551044000420010,G000551044000320010,,2025-08-11 03:05:00,8,4,0,0,0,0,1,3,0,0,0,0,0,0,0,0,0,4,4,0,,,,2025-08-11 03:05:00
G000551044000420010,G000551044000320010,,2025-08-11 03:10:00,12,3,0,0,0,5,3,1,0,0,0,0,0,0,0,0,0,3,9,0,,,,2025-08-11 03:10:00
G000551044000420010,G000551044000320010,,2025-08-11 03:15:00,10,5,0,0,0,2,3,0,0,0,0,0,0,0,0,0,0,5,5,0,,,,2025-08-11 03:15:00
G000551044000420010,G000551044000320010,,2025-08-11 03:20:00,20,13,0,0,0,2,4,0,0,0,0,1,0,0,0,0,0,13,6,1,,,,2025-08-11 03:20:00
G000551044000420010,G000551044000320010,,2025-08-11 03:25:00,11,2,1,0,0,3,4,1,0,0,0,0,0,0,0,0,0,3,8,0,,,,2025-08-11 03:25:00
G000551044000420010,G000551044000320010,,2025-08-11 03:30:00,7,2,0,0,0,0,3,2,0,0,0,0,0,0,0,0,0,2,5,0,,,,2025-08-11 03:30:00
G000551044000420010,G000551044000320010,,2025-08-11 03:35:00,14,3,0,0,0,4,3,4,0,0,0,0,0,0,0,0,0,3,11,0,,,,2025-08-11 03:35:00
G000551044000420010,G000551044000320010,,2025-08-11 03:40:00,10,3,0,0,0,3,4,0,0,0,0,0,0,0,0,0,0,3,7,0,,,,2025-08-11 03:40:00
G000551044000420010,G000551044000320010,,2025-08-11 03:45:00,14,8,0,0,0,1,4,0,1,0,0,0,0,0,0,0,0,8,6,0,,,,2025-08-11 03:45:00
G000551044000420010,G000551044000320010,,2025-08-11 03:50:00,11,5,0,0,0,1,4,1,0,0,0,0,0,0,0,0,0,5,6,0,,,,2025-08-11 03:50:00
G000551044000420010,G000551044000320010,,2025-08-11 03:55:00,12,8,0,0,0,2,1,1,0,0,0,0,0,0,0,0,0,8,4,0,,,,2025-08-11 03:55:00
G000551044000510010,G000551044002810010,,2025-08-11 03:00:00,16,8,0,0,0,2,1,2,0,1,2,0,0,0,0,0,0,8,8,0,,,,2025-08-11 03:00:00
G000551044000510010,G000551044002810010,,2025-08-11 03:05:00,12,4,0,0,0,2,1,4,0,0,1,0,0,0,0,0,0,4,8,0,,,,2025-08-11 03:05:00
G000551044000510010,G000551044002810010,,2025-08-11 03:10:00,21,8,0,0,0,1,2,1,1,0,8,0,0,0,0,0,0,8,13,0,,,,2025-08-11 03:10:00
G000551044000510010,G000551044002810010,,2025-08-11 03:15:00,16,6,0,0,0,3,1,2,1,0,3,0,0,0,0,0,0,6,10,0,,,,2025-08-11 03:15:00
G000551044000510010,G000551044002810010,,2025-08-11 03:20:00,15,6,0,0,0,1,1,1,0,0,6,0,0,0,0,0,0,6,9,0,,,,2025-08-11 03:20:00
G000551044000510010,G000551044002810010,,2025-08-11 03:25:00,10,3,0,0,0,1,0,2,0,1,3,0,0,0,0,0,0,3,7,0,,,,2025-08-11 03:25:00
G000551044000510010,G000551044002810010,,2025-08-11 03:30:00,11,4,0,0,0,1,1,2,0,1,2,0,0,0,0,0,0,4,7,0,,,,2025-08-11 03:30:00
G000551044000510010,G000551044002810010,,2025-08-11 03:35:00,12,5,0,0,0,3,1,0,0,2,1,0,0,0,0,0,0,5,7,0,,,,2025-08-11 03:35:00
G000551044000510010,G000551044002810010,,2025-08-11 03:40:00,10,5,0,0,0,0,1,3,0,0,1,0,0,0,0,0,0,5,5,0,,,,2025-08-11 03:40:00
G000551044000510010,G000551044002810010,,2025-08-11 03:45:00,8,2,0,0,0,1,0,4,0,1,0,0,0,0,0,0,0,2,6,0,,,,2025-08-11 03:45:00
G000551044000510010,G000551044002810010,,2025-08-11 03:50:00,22,8,0,0,0,2,3,2,1,2,4,0,0,0,0,0,0,8,14,0,,,,2025-08-11 03:50:00
G000551044000510010,G000551044002810010,,2025-08-11 03:55:00,10,3,0,0,0,2,1,2,0,0,2,0,0,0,0,0,0,3,7,0,,,,2025-08-11 03:55:00
G000551044000520010,G000551044000420010,,2025-08-11 03:00:00,8,2,0,0,0,3,2,1,0,0,0,0,0,0,0,0,0,2,6,0,,,,2025-08-11 03:00:00
G000551044000520010,G000551044000420010,,2025-08-11 03:05:00,12,5,0,0,0,3,3,1,0,0,0,0,0,0,0,0,0,5,7,0,,,,2025-08-11 03:05:00
G000551044000520010,G000551044000420010,,2025-08-11 03:10:00,11,6,0,0,0,2,3,0,0,0,0,0,0,0,0,0,0,6,5,0,,,,2025-08-11 03:10:00
G000551044000520010,G000551044000420010,,2025-08-11 03:15:00,20,11,0,0,0,2,5,1,0,0,0,1,0,0,0,0,0,11,8,1,,,,2025-08-11 03:15:00
G000551044000520010,G000551044000420010,,2025-08-11 03:20:00,9,2,1,0,0,2,3,1,0,0,0,0,0,0,0,0,0,3,6,0,,,,2025-08-11 03:20:00
G000551044000520010,G000551044000420010,,2025-08-11 03:25:00,11,2,0,0,0,3,4,2,0,0,0,0,0,0,0,0,0,2,9,0,,,,2025-08-11 03:25:00
G000551044000520010,G000551044000420010,,2025-08-11 03:30:00,13,4,0,0,0,3,3,3,0,0,0,0,0,0,0,0,0,4,9,0,,,,2025-08-11 03:30:00
G000551044000520010,G000551044000420010,,2025-08-11 03:35:00,6,2,0,0,0,1,2,0,1,0,0,0,0,0,0,0,0,2,4,0,,,,2025-08-11 03:35:00
G000551044000520010,G000551044000420010,,2025-08-11 03:40:00,18,8,0,0,0,2,7,1,0,0,0,0,0,0,0,0,0,8,10,0,,,,2025-08-11 03:40:00
G000551044000520010,G000551044000420010,,2025-08-11 03:45:00,10,6,0,0,0,1,2,1,0,0,0,0,0,0,0,0,0,6,4,0,,,,2025-08-11 03:45:00
G000551044000520010,G000551044000420010,,2025-08-11 03:50:00,11,6,0,0,0,3,1,1,0,0,0,0,0,0,0,0,0,6,5,0,,,,2025-08-11 03:50:00
G000551044000520010,G000551044000420010,,2025-08-11 03:55:00,9,6,0,0,0,1,2,0,0,0,0,0,0,0,0,0,0,6,3,0,,,,2025-08-11 03:55:00
G000551044000610010,G000551044000710010,,2025-08-11 03:00:00,12,7,0,0,0,0,1,2,1,0,1,0,0,0,0,0,0,7,5,0,,,,2025-08-11 03:00:00
G000551044000610010,G000551044000710010,,2025-08-11 03:05:00,8,5,0,0,0,0,1,1,0,0,1,0,0,0,0,0,0,5,3,0,,,,2025-08-11 03:05:00
G000551044000610010,G000551044000710010,,2025-08-11 03:10:00,14,7,0,0,0,2,1,1,0,1,2,0,0,0,0,0,0,7,7,0,,,,2025-08-11 03:10:00
G000551044000610010,G000551044000710010,,2025-08-11 03:15:00,13,5,0,0,0,2,2,3,0,0,1,0,0,0,0,0,0,5,8,0,,,,2025-08-11 03:15:00
G000551044000610010,G000551044000710010,,2025-08-11 03:20:00,19,6,0,0,0,1,1,3,1,0,7,0,0,0,0,0,0,6,13,0,,,,2025-08-11 03:20:00
G000551044000610010,G000551044000710010,,2025-08-11 03:25:00,17,8,0,0,0,2,1,1,1,0,4,0,0,0,0,0,0,8,9,0,,,,2025-08-11 03:25:00
G000551044000610010,G000551044000710010,,2025-08-11 03:30:00,11,3,0,0,0,1,1,1,0,0,5,0,0,0,0,0,0,3,8,0,,,,2025-08-11 03:30:00
G000551044000610010,G000551044000710010,,2025-08-11 03:35:00,10,4,0,0,0,0,0,2,0,1,3,0,0,0,0,0,0,4,6,0,,,,2025-08-11 03:35:00
G000551044000610010,G000551044000710010,,2025-08-11 03:40:00,10,3,0,0,0,2,0,2,0,1,2,0,0,0,0,0,0,3,7,0,,,,2025-08-11 03:40:00
G000551044000610010,G000551044000710010,,2025-08-11 03:45:00,13,6,0,0,0,2,1,0,1,2,1,0,0,0,0,0,0,6,7,0,,,,2025-08-11 03:45:00
G000551044000610010,G000551044000710010,,2025-08-11 03:50:00,8,3,0,0,0,0,1,3,0,0,1,0,0,0,0,0,0,3,5,0,,,,2025-08-11 03:50:00
G000551044000610010,G000551044000710010,,2025-08-11 03:55:00,12,5,0,0,0,2,0,5,0,0,0,0,0,0,0,0,0,5,7,0,,,,2025-08-11 03:55:00
G000551044000620010,G000551044002820010,,2025-08-11 03:00:00,11,5,0,0,0,3,3,0,0,0,0,0,0,0,0,0,0,5,6,0,,,,2025-08-11 03:00:00
G000551044000620010,G000551044002820010,,2025-08-11 03:05:00,16,8,0,0,0,0,7,0,0,0,0,1,0,0,0,0,0,8,7,1,,,,2025-08-11 03:05:00
G000551044000620010,G000551044002820010,,2025-08-11 03:10:00,17,9,0,0,0,3,3,2,0,0,0,0,0,0,0,0,0,9,8,0,,,,2025-08-11 03:10:00
G000551044000620010,G000551044002820010,,2025-08-11 03:15:00,7,1,0,0,0,2,3,1,0,0,0,0,0,0,0,0,0,1,6,0,,,,2025-08-11 03:15:00
G000551044000620010,G000551044002820010,,2025-08-11 03:20:00,13,3,0,0,0,1,5,4,0,0,0,0,0,0,0,0,0,3,10,0,,,,2025-08-11 03:20:00
G000551044000620010,G000551044002820010,,2025-08-11 03:25:00,8,2,0,0,0,3,2,0,1,0,0,0,0,0,0,0,0,2,6,0,,,,2025-08-11 03:25:00
G000551044000620010,G000551044002820010,,2025-08-11 03:30:00,15,6,0,0,0,2,6,1,0,0,0,0,0,0,0,0,0,6,9,0,,,,2025-08-11 03:30:00
G000551044000620010,G000551044002820010,,2025-08-11 03:35:00,7,4,0,0,0,1,2,0,0,0,0,0,0,0,0,0,0,4,3,0,,,,2025-08-11 03:35:00
G000551044000620010,G000551044002820010,,2025-08-11 03:40:00,11,8,0,0,0,1,0,2,0,0,0,0,0,0,0,0,0,8,3,0,,,,2025-08-11 03:40:00
G000551044000620010,G000551044002820010,,2025-08-11 03:45:00,10,5,0,0,0,2,3,0,0,0,0,0,0,0,0,0,0,5,5,0,,,,2025-08-11 03:45:00
G000551044000620010,G000551044002820010,,2025-08-11 03:50:00,10,3,0,0,0,1,5,1,0,0,0,0,0,0,0,0,0,3,7,0,,,,2025-08-11 03:50:00
G000551044000620010,G000551044002820010,,2025-08-11 03:55:00,13,6,0,0,0,2,3,2,0,0,0,0,0,0,0,0,0,6,7,0,,,,2025-08-11 03:55:00
G000551044000710010,G000551044000810010,,2025-08-11 03:00:00,24,6,0,0,0,4,2,6,1,0,5,0,0,0,0,0,0,6,18,0,,,,2025-08-11 03:00:00
G000551044000710010,G000551044000810010,,2025-08-11 03:05:00,15,7,0,0,0,0,2,3,1,0,2,0,0,0,0,0,0,7,8,0,,,,2025-08-11 03:05:00
G000551044000710010,G000551044000810010,,2025-08-11 03:10:00,12,5,0,0,0,0,2,3,1,0,1,0,0,0,0,0,0,5,7,0,,,,2025-08-11 03:10:00
G000551044000710010,G000551044000810010,,2025-08-11 03:15:00,12,10,0,0,0,0,0,1,0,0,1,0,0,0,0,0,0,10,2,0,,,,2025-08-11 03:15:00
G000551044000710010,G000551044000810010,,2025-08-11 03:20:00,12,5,0,0,0,3,1,1,0,0,2,0,0,0,0,0,0,5,7,0,,,,2025-08-11 03:20:00
G000551044000710010,G000551044000810010,,2025-08-11 03:25:00,17,8,0,0,0,1,3,2,0,0,3,0,0,0,0,0,0,8,9,0,,,,2025-08-11 03:25:00
G000551044000710010,G000551044000810010,,2025-08-11 03:30:00,16,6,0,0,0,2,0,3,1,0,4,0,0,0,0,0,0,6,10,0,,,,2025-08-11 03:30:00
G000551044000710010,G000551044000810010,,2025-08-11 03:35:00,15,5,0,0,0,1,2,2,1,0,4,0,0,0,0,0,0,5,10,0,,,,2025-08-11 03:35:00
G000551044000710010,G000551044000810010,,2025-08-11 03:40:00,15,8,0,0,0,1,0,0,0,0,6,0,0,0,0,0,0,8,7,0,,,,2025-08-11 03:40:00
G000551044000710010,G000551044000810010,,2025-08-11 03:45:00,13,5,0,0,0,0,0,3,0,2,3,0,0,0,0,0,0,5,8,0,,,,2025-08-11 03:45:00
G000551044000710010,G000551044000810010,,2025-08-11 03:50:00,12,6,0,0,0,3,0,1,0,0,2,0,0,0,0,0,0,6,6,0,,,,2025-08-11 03:50:00
G000551044000710010,G000551044000810010,,2025-08-11 03:55:00,12,8,0,0,0,0,1,0,1,1,1,0,0,0,0,0,0,8,4,0,,,,2025-08-11 03:55:00
G000551044000720010,G000551044000620010,,2025-08-11 03:00:00,18,13,0,0,0,1,2,2,0,0,0,0,0,0,0,0,0,13,5,0,,,,2025-08-11 03:00:00
G000551044000720010,G000551044000620010,,2025-08-11 03:05:00,9,3,0,0,0,3,2,1,0,0,0,0,0,0,0,0,0,3,6,0,,,,2025-08-11 03:05:00
G000551044000720010,G000551044000620010,,2025-08-11 03:10:00,12,2,0,0,0,2,5,3,0,0,0,0,0,0,0,0,0,2,10,0,,,,2025-08-11 03:10:00
G000551044000720010,G000551044000620010,,2025-08-11 03:15:00,14,6,0,0,0,3,4,1,0,0,0,0,0,0,0,0,0,6,8,0,,,,2025-08-11 03:15:00
G000551044000720010,G000551044000620010,,2025-08-11 03:20:00,11,4,0,0,0,3,3,1,0,0,0,0,0,0,0,0,0,4,7,0,,,,2025-08-11 03:20:00
G000551044000720010,G000551044000620010,,2025-08-11 03:25:00,9,5,0,0,0,0,4,0,0,0,0,0,0,0,0,0,0,5,4,0,,,,2025-08-11 03:25:00
G000551044000720010,G000551044000620010,,2025-08-11 03:30:00,10,7,0,0,0,2,0,1,0,0,0,0,0,0,0,0,0,7,3,0,,,,2025-08-11 03:30:00
G000551044000720010,G000551044000620010,,2025-08-11 03:35:00,12,7,0,0,0,1,3,1,0,0,0,0,0,0,0,0,0,7,5,0,,,,2025-08-11 03:35:00
G000551044000720010,G000551044000620010,,2025-08-11 03:40:00,11,7,0,0,0,1,2,1,0,0,0,0,0,0,0,0,0,7,4,0,,,,2025-08-11 03:40:00
G000551044000720010,G000551044000620010,,2025-08-11 03:45:00,17,7,0,0,0,3,5,2,0,0,0,0,0,0,0,0,0,7,10,0,,,,2025-08-11 03:45:00
G000551044000720010,G000551044000620010,,2025-08-11 03:50:00,13,7,0,0,0,2,3,1,0,0,0,0,0,0,0,0,0,7,6,0,,,,2025-08-11 03:50:00
G000551044000720010,G000551044000620010,,2025-08-11 03:55:00,7,1,0,0,0,3,2,1,0,0,0,0,0,0,0,0,0,1,6,0,,,,2025-08-11 03:55:00
G000551044000810010,G000551044000910010,,2025-08-11 03:00:00,12,7,0,0,0,2,0,0,0,1,2,0,0,0,0,0,0,7,5,0,,,,2025-08-11 03:00:00
G000551044000810010,G000551044000910010,,2025-08-11 03:05:00,14,7,0,0,0,0,3,1,0,0,3,0,0,0,0,0,0,7,7,0,,,,2025-08-11 03:05:00
G000551044000810010,G000551044000910010,,2025-08-11 03:10:00,15,4,0,0,0,2,0,3,1,0,5,0,0,0,0,0,0,4,11,0,,,,2025-08-11 03:10:00
G000551044000810010,G000551044000910010,,2025-08-11 03:15:00,22,11,0,0,0,0,2,5,2,0,2,0,0,0,0,0,0,11,11,0,,,,2025-08-11 03:15:00
G000551044000810010,G000551044000910010,,2025-08-11 03:20:00,11,6,0,0,0,0,3,2,0,0,0,0,0,0,0,0,0,6,5,0,,,,2025-08-11 03:20:00
G000551044000810010,G000551044000910010,,2025-08-11 03:25:00,11,8,0,0,0,0,1,1,0,0,1,0,0,0,0,0,0,8,3,0,,,,2025-08-11 03:25:00
G000551044000810010,G000551044000910010,,2025-08-11 03:30:00,12,6,0,0,0,2,0,2,0,0,2,0,0,0,0,0,0,6,6,0,,,,2025-08-11 03:30:00
G000551044000810010,G000551044000910010,,2025-08-11 03:35:00,20,8,0,0,0,0,4,3,1,0,4,0,0,0,0,0,0,8,12,0,,,,2025-08-11 03:35:00
G000551044000810010,G000551044000910010,,2025-08-11 03:40:00,21,9,0,0,0,3,1,3,0,0,5,0,0,0,0,0,0,9,12,0,,,,2025-08-11 03:40:00
G000551044000810010,G000551044000910010,,2025-08-11 03:45:00,17,6,0,0,0,3,1,1,1,0,5,0,0,0,0,0,0,6,11,0,,,,2025-08-11 03:45:00
G000551044000810010,G000551044000910010,,2025-08-11 03:50:00,11,8,0,0,0,0,0,0,0,1,2,0,0,0,0,0,0,8,3,0,,,,2025-08-11 03:50:00
G000551044000810010,G000551044000910010,,2025-08-11 03:55:00,14,7,0,0,0,1,0,2,0,1,3,0,0,0,0,0,0,7,7,0,,,,2025-08-11 03:55:00
G000551044000820010,G000551044000720010,,2025-08-11 03:00:00,15,6,0,0,0,4,3,2,0,0,0,0,0,0,0,0,0,6,9,0,,,,2025-08-11 03:00:00
G000551044000820010,G000551044000720010,,2025-08-11 03:05:00,11,7,0,0,0,2,1,1,0,0,0,0,0,0,0,0,0,7,4,0,,,,2025-08-11 03:05:00
G000551044000820010,G000551044000720010,,2025-08-11 03:10:00,14,11,0,0,0,3,0,0,0,0,0,0,0,0,0,0,0,11,3,0,,,,2025-08-11 03:10:00
G000551044000820010,G000551044000720010,,2025-08-11 03:15:00,18,4,0,0,0,4,8,2,0,0,0,0,0,0,0,0,0,4,14,0,,,,2025-08-11 03:15:00
G000551044000820010,G000551044000720010,,2025-08-11 03:20:00,15,10,0,0,0,1,1,3,0,0,0,0,0,0,0,0,0,10,5,0,,,,2025-08-11 03:20:00
G000551044000820010,G000551044000720010,,2025-08-11 03:25:00,11,6,0,0,0,1,2,1,1,0,0,0,0,0,0,0,0,6,5,0,,,,2025-08-11 03:25:00
G000551044000820010,G000551044000720010,,2025-08-11 03:30:00,14,10,0,0,0,2,2,0,0,0,0,0,0,0,0,0,0,10,4,0,,,,2025-08-11 03:30:00
G000551044000820010,G000551044000720010,,2025-08-11 03:35:00,15,9,0,0,0,1,4,1,0,0,0,0,0,0,0,0,0,9,6,0,,,,2025-08-11 03:35:00
G000551044000820010,G000551044000720010,,2025-08-11 03:40:00,15,7,0,0,0,2,3,3,0,0,0,0,0,0,0,0,0,7,8,0,,,,2025-08-11 03:40:00
G000551044000820010,G000551044000720010,,2025-08-11 03:45:00,18,9,0,0,0,5,3,1,0,0,0,0,0,0,0,0,0,9,9,0,,,,2025-08-11 03:45:00
G000551044000820010,G000551044000720010,,2025-08-11 03:50:00,8,6,0,0,0,2,0,0,0,0,0,0,0,0,0,0,0,6,2,0,,,,2025-08-11 03:50:00
G000551044000820010,G000551044000720010,,2025-08-11 03:55:00,9,4,0,0,0,2,1,1,1,0,0,0,0,0,0,0,0,4,5,0,,,,2025-08-11 03:55:00
G000551044000910010,G000551044001010010,,2025-08-11 03:00:00,22,9,0,0,0,3,1,2,0,1,6,0,0,0,0,0,0,9,13,0,,,,2025-08-11 03:00:00
G000551044000910010,G000551044001010010,,2025-08-11 03:05:00,13,7,0,0,0,2,0,1,0,1,2,0,0,0,0,0,0,7,6,0,,,,2025-08-11 03:05:00
G000551044000910010,G000551044001010010,,2025-08-11 03:10:00,14,5,0,0,0,0,3,2,1,0,3,0,0,0,0,0,0,5,9,0,,,,2025-08-11 03:10:00
G000551044000910010,G000551044001010010,,2025-08-11 03:15:00,16,8,0,0,0,0,0,2,0,0,6,0,0,0,0,0,0,8,8,0,,,,2025-08-11 03:15:00
G000551044000910010,G000551044001010010,,2025-08-11 03:20:00,18,6,0,0,0,2,2,4,2,0,2,0,0,0,0,0,0,6,12,0,,,,2025-08-11 03:20:00
G000551044000910010,G000551044001010010,,2025-08-11 03:25:00,12,6,0,0,0,0,3,3,0,0,0,0,0,0,0,0,0,6,6,0,,,,2025-08-11 03:25:00
G000551044000910010,G000551044001010010,,2025-08-11 03:30:00,11,8,0,0,0,0,1,1,0,0,1,0,0,0,0,0,0,8,3,0,,,,2025-08-11 03:30:00
G000551044000910010,G000551044001010010,,2025-08-11 03:35:00,15,10,0,0,0,2,0,2,0,0,1,0,0,0,0,0,0,10,5,0,,,,2025-08-11 03:35:00
G000551044000910010,G000551044001010010,,2025-08-11 03:40:00,20,7,0,0,0,1,4,3,1,0,4,0,0,0,0,0,0,7,13,0,,,,2025-08-11 03:40:00
G000551044000910010,G000551044001010010,,2025-08-11 03:45:00,16,5,0,0,0,2,1,3,0,0,5,0,0,0,0,0,0,5,11,0,,,,2025-08-11 03:45:00
G000551044000910010,G000551044001010010,,2025-08-11 03:50:00,19,9,0,0,0,2,1,2,1,0,4,0,0,0,0,0,0,9,10,0,,,,2025-08-11 03:50:00
G000551044000910010,G000551044001010010,,2025-08-11 03:55:00,11,8,0,0,0,0,0,0,0,1,2,0,0,0,0,0,0,8,3,0,,,,2025-08-11 03:55:00
G000551044000920010,G000551044000820010,,2025-08-11 03:00:00,13,7,0,0,0,3,1,2,0,0,0,0,0,0,0,0,0,7,6,0,,,,2025-08-11 03:00:00
G000551044000920010,G000551044000820010,,2025-08-11 03:05:00,14,9,0,0,0,3,2,0,0,0,0,0,0,0,0,0,0,9,5,0,,,,2025-08-11 03:05:00
G000551044000920010,G000551044000820010,,2025-08-11 03:10:00,16,5,0,0,0,4,5,2,0,0,0,0,0,0,0,0,0,5,11,0,,,,2025-08-11 03:10:00
G000551044000920010,G000551044000820010,,2025-08-11 03:15:00,16,10,0,0,0,2,1,3,0,0,0,0,0,0,0,0,0,10,6,0,,,,2025-08-11 03:15:00
G000551044000920010,G000551044000820010,,2025-08-11 03:20:00,10,5,0,0,0,1,2,1,1,0,0,0,0,0,0,0,0,5,5,0,,,,2025-08-11 03:20:00
G000551044000920010,G000551044000820010,,2025-08-11 03:25:00,17,12,0,0,0,2,2,0,1,0,0,0,0,0,0,0,0,12,5,0,,,,2025-08-11 03:25:00
G000551044000920010,G000551044000820010,,2025-08-11 03:30:00,15,9,0,0,0,1,4,1,0,0,0,0,0,0,0,0,0,9,6,0,,,,2025-08-11 03:30:00
G000551044000920010,G000551044000820010,,2025-08-11 03:35:00,14,7,0,0,0,1,3,3,0,0,0,0,0,0,0,0,0,7,7,0,,,,2025-08-11 03:35:00
G000551044000920010,G000551044000820010,,2025-08-11 03:40:00,22,13,0,0,0,5,3,1,0,0,0,0,0,0,0,0,0,13,9,0,,,,2025-08-11 03:40:00
G000551044000920010,G000551044000820010,,2025-08-11 03:45:00,8,5,0,0,0,3,0,0,0,0,0,0,0,0,0,0,0,5,3,0,,,,2025-08-11 03:45:00
G000551044000920010,G000551044000820010,,2025-08-11 03:50:00,13,6,0,0,0,2,3,1,1,0,0,0,0,0,0,0,0,6,7,0,,,,2025-08-11 03:50:00
G000551044000920010,G000551044000820010,,2025-08-11 03:55:00,11,7,0,0,0,2,2,0,0,0,0,0,0,0,0,0,0,7,4,0,,,,2025-08-11 03:55:00
G000551044001010010,G000551044001110010,,2025-08-11 03:00:00,22,12,0,0,0,4,3,2,0,0,1,0,0,0,0,0,0,12,10,0,,,,2025-08-11 03:00:00
G000551044001010010,G000551044001110010,,2025-08-11 03:05:00,16,5,0,0,0,0,1,3,0,2,5,0,0,0,0,0,0,5,11,0,,,,2025-08-11 03:05:00
G000551044001010010,G000551044001110010,,2025-08-11 03:10:00,16,9,0,0,0,2,1,0,0,0,4,0,0,0,0,0,0,9,7,0,,,,2025-08-11 03:10:00
G000551044001010010,G000551044001110010,,2025-08-11 03:15:00,14,5,0,0,0,1,1,2,1,0,4,0,0,0,0,0,0,5,9,0,,,,2025-08-11 03:15:00
G000551044001010010,G000551044001110010,,2025-08-11 03:20:00,14,7,0,0,0,1,1,3,0,0,2,0,0,0,0,0,0,7,7,0,,,,2025-08-11 03:20:00
G000551044001010010,G000551044001110010,,2025-08-11 03:25:00,18,6,0,0,0,2,1,5,2,0,2,0,0,0,0,0,0,6,12,0,,,,2025-08-11 03:25:00
G000551044001010010,G000551044001110010,,2025-08-11 03:30:00,16,10,0,0,0,0,3,2,0,0,1,0,0,0,0,0,0,10,6,0,,,,2025-08-11 03:30:00
G000551044001010010,G000551044001110010,,2025-08-11 03:35:00,10,8,0,0,0,0,1,0,0,0,1,0,0,0,0,0,0,8,2,0,,,,2025-08-11 03:35:00
G000551044001010010,G000551044001110010,,2025-08-11 03:40:00,19,7,0,0,0,2,2,5,0,0,3,0,0,0,0,0,0,7,12,0,,,,2025-08-11 03:40:00
G000551044001010010,G000551044001110010,,2025-08-11 03:45:00,19,9,0,0,0,2,1,2,1,0,4,0,0,0,0,0,0,9,10,0,,,,2025-08-11 03:45:00
G000551044001010010,G000551044001110010,,2025-08-11 03:50:00,18,6,0,0,0,3,2,3,0,0,4,0,0,0,0,0,0,6,12,0,,,,2025-08-11 03:50:00
G000551044001010010,G000551044001110010,,2025-08-11 03:55:00,17,10,0,0,0,1,0,1,1,0,4,0,0,0,0,0,0,10,7,0,,,,2025-08-11 03:55:00
G000551044001020010,G000551044000920010,,2025-08-11 03:00:00,16,10,0,0,0,4,1,1,0,0,0,0,0,0,0,0,0,10,6,0,,,,2025-08-11 03:00:00
G000551044001020010,G000551044000920010,,2025-08-11 03:05:00,21,10,0,0,0,4,5,2,0,0,0,0,0,0,0,0,0,10,11,0,,,,2025-08-11 03:05:00
G000551044001020010,G000551044000920010,,2025-08-11 03:10:00,14,8,0,0,0,0,4,2,0,0,0,0,0,0,0,0,0,8,6,0,,,,2025-08-11 03:10:00
G000551044001020010,G000551044000920010,,2025-08-11 03:15:00,17,12,0,0,0,2,0,2,1,0,0,0,0,0,0,0,0,12,5,0,,,,2025-08-11 03:15:00
G000551044001020010,G000551044000920010,,2025-08-11 03:20:00,12,7,0,0,0,1,3,0,1,0,0,0,0,0,0,0,0,7,5,0,,,,2025-08-11 03:20:00
G000551044001020010,G000551044000920010,,2025-08-11 03:25:00,25,18,0,0,0,3,3,1,0,0,0,0,0,0,0,0,0,18,7,0,,,,2025-08-11 03:25:00
G000551044001020010,G000551044000920010,,2025-08-11 03:30:00,17,9,0,0,0,1,4,3,0,0,0,0,0,0,0,0,0,9,8,0,,,,2025-08-11 03:30:00
G000551044001020010,G000551044000920010,,2025-08-11 03:35:00,15,7,0,0,0,6,1,1,0,0,0,0,0,0,0,0,0,7,8,0,,,,2025-08-11 03:35:00
G000551044001020010,G000551044000920010,,2025-08-11 03:40:00,19,11,0,0,0,4,3,1,0,0,0,0,0,0,0,0,0,11,8,0,,,,2025-08-11 03:40:00
G000551044001020010,G000551044000920010,,2025-08-11 03:45:00,8,6,0,0,0,0,1,1,0,0,0,0,0,0,0,0,0,6,2,0,,,,2025-08-11 03:45:00
G000551044001020010,G000551044000920010,,2025-08-11 03:50:00,18,8,0,0,0,5,4,0,1,0,0,0,0,0,0,0,0,8,10,0,,,,2025-08-11 03:50:00
G000551044001020010,G000551044000920010,,2025-08-11 03:55:00,12,7,0,0,0,3,2,0,0,0,0,0,0,0,0,0,0,7,5,0,,,,2025-08-11 03:55:00
G000551044001110010,G000551044001210010,,2025-08-11 03:00:00,16,12,0,0,0,1,1,2,0,0,0,0,0,0,0,0,0,12,4,0,,,,2025-08-11 03:00:00
G000551044001110010,G000551044001210010,,2025-08-11 03:05:00,17,6,0,0,0,2,1,1,0,1,6,0,0,0,0,0,0,6,11,0,,,,2025-08-11 03:05:00
G000551044001110010,G000551044001210010,,2025-08-11 03:10:00,15,9,0,0,0,1,0,1,0,2,2,0,0,0,0,0,0,9,6,0,,,,2025-08-11 03:10:00
G000551044001110010,G000551044001210010,,2025-08-11 03:15:00,9,4,0,0,0,1,1,1,1,0,1,0,0,0,0,0,0,4,5,0,,,,2025-08-11 03:15:00
G000551044001110010,G000551044001210010,,2025-08-11 03:20:00,17,10,0,0,0,0,1,3,0,0,3,0,0,0,0,0,0,10,7,0,,,,2025-08-11 03:20:00
G000551044001110010,G000551044001210010,,2025-08-11 03:25:00,14,6,0,0,0,3,1,2,0,0,2,0,0,0,0,0,0,6,8,0,,,,2025-08-11 03:25:00
G000551044001110010,G000551044001210010,,2025-08-11 03:30:00,15,8,0,0,0,0,0,4,1,0,2,0,0,0,0,0,0,8,7,0,,,,2025-08-11 03:30:00
G000551044001110010,G000551044001210010,,2025-08-11 03:35:00,13,10,0,0,0,0,2,0,0,0,1,0,0,0,0,0,0,10,3,0,,,,2025-08-11 03:35:00
G000551044001110010,G000551044001210010,,2025-08-11 03:40:00,15,6,0,0,0,3,1,3,0,0,2,0,0,0,0,0,0,6,9,0,,,,2025-08-11 03:40:00
G000551044001110010,G000551044001210010,,2025-08-11 03:45:00,16,8,0,0,0,1,2,2,0,0,3,0,0,0,0,0,0,8,8,0,,,,2025-08-11 03:45:00
G000551044001110010,G000551044001210010,,2025-08-11 03:50:00,18,8,0,0,0,1,0,3,1,0,5,0,0,0,0,0,0,8,10,0,,,,2025-08-11 03:50:00
G000551044001110010,G000551044001210010,,2025-08-11 03:55:00,20,8,0,0,0,4,2,2,1,0,3,0,0,0,0,0,0,8,12,0,,,,2025-08-11 03:55:00
G000551044001120010,G000551044001020010,,2025-08-11 03:00:00,14,5,0,0,0,4,4,1,0,0,0,0,0,0,0,0,0,5,9,0,,,,2025-08-11 03:00:00
G000551044001120010,G000551044001020010,,2025-08-11 03:05:00,20,8,0,0,0,2,7,3,0,0,0,0,0,0,0,0,0,8,12,0,,,,2025-08-11 03:05:00
G000551044001120010,G000551044001020010,,2025-08-11 03:10:00,13,9,0,0,0,2,1,1,0,0,0,0,0,0,0,0,0,9,4,0,,,,2025-08-11 03:10:00
G000551044001120010,G000551044001020010,,2025-08-11 03:15:00,17,9,0,0,0,1,4,1,2,0,0,0,0,0,0,0,0,9,8,0,,,,2025-08-11 03:15:00
G000551044001120010,G000551044001020010,,2025-08-11 03:20:00,18,13,0,0,0,3,2,0,0,0,0,0,0,0,0,0,0,13,5,0,,,,2025-08-11 03:20:00
G000551044001120010,G000551044001020010,,2025-08-11 03:25:00,19,9,0,0,0,2,6,2,0,0,0,0,0,0,0,0,0,9,10,0,,,,2025-08-11 03:25:00
G000551044001120010,G000551044001020010,,2025-08-11 03:30:00,13,5,0,0,0,2,4,2,0,0,0,0,0,0,0,0,0,5,8,0,,,,2025-08-11 03:30:00
G000551044001120010,G000551044001020010,,2025-08-11 03:35:00,17,8,0,0,0,4,3,2,0,0,0,0,0,0,0,0,0,8,9,0,,,,2025-08-11 03:35:00
G000551044001120010,G000551044001020010,,2025-08-11 03:40:00,9,5,0,0,0,3,1,0,0,0,0,0,0,0,0,0,0,5,4,0,,,,2025-08-11 03:40:00
G000551044001120010,G000551044001020010,,2025-08-11 03:45:00,11,5,0,0,0,4,2,0,0,0,0,0,0,0,0,0,0,5,6,0,,,,2025-08-11 03:45:00
G000551044001120010,G000551044001020010,,2025-08-11 03:50:00,11,6,0,0,0,3,2,0,0,0,0,0,0,0,0,0,0,6,5,0,,,,2025-08-11 03:50:00
G000551044001120010,G000551044001020010,,2025-08-11 03:55:00,11,5,0,0,0,2,4,0,0,0,0,0,0,0,0,0,0,5,6,0,,,,2025-08-11 03:55:00
G000551044001210010,G000551044001310010,,2025-08-11 03:00:00,12,9,0,0,0,3,0,0,0,0,0,0,0,0,0,0,0,9,3,0,,,,2025-08-11 03:00:00
G000551044001210010,G000551044001310010,,2025-08-11 03:05:00,13,8,0,0,0,2,1,1,0,0,1,0,0,0,0,0,0,8,5,0,,,,2025-08-11 03:05:00
G000551044001210010,G000551044001310010,,2025-08-11 03:10:00,15,6,0,0,0,1,0,2,0,2,4,0,0,0,0,0,0,6,9,0,,,,2025-08-11 03:10:00
G000551044001210010,G000551044001310010,,2025-08-11 03:15:00,5,2,0,0,0,0,1,0,0,0,2,0,0,0,0,0,0,2,3,0,,,,2025-08-11 03:15:00
G000551044001210010,G000551044001310010,,2025-08-11 03:20:00,15,6,0,0,0,3,1,3,0,0,2,0,0,0,0,0,0,6,9,0,,,,2025-08-11 03:20:00
G000551044001210010,G000551044001310010,,2025-08-11 03:25:00,8,5,0,0,0,0,1,0,0,0,2,0,0,0,0,0,0,5,3,0,,,,2025-08-11 03:25:00
G000551044001210010,G000551044001310010,,2025-08-11 03:30:00,10,7,0,0,0,1,0,1,0,0,1,0,0,0,0,0,0,7,3,0,,,,2025-08-11 03:30:00
G000551044001210010,G000551044001310010,,2025-08-11 03:35:00,11,8,0,0,0,0,1,1,0,0,1,0,0,0,0,0,0,8,3,0,,,,2025-08-11 03:35:00
G000551044001210010,G000551044001310010,,2025-08-11 03:40:00,8,4,0,0,0,2,0,1,0,0,1,0,0,0,0,0,0,4,4,0,,,,2025-08-11 03:40:00
G000551044001210010,G000551044001310010,,2025-08-11 03:45:00,11,4,0,0,0,0,2,4,0,0,1,0,0,0,0,0,0,4,7,0,,,,2025-08-11 03:45:00
G000551044001210010,G000551044001310010,,2025-08-11 03:50:00,14,7,0,0,0,1,0,2,1,0,3,0,0,0,0,0,0,7,7,0,,,,2025-08-11 03:50:00
G000551044001210010,G000551044001310010,,2025-08-11 03:55:00,15,5,0,0,0,2,2,3,1,0,2,0,0,0,0,0,0,5,10,0,,,,2025-08-11 03:55:00
G000551044001220010,G000551044001120010,,2025-08-11 03:00:00,20,9,0,0,0,3,7,1,0,0,0,0,0,0,0,0,0,9,11,0,,,,2025-08-11 03:00:00
G000551044001220010,G000551044001120010,,2025-08-11 03:05:00,20,11,0,0,0,1,5,3,0,0,0,0,0,0,0,0,0,11,9,0,,,,2025-08-11 03:05:00
G000551044001220010,G000551044001120010,,2025-08-11 03:10:00,16,11,0,0,0,2,1,1,1,0,0,0,0,0,0,0,0,11,5,0,,,,2025-08-11 03:10:00
G000551044001220010,G000551044001120010,,2025-08-11 03:15:00,19,10,0,0,0,3,4,1,1,0,0,0,0,0,0,0,0,10,9,0,,,,2025-08-11 03:15:00
G000551044001220010,G000551044001120010,,2025-08-11 03:20:00,19,12,0,0,0,3,3,1,0,0,0,0,0,0,0,0,0,12,7,0,,,,2025-08-11 03:20:00
G000551044001220010,G000551044001120010,,2025-08-11 03:25:00,20,10,0,0,0,3,5,2,0,0,0,0,0,0,0,0,0,10,10,0,,,,2025-08-11 03:25:00
G000551044001220010,G000551044001120010,,2025-08-11 03:30:00,18,9,0,0,0,4,3,2,0,0,0,0,0,0,0,0,0,9,9,0,,,,2025-08-11 03:30:00
G000551044001220010,G000551044001120010,,2025-08-11 03:35:00,24,11,0,0,0,8,4,1,0,0,0,0,0,0,0,0,0,11,13,0,,,,2025-08-11 03:35:00
G000551044001220010,G000551044001120010,,2025-08-11 03:40:00,10,8,0,0,0,1,1,0,0,0,0,0,0,0,0,0,0,8,2,0,,,,2025-08-11 03:40:00
G000551044001220010,G000551044001120010,,2025-08-11 03:45:00,15,8,0,0,0,5,2,0,0,0,0,0,0,0,0,0,0,8,7,0,,,,2025-08-11 03:45:00
G000551044001220010,G000551044001120010,,2025-08-11 03:50:00,11,8,0,0,0,2,1,0,0,0,0,0,0,0,0,0,0,8,3,0,,,,2025-08-11 03:50:00
G000551044001220010,G000551044001120010,,2025-08-11 03:55:00,15,7,0,0,0,4,4,0,0,0,0,0,0,0,0,0,0,7,8,0,,,,2025-08-11 03:55:00
G000551044001310010,G000551044001410010,,2025-08-11 03:00:00,13,7,0,0,0,4,1,1,0,0,0,0,0,0,0,0,0,7,6,0,,,,2025-08-11 03:00:00
G000551044001310010,G000551044001410010,,2025-08-11 03:05:00,22,12,0,0,0,7,3,0,0,0,0,0,0,0,0,0,0,12,10,0,,,,2025-08-11 03:05:00
G000551044001310010,G000551044001410010,,2025-08-11 03:10:00,22,11,0,0,0,3,5,2,0,0,1,0,0,0,0,0,0,11,11,0,,,,2025-08-11 03:10:00
G000551044001310010,G000551044001410010,,2025-08-11 03:15:00,18,6,0,0,0,1,5,2,0,1,3,0,0,0,0,0,0,6,12,0,,,,2025-08-11 03:15:00
G000551044001310010,G000551044001410010,,2025-08-11 03:20:00,11,6,0,0,0,2,2,0,0,0,1,0,0,0,0,0,0,6,5,0,,,,2025-08-11 03:20:00
G000551044001310010,G000551044001410010,,2025-08-11 03:25:00,23,11,0,0,0,4,1,6,0,0,1,0,0,0,0,0,0,11,12,0,,,,2025-08-11 03:25:00
G000551044001310010,G000551044001410010,,2025-08-11 03:30:00,24,8,0,0,0,8,1,5,0,0,2,0,0,0,0,0,0,8,16,0,,,,2025-08-11 03:30:00
G000551044001310010,G000551044001410010,,2025-08-11 03:35:00,20,11,0,0,0,3,1,2,1,0,2,0,0,0,0,0,0,11,9,0,,,,2025-08-11 03:35:00
G000551044001310010,G000551044001410010,,2025-08-11 03:40:00,17,8,0,0,0,1,2,6,0,0,0,0,0,0,0,0,0,8,9,0,,,,2025-08-11 03:40:00
G000551044001310010,G000551044001410010,,2025-08-11 03:45:00,20,10,0,0,0,3,4,2,0,0,1,0,0,0,0,0,0,10,10,0,,,,2025-08-11 03:45:00
G000551044001310010,G000551044001410010,,2025-08-11 03:50:00,26,11,0,0,0,8,2,4,0,0,1,0,0,0,0,0,0,11,15,0,,,,2025-08-11 03:50:00
G000551044001310010,G000551044001410010,,2025-08-11 03:55:00,25,11,0,0,0,5,0,4,1,0,4,0,0,0,0,0,0,11,14,0,,,,2025-08-11 03:55:00
G000551044001320010,G000551044001220010,,2025-08-11 03:00:00,22,10,0,0,0,4,5,3,0,0,0,0,0,0,0,0,0,10,12,0,,,,2025-08-11 03:00:00
G000551044001320010,G000551044001220010,,2025-08-11 03:05:00,15,8,0,0,0,4,0,2,1,0,0,0,0,0,0,0,0,8,7,0,,,,2025-08-11 03:05:00
G000551044001320010,G000551044001220010,,2025-08-11 03:10:00,23,13,0,0,0,7,1,2,0,0,0,0,0,0,0,0,0,13,10,0,,,,2025-08-11 03:10:00
G000551044001320010,G000551044001220010,,2025-08-11 03:15:00,23,14,0,0,0,5,3,1,0,0,0,0,0,0,0,0,0,14,9,0,,,,2025-08-11 03:15:00
G000551044001320010,G000551044001220010,,2025-08-11 03:20:00,26,11,0,0,0,9,2,4,0,0,0,0,0,0,0,0,0,11,15,0,,,,2025-08-11 03:20:00
G000551044001320010,G000551044001220010,,2025-08-11 03:25:00,10,5,0,0,0,4,1,0,0,0,0,0,0,0,0,0,0,5,5,0,,,,2025-08-11 03:25:00
G000551044001320010,G000551044001220010,,2025-08-11 03:30:00,31,13,0,0,0,11,5,2,0,0,0,0,0,0,0,0,0,13,18,0,,,,2025-08-11 03:30:00
G000551044001320010,G000551044001220010,,2025-08-11 03:35:00,15,8,0,0,0,2,4,1,0,0,0,0,0,0,0,0,0,8,7,0,,,,2025-08-11 03:35:00
G000551044001320010,G000551044001220010,,2025-08-11 03:40:00,17,10,0,0,0,4,2,1,0,0,0,0,0,0,0,0,0,10,7,0,,,,2025-08-11 03:40:00
G000551044001320010,G000551044001220010,,2025-08-11 03:45:00,18,7,0,0,0,5,3,2,1,0,0,0,0,0,0,0,0,7,11,0,,,,2025-08-11 03:45:00
G000551044001320010,G000551044001220010,,2025-08-11 03:50:00,18,7,0,0,0,6,4,1,0,0,0,0,0,0,0,0,0,7,11,0,,,,2025-08-11 03:50:00
G000551044001320010,G000551044001220010,,2025-08-11 03:55:00,13,7,0,0,0,5,0,1,0,0,0,0,0,0,0,0,0,7,6,0,,,,2025-08-11 03:55:00
G000551044001420010,G000551044001320010,,2025-08-11 03:00:00,17,10,0,0,0,4,0,2,1,0,0,0,0,0,0,0,0,10,7,0,,,,2025-08-11 03:00:00
G000551044001420010,G000551044001320010,,2025-08-11 03:05:00,22,13,0,0,0,6,1,2,0,0,0,0,0,0,0,0,0,13,9,0,,,,2025-08-11 03:05:00
G000551044001420010,G000551044001320010,,2025-08-11 03:10:00,25,14,0,0,0,6,4,1,0,0,0,0,0,0,0,0,0,14,11,0,,,,2025-08-11 03:10:00
G000551044001420010,G000551044001320010,,2025-08-11 03:15:00,31,19,0,0,0,7,1,4,0,0,0,0,0,0,0,0,0,19,12,0,,,,2025-08-11 03:15:00
G000551044001420010,G000551044001320010,,2025-08-11 03:20:00,16,10,0,0,0,4,2,0,0,0,0,0,0,0,0,0,0,10,6,0,,,,2025-08-11 03:20:00
G000551044001420010,G000551044001320010,,2025-08-11 03:25:00,30,13,0,0,0,10,5,2,0,0,0,0,0,0,0,0,0,13,17,0,,,,2025-08-11 03:25:00
G000551044001420010,G000551044001320010,,2025-08-11 03:30:00,19,11,0,0,0,2,4,2,0,0,0,0,0,0,0,0,0,11,8,0,,,,2025-08-11 03:30:00
G000551044001420010,G000551044001320010,,2025-08-11 03:35:00,17,10,0,0,0,4,2,1,0,0,0,0,0,0,0,0,0,10,7,0,,,,2025-08-11 03:35:00
G000551044001420010,G000551044001320010,,2025-08-11 03:40:00,21,10,0,0,0,4,3,3,1,0,0,0,0,0,0,0,0,10,11,0,,,,2025-08-11 03:40:00
G000551044001420010,G000551044001320010,,2025-08-11 03:45:00,16,6,0,0,0,6,3,1,0,0,0,0,0,0,0,0,0,6,10,0,,,,2025-08-11 03:45:00
G000551044001420010,G000551044001320010,,2025-08-11 03:50:00,14,6,0,0,0,6,1,1,0,0,0,0,0,0,0,0,0,6,8,0,,,,2025-08-11 03:50:00
G000551044001420010,G000551044001320010,,2025-08-11 03:55:00,25,15,0,0,0,3,4,3,0,0,0,0,0,0,0,0,0,15,10,0,,,,2025-08-11 03:55:00
G000551044002810010,G000551044000610010,,2025-08-11 03:00:00,8,5,0,0,0,0,0,1,0,0,2,0,0,0,0,0,0,5,3,0,,,,2025-08-11 03:00:00
G000551044002810010,G000551044000610010,,2025-08-11 03:05:00,16,6,0,0,0,4,1,2,0,1,2,0,0,0,0,0,0,6,10,0,,,,2025-08-11 03:05:00
G000551044002810010,G000551044000610010,,2025-08-11 03:10:00,17,8,0,0,0,1,3,3,0,0,2,0,0,0,0,0,0,8,9,0,,,,2025-08-11 03:10:00
G000551044002810010,G000551044000610010,,2025-08-11 03:15:00,17,5,0,0,0,1,1,2,1,0,7,0,0,0,0,0,0,5,12,0,,,,2025-08-11 03:15:00
G000551044002810010,G000551044000610010,,2025-08-11 03:20:00,15,7,0,0,0,1,1,1,1,0,4,0,0,0,0,0,0,7,8,0,,,,2025-08-11 03:20:00
G000551044002810010,G000551044000610010,,2025-08-11 03:25:00,11,4,0,0,0,1,0,1,0,0,5,0,0,0,0,0,0,4,7,0,,,,2025-08-11 03:25:00
G000551044002810010,G000551044000610010,,2025-08-11 03:30:00,12,3,0,0,0,1,0,2,0,2,4,0,0,0,0,0,0,3,9,0,,,,2025-08-11 03:30:00
G000551044002810010,G000551044000610010,,2025-08-11 03:35:00,9,4,0,0,0,3,1,1,0,0,0,0,0,0,0,0,0,4,5,0,,,,2025-08-11 03:35:00
G000551044002810010,G000551044000610010,,2025-08-11 03:40:00,15,6,0,0,0,0,1,3,1,2,2,0,0,0,0,0,0,6,9,0,,,,2025-08-11 03:40:00
G000551044002810010,G000551044000610010,,2025-08-11 03:45:00,5,2,0,0,0,0,0,3,0,0,0,0,0,0,0,0,0,2,3,0,,,,2025-08-11 03:45:00
G000551044002810010,G000551044000610010,,2025-08-11 03:50:00,19,7,0,0,0,2,0,3,1,3,3,0,0,0,0,0,0,7,12,0,,,,2025-08-11 03:50:00
G000551044002810010,G000551044000610010,,2025-08-11 03:55:00,12,3,0,0,0,1,4,1,0,0,3,0,0,0,0,0,0,3,9,0,,,,2025-08-11 03:55:00
G000551044002820010,G000551044000520010,,2025-08-11 03:00:00,8,2,0,0,0,4,1,1,0,0,0,0,0,0,0,0,0,2,6,0,,,,2025-08-11 03:00:00
G000551044002820010,G000551044000520010,,2025-08-11 03:05:00,15,5,0,0,0,4,6,0,0,0,0,0,0,0,0,0,0,5,10,0,,,,2025-08-11 03:05:00
G000551044002820010,G000551044000520010,,2025-08-11 03:10:00,12,6,0,0,0,1,4,0,0,0,0,1,0,0,0,0,0,6,5,1,,,,2025-08-11 03:10:00
G000551044002820010,G000551044000520010,,2025-08-11 03:15:00,16,10,0,0,0,1,4,1,0,0,0,0,0,0,0,0,0,10,6,0,,,,2025-08-11 03:15:00
G000551044002820010,G000551044000520010,,2025-08-11 03:20:00,9,1,1,0,0,3,2,2,0,0,0,0,0,0,0,0,0,2,7,0,,,,2025-08-11 03:20:00
G000551044002820010,G000551044000520010,,2025-08-11 03:25:00,11,3,0,0,0,2,4,2,0,0,0,0,0,0,0,0,0,3,8,0,,,,2025-08-11 03:25:00
G000551044002820010,G000551044000520010,,2025-08-11 03:30:00,10,2,0,0,0,2,4,2,0,0,0,0,0,0,0,0,0,2,8,0,,,,2025-08-11 03:30:00
G000551044002820010,G000551044000520010,,2025-08-11 03:35:00,14,7,0,0,0,3,3,0,1,0,0,0,0,0,0,0,0,7,7,0,,,,2025-08-11 03:35:00
G000551044002820010,G000551044000520010,,2025-08-11 03:40:00,10,4,0,0,0,0,5,1,0,0,0,0,0,0,0,0,0,4,6,0,,,,2025-08-11 03:40:00
G000551044002820010,G000551044000520010,,2025-08-11 03:45:00,12,9,0,0,0,1,1,1,0,0,0,0,0,0,0,0,0,9,3,0,,,,2025-08-11 03:45:00
G000551044002820010,G000551044000520010,,2025-08-11 03:50:00,9,4,0,0,0,2,2,1,0,0,0,0,0,0,0,0,0,4,5,0,,,,2025-08-11 03:50:00
G000551044002820010,G000551044000520010,,2025-08-11 03:55:00,8,4,0,0,0,2,2,0,0,0,0,0,0,0,0,0,0,4,4,0,,,,2025-08-11 03:55:00
G007651003000120010,G007651003000220010,,2025-08-11 03:00:00,3,0,0,0,0,0,1,2,0,0,0,0,0,0,0,0,0,0,3,0,,,,2025-08-11 03:00:00
G007651003000120010,G007651003000220010,,2025-08-11 03:05:00,5,2,0,0,0,2,1,0,0,0,0,0,0,0,0,0,0,2,3,0,,,,2025-08-11 03:05:00
G007651003000120010,G007651003000220010,,2025-08-11 03:10:00,4,2,0,0,0,0,1,1,0,0,0,0,0,0,0,0,0,2,2,0,,,,2025-08-11 03:10:00
G007651003000120010,G007651003000220010,,2025-08-11 03:20:00,5,1,0,0,0,1,2,1,0,0,0,0,0,0,0,0,0,1,4,0,,,,2025-08-11 03:20:00
G007651003000120010,G007651003000220010,,2025-08-11 03:25:00,8,7,0,0,0,0,1,0,0,0,0,0,0,0,0,0,0,7,1,0,,,,2025-08-11 03:25:00
G007651003000120010,G007651003000220010,,2025-08-11 03:30:00,1,0,0,0,0,0,1,0,0,0,0,0,0,0,0,0,0,0,1,0,,,,2025-08-11 03:30:00
G007651003000120010,G007651003000220010,,2025-08-11 03:35:00,7,3,0,0,0,1,2,0,1,0,0,0,0,0,0,0,0,3,4,0,,,,2025-08-11 03:35:00
G007651003000120010,G007651003000220010,,2025-08-11 03:40:00,4,2,0,0,0,0,1,1,0,0,0,0,0,0,0,0,0,2,2,0,,,,2025-08-11 03:40:00
G007651003000120010,G007651003000220010,,2025-08-11 03:45:00,7,2,0,0,0,2,2,1,0,0,0,0,0,0,0,0,0,2,5,0,,,,2025-08-11 03:45:00
G007651003000120010,G007651003000220010,,2025-08-11 03:50:00,5,2,0,0,0,0,2,1,0,0,0,0,0,0,0,0,0,2,3,0,,,,2025-08-11 03:50:00
G007651003000120010,G007651003000220010,,2025-08-11 03:55:00,1,1,0,0,0,0,0,0,0,0,0,0,0,0,0,0,0,1,0,0,,,,2025-08-11 03:55:00
G007651003000210010,G007651003000110010,,2025-08-11 03:00:00,6,5,0,0,0,0,0,0,0,0,0,1,0,0,0,0,0,5,0,1,,,,2025-08-11 03:00:00
G007651003000210010,G007651003000110010,,2025-08-11 03:05:00,7,7,0,0,0,0,0,0,0,0,0,0,0,0,0,0,0,7,0,0,,,,2025-08-11 03:05:00
G007651003000210010,G007651003000110010,,2025-08-11 03:10:00,9,7,0,0,0,1,1,0,0,0,0,0,0,0,0,0,0,7,2,0,,,,2025-08-11 03:10:00
G007651003000210010,G007651003000110010,,2025-08-11 03:15:00,8,7,0,0,0,1,0,0,0,0,0,0,0,0,0,0,0,7,1,0,,,,2025-08-11 03:15:00
G007651003000210010,G007651003000110010,,2025-08-11 03:20:00,4,1,0,0,0,0,1,0,0,0,2,0,0,0,0,0,0,1,3,0,,,,2025-08-11 03:20:00
G007651003000210010,G007651003000110010,,2025-08-11 03:25:00,8,7,0,0,0,0,0,1,0,0,0,0,0,0,0,0,0,7,1,0,,,,2025-08-11 03:25:00
G007651003000210010,G007651003000110010,,2025-08-11 03:30:00,12,10,0,0,0,2,0,0,0,0,0,0,0,0,0,0,0,10,2,0,,,,2025-08-11 03:30:00
G007651003000210010,G007651003000110010,,2025-08-11 03:35:00,9,5,0,0,0,0,2,0,1,0,1,0,0,0,0,0,0,5,4,0,,,,2025-08-11 03:35:00
G007651003000210010,G007651003000110010,,2025-08-11 03:40:00,6,2,0,0,1,1,1,0,1,0,0,0,0,0,0,0,0,3,3,0,,,,2025-08-11 03:40:00
G007651003000210010,G007651003000110010,,2025-08-11 03:45:00,9,6,0,0,0,0,1,1,0,0,1,0,0,0,0,0,0,6,3,0,,,,2025-08-11 03:45:00
G007651003000210010,G007651003000110010,,2025-08-11 03:50:00,6,5,0,0,0,0,0,0,1,0,0,0,0,0,0,0,0,5,1,0,,,,2025-08-11 03:50:00
G007651003000210010,G007651003000110010,,2025-08-11 03:55:00,8,6,0,0,0,1,1,0,0,0,0,0,0,0,0,0,0,6,2,0,,,,2025-08-11 03:55:00
G007651003000220010,G007651003000320010,,2025-08-11 03:00:00,2,1,0,0,0,0,1,0,0,0,0,0,0,0,0,0,0,1,1,0,,,,2025-08-11 03:00:00
G007651003000220010,G007651003000320010,,2025-08-11 03:05:00,2,1,0,0,0,0,1,0,0,0,0,0,0,0,0,0,0,1,1,0,,,,2025-08-11 03:05:00
G007651003000220010,G007651003000320010,,2025-08-11 03:10:00,4,1,0,0,0,0,1,2,0,0,0,0,0,0,0,0,0,1,3,0,,,,2025-08-11 03:10:00
G007651003000220010,G007651003000320010,,2025-08-11 03:15:00,4,1,0,0,0,2,1,0,0,0,0,0,0,0,0,0,0,1,3,0,,,,2025-08-11 03:15:00
G007651003000220010,G007651003000320010,,2025-08-11 03:20:00,3,1,0,0,0,0,1,1,0,0,0,0,0,0,0,0,0,1,2,0,,,,2025-08-11 03:20:00
G007651003000220010,G007651003000320010,,2025-08-11 03:25:00,1,1,0,0,0,0,0,0,0,0,0,0,0,0,0,0,0,1,0,0,,,,2025-08-11 03:25:00
G007651003000220010,G007651003000320010,,2025-08-11 03:30:00,1,0,0,0,0,1,0,0,0,0,0,0,0,0,0,0,0,0,1,0,,,,2025-08-11 03:30:00
G007651003000220010,G007651003000320010,,2025-08-11 03:35:00,11,7,0,0,0,0,3,1,0,0,0,0,0,0,0,0,0,7,4,0,,,,2025-08-11 03:35:00
G007651003000220010,G007651003000320010,,2025-08-11 03:40:00,3,1,0,0,0,0,1,0,1,0,0,0,0,0,0,0,0,1,2,0,,,,2025-08-11 03:40:00
G007651003000220010,G007651003000320010,,2025-08-11 03:45:00,7,4,0,0,0,1,2,0,0,0,0,0,0,0,0,0,0,4,3,0,,,,2025-08-11 03:45:00
G007651003000220010,G007651003000320010,,2025-08-11 03:50:00,3,0,0,0,0,0,1,1,0,0,0,1,0,0,0,0,0,0,2,1,,,,2025-08-11 03:50:00
G007651003000220010,G007651003000320010,,2025-08-11 03:55:00,8,3,0,0,0,2,2,1,0,0,0,0,0,0,0,0,0,3,5,0,,,,2025-08-11 03:55:00
G007651003000310010,G007651003000210010,,2025-08-11 03:00:00,7,5,0,0,0,0,1,0,0,0,1,0,0,0,0,0,0,5,2,0,,,,2025-08-11 03:00:00
G007651003000310010,G007651003000210010,,2025-08-11 03:05:00,4,3,0,0,0,0,0,1,0,0,0,0,0,0,0,0,0,3,1,0,,,,2025-08-11 03:05:00
G007651003000310010,G007651003000210010,,2025-08-11 03:10:00,12,9,0,0,0,1,1,0,1,0,0,0,0,0,0,0,0,9,3,0,,,,2025-08-11 03:10:00
G007651003000310010,G007651003000210010,,2025-08-11 03:15:00,6,4,0,0,0,0,1,0,0,0,1,0,0,0,0,0,0,4,2,0,,,,2025-08-11 03:15:00
G007651003000310010,G007651003000210010,,2025-08-11 03:20:00,12,5,0,0,1,1,2,1,1,0,1,0,0,0,0,0,0,6,6,0,,,,2025-08-11 03:20:00
G007651003000310010,G007651003000210010,,2025-08-11 03:25:00,6,5,0,0,0,0,0,0,0,0,1,0,0,0,0,0,0,5,1,0,,,,2025-08-11 03:25:00
G007651003000310010,G007651003000210010,,2025-08-11 03:30:00,5,4,0,0,0,0,0,0,1,0,0,0,0,0,0,0,0,4,1,0,,,,2025-08-11 03:30:00
G007651003000310010,G007651003000210010,,2025-08-11 03:35:00,9,7,0,0,0,1,1,0,0,0,0,0,0,0,0,0,0,7,2,0,,,,2025-08-11 03:35:00
G007651003000310010,G007651003000210010,,2025-08-11 03:40:00,9,5,0,0,0,0,0,2,1,0,1,0,0,0,0,0,0,5,4,0,,,,2025-08-11 03:40:00
G007651003000310010,G007651003000210010,,2025-08-11 03:45:00,6,3,0,0,0,0,1,1,0,0,1,0,0,0,0,0,0,3,3,0,,,,2025-08-11 03:45:00
G007651003000310010,G007651003000210010,,2025-08-11 03:50:00,7,5,0,0,0,1,0,1,0,0,0,0,0,0,0,0,0,5,2,0,,,,2025-08-11 03:50:00
G007651003000310010,G007651003000210010,,2025-08-11 03:55:00,7,3,0,0,0,2,1,1,0,0,0,0,0,0,0,0,0,3,4,0,,,,2025-08-11 03:55:00
G007651003000320010,G007651003000420010,,2025-08-11 03:00:00,4,3,0,0,0,0,1,0,0,0,0,0,0,0,0,0,0,3,1,0,,,,2025-08-11 03:00:00
G007651003000320010,G007651003000420010,,2025-08-11 03:05:00,8,3,0,0,0,0,2,1,1,0,1,0,0,0,0,0,0,3,5,0,,,,2025-08-11 03:05:00
G007651003000320010,G007651003000420010,,2025-08-11 03:10:00,6,3,0,0,0,0,1,2,0,0,0,0,0,0,0,0,0,3,3,0,,,,2025-08-11 03:10:00
G007651003000320010,G007651003000420010,,2025-08-11 03:15:00,1,0,0,0,0,0,0,1,0,0,0,0,0,0,0,0,0,0,1,0,,,,2025-08-11 03:15:00
G007651003000320010,G007651003000420010,,2025-08-11 03:20:00,3,2,0,0,0,0,1,0,0,0,0,0,0,0,0,0,0,2,1,0,,,,2025-08-11 03:20:00
G007651003000320010,G007651003000420010,,2025-08-11 03:25:00,2,0,0,0,0,1,1,0,0,0,0,0,0,0,0,0,0,0,2,0,,,,2025-08-11 03:25:00
G007651003000320010,G007651003000420010,,2025-08-11 03:30:00,3,2,0,0,0,0,0,1,0,0,0,0,0,0,0,0,0,2,1,0,,,,2025-08-11 03:30:00
G007651003000320010,G007651003000420010,,2025-08-11 03:35:00,5,1,0,0,0,1,2,1,0,0,0,0,0,0,0,0,0,1,4,0,,,,2025-08-11 03:35:00
G007651003000320010,G007651003000420010,,2025-08-11 03:40:00,3,1,0,0,0,1,0,1,0,0,0,0,0,0,0,0,0,1,2,0,,,,2025-08-11 03:40:00
G007651003000320010,G007651003000420010,,2025-08-11 03:45:00,2,0,0,0,0,1,1,0,0,0,0,0,0,0,0,0,0,0,2,0,,,,2025-08-11 03:45:00
G007651003000320010,G007651003000420010,,2025-08-11 03:50:00,6,5,0,0,0,1,0,0,0,0,0,0,0,0,0,0,0,5,1,0,,,,2025-08-11 03:50:00
G007651003000320010,G007651003000420010,,2025-08-11 03:55:00,5,2,0,0,0,0,2,1,0,0,0,0,0,0,0,0,0,2,3,0,,,,2025-08-11 03:55:00
G007651003000410010,G007651003000310010,,2025-08-11 03:00:00,4,3,0,0,0,0,0,1,0,0,0,0,0,0,0,0,0,3,1,0,,,,2025-08-11 03:00:00
G007651003000410010,G007651003000310010,,2025-08-11 03:05:00,12,9,0,0,0,1,1,0,1,0,0,0,0,0,0,0,0,9,3,0,,,,2025-08-11 03:05:00
G007651003000410010,G007651003000310010,,2025-08-11 03:10:00,6,4,0,0,0,0,1,0,0,0,1,0,0,0,0,0,0,4,2,0,,,,2025-08-11 03:10:00
G007651003000410010,G007651003000310010,,2025-08-11 03:15:00,11,4,0,0,1,1,2,1,1,0,1,0,0,0,0,0,0,5,6,0,,,,2025-08-11 03:15:00
G007651003000410010,G007651003000310010,,2025-08-11 03:20:00,8,7,0,0,0,0,0,0,0,0,1,0,0,0,0,0,0,7,1,0,,,,2025-08-11 03:20:00
G007651003000410010,G007651003000310010,,2025-08-11 03:25:00,6,5,0,0,0,0,0,0,1,0,0,0,0,0,0,0,0,5,1,0,,,,2025-08-11 03:25:00
G007651003000410010,G007651003000310010,,2025-08-11 03:30:00,8,6,0,0,0,1,1,0,0,0,0,0,0,0,0,0,0,6,2,0,,,,2025-08-11 03:30:00
G007651003000410010,G007651003000310010,,2025-08-11 03:35:00,6,2,0,0,0,0,0,2,1,0,1,0,0,0,0,0,0,2,4,0,,,,2025-08-11 03:35:00
G007651003000410010,G007651003000310010,,2025-08-11 03:40:00,10,7,0,0,0,0,1,1,0,0,1,0,0,0,0,0,0,7,3,0,,,,2025-08-11 03:40:00
G007651003000410010,G007651003000310010,,2025-08-11 03:45:00,6,3,0,0,0,1,0,1,0,0,1,0,0,0,0,0,0,3,3,0,,,,2025-08-11 03:45:00
G007651003000410010,G007651003000310010,,2025-08-11 03:50:00,9,4,0,0,0,3,1,1,0,0,0,0,0,0,0,0,0,4,5,0,,,,2025-08-11 03:50:00
G007651003000410010,G007651003000310010,,2025-08-11 03:55:00,6,3,0,0,0,0,0,2,0,0,1,0,0,0,0,0,0,3,3,0,,,,2025-08-11 03:55:00
G007651003000420010,G007651003000520010,,2025-08-11 03:00:00,6,4,0,0,0,0,1,1,0,0,0,0,0,0,0,0,0,4,2,0,,,,2025-08-11 03:00:00
G007651003000420010,G007651003000520010,,2025-08-11 03:05:00,5,2,0,0,0,1,1,0,0,0,1,0,0,0,0,0,0,2,3,0,,,,2025-08-11 03:05:00
G007651003000420010,G007651003000520010,,2025-08-11 03:10:00,6,3,0,0,0,0,2,1,0,0,0,0,0,0,0,0,0,3,3,0,,,,2025-08-11 03:10:00
G007651003000420010,G007651003000520010,,2025-08-11 03:15:00,6,3,0,0,0,0,1,2,0,0,0,0,0,0,0,0,0,3,3,0,,,,2025-08-11 03:15:00
G007651003000420010,G007651003000520010,,2025-08-11 03:20:00,1,0,0,0,0,0,0,1,0,0,0,0,0,0,0,0,0,0,1,0,,,,2025-08-11 03:20:00
G007651003000420010,G007651003000520010,,2025-08-11 03:25:00,4,3,0,0,0,0,1,0,0,0,0,0,0,0,0,0,0,3,1,0,,,,2025-08-11 03:25:00
G007651003000420010,G007651003000520010,,2025-08-11 03:30:00,2,0,0,0,0,1,1,0,0,0,0,0,0,0,0,0,0,0,2,0,,,,2025-08-11 03:30:00
G007651003000420010,G007651003000520010,,2025-08-11 03:35:00,5,4,0,0,0,0,0,1,0,0,0,0,0,0,0,0,0,4,1,0,,,,2025-08-11 03:35:00
G007651003000420010,G007651003000520010,,2025-08-11 03:40:00,4,0,0,0,0,1,2,1,0,0,0,0,0,0,0,0,0,0,4,0,,,,2025-08-11 03:40:00
G007651003000420010,G007651003000520010,,2025-08-11 03:45:00,3,1,0,0,0,1,0,1,0,0,0,0,0,0,0,0,0,1,2,0,,,,2025-08-11 03:45:00
G007651003000420010,G007651003000520010,,2025-08-11 03:50:00,3,1,0,0,0,1,1,0,0,0,0,0,0,0,0,0,0,1,2,0,,,,2025-08-11 03:50:00
G007651003000420010,G007651003000520010,,2025-08-11 03:55:00,5,4,0,0,0,1,0,0,0,0,0,0,0,0,0,0,0,4,1,0,,,,2025-08-11 03:55:00
G007651003000510010,G007651003000410010,,2025-08-11 03:00:00,10,4,0,0,1,0,2,1,0,0,2,0,0,0,0,0,0,5,5,0,,,,2025-08-11 03:00:00
G007651003000510010,G007651003000410010,,2025-08-11 03:05:00,9,6,0,0,0,1,0,0,1,0,1,0,0,0,0,0,0,6,3,0,,,,2025-08-11 03:05:00
G007651003000510010,G007651003000410010,,2025-08-11 03:10:00,9,8,0,0,0,0,0,0,1,0,0,0,0,0,0,0,0,8,1,0,,,,2025-08-11 03:10:00
G007651003000510010,G007651003000410010,,2025-08-11 03:15:00,10,8,0,0,0,1,1,0,0,0,0,0,0,0,0,0,0,8,2,0,,,,2025-08-11 03:15:00
G007651003000510010,G007651003000410010,,2025-08-11 03:20:00,10,4,0,0,0,0,0,3,1,0,2,0,0,0,0,0,0,4,6,0,,,,2025-08-11 03:20:00
G007651003000510010,G007651003000410010,,2025-08-11 03:25:00,9,6,0,0,0,0,1,1,0,0,1,0,0,0,0,0,0,6,3,0,,,,2025-08-11 03:25:00
G007651003000510010,G007651003000410010,,2025-08-11 03:30:00,5,3,0,0,0,1,0,0,0,0,1,0,0,0,0,0,0,3,2,0,,,,2025-08-11 03:30:00
G007651003000510010,G007651003000410010,,2025-08-11 03:35:00,10,4,0,0,0,2,1,2,0,0,1,0,0,0,0,0,0,4,6,0,,,,2025-08-11 03:35:00
G007651003000510010,G007651003000410010,,2025-08-11 03:40:00,7,2,0,0,0,2,2,0,0,0,1,0,0,0,0,0,0,2,5,0,,,,2025-08-11 03:40:00
G007651003000510010,G007651003000410010,,2025-08-11 03:45:00,10,7,0,0,0,2,1,0,0,0,0,0,0,0,0,0,0,7,3,0,,,,2025-08-11 03:45:00
G007651003000510010,G007651003000410010,,2025-08-11 03:50:00,9,7,0,0,0,1,1,0,0,0,0,0,0,0,0,0,0,7,2,0,,,,2025-08-11 03:50:00
G007651003000510010,G007651003000410010,,2025-08-11 03:55:00,9,6,0,0,0,1,0,1,0,0,1,0,0,0,0,0,0,6,3,0,,,,2025-08-11 03:55:00
G007651003000520010,G007651003000620010,,2025-08-11 03:00:00,4,4,0,0,0,0,0,0,0,0,0,0,0,0,0,0,0,4,0,0,,,,2025-08-11 03:00:00
G007651003000520010,G007651003000620010,,2025-08-11 03:05:00,8,5,0,0,0,1,1,1,0,0,0,0,0,0,0,0,0,5,3,0,,,,2025-08-11 03:05:00
G007651003000520010,G007651003000620010,,2025-08-11 03:10:00,5,4,0,0,0,1,0,0,0,0,0,0,0,0,0,0,0,4,1,0,,,,2025-08-11 03:10:00
G007651003000520010,G007651003000620010,,2025-08-11 03:15:00,5,3,0,0,0,0,1,1,0,0,0,0,0,0,0,0,0,3,2,0,,,,2025-08-11 03:15:00
G007651003000520010,G007651003000620010,,2025-08-11 03:20:00,10,6,0,0,0,1,2,0,0,0,1,0,0,0,0,0,0,6,4,0,,,,2025-08-11 03:20:00
G007651003000520010,G007651003000620010,,2025-08-11 03:25:00,8,6,0,0,0,0,2,0,0,0,0,0,0,0,0,0,0,6,2,0,,,,2025-08-11 03:25:00
G007651003000520010,G007651003000620010,,2025-08-11 03:30:00,6,0,0,0,0,1,0,5,0,0,0,0,0,0,0,0,0,0,6,0,,,,2025-08-11 03:30:00
G007651003000520010,G007651003000620010,,2025-08-11 03:35:00,1,0,0,0,0,1,0,0,0,0,0,0,0,0,0,0,0,0,1,0,,,,2025-08-11 03:35:00
G007651003000520010,G007651003000620010,,2025-08-11 03:40:00,4,3,0,0,0,0,0,1,0,0,0,0,0,0,0,0,0,3,1,0,,,,2025-08-11 03:40:00
G007651003000520010,G007651003000620010,,2025-08-11 03:45:00,2,1,0,0,0,0,1,0,0,0,0,0,0,0,0,0,0,1,1,0,,,,2025-08-11 03:45:00
G007651003000520010,G007651003000620010,,2025-08-11 03:50:00,4,3,0,0,0,0,0,1,0,0,0,0,0,0,0,0,0,3,1,0,,,,2025-08-11 03:50:00
G007651003000520010,G007651003000620010,,2025-08-11 03:55:00,4,2,0,0,0,1,1,0,0,0,0,0,0,0,0,0,0,2,2,0,,,,2025-08-11 03:55:00
G007651003000610010,G007651003000510010,,2025-08-11 03:00:00,9,8,0,0,0,0,0,0,1,0,0,0,0,0,0,0,0,8,1,0,,,,2025-08-11 03:00:00
G007651003000610010,G007651003000510010,,2025-08-11 03:05:00,12,9,0,0,0,2,1,0,0,0,0,0,0,0,0,0,0,9,3,0,,,,2025-08-11 03:05:00
G007651003000610010,G007651003000510010,,2025-08-11 03:10:00,10,4,0,0,0,0,0,3,1,0,2,0,0,0,0,0,0,4,6,0,,,,2025-08-11 03:10:00
G007651003000610010,G007651003000510010,,2025-08-11 03:15:00,7,4,0,0,0,0,1,1,0,0,1,0,0,0,0,0,0,4,3,0,,,,2025-08-11 03:15:00
G007651003000610010,G007651003000510010,,2025-08-11 03:20:00,7,5,0,0,0,1,0,0,0,0,1,0,0,0,0,0,0,5,2,0,,,,2025-08-11 03:20:00
G007651003000610010,G007651003000510010,,2025-08-11 03:25:00,10,4,0,0,1,1,1,2,0,0,1,0,0,0,0,0,0,5,5,0,,,,2025-08-11 03:25:00
G007651003000610010,G007651003000510010,,2025-08-11 03:30:00,10,5,0,0,0,2,2,0,0,0,1,0,0,0,0,0,0,5,5,0,,,,2025-08-11 03:30:00
G007651003000610010,G007651003000510010,,2025-08-11 03:35:00,6,4,0,0,0,1,1,0,0,0,0,0,0,0,0,0,0,4,2,0,,,,2025-08-11 03:35:00
G007651003000610010,G007651003000510010,,2025-08-11 03:40:00,8,5,0,0,0,2,1,0,0,0,0,0,0,0,0,0,0,5,3,0,,,,2025-08-11 03:40:00
G007651003000610010,G007651003000510010,,2025-08-11 03:45:00,12,8,0,0,0,1,1,2,0,0,0,0,0,0,0,0,0,8,4,0,,,,2025-08-11 03:45:00
G007651003000610010,G007651003000510010,,2025-08-11 03:50:00,5,2,0,0,0,0,1,0,1,0,1,0,0,0,0,0,0,2,3,0,,,,2025-08-11 03:50:00
G007651003000610010,G007651003000510010,,2025-08-11 03:55:00,7,3,0,0,0,1,2,0,0,0,1,0,0,0,0,0,0,3,4,0,,,,2025-08-11 03:55:00
G007651003000620010,G007651003000720010,,2025-08-11 03:00:00,5,4,0,0,0,0,1,0,0,0,0,0,0,0,0,0,0,4,1,0,,,,2025-08-11 03:00:00
G007651003000620010,G007651003000720010,,2025-08-11 03:05:00,5,4,0,0,0,0,0,0,0,0,1,0,0,0,0,0,0,4,1,0,,,,2025-08-11 03:05:00
G007651003000620010,G007651003000720010,,2025-08-11 03:10:00,6,6,0,0,0,0,0,0,0,0,0,0,0,0,0,0,0,6,0,0,,,,2025-08-11 03:10:00
G007651003000620010,G007651003000720010,,2025-08-11 03:15:00,3,2,0,0,0,0,0,1,0,0,0,0,0,0,0,0,0,2,1,0,,,,2025-08-11 03:15:00
G007651003000620010,G007651003000720010,,2025-08-11 03:20:00,7,5,0,0,0,2,0,0,0,0,0,0,0,0,0,0,0,5,2,0,,,,2025-08-11 03:20:00
G007651003000620010,G007651003000720010,,2025-08-11 03:25:00,5,5,0,0,0,0,0,0,0,0,0,0,0,0,0,0,0,5,0,0,,,,2025-08-11 03:25:00
G007651003000620010,G007651003000720010,,2025-08-11 03:30:00,11,5,0,0,0,1,4,0,0,0,1,0,0,0,0,0,0,5,6,0,,,,2025-08-11 03:30:00
G007651003000620010,G007651003000720010,,2025-08-11 03:35:00,5,3,0,0,0,0,1,1,0,0,0,0,0,0,0,0,0,3,2,0,,,,2025-08-11 03:35:00
G007651003000620010,G007651003000720010,,2025-08-11 03:40:00,2,0,0,0,0,0,0,2,0,0,0,0,0,0,0,0,0,0,2,0,,,,2025-08-11 03:40:00
G007651003000620010,G007651003000720010,,2025-08-11 03:45:00,3,1,0,0,0,1,0,1,0,0,0,0,0,0,0,0,0,1,2,0,,,,2025-08-11 03:45:00
G007651003000620010,G007651003000720010,,2025-08-11 03:50:00,1,0,0,0,0,0,0,1,0,0,0,0,0,0,0,0,0,0,1,0,,,,2025-08-11 03:50:00
G007651003000620010,G007651003000720010,,2025-08-11 03:55:00,5,4,0,0,0,0,1,0,0,0,0,0,0,0,0,0,0,4,1,0,,,,2025-08-11 03:55:00
G007651003000710010,G007651003000610010,,2025-08-11 03:00:00,13,8,0,0,0,0,1,2,1,0,1,0,0,0,0,0,0,8,5,0,,,,2025-08-11 03:00:00
G007651003000710010,G007651003000610010,,2025-08-11 03:05:00,8,4,0,0,0,0,1,2,0,0,1,0,0,0,0,0,0,4,4,0,,,,2025-08-11 03:05:00
G007651003000710010,G007651003000610010,,2025-08-11 03:10:00,7,4,0,0,0,1,1,0,0,0,1,0,0,0,0,0,0,4,3,0,,,,2025-08-11 03:10:00
G007651003000710010,G007651003000610010,,2025-08-11 03:15:00,5,3,0,0,1,1,0,0,0,0,0,0,0,0,0,0,0,4,1,0,,,,2025-08-11 03:15:00
G007651003000710010,G007651003000610010,,2025-08-11 03:20:00,7,4,0,0,0,0,0,1,0,0,2,0,0,0,0,0,0,4,3,0,,,,2025-08-11 03:20:00
G007651003000710010,G007651003000610010,,2025-08-11 03:25:00,5,1,0,0,0,2,2,0,0,0,0,0,0,0,0,0,0,1,4,0,,,,2025-08-11 03:25:00
G007651003000710010,G007651003000610010,,2025-08-11 03:30:00,9,5,0,0,0,1,2,1,0,0,0,0,0,0,0,0,0,5,4,0,,,,2025-08-11 03:30:00
G007651003000710010,G007651003000610010,,2025-08-11 03:35:00,6,4,0,0,0,0,1,1,0,0,0,0,0,0,0,0,0,4,2,0,,,,2025-08-11 03:35:00
G007651003000710010,G007651003000610010,,2025-08-11 03:40:00,6,3,0,0,0,1,1,0,0,0,1,0,0,0,0,0,0,3,3,0,,,,2025-08-11 03:40:00
G007651003000710010,G007651003000610010,,2025-08-11 03:45:00,3,1,0,0,0,0,1,0,1,0,0,0,0,0,0,0,0,1,2,0,,,,2025-08-11 03:45:00
G007651003000710010,G007651003000610010,,2025-08-11 03:50:00,7,3,0,0,0,2,1,0,0,0,1,0,0,0,0,0,0,3,4,0,,,,2025-08-11 03:50:00
G007651003000710010,G007651003000610010,,2025-08-11 03:55:00,5,2,0,0,0,1,1,0,0,0,1,0,0,0,0,0,0,2,3,0,,,,2025-08-11 03:55:00
G007651003000720010,G007651003000820010,,2025-08-11 03:00:00,6,5,0,0,0,0,1,0,0,0,0,0,0,0,0,0,0,5,1,0,,,,2025-08-11 03:00:00
G007651003000720010,G007651003000820010,,2025-08-11 03:05:00,4,3,0,0,0,0,0,1,0,0,0,0,0,0,0,0,0,3,1,0,,,,2025-08-11 03:05:00
G007651003000720010,G007651003000820010,,2025-08-11 03:10:00,5,4,0,0,0,0,1,0,0,0,0,0,0,0,0,0,0,4,1,0,,,,2025-08-11 03:10:00
G007651003000720010,G007651003000820010,,2025-08-11 03:15:00,7,6,0,0,0,0,0,0,0,0,1,0,0,0,0,0,0,6,1,0,,,,2025-08-11 03:15:00
G007651003000720010,G007651003000820010,,2025-08-11 03:20:00,4,4,0,0,0,0,0,0,0,0,0,0,0,0,0,0,0,4,0,0,,,,2025-08-11 03:20:00
G007651003000720010,G007651003000820010,,2025-08-11 03:25:00,6,4,0,0,0,1,0,1,0,0,0,0,0,0,0,0,0,4,2,0,,,,2025-08-11 03:25:00
G007651003000720010,G007651003000820010,,2025-08-11 03:30:00,2,2,0,0,0,0,0,0,0,0,0,0,0,0,0,0,0,2,0,0,,,,2025-08-11 03:30:00
G007651003000720010,G007651003000820010,,2025-08-11 03:35:00,4,2,0,0,0,0,2,0,0,0,0,0,0,0,0,0,0,2,2,0,,,,2025-08-11 03:35:00
G007651003000720010,G007651003000820010,,2025-08-11 03:40:00,8,3,0,0,0,1,2,1,0,0,1,0,0,0,0,0,0,3,5,0,,,,2025-08-11 03:40:00
G007651003000720010,G007651003000820010,,2025-08-11 03:45:00,3,0,0,0,0,0,1,2,0,0,0,0,0,0,0,0,0,0,3,0,,,,2025-08-11 03:45:00
G007651003000720010,G007651003000820010,,2025-08-11 03:50:00,2,1,0,0,0,1,0,0,0,0,0,0,0,0,0,0,0,1,1,0,,,,2025-08-11 03:50:00
G007651003000720010,G007651003000820010,,2025-08-11 03:55:00,2,0,0,0,0,0,0,2,0,0,0,0,0,0,0,0,0,0,2,0,,,,2025-08-11 03:55:00
G007651003000810010,G007651003000710010,,2025-08-11 03:00:00,2,1,0,0,0,1,0,0,0,0,0,0,0,0,0,0,0,1,1,0,,,,2025-08-11 03:00:00
G007651003000810010,G007651003000710010,,2025-08-11 03:05:00,3,2,0,0,0,0,0,0,0,0,1,0,0,0,0,0,0,2,1,0,,,,2025-08-11 03:05:00
G007651003000810010,G007651003000710010,,2025-08-11 03:10:00,3,1,0,0,0,1,0,1,0,0,0,0,0,0,0,0,0,1,2,0,,,,2025-08-11 03:10:00
G007651003000810010,G007651003000710010,,2025-08-11 03:15:00,3,2,0,0,0,0,0,0,0,0,1,0,0,0,0,0,0,2,1,0,,,,2025-08-11 03:15:00
G007651003000810010,G007651003000710010,,2025-08-11 03:20:00,3,1,0,0,0,0,1,1,0,0,0,0,0,0,0,0,0,1,2,0,,,,2025-08-11 03:20:00
G007651003000810010,G007651003000710010,,2025-08-11 03:25:00,3,1,0,0,0,1,1,0,0,0,0,0,0,0,0,0,0,1,2,0,,,,2025-08-11 03:25:00
G007651003000810010,G007651003000710010,,2025-08-11 03:30:00,5,4,0,0,0,0,0,1,0,0,0,0,0,0,0,0,0,4,1,0,,,,2025-08-11 03:30:00
G007651003000810010,G007651003000710010,,2025-08-11 03:35:00,5,2,0,0,0,1,0,0,1,0,1,0,0,0,0,0,0,2,3,0,,,,2025-08-11 03:35:00
G007651003000810010,G007651003000710010,,2025-08-11 03:40:00,2,0,0,0,0,0,2,0,0,0,0,0,0,0,0,0,0,0,2,0,,,,2025-08-11 03:40:00
G007651003000810010,G007651003000710010,,2025-08-11 03:45:00,3,0,0,0,0,1,0,0,0,0,2,0,0,0,0,0,0,0,3,0,,,,2025-08-11 03:45:00
G007651003000810010,G007651003000710010,,2025-08-11 03:50:00,1,0,0,0,0,0,0,0,0,0,1,0,0,0,0,0,0,0,1,0,,,,2025-08-11 03:50:00
G007651003000810010,G007651003000710010,,2025-08-11 03:55:00,1,0,0,0,0,1,0,0,0,0,0,0,0,0,0,0,0,0,1,0,,,,2025-08-11 03:55:00
G007651003000820010,G007651003001820010,,2025-08-11 03:00:00,3,2,0,0,0,1,0,0,0,0,0,0,0,0,0,0,0,2,1,0,,,,2025-08-11 03:00:00
G007651003000820010,G007651003001820010,,2025-08-11 03:05:00,5,4,0,0,0,1,0,0,0,0,0,0,0,0,0,0,0,4,1,0,,,,2025-08-11 03:05:00
G007651003000820010,G007651003001820010,,2025-08-11 03:10:00,1,1,0,0,0,0,0,0,0,0,0,0,0,0,0,0,0,1,0,0,,,,2025-08-11 03:10:00
G007651003000820010,G007651003001820010,,2025-08-11 03:15:00,5,3,0,0,0,0,1,1,0,0,0,0,0,0,0,0,0,3,2,0,,,,2025-08-11 03:15:00
G007651003000820010,G007651003001820010,,2025-08-11 03:20:00,4,3,0,0,0,0,1,0,0,0,0,0,0,0,0,0,0,3,1,0,,,,2025-08-11 03:20:00
G007651003000820010,G007651003001820010,,2025-08-11 03:25:00,3,3,0,0,0,0,0,0,0,0,0,0,0,0,0,0,0,3,0,0,,,,2025-08-11 03:25:00
G007651003000820010,G007651003001820010,,2025-08-11 03:30:00,5,4,0,0,0,0,0,0,0,0,1,0,0,0,0,0,0,4,1,0,,,,2025-08-11 03:30:00
G007651003000820010,G007651003001820010,,2025-08-11 03:35:00,4,4,0,0,0,0,0,0,0,0,0,0,0,0,0,0,0,4,0,0,,,,2025-08-11 03:35:00
G007651003000820010,G007651003001820010,,2025-08-11 03:40:00,4,2,0,0,0,1,0,1,0,0,0,0,0,0,0,0,0,2,2,0,,,,2025-08-11 03:40:00
G007651003000820010,G007651003001820010,,2025-08-11 03:45:00,2,1,0,0,0,0,1,0,0,0,0,0,0,0,0,0,0,1,1,0,,,,2025-08-11 03:45:00
G007651003000820010,G007651003001820010,,2025-08-11 03:50:00,8,3,0,0,0,1,2,1,0,0,1,0,0,0,0,0,0,3,5,0,,,,2025-08-11 03:50:00
G007651003000820010,G007651003001820010,,2025-08-11 03:55:00,4,0,0,0,0,0,2,2,0,0,0,0,0,0,0,0,0,0,4,0,,,,2025-08-11 03:55:00
G007651003001810010,G007651003000810010,,2025-08-11 03:00:00,2,1,0,0,0,0,0,1,0,0,0,0,0,0,0,0,0,1,1,0,,,,2025-08-11 03:00:00
G007651003001810010,G007651003000810010,,2025-08-11 03:05:00,4,2,0,0,0,0,0,1,0,0,1,0,0,0,0,0,0,2,2,0,,,,2025-08-11 03:05:00
G007651003001810010,G007651003000810010,,2025-08-11 03:10:00,4,1,0,0,0,1,1,0,0,0,1,0,0,0,0,0,0,1,3,0,,,,2025-08-11 03:10:00
G007651003001810010,G007651003000810010,,2025-08-11 03:15:00,2,1,0,0,0,1,0,0,0,0,0,0,0,0,0,0,0,1,1,0,,,,2025-08-11 03:15:00
G007651003001810010,G007651003000810010,,2025-08-11 03:20:00,3,1,0,0,0,1,1,0,0,0,0,0,0,0,0,0,0,1,2,0,,,,2025-08-11 03:20:00
G007651003001810010,G007651003000810010,,2025-08-11 03:25:00,3,2,0,0,0,0,0,0,1,0,0,0,0,0,0,0,0,2,1,0,,,,2025-08-11 03:25:00
G007651003001810010,G007651003000810010,,2025-08-11 03:30:00,1,0,0,0,0,0,1,0,0,0,0,0,0,0,0,0,0,0,1,0,,,,2025-08-11 03:30:00
G007651003001810010,G007651003000810010,,2025-08-11 03:35:00,3,1,0,0,0,0,0,0,0,0,2,0,0,0,0,0,0,1,2,0,,,,2025-08-11 03:35:00
G007651003001810010,G007651003000810010,,2025-08-11 03:45:00,2,0,0,0,0,1,0,0,0,0,1,0,0,0,0,0,0,0,2,0,,,,2025-08-11 03:45:00
G007651003001810010,G007651003000810010,,2025-08-11 03:50:00,2,2,0,0,0,0,0,0,0,0,0,0,0,0,0,0,0,2,0,0,,,,2025-08-11 03:50:00
G007651003001810010,G007651003000810010,,2025-08-11 03:55:00,2,0,0,0,0,1,1,0,0,0,0,0,0,0,0,0,0,0,2,0,,,,2025-08-11 03:55:00
G420151001000110010,G420151001000210010,,2025-08-11 03:00:00,12,8,0,0,0,2,1,0,1,0,0,0,0,0,0,0,0,8,4,0,,,,2025-08-11 03:00:00
G420151001000110010,G420151001000210010,,2025-08-11 03:05:00,23,4,0,0,0,12,5,2,0,0,0,0,0,0,0,0,0,4,19,0,,,,2025-08-11 03:05:00
G420151001000110010,G420151001000210010,,2025-08-11 03:10:00,19,10,0,0,0,3,2,2,2,0,0,0,0,0,0,0,0,10,9,0,,,,2025-08-11 03:10:00
G420151001000110010,G420151001000210010,,2025-08-11 03:15:00,30,15,0,0,0,9,2,4,0,0,0,0,0,0,0,0,0,15,15,0,,,,2025-08-11 03:15:00
G420151001000110010,G420151001000210010,,2025-08-11 03:20:00,19,12,0,0,0,4,2,0,1,0,0,0,0,0,0,0,0,12,7,0,,,,2025-08-11 03:20:00
G420151001000110010,G420151001000210010,,2025-08-11 03:25:00,21,12,0,0,0,7,1,0,0,0,0,1,0,0,0,0,0,12,8,1,,,,2025-08-11 03:25:00
G420151001000110010,G420151001000210010,,2025-08-11 03:30:00,18,8,0,0,0,6,4,0,0,0,0,0,0,0,0,0,0,8,10,0,,,,2025-08-11 03:30:00
G420151001000110010,G420151001000210010,,2025-08-11 03:35:00,22,13,0,0,0,7,2,0,0,0,0,0,0,0,0,0,0,13,9,0,,,,2025-08-11 03:35:00
G420151001000110010,G420151001000210010,,2025-08-11 03:40:00,11,5,0,0,0,2,0,4,0,0,0,0,0,0,0,0,0,5,6,0,,,,2025-08-11 03:40:00
G420151001000110010,G420151001000210010,,2025-08-11 03:45:00,17,11,0,0,0,2,4,0,0,0,0,0,0,0,0,0,0,11,6,0,,,,2025-08-11 03:45:00
G420151001000110010,G420151001000210010,,2025-08-11 03:50:00,16,6,0,0,0,6,1,3,0,0,0,0,0,0,0,0,0,6,10,0,,,,2025-08-11 03:50:00
G420151001000110010,G420151001000210010,,2025-08-11 03:55:00,16,8,0,0,0,3,3,2,0,0,0,0,0,0,0,0,0,8,8,0,,,,2025-08-11 03:55:00
G420151001000120010,G420151002001020010,,2025-08-11 03:00:00,35,19,0,0,0,3,4,7,0,0,1,0,1,0,0,0,0,19,15,1,,,,2025-08-11 03:00:00
G420151001000120010,G420151002001020010,,2025-08-11 03:05:00,18,9,0,0,0,6,3,0,0,0,0,0,0,0,0,0,0,9,9,0,,,,2025-08-11 03:05:00
G420151001000120010,G420151002001020010,,2025-08-11 03:10:00,32,16,0,0,0,10,1,3,1,0,1,0,0,0,0,0,0,16,16,0,,,,2025-08-11 03:10:00
G420151001000120010,G420151002001020010,,2025-08-11 03:15:00,28,19,0,0,0,2,3,3,1,0,0,0,0,0,0,0,0,19,9,0,,,,2025-08-11 03:15:00
G420151001000120010,G420151002001020010,,2025-08-11 03:20:00,35,20,0,0,0,10,2,2,0,0,1,0,0,0,0,0,0,20,15,0,,,,2025-08-11 03:20:00
G420151001000120010,G420151002001020010,,2025-08-11 03:25:00,24,14,0,0,0,1,3,5,1,0,0,0,0,0,0,0,0,14,10,0,,,,2025-08-11 03:25:00
G420151001000120010,G420151002001020010,,2025-08-11 03:30:00,15,5,0,0,0,3,2,3,1,0,1,0,0,0,0,0,0,5,10,0,,,,2025-08-11 03:30:00
G420151001000120010,G420151002001020010,,2025-08-11 03:35:00,16,8,0,0,0,3,0,5,0,0,0,0,0,0,0,0,0,8,8,0,,,,2025-08-11 03:35:00
G420151001000120010,G420151002001020010,,2025-08-11 03:40:00,21,7,0,0,0,6,3,4,1,0,0,0,0,0,0,0,0,7,14,0,,,,2025-08-11 03:40:00
G420151001000120010,G420151002001020010,,2025-08-11 03:45:00,24,14,0,0,0,3,3,2,1,0,1,0,0,0,0,0,0,14,10,0,,,,2025-08-11 03:45:00
G420151001000120010,G420151002001020010,,2025-08-11 03:50:00,19,11,0,0,0,2,1,3,1,0,1,0,0,0,0,0,0,11,8,0,,,,2025-08-11 03:50:00
G420151001000120010,G420151002001020010,,2025-08-11 03:55:00,29,12,0,0,0,5,6,5,0,0,1,0,0,0,0,0,0,12,17,0,,,,2025-08-11 03:55:00
G420151001000220010,G420151001000120010,,2025-08-11 03:00:00,26,10,0,0,0,5,4,6,0,0,1,0,0,0,0,0,0,10,16,0,,,,2025-08-11 03:00:00
G420151001000220010,G420151001000120010,,2025-08-11 03:05:00,27,15,0,0,0,7,3,2,0,0,0,0,0,0,0,0,0,15,12,0,,,,2025-08-11 03:05:00
G420151001000220010,G420151001000120010,,2025-08-11 03:10:00,33,15,0,0,0,9,3,4,1,0,1,0,0,0,0,0,0,15,18,0,,,,2025-08-11 03:10:00
G420151001000220010,G420151001000120010,,2025-08-11 03:15:00,28,17,0,0,0,6,1,2,1,0,1,0,0,0,0,0,0,17,11,0,,,,2025-08-11 03:15:00
G420151001000220010,G420151001000120010,,2025-08-11 03:20:00,28,15,0,0,0,7,3,3,0,0,0,0,0,0,0,0,0,15,13,0,,,,2025-08-11 03:20:00
G420151001000220010,G420151001000120010,,2025-08-11 03:25:00,26,8,0,0,0,3,5,6,2,0,2,0,0,0,0,0,0,8,18,0,,,,2025-08-11 03:25:00
G420151001000220010,G420151001000120010,,2025-08-11 03:30:00,11,4,0,0,0,3,0,3,0,0,1,0,0,0,0,0,0,4,7,0,,,,2025-08-11 03:30:00
G420151001000220010,G420151001000120010,,2025-08-11 03:35:00,20,10,0,0,0,3,2,4,1,0,0,0,0,0,0,0,0,10,10,0,,,,2025-08-11 03:35:00
G420151001000220010,G420151001000120010,,2025-08-11 03:40:00,30,14,0,0,0,7,2,5,1,0,1,0,0,0,0,0,0,14,16,0,,,,2025-08-11 03:40:00
G420151001000220010,G420151001000120010,,2025-08-11 03:45:00,23,15,0,0,0,3,2,2,0,0,1,0,0,0,0,0,0,15,8,0,,,,2025-08-11 03:45:00
G420151001000220010,G420151001000120010,,2025-08-11 03:50:00,29,15,0,0,0,2,6,5,1,0,0,0,0,0,0,0,0,15,14,0,,,,2025-08-11 03:50:00
G420151001000220010,G420151001000120010,,2025-08-11 03:55:00,27,13,0,0,0,5,2,6,0,0,1,0,0,0,0,0,0,13,14,0,,,,2025-08-11 03:55:00
G420151001000410010,G420151001002910010,,2025-08-11 03:00:00,29,17,0,0,0,6,2,2,2,0,0,0,0,0,0,0,0,17,12,0,,,,2025-08-11 03:00:00
G420151001000410010,G420151001002910010,,2025-08-11 03:05:00,33,15,0,0,0,8,2,7,1,0,0,0,0,0,0,0,0,15,18,0,,,,2025-08-11 03:05:00
G420151001000410010,G420151001002910010,,2025-08-11 03:10:00,17,7,0,0,0,4,5,1,0,0,0,0,0,0,0,0,0,7,10,0,,,,2025-08-11 03:10:00
G420151001000410010,G420151001002910010,,2025-08-11 03:15:00,28,10,0,0,0,9,6,1,2,0,0,0,0,0,0,0,0,10,18,0,,,,2025-08-11 03:15:00
G420151001000410010,G420151001002910010,,2025-08-11 03:20:00,35,18,0,0,0,6,5,6,0,0,0,0,0,0,0,0,0,18,17,0,,,,2025-08-11 03:20:00
G420151001000410010,G420151001002910010,,2025-08-11 03:25:00,31,11,0,0,0,7,6,4,0,0,3,0,0,0,0,0,0,11,20,0,,,,2025-08-11 03:25:00
G420151001000410010,G420151001002910010,,2025-08-11 03:30:00,20,8,0,0,0,7,2,1,1,1,0,0,0,0,0,0,0,8,12,0,,,,2025-08-11 03:30:00
G420151001000410010,G420151001002910010,,2025-08-11 03:35:00,25,10,0,0,0,9,3,3,0,0,0,0,0,0,0,0,0,10,15,0,,,,2025-08-11 03:35:00
G420151001000410010,G420151001002910010,,2025-08-11 03:40:00,32,16,0,0,0,7,3,4,0,0,2,0,0,0,0,0,0,16,16,0,,,,2025-08-11 03:40:00
G420151001000410010,G420151001002910010,,2025-08-11 03:45:00,26,9,0,0,0,9,3,4,1,0,0,0,0,0,0,0,0,9,17,0,,,,2025-08-11 03:45:00
G420151001000410010,G420151001002910010,,2025-08-11 03:50:00,23,14,0,0,0,2,3,4,0,0,0,0,0,0,0,0,0,14,9,0,,,,2025-08-11 03:50:00
G420151001000410010,G420151001002910010,,2025-08-11 03:55:00,26,13,0,0,0,9,2,1,0,0,1,0,0,0,0,0,0,13,13,0,,,,2025-08-11 03:55:00
G420151001000510010,G420151001000610010,,2025-08-11 03:00:00,31,20,0,0,0,1,8,2,0,0,0,0,0,0,0,0,0,20,11,0,,,,2025-08-11 03:00:00
G420151001000510010,G420151001000610010,,2025-08-11 03:05:00,27,12,0,0,0,8,4,2,1,0,0,0,0,0,0,0,0,12,15,0,,,,2025-08-11 03:05:00
G420151001000510010,G420151001000610010,,2025-08-11 03:10:00,34,17,0,0,0,7,2,6,2,0,0,0,0,0,0,0,0,17,17,0,,,,2025-08-11 03:10:00
G420151001000510010,G420151001000610010,,2025-08-11 03:15:00,30,16,0,0,0,3,8,2,1,0,0,0,0,0,0,0,0,16,14,0,,,,2025-08-11 03:15:00
G420151001000510010,G420151001000610010,,2025-08-11 03:20:00,24,13,0,0,0,6,3,1,1,0,0,0,0,0,0,0,0,13,11,0,,,,2025-08-11 03:20:00
G420151001000510010,G420151001000610010,,2025-08-11 03:25:00,26,9,0,0,0,6,5,6,0,0,0,0,0,0,0,0,0,9,17,0,,,,2025-08-11 03:25:00
G420151001000510010,G420151001000610010,,2025-08-11 03:30:00,32,13,0,0,0,6,6,3,0,1,3,0,0,0,0,0,0,13,19,0,,,,2025-08-11 03:30:00
G420151001000510010,G420151001000610010,,2025-08-11 03:35:00,23,10,0,0,0,8,4,1,0,0,0,0,0,0,0,0,0,10,13,0,,,,2025-08-11 03:35:00
G420151001000510010,G420151001000610010,,2025-08-11 03:40:00,37,18,0,0,0,10,4,3,0,1,0,0,1,0,0,0,0,18,18,1,,,,2025-08-11 03:40:00
G420151001000510010,G420151001000610010,,2025-08-11 03:45:00,38,17,0,0,0,12,3,4,0,0,2,0,0,0,0,0,0,17,21,0,,,,2025-08-11 03:45:00
G420151001000510010,G420151001000610010,,2025-08-11 03:50:00,30,14,0,0,0,7,4,4,1,0,0,0,0,0,0,0,0,14,16,0,,,,2025-08-11 03:50:00
G420151001000510010,G420151001000610010,,2025-08-11 03:55:00,27,17,0,0,0,3,3,4,0,0,0,0,0,0,0,0,0,17,10,0,,,,2025-08-11 03:55:00
G420151001000520010,G420151001002920010,,2025-08-11 03:00:00,31,11,0,0,0,10,6,3,1,0,0,0,0,0,0,0,0,11,20,0,,,,2025-08-11 03:00:00
G420151001000520010,G420151001002920010,,2025-08-11 03:05:00,46,22,0,0,0,11,3,6,1,0,3,0,0,0,0,0,0,22,24,0,,,,2025-08-11 03:05:00
G420151001000520010,G420151001002920010,,2025-08-11 03:10:00,40,23,0,0,0,7,6,4,0,0,0,0,0,0,0,0,0,23,17,0,,,,2025-08-11 03:10:00
G420151001000520010,G420151001002920010,,2025-08-11 03:15:00,49,16,0,0,0,15,9,7,1,0,1,0,0,0,0,0,0,16,33,0,,,,2025-08-11 03:15:00
G420151001000520010,G420151001002920010,,2025-08-11 03:20:00,32,15,0,0,0,2,5,8,2,0,0,0,0,0,0,0,0,15,17,0,,,,2025-08-11 03:20:00
G420151001000520010,G420151001002920010,,2025-08-11 03:25:00,34,14,0,0,0,6,8,4,2,0,0,0,0,0,0,0,0,14,20,0,,,,2025-08-11 03:25:00
G420151001000520010,G420151001002920010,,2025-08-11 03:30:00,36,18,0,0,0,7,6,4,1,0,0,0,0,0,0,0,0,18,18,0,,,,2025-08-11 03:30:00
G420151001000520010,G420151001002920010,,2025-08-11 03:35:00,29,19,0,0,0,5,4,1,0,0,0,0,0,0,0,0,0,19,10,0,,,,2025-08-11 03:35:00
G420151001000520010,G420151001002920010,,2025-08-11 03:40:00,38,18,0,0,0,4,5,8,1,0,2,0,0,0,0,0,0,18,20,0,,,,2025-08-11 03:40:00
G420151001000520010,G420151001002920010,,2025-08-11 03:45:00,36,21,0,0,0,3,3,8,0,0,1,0,0,0,0,0,0,21,15,0,,,,2025-08-11 03:45:00
G420151001000520010,G420151001002920010,,2025-08-11 03:50:00,33,18,0,0,0,4,6,3,1,0,1,0,0,0,0,0,0,18,15,0,,,,2025-08-11 03:50:00
G420151001000520010,G420151001002920010,,2025-08-11 03:55:00,38,16,0,0,0,8,6,8,0,0,0,0,0,0,0,0,0,16,22,0,,,,2025-08-11 03:55:00
G420151001000610010,G420151001000710010,,2025-08-11 03:00:00,36,13,0,0,0,11,4,3,2,2,1,0,0,0,0,0,0,13,23,0,,,,2025-08-11 03:00:00
G420151001000610010,G420151001000710010,,2025-08-11 03:05:00,30,14,0,0,0,7,8,1,0,0,0,0,0,0,0,0,0,14,16,0,,,,2025-08-11 03:05:00
G420151001000610010,G420151001000710010,,2025-08-11 03:10:00,37,17,0,0,0,7,5,6,1,0,0,0,1,0,0,0,0,17,19,1,,,,2025-08-11 03:10:00
G420151001000610010,G420151001000710010,,2025-08-11 03:15:00,29,17,0,0,0,3,4,3,2,0,0,0,0,0,0,0,0,17,12,0,,,,2025-08-11 03:15:00
G420151001000610010,G420151001000710010,,2025-08-11 03:20:00,22,8,0,0,0,9,3,2,0,0,0,0,0,0,0,0,0,8,14,0,,,,2025-08-11 03:20:00
G420151001000610010,G420151001000710010,,2025-08-11 03:25:00,26,9,0,0,0,7,4,5,1,0,0,0,0,0,0,0,0,9,17,0,,,,2025-08-11 03:25:00
G420151001000610010,G420151001000710010,,2025-08-11 03:30:00,32,12,0,0,0,4,10,5,0,0,1,0,0,0,0,0,0,12,20,0,,,,2025-08-11 03:30:00
G420151001000610010,G420151001000710010,,2025-08-11 03:35:00,26,8,0,0,0,5,5,4,1,1,2,0,0,0,0,0,0,8,18,0,,,,2025-08-11 03:35:00
G420151001000610010,G420151001000710010,,2025-08-11 03:40:00,23,7,0,0,0,4,5,6,0,1,0,0,0,0,0,0,0,7,16,0,,,,2025-08-11 03:40:00
G420151001000610010,G420151001000710010,,2025-08-11 03:45:00,32,13,0,0,0,13,1,4,0,0,0,0,1,0,0,0,0,13,18,1,,,,2025-08-11 03:45:00
G420151001000610010,G420151001000710010,,2025-08-11 03:50:00,32,10,0,0,0,10,5,5,0,0,2,0,0,0,0,0,0,10,22,0,,,,2025-08-11 03:50:00
G420151001000610010,G420151001000710010,,2025-08-11 03:55:00,31,14,0,0,0,5,4,6,1,0,1,0,0,0,0,0,0,14,17,0,,,,2025-08-11 03:55:00
G420151001000620010,G420151001000520010,,2025-08-11 03:00:00,36,21,0,0,0,5,3,5,1,0,1,0,0,0,0,0,0,21,15,0,,,,2025-08-11 03:00:00
G420151001000620010,G420151001000520010,,2025-08-11 03:05:00,33,19,0,0,0,5,8,1,0,0,0,0,0,0,0,0,0,19,14,0,,,,2025-08-11 03:05:00
G420151001000620010,G420151001000520010,,2025-08-11 03:10:00,47,20,0,0,0,16,5,5,1,0,0,0,0,0,0,0,0,20,27,0,,,,2025-08-11 03:10:00
G420151001000620010,G420151001000520010,,2025-08-11 03:15:00,33,12,0,0,0,4,9,8,0,0,0,0,0,0,0,0,0,12,21,0,,,,2025-08-11 03:15:00
G420151001000620010,G420151001000520010,,2025-08-11 03:20:00,22,10,0,0,0,4,7,1,0,0,0,0,0,0,0,0,0,10,12,0,,,,2025-08-11 03:20:00
G420151001000620010,G420151001000520010,,2025-08-11 03:25:00,43,18,0,0,0,14,5,5,1,0,0,0,0,0,0,0,0,18,25,0,,,,2025-08-11 03:25:00
G420151001000620010,G420151001000520010,,2025-08-11 03:30:00,36,18,0,0,0,5,10,3,0,0,0,0,0,0,0,0,0,18,18,0,,,,2025-08-11 03:30:00
G420151001000620010,G420151001000520010,,2025-08-11 03:35:00,37,21,0,0,0,7,3,6,0,0,0,0,0,0,0,0,0,21,16,0,,,,2025-08-11 03:35:00
G420151001000620010,G420151001000520010,,2025-08-11 03:40:00,42,24,0,0,0,4,5,8,0,0,1,0,0,0,0,0,0,24,18,0,,,,2025-08-11 03:40:00
G420151001000620010,G420151001000520010,,2025-08-11 03:45:00,32,16,0,0,0,9,4,2,0,0,1,0,0,0,0,0,0,16,16,0,,,,2025-08-11 03:45:00
G420151001000620010,G420151001000520010,,2025-08-11 03:50:00,40,20,0,0,0,5,6,5,3,0,0,1,0,0,0,0,0,20,19,1,,,,2025-08-11 03:50:00
G420151001000620010,G420151001000520010,,2025-08-11 03:55:00,39,17,0,0,0,8,8,4,2,0,0,0,0,0,0,0,0,17,22,0,,,,2025-08-11 03:55:00
G420151001000710010,G420151001000810010,,2025-08-11 03:00:00,33,14,0,0,0,11,1,5,0,1,1,0,0,0,0,0,0,14,19,0,,,,2025-08-11 03:00:00
G420151001000710010,G420151001000810010,,2025-08-11 03:05:00,30,13,0,0,0,6,4,4,2,1,0,0,0,0,0,0,0,13,17,0,,,,2025-08-11 03:05:00
G420151001000710010,G420151001000810010,,2025-08-11 03:10:00,30,10,0,0,0,9,10,1,0,0,0,0,0,0,0,0,0,10,20,0,,,,2025-08-11 03:10:00
G420151001000710010,G420151001000810010,,2025-08-11 03:15:00,34,16,0,0,0,5,5,7,1,0,0,0,0,0,0,0,0,16,18,0,,,,2025-08-11 03:15:00
G420151001000710010,G420151001000810010,,2025-08-11 03:20:00,22,10,0,0,0,4,4,2,2,0,0,0,0,0,0,0,0,10,12,0,,,,2025-08-11 03:20:00
G420151001000710010,G420151001000810010,,2025-08-11 03:25:00,26,11,0,0,0,10,3,2,0,0,0,0,0,0,0,0,0,11,15,0,,,,2025-08-11 03:25:00
G420151001000710010,G420151001000810010,,2025-08-11 03:30:00,28,9,0,0,0,6,5,7,1,0,0,0,0,0,0,0,0,9,19,0,,,,2025-08-11 03:30:00
G420151001000710010,G420151001000810010,,2025-08-11 03:35:00,28,9,0,0,0,4,10,3,0,0,2,0,0,0,0,0,0,9,19,0,,,,2025-08-11 03:35:00
G420151001000710010,G420151001000810010,,2025-08-11 03:40:00,23,6,0,0,0,4,4,6,1,1,1,0,0,0,0,0,0,6,17,0,,,,2025-08-11 03:40:00
G420151001000710010,G420151001000810010,,2025-08-11 03:45:00,30,13,0,0,0,7,5,4,0,1,0,0,0,0,0,0,0,13,17,0,,,,2025-08-11 03:45:00
G420151001000710010,G420151001000810010,,2025-08-11 03:50:00,32,14,0,0,0,9,3,5,0,0,0,0,1,0,0,0,0,14,17,1,,,,2025-08-11 03:50:00
G420151001000710010,G420151001000810010,,2025-08-11 03:55:00,29,11,0,0,0,10,3,4,0,0,1,0,0,0,0,0,0,11,18,0,,,,2025-08-11 03:55:00
G420151001000720010,G420151001000620010,,2025-08-11 03:00:00,36,24,0,0,0,5,5,1,1,0,0,0,0,0,0,0,0,24,12,0,,,,2025-08-11 03:00:00
G420151001000720010,G420151001000620010,,2025-08-11 03:05:00,40,19,0,0,0,13,5,3,0,0,0,0,0,0,0,0,0,19,21,0,,,,2025-08-11 03:05:00
G420151001000720010,G420151001000620010,,2025-08-11 03:10:00,41,17,0,0,0,8,8,8,0,0,0,0,0,0,0,0,0,17,24,0,,,,2025-08-11 03:10:00
G420151001000720010,G420151001000620010,,2025-08-11 03:15:00,30,18,0,0,0,6,4,2,0,0,0,0,0,0,0,0,0,18,12,0,,,,2025-08-11 03:15:00
G420151001000720010,G420151001000620010,,2025-08-11 03:20:00,39,15,0,0,0,10,8,5,1,0,0,0,0,0,0,0,0,15,24,0,,,,2025-08-11 03:20:00
G420151001000720010,G420151001000620010,,2025-08-11 03:25:00,35,20,0,0,0,5,9,1,0,0,0,0,0,0,0,0,0,20,15,0,,,,2025-08-11 03:25:00
G420151001000720010,G420151001000620010,,2025-08-11 03:30:00,36,18,0,0,0,8,4,6,0,0,0,0,0,0,0,0,0,18,18,0,,,,2025-08-11 03:30:00
G420151001000720010,G420151001000620010,,2025-08-11 03:35:00,42,25,0,0,0,6,5,5,0,0,1,0,0,0,0,0,0,25,17,0,,,,2025-08-11 03:35:00
G420151001000720010,G420151001000620010,,2025-08-11 03:40:00,40,21,0,0,0,9,4,5,0,0,1,0,0,0,0,0,0,21,19,0,,,,2025-08-11 03:40:00
G420151001000720010,G420151001000620010,,2025-08-11 03:45:00,24,8,0,0,0,5,4,4,2,0,0,1,0,0,0,0,0,8,15,1,,,,2025-08-11 03:45:00
G420151001000720010,G420151001000620010,,2025-08-11 03:50:00,41,20,0,0,0,6,7,5,3,0,0,0,0,0,0,0,0,20,21,0,,,,2025-08-11 03:50:00
G420151001000720010,G420151001000620010,,2025-08-11 03:55:00,29,13,0,0,0,4,6,3,3,0,0,0,0,0,0,0,0,13,16,0,,,,2025-08-11 03:55:00
G420151001000810010,G420151001000910010,,2025-08-11 03:00:00,31,15,0,0,0,9,3,4,0,0,0,0,0,0,0,0,0,15,16,0,,,,2025-08-11 03:00:00
G420151001000810010,G420151001000910010,,2025-08-11 03:05:00,28,10,0,0,0,8,5,2,1,1,1,0,0,0,0,0,0,10,18,0,,,,2025-08-11 03:05:00
G420151001000810010,G420151001000910010,,2025-08-11 03:10:00,22,10,0,0,0,4,3,4,1,0,0,0,0,0,0,0,0,10,12,0,,,,2025-08-11 03:10:00
G420151001000810010,G420151001000910010,,2025-08-11 03:15:00,29,13,0,0,0,6,7,3,0,0,0,0,0,0,0,0,0,13,16,0,,,,2025-08-11 03:15:00
G420151001000810010,G420151001000910010,,2025-08-11 03:20:00,27,7,0,0,0,5,7,5,3,0,0,0,0,0,0,0,0,7,20,0,,,,2025-08-11 03:20:00
G420151001000810010,G420151001000910010,,2025-08-11 03:25:00,24,12,0,0,0,7,2,3,0,0,0,0,0,0,0,0,0,12,12,0,,,,2025-08-11 03:25:00
G420151001000810010,G420151001000910010,,2025-08-11 03:30:00,24,9,0,0,0,8,3,2,2,0,0,0,0,0,0,0,0,9,15,0,,,,2025-08-11 03:30:00
G420151001000810010,G420151001000910010,,2025-08-11 03:35:00,34,12,0,0,0,6,8,7,0,0,1,0,0,0,0,0,0,12,22,0,,,,2025-08-11 03:35:00
G420151001000810010,G420151001000910010,,2025-08-11 03:40:00,39,11,0,0,0,10,9,5,2,1,1,0,0,0,0,0,0,11,28,0,,,,2025-08-11 03:40:00
G420151001000810010,G420151001000910010,,2025-08-11 03:45:00,23,8,0,0,0,4,4,5,1,1,0,0,0,0,0,0,0,8,15,0,,,,2025-08-11 03:45:00
G420151001000810010,G420151001000910010,,2025-08-11 03:50:00,39,10,0,0,0,14,6,7,1,0,0,0,1,0,0,0,0,10,28,1,,,,2025-08-11 03:50:00
G420151001000810010,G420151001000910010,,2025-08-11 03:55:00,32,13,0,0,0,10,3,5,0,0,1,0,0,0,0,0,0,13,19,0,,,,2025-08-11 03:55:00
G420151001000820010,G420151001000720010,,2025-08-11 03:00:00,34,22,0,0,0,5,4,2,1,0,0,0,0,0,0,0,0,22,12,0,,,,2025-08-11 03:00:00
G420151001000820010,G420151001000720010,,2025-08-11 03:05:00,58,31,0,0,0,18,3,6,0,0,0,0,0,0,0,0,0,31,27,0,,,,2025-08-11 03:05:00
G420151001000820010,G420151001000720010,,2025-08-11 03:10:00,39,23,0,0,0,4,6,6,0,0,0,0,0,0,0,0,0,23,16,0,,,,2025-08-11 03:10:00
G420151001000820010,G420151001000720010,,2025-08-11 03:15:00,38,24,0,0,0,8,5,1,0,0,0,0,0,0,0,0,0,24,14,0,,,,2025-08-11 03:15:00
G420151001000820010,G420151001000720010,,2025-08-11 03:20:00,47,26,0,0,0,12,7,2,0,0,0,0,0,0,0,0,0,26,21,0,,,,2025-08-11 03:20:00
G420151001000820010,G420151001000720010,,2025-08-11 03:25:00,46,31,0,0,0,8,4,3,0,0,0,0,0,0,0,0,0,31,15,0,,,,2025-08-11 03:25:00
G420151001000820010,G420151001000720010,,2025-08-11 03:30:00,40,25,0,0,0,8,2,5,0,0,0,0,0,0,0,0,0,25,15,0,,,,2025-08-11 03:30:00
G420151001000820010,G420151001000720010,,2025-08-11 03:35:00,52,34,0,0,0,10,0,7,0,0,1,0,0,0,0,0,0,34,18,0,,,,2025-08-11 03:35:00
G420151001000820010,G420151001000720010,,2025-08-11 03:40:00,40,27,0,0,0,10,2,1,0,0,0,0,0,0,0,0,0,27,13,0,,,,2025-08-11 03:40:00
G420151001000820010,G420151001000720010,,2025-08-11 03:45:00,46,27,0,0,0,7,4,4,3,0,0,1,0,0,0,0,0,27,18,1,,,,2025-08-11 03:45:00
G420151001000820010,G420151001000720010,,2025-08-11 03:50:00,40,22,0,0,0,9,3,2,4,0,0,0,0,0,0,0,0,22,18,0,,,,2025-08-11 03:50:00
G420151001000820010,G420151001000720010,,2025-08-11 03:55:00,30,14,0,0,0,5,4,2,5,0,0,0,0,0,0,0,0,14,16,0,,,,2025-08-11 03:55:00
G420151001000910010,G420151001001010010,,2025-08-11 03:00:00,39,19,0,1,0,10,5,4,0,0,0,0,0,0,0,0,0,20,19,0,,,,2025-08-11 03:00:00
G420151001000910010,G420151001001010010,,2025-08-11 03:05:00,53,33,0,0,0,14,2,1,1,1,1,0,0,0,0,0,0,33,20,0,,,,2025-08-11 03:05:00
G420151001000910010,G420151001001010010,,2025-08-11 03:10:00,35,25,0,0,0,3,3,3,1,0,0,0,0,0,0,0,0,25,10,0,,,,2025-08-11 03:10:00
G420151001000910010,G420151001001010010,,2025-08-11 03:15:00,38,20,0,0,0,7,9,2,0,0,0,0,0,0,0,0,0,20,18,0,,,,2025-08-11 03:15:00
G420151001000910010,G420151001001010010,,2025-08-11 03:20:00,48,23,0,0,0,10,5,7,3,0,0,0,0,0,0,0,0,23,25,0,,,,2025-08-11 03:20:00
G420151001000910010,G420151001001010010,,2025-08-11 03:25:00,32,15,0,0,2,8,3,4,0,0,0,0,0,0,0,0,0,17,15,0,,,,2025-08-11 03:25:00
G420151001000910010,G420151001001010010,,2025-08-11 03:30:00,32,15,0,0,0,11,3,1,2,0,0,0,0,0,0,0,0,15,17,0,,,,2025-08-11 03:30:00
G420151001000910010,G420151001001010010,,2025-08-11 03:35:00,37,15,0,0,0,7,7,7,0,0,1,0,0,0,0,0,0,15,22,0,,,,2025-08-11 03:35:00
G420151001000910010,G420151001001010010,,2025-08-11 03:40:00,47,19,0,1,0,9,12,5,1,0,0,0,0,0,0,0,0,20,27,0,,,,2025-08-11 03:40:00
G420151001000910010,G420151001001010010,,2025-08-11 03:45:00,30,12,0,0,0,6,6,4,1,0,1,0,0,0,0,0,0,12,18,0,,,,2025-08-11 03:45:00
G420151001000910010,G420151001001010010,,2025-08-11 03:50:00,56,23,0,0,0,15,6,10,1,1,0,0,0,0,0,0,0,23,33,0,,,,2025-08-11 03:50:00
G420151001000910010,G420151001001010010,,2025-08-11 03:55:00,43,21,0,0,0,12,4,3,1,0,1,0,1,0,0,0,0,21,21,1,,,,2025-08-11 03:55:00
G420151001000920010,G420151001000820010,,2025-08-11 03:00:00,50,28,0,1,0,13,4,3,1,0,0,0,0,0,0,0,0,29,21,0,,,,2025-08-11 03:00:00
G420151001000920010,G420151001000820010,,2025-08-11 03:05:00,58,32,0,0,0,12,6,8,0,0,0,0,0,0,0,0,0,32,26,0,,,,2025-08-11 03:05:00
G420151001000920010,G420151001000820010,,2025-08-11 03:10:00,44,29,0,0,0,6,6,3,0,0,0,0,0,0,0,0,0,29,15,0,,,,2025-08-11 03:10:00
G420151001000920010,G420151001000820010,,2025-08-11 03:15:00,49,26,0,0,0,13,7,3,0,0,0,0,0,0,0,0,0,26,23,0,,,,2025-08-11 03:15:00
G420151001000920010,G420151001000820010,,2025-08-11 03:20:00,51,34,0,0,0,8,7,2,0,0,0,0,0,0,0,0,0,34,17,0,,,,2025-08-11 03:20:00
G420151001000920010,G420151001000820010,,2025-08-11 03:25:00,44,29,0,0,0,9,2,4,0,0,0,0,0,0,0,0,0,29,15,0,,,,2025-08-11 03:25:00
G420151001000920010,G420151001000820010,,2025-08-11 03:30:00,51,31,0,0,1,12,2,4,0,0,1,0,0,0,0,0,0,32,19,0,,,,2025-08-11 03:30:00
G420151001000920010,G420151001000820010,,2025-08-11 03:35:00,52,37,0,0,0,8,1,6,0,0,0,0,0,0,0,0,0,37,15,0,,,,2025-08-11 03:35:00
G420151001000920010,G420151001000820010,,2025-08-11 03:40:00,38,26,0,0,0,7,2,1,1,0,0,1,0,0,0,0,0,26,11,1,,,,2025-08-11 03:40:00
G420151001000920010,G420151001000820010,,2025-08-11 03:45:00,61,40,0,0,0,9,5,5,2,0,0,0,0,0,0,0,0,40,21,0,,,,2025-08-11 03:45:00
G420151001000920010,G420151001000820010,,2025-08-11 03:50:00,38,17,0,0,0,10,3,4,4,0,0,0,0,0,0,0,0,17,21,0,,,,2025-08-11 03:50:00
G420151001000920010,G420151001000820010,,2025-08-11 03:55:00,40,24,0,0,0,3,6,1,6,0,0,0,0,0,0,0,0,24,16,0,,,,2025-08-11 03:55:00
G420151001001010010,G420151001001110010,,2025-08-11 03:00:00,43,19,0,0,0,9,9,2,2,0,1,0,1,0,0,0,0,19,23,1,,,,2025-08-11 03:00:00
G420151001001010010,G420151001001110010,,2025-08-11 03:05:00,42,27,0,1,0,6,4,3,0,1,0,0,0,0,0,0,0,28,14,0,,,,2025-08-11 03:05:00
G420151001001010010,G420151001001110010,,2025-08-11 03:10:00,44,26,0,0,0,11,3,2,1,0,1,0,0,0,0,0,0,26,18,0,,,,2025-08-11 03:10:00
G420151001001010010,G420151001001110010,,2025-08-11 03:15:00,46,28,0,0,0,6,5,5,1,0,0,0,1,0,0,0,0,28,17,1,,,,2025-08-11 03:15:00
G420151001001010010,G420151001001110010,,2025-08-11 03:20:00,49,32,0,0,0,10,5,2,0,0,0,0,0,0,0,0,0,32,17,0,,,,2025-08-11 03:20:00
G420151001001010010,G420151001001110010,,2025-08-11 03:25:00,35,14,0,0,0,6,6,6,3,0,0,0,0,0,0,0,0,14,21,0,,,,2025-08-11 03:25:00
G420151001001010010,G420151001001110010,,2025-08-11 03:30:00,33,20,0,0,2,8,2,1,0,0,0,0,0,0,0,0,0,22,11,0,,,,2025-08-11 03:30:00
G420151001001010010,G420151001001110010,,2025-08-11 03:35:00,38,21,0,0,0,10,2,4,1,0,0,0,0,0,0,0,0,21,17,0,,,,2025-08-11 03:35:00
G420151001001010010,G420151001001110010,,2025-08-11 03:40:00,43,20,0,0,0,7,10,4,1,0,1,0,0,0,0,0,0,20,23,0,,,,2025-08-11 03:40:00
G420151001001010010,G420151001001110010,,2025-08-11 03:45:00,48,19,0,1,0,11,9,5,2,0,1,0,0,0,0,0,0,20,28,0,,,,2025-08-11 03:45:00
G420151001001010010,G420151001001110010,,2025-08-11 03:50:00,35,15,0,0,0,8,3,7,1,1,0,0,0,0,0,0,0,15,20,0,,,,2025-08-11 03:50:00
G420151001001010010,G420151001001110010,,2025-08-11 03:55:00,42,17,0,0,0,12,6,6,0,0,0,0,1,0,0,0,0,17,24,1,,,,2025-08-11 03:55:00
G420151001001020010,G420151001000920010,,2025-08-11 03:00:00,56,30,0,0,0,17,5,4,0,0,0,0,0,0,0,0,0,30,26,0,,,,2025-08-11 03:00:00
G420151001001020010,G420151001000920010,,2025-08-11 03:05:00,44,22,0,0,0,8,8,6,0,0,0,0,0,0,0,0,0,22,22,0,,,,2025-08-11 03:05:00
G420151001001020010,G420151001000920010,,2025-08-11 03:10:00,45,28,0,0,0,10,6,0,1,0,0,0,0,0,0,0,0,28,17,0,,,,2025-08-11 03:10:00
G420151001001020010,G420151001000920010,,2025-08-11 03:15:00,42,23,0,0,0,11,7,1,0,0,0,0,0,0,0,0,0,23,19,0,,,,2025-08-11 03:15:00
G420151001001020010,G420151001000920010,,2025-08-11 03:20:00,48,32,0,0,0,9,4,3,0,0,0,0,0,0,0,0,0,32,16,0,,,,2025-08-11 03:20:00
G420151001001020010,G420151001000920010,,2025-08-11 03:25:00,45,33,0,0,0,4,2,5,1,0,0,0,0,0,0,0,0,33,12,0,,,,2025-08-11 03:25:00
G420151001001020010,G420151001000920010,,2025-08-11 03:30:00,53,30,0,0,1,14,1,6,0,0,1,0,0,0,0,0,0,31,22,0,,,,2025-08-11 03:30:00
G420151001001020010,G420151001000920010,,2025-08-11 03:35:00,45,33,0,0,0,9,1,2,0,0,0,0,0,0,0,0,0,33,12,0,,,,2025-08-11 03:35:00
G420151001001020010,G420151001000920010,,2025-08-11 03:40:00,46,27,0,0,0,11,3,2,2,0,0,1,0,0,0,0,0,27,18,1,,,,2025-08-11 03:40:00
G420151001001020010,G420151001000920010,,2025-08-11 03:45:00,54,32,0,0,0,12,3,2,5,0,0,0,0,0,0,0,0,32,22,0,,,,2025-08-11 03:45:00
G420151001001020010,G420151001000920010,,2025-08-11 03:50:00,36,20,0,0,0,3,5,3,5,0,0,0,0,0,0,0,0,20,16,0,,,,2025-08-11 03:50:00
G420151001001020010,G420151001000920010,,2025-08-11 03:55:00,34,18,0,0,0,7,4,2,2,0,0,0,1,0,0,0,0,18,15,1,,,,2025-08-11 03:55:00
G420151001001110010,G420151001001210010,,2025-08-11 03:00:00,47,21,0,0,1,9,12,1,2,0,1,0,0,0,0,0,0,22,25,0,,,,2025-08-11 03:00:00
G420151001001110010,G420151001001210010,,2025-08-11 03:05:00,40,21,0,1,0,9,5,3,0,0,0,0,1,0,0,0,0,22,17,1,,,,2025-08-11 03:05:00
G420151001001110010,G420151001001210010,,2025-08-11 03:10:00,50,30,0,0,1,13,1,2,1,1,1,0,0,0,0,0,0,31,19,0,,,,2025-08-11 03:10:00
G420151001001110010,G420151001001210010,,2025-08-11 03:15:00,37,21,0,0,0,6,5,4,0,0,0,0,1,0,0,0,0,21,15,1,,,,2025-08-11 03:15:00
G420151001001110010,G420151001001210010,,2025-08-11 03:20:00,42,23,0,0,0,11,6,1,1,0,0,0,0,0,0,0,0,23,19,0,,,,2025-08-11 03:20:00
G420151001001110010,G420151001001210010,,2025-08-11 03:25:00,37,18,0,0,0,7,4,5,3,0,0,0,0,0,0,0,0,18,19,0,,,,2025-08-11 03:25:00
G420151001001110010,G420151001001210010,,2025-08-11 03:30:00,35,18,0,0,1,8,5,3,0,0,0,0,0,0,0,0,0,19,16,0,,,,2025-08-11 03:30:00
G420151001001110010,G420151001001210010,,2025-08-11 03:35:00,39,27,0,0,0,10,0,1,1,0,0,0,0,0,0,0,0,27,12,0,,,,2025-08-11 03:35:00
G420151001001110010,G420151001001210010,,2025-08-11 03:40:00,48,24,0,0,1,7,8,6,1,0,1,0,0,0,0,0,0,25,23,0,,,,2025-08-11 03:40:00
G420151001001110010,G420151001001210010,,2025-08-11 03:45:00,38,18,0,0,0,8,7,4,1,0,0,0,0,0,0,0,0,18,20,0,,,,2025-08-11 03:45:00
G420151001001110010,G420151001001210010,,2025-08-11 03:50:00,39,16,0,0,0,7,9,4,2,0,1,0,0,0,0,0,0,16,23,0,,,,2025-08-11 03:50:00
G420151001001110010,G420151001001210010,,2025-08-11 03:55:00,49,19,0,1,0,13,5,9,1,1,0,0,0,0,0,0,0,20,29,0,,,,2025-08-11 03:55:00
G420151001001120010,G420151001001020010,,2025-08-11 03:00:00,59,34,0,0,0,14,7,4,0,0,0,0,0,0,0,0,0,34,25,0,,,,2025-08-11 03:00:00
G420151001001120010,G420151001001020010,,2025-08-11 03:05:00,36,17,0,0,0,7,7,4,1,0,0,0,0,0,0,0,0,17,19,0,,,,2025-08-11 03:05:00
G420151001001120010,G420151001001020010,,2025-08-11 03:10:00,38,22,0,0,0,11,4,1,0,0,0,0,0,0,0,0,0,22,16,0,,,,2025-08-11 03:10:00
G420151001001120010,G420151001001020010,,2025-08-11 03:15:00,46,28,0,0,0,10,7,1,0,0,0,0,0,0,0,0,0,28,18,0,,,,2025-08-11 03:15:00
G420151001001120010,G420151001001020010,,2025-08-11 03:20:00,38,26,0,0,1,6,2,3,0,0,0,0,0,0,0,0,0,27,11,0,,,,2025-08-11 03:20:00
G420151001001120010,G420151001001020010,,2025-08-11 03:25:00,45,28,0,0,0,10,2,4,1,0,0,0,0,0,0,0,0,28,17,0,,,,2025-08-11 03:25:00
G420151001001120010,G420151001001020010,,2025-08-11 03:30:00,50,32,0,0,0,12,1,4,0,0,1,0,0,0,0,0,0,32,18,0,,,,2025-08-11 03:30:00
G420151001001120010,G420151001001020010,,2025-08-11 03:35:00,35,24,0,0,0,7,2,1,0,0,0,1,0,0,0,0,0,24,10,1,,,,2025-08-11 03:35:00
G420151001001120010,G420151001001020010,,2025-08-11 03:40:00,60,38,0,0,0,13,4,3,2,0,0,0,0,0,0,0,0,38,22,0,,,,2025-08-11 03:40:00
G420151001001120010,G420151001001020010,,2025-08-11 03:45:00,37,18,0,0,0,7,4,3,5,0,0,0,0,0,0,0,0,18,19,0,,,,2025-08-11 03:45:00
G420151001001120010,G420151001001020010,,2025-08-11 03:50:00,39,23,0,0,0,5,3,2,6,0,0,0,0,0,0,0,0,23,16,0,,,,2025-08-11 03:50:00
G420151001001120010,G420151001001020010,,2025-08-11 03:55:00,36,18,0,0,0,6,6,4,1,0,0,0,1,0,0,0,0,18,17,1,,,,2025-08-11 03:55:00
G420151001001210010,G420151001001310010,,2025-08-11 03:00:00,51,29,0,0,1,7,7,5,2,0,0,0,0,0,0,0,0,30,21,0,,,,2025-08-11 03:00:00
G420151001001210010,G420151001001310010,,2025-08-11 03:05:00,44,20,0,0,0,10,10,1,1,0,1,0,1,0,0,0,0,20,23,1,,,,2025-08-11 03:05:00
G420151001001210010,G420151001001310010,,2025-08-11 03:10:00,43,27,0,0,0,11,1,3,0,1,0,0,0,0,0,0,0,27,16,0,,,,2025-08-11 03:10:00
G420151001001210010,G420151001001310010,,2025-08-11 03:15:00,41,24,0,0,1,9,3,2,1,0,1,0,0,0,0,0,0,25,16,0,,,,2025-08-11 03:15:00
G420151001001210010,G420151001001310010,,2025-08-11 03:20:00,46,26,0,0,0,8,5,5,1,0,0,0,1,0,0,0,0,26,19,1,,,,2025-08-11 03:20:00
G420151001001210010,G420151001001310010,,2025-08-11 03:25:00,40,26,0,0,0,5,7,2,0,0,0,0,0,0,0,0,0,26,14,0,,,,2025-08-11 03:25:00
G420151001001210010,G420151001001310010,,2025-08-11 03:30:00,40,24,0,0,0,6,4,4,2,0,0,0,0,0,0,0,0,24,16,0,,,,2025-08-11 03:30:00
G420151001001210010,G420151001001310010,,2025-08-11 03:35:00,37,22,0,0,0,11,2,2,0,0,0,0,0,0,0,0,0,22,15,0,,,,2025-08-11 03:35:00
G420151001001210010,G420151001001310010,,2025-08-11 03:40:00,47,25,0,0,0,12,3,6,1,0,0,0,0,0,0,0,0,25,22,0,,,,2025-08-11 03:40:00
G420151001001210010,G420151001001310010,,2025-08-11 03:45:00,45,24,0,0,1,7,8,2,2,0,1,0,0,0,0,0,0,25,20,0,,,,2025-08-11 03:45:00
G420151001001210010,G420151001001310010,,2025-08-11 03:50:00,41,19,0,0,0,6,7,6,2,0,1,0,0,0,0,0,0,19,22,0,,,,2025-08-11 03:50:00
G420151001001210010,G420151001001310010,,2025-08-11 03:55:00,39,22,0,0,0,6,3,6,1,1,0,0,0,0,0,0,0,22,17,0,,,,2025-08-11 03:55:00
G420151001001220010,G420151001001120010,,2025-08-11 03:00:00,45,22,0,0,0,11,6,6,0,0,0,0,0,0,0,0,0,22,23,0,,,,2025-08-11 03:00:00
G420151001001220010,G420151001001120010,,2025-08-11 03:05:00,46,28,0,0,0,9,7,1,1,0,0,0,0,0,0,0,0,28,18,0,,,,2025-08-11 03:05:00
G420151001001220010,G420151001001120010,,2025-08-11 03:10:00,40,21,0,0,0,11,7,1,0,0,0,0,0,0,0,0,0,21,19,0,,,,2025-08-11 03:10:00
G420151001001220010,G420151001001120010,,2025-08-11 03:15:00,42,29,0,0,0,8,2,3,0,0,0,0,0,0,0,0,0,29,13,0,,,,2025-08-11 03:15:00
G420151001001220010,G420151001001120010,,2025-08-11 03:20:00,31,21,0,0,1,2,2,5,0,0,0,0,0,0,0,0,0,22,9,0,,,,2025-08-11 03:20:00
G420151001001220010,G420151001001120010,,2025-08-11 03:25:00,47,28,0,0,0,11,1,5,1,0,1,0,0,0,0,0,0,28,19,0,,,,2025-08-11 03:25:00
G420151001001220010,G420151001001120010,,2025-08-11 03:30:00,30,15,0,0,0,10,2,3,0,0,0,0,0,0,0,0,0,15,15,0,,,,2025-08-11 03:30:00
G420151001001220010,G420151001001120010,,2025-08-11 03:35:00,33,17,0,0,0,8,3,3,1,0,0,1,0,0,0,0,0,17,15,1,,,,2025-08-11 03:35:00
G420151001001220010,G420151001001120010,,2025-08-11 03:40:00,61,38,0,0,0,11,5,2,5,0,0,0,0,0,0,0,0,38,23,0,,,,2025-08-11 03:40:00
G420151001001220010,G420151001001120010,,2025-08-11 03:45:00,37,22,0,0,0,4,5,2,4,0,0,0,0,0,0,0,0,22,15,0,,,,2025-08-11 03:45:00
G420151001001220010,G420151001001120010,,2025-08-11 03:50:00,37,18,0,0,0,7,4,3,4,0,0,0,1,0,0,0,0,18,18,1,,,,2025-08-11 03:50:00
G420151001001220010,G420151001001120010,,2025-08-11 03:55:00,37,21,0,0,0,7,5,3,1,0,0,0,0,0,0,0,0,21,16,0,,,,2025-08-11 03:55:00
G420151001001310010,G420151002000110010,,2025-08-11 03:00:00,37,27,0,0,1,5,1,2,1,0,0,0,0,0,0,0,0,28,9,0,,,,2025-08-11 03:00:00
G420151001001310010,G420151002000110010,,2025-08-11 03:05:00,41,16,0,0,0,13,5,3,3,0,1,0,0,0,0,0,0,16,25,0,,,,2025-08-11 03:05:00
G420151001001310010,G420151002000110010,,2025-08-11 03:10:00,45,31,0,0,0,7,4,2,0,0,0,0,1,0,0,0,0,31,13,1,,,,2025-08-11 03:10:00
G420151001001310010,G420151002000110010,,2025-08-11 03:15:00,35,23,0,0,1,6,2,3,0,0,0,0,0,0,0,0,0,24,11,0,,,,2025-08-11 03:15:00
G420151001001310010,G420151002000110010,,2025-08-11 03:20:00,36,19,0,0,0,5,5,6,0,0,0,0,1,0,0,0,0,19,16,1,,,,2025-08-11 03:20:00
G420151001001310010,G420151002000110010,,2025-08-11 03:25:00,33,21,0,0,0,6,3,3,0,0,0,0,0,0,0,0,0,21,12,0,,,,2025-08-11 03:25:00
G420151001001310010,G420151002000110010,,2025-08-11 03:30:00,31,22,0,0,0,5,2,1,1,0,0,0,0,0,0,0,0,22,9,0,,,,2025-08-11 03:30:00
G420151001001310010,G420151002000110010,,2025-08-11 03:35:00,33,19,0,0,0,9,2,2,1,0,0,0,0,0,0,0,0,19,14,0,,,,2025-08-11 03:35:00
G420151001001310010,G420151002000110010,,2025-08-11 03:40:00,38,25,0,0,0,6,3,3,1,0,0,0,0,0,0,0,0,25,13,0,,,,2025-08-11 03:40:00
G420151001001310010,G420151002000110010,,2025-08-11 03:45:00,49,31,0,0,1,7,4,3,3,0,0,0,0,0,0,0,0,32,17,0,,,,2025-08-11 03:45:00
G420151001001310010,G420151002000110010,,2025-08-11 03:50:00,30,18,0,0,0,6,1,4,1,0,0,0,0,0,0,0,0,18,12,0,,,,2025-08-11 03:50:00
G420151001001310010,G420151002000110010,,2025-08-11 03:55:00,41,29,0,0,0,6,1,3,2,0,0,0,0,0,0,0,0,29,12,0,,,,2025-08-11 03:55:00
G420151001001320010,G420151001001220010,,2025-08-11 03:00:00,33,19,0,0,0,6,4,4,0,0,0,0,0,0,0,0,0,19,14,0,,,,2025-08-11 03:00:00
G420151001001320010,G420151001001220010,,2025-08-11 03:05:00,37,23,0,0,0,8,2,3,1,0,0,0,0,0,0,0,0,23,14,0,,,,2025-08-11 03:05:00
G420151001001320010,G420151001001220010,,2025-08-11 03:10:00,36,22,0,0,0,11,2,1,0,0,0,0,0,0,0,0,0,22,14,0,,,,2025-08-11 03:10:00
G420151001001320010,G420151001001220010,,2025-08-11 03:15:00,38,26,0,0,1,9,0,2,0,0,0,0,0,0,0,0,0,27,11,0,,,,2025-08-11 03:15:00
G420151001001320010,G420151001001220010,,2025-08-11 03:20:00,33,18,0,0,0,6,2,6,1,0,0,0,0,0,0,0,0,18,15,0,,,,2025-08-11 03:20:00
G420151001001320010,G420151001001220010,,2025-08-11 03:25:00,38,22,0,0,0,11,0,4,0,0,1,0,0,0,0,0,0,22,16,0,,,,2025-08-11 03:25:00
G420151001001320010,G420151001001220010,,2025-08-11 03:30:00,29,16,0,0,0,9,1,3,0,0,0,0,0,0,0,0,0,16,13,0,,,,2025-08-11 03:30:00
G420151001001320010,G420151001001220010,,2025-08-11 03:35:00,41,22,0,0,0,11,4,4,0,0,0,0,0,0,0,0,0,22,19,0,,,,2025-08-11 03:35:00
G420151001001320010,G420151001001220010,,2025-08-11 03:40:00,57,40,0,0,0,3,5,3,6,0,0,0,0,0,0,0,0,40,17,0,,,,2025-08-11 03:40:00
G420151001001320010,G420151001001220010,,2025-08-11 03:45:00,38,24,0,0,0,7,0,1,5,1,0,0,0,0,0,0,0,24,14,0,,,,2025-08-11 03:45:00
G420151001001320010,G420151001001220010,,2025-08-11 03:50:00,39,21,0,0,0,9,5,1,2,0,0,0,1,0,0,0,0,21,17,1,,,,2025-08-11 03:50:00
G420151001001320010,G420151001001220010,,2025-08-11 03:55:00,28,16,0,0,0,4,3,2,1,0,2,0,0,0,0,0,0,16,12,0,,,,2025-08-11 03:55:00
G420151001002910010,G420151001000510010,,2025-08-11 03:00:00,34,18,0,0,0,7,5,2,2,0,0,0,0,0,0,0,0,18,16,0,,,,2025-08-11 03:00:00
G420151001002910010,G420151001000510010,,2025-08-11 03:05:00,32,20,0,0,0,5,2,4,1,0,0,0,0,0,0,0,0,20,12,0,,,,2025-08-11 03:05:00
G420151001002910010,G420151001000510010,,2025-08-11 03:10:00,29,13,0,0,0,6,4,5,1,0,0,0,0,0,0,0,0,13,16,0,,,,2025-08-11 03:10:00
G420151001002910010,G420151001000510010,,2025-08-11 03:15:00,30,14,0,0,0,7,6,2,1,0,0,0,0,0,0,0,0,14,16,0,,,,2025-08-11 03:15:00
G420151001002910010,G420151001000510010,,2025-08-11 03:20:00,29,14,0,0,0,7,4,3,1,0,0,0,0,0,0,0,0,14,15,0,,,,2025-08-11 03:20:00
G420151001002910010,G420151001000510010,,2025-08-11 03:25:00,30,10,0,0,0,6,8,5,0,0,1,0,0,0,0,0,0,10,20,0,,,,2025-08-11 03:25:00
G420151001002910010,G420151001000510010,,2025-08-11 03:30:00,28,10,0,0,0,7,5,3,0,1,2,0,0,0,0,0,0,10,18,0,,,,2025-08-11 03:30:00
G420151001002910010,G420151001000510010,,2025-08-11 03:35:00,30,16,0,0,0,8,3,2,0,1,0,0,0,0,0,0,0,16,14,0,,,,2025-08-11 03:35:00
G420151001002910010,G420151001000510010,,2025-08-11 03:40:00,31,12,0,0,0,9,5,4,0,0,0,0,1,0,0,0,0,12,18,1,,,,2025-08-11 03:40:00
G420151001002910010,G420151001000510010,,2025-08-11 03:45:00,41,21,0,0,0,13,3,2,0,0,2,0,0,0,0,0,0,21,20,0,,,,2025-08-11 03:45:00
G420151001002910010,G420151001000510010,,2025-08-11 03:50:00,22,12,0,0,0,4,2,3,1,0,0,0,0,0,0,0,0,12,10,0,,,,2025-08-11 03:50:00
G420151001002910010,G420151001000510010,,2025-08-11 03:55:00,31,15,0,0,0,5,5,5,0,0,1,0,0,0,0,0,0,15,16,0,,,,2025-08-11 03:55:00
G420151001002920010,G420151001000420010,,2025-08-11 03:00:00,41,17,0,0,0,14,4,5,1,0,0,0,0,0,0,0,0,17,24,0,,,,2025-08-11 03:00:00
G420151001002920010,G420151001000420010,,2025-08-11 03:05:00,39,19,0,0,0,9,3,7,1,0,0,0,0,0,0,0,0,19,20,0,,,,2025-08-11 03:05:00
G420151001002920010,G420151001000420010,,2025-08-11 03:10:00,42,23,0,0,0,11,4,2,0,0,2,0,0,0,0,0,0,23,19,0,,,,2025-08-11 03:10:00
G420151001002920010,G420151001000420010,,2025-08-11 03:15:00,43,17,0,0,0,11,6,7,1,0,1,0,0,0,0,0,0,17,26,0,,,,2025-08-11 03:15:00
G420151001002920010,G420151001000420010,,2025-08-11 03:20:00,31,11,0,0,0,7,5,7,1,0,0,0,0,0,0,0,0,11,20,0,,,,2025-08-11 03:20:00
G420151001002920010,G420151001000420010,,2025-08-11 03:25:00,26,14,0,0,0,2,5,4,1,0,0,0,0,0,0,0,0,14,12,0,,,,2025-08-11 03:25:00
G420151001002920010,G420151001000420010,,2025-08-11 03:30:00,35,14,0,0,0,8,5,6,2,0,0,0,0,0,0,0,0,14,21,0,,,,2025-08-11 03:30:00
G420151001002920010,G420151001000420010,,2025-08-11 03:35:00,33,21,0,0,0,6,3,2,1,0,0,0,0,0,0,0,0,21,12,0,,,,2025-08-11 03:35:00
G420151001002920010,G420151001000420010,,2025-08-11 03:40:00,31,17,0,0,0,6,1,4,1,0,2,0,0,0,0,0,0,17,14,0,,,,2025-08-11 03:40:00
G420151001002920010,G420151001000420010,,2025-08-11 03:45:00,38,21,0,0,0,3,7,6,0,0,1,0,0,0,0,0,0,21,17,0,,,,2025-08-11 03:45:00
G420151001002920010,G420151001000420010,,2025-08-11 03:50:00,31,18,0,0,0,5,3,4,0,0,1,0,0,0,0,0,0,18,13,0,,,,2025-08-11 03:50:00
G420151001002920010,G420151001000420010,,2025-08-11 03:55:00,24,10,0,0,0,5,5,3,1,0,0,0,0,0,0,0,0,10,14,0,,,,2025-08-11 03:55:00
G420151002000110010,G420151002000210010,,2025-08-11 03:00:00,40,26,0,0,0,8,2,3,0,0,0,1,0,0,0,0,0,26,13,1,,,,2025-08-11 03:00:00
G420151002000110010,G420151002000210010,,2025-08-11 03:05:00,28,19,0,0,0,6,2,1,0,0,0,0,0,0,0,0,0,19,9,0,,,,2025-08-11 03:05:00
G420151002000110010,G420151002000210010,,2025-08-11 03:10:00,40,21,0,0,0,8,3,3,3,0,1,0,1,0,0,0,0,21,18,1,,,,2025-08-11 03:10:00
G420151002000110010,G420151002000210010,,2025-08-11 03:15:00,33,22,0,0,0,7,2,2,0,0,0,0,0,0,0,0,0,22,11,0,,,,2025-08-11 03:15:00
G420151002000110010,G420151002000210010,,2025-08-11 03:20:00,30,19,0,0,0,6,2,3,0,0,0,0,0,0,0,0,0,19,11,0,,,,2025-08-11 03:20:00
G420151002000110010,G420151002000210010,,2025-08-11 03:25:00,34,18,0,0,0,5,4,6,0,0,0,0,1,0,0,0,0,18,15,1,,,,2025-08-11 03:25:00
G420151002000110010,G420151002000210010,,2025-08-11 03:30:00,22,12,0,0,0,5,3,2,0,0,0,0,0,0,0,0,0,12,10,0,,,,2025-08-11 03:30:00
G420151002000110010,G420151002000210010,,2025-08-11 03:35:00,27,18,0,0,0,5,2,1,1,0,0,0,0,0,0,0,0,18,9,0,,,,2025-08-11 03:35:00
G420151002000110010,G420151002000210010,,2025-08-11 03:40:00,30,17,0,0,0,8,2,2,1,0,0,0,0,0,0,0,0,17,13,0,,,,2025-08-11 03:40:00
G420151002000110010,G420151002000210010,,2025-08-11 03:45:00,31,21,0,0,0,4,2,3,1,0,0,0,0,0,0,0,0,21,10,0,,,,2025-08-11 03:45:00
G420151002000110010,G420151002000210010,,2025-08-11 03:50:00,39,23,0,0,0,5,6,2,3,0,0,0,0,0,0,0,0,23,16,0,,,,2025-08-11 03:50:00
G420151002000110010,G420151002000210010,,2025-08-11 03:55:00,26,13,0,0,0,8,0,4,1,0,0,0,0,0,0,0,0,13,13,0,,,,2025-08-11 03:55:00
G420151002000120010,G420151001001320010,,2025-08-11 03:00:00,22,11,0,0,0,6,2,3,0,0,0,0,0,0,0,0,0,11,11,0,,,,2025-08-11 03:00:00
G420151002000120010,G420151001001320010,,2025-08-11 03:05:00,29,17,0,0,0,11,0,1,0,0,0,0,0,0,0,0,0,17,12,0,,,,2025-08-11 03:05:00
G420151002000120010,G420151001001320010,,2025-08-11 03:10:00,29,19,0,0,0,8,0,2,0,0,0,0,0,0,0,0,0,19,10,0,,,,2025-08-11 03:10:00
G420151002000120010,G420151001001320010,,2025-08-11 03:15:00,27,15,0,0,0,4,1,6,1,0,0,0,0,0,0,0,0,15,12,0,,,,2025-08-11 03:15:00
G420151002000120010,G420151001001320010,,2025-08-11 03:20:00,35,22,0,0,0,9,0,3,0,0,1,0,0,0,0,0,0,22,13,0,,,,2025-08-11 03:20:00
G420151002000120010,G420151001001320010,,2025-08-11 03:25:00,20,9,0,0,0,6,2,3,0,0,0,0,0,0,0,0,0,9,11,0,,,,2025-08-11 03:25:00
G420151002000120010,G420151001001320010,,2025-08-11 03:30:00,41,21,0,0,0,11,4,5,0,0,0,0,0,0,0,0,0,21,20,0,,,,2025-08-11 03:30:00
G420151002000120010,G420151001001320010,,2025-08-11 03:35:00,37,25,0,0,0,4,0,2,6,0,0,0,0,0,0,0,0,25,12,0,,,,2025-08-11 03:35:00
G420151002000120010,G420151001001320010,,2025-08-11 03:40:00,32,19,0,0,0,7,0,1,4,1,0,0,0,0,0,0,0,19,13,0,,,,2025-08-11 03:40:00
G420151002000120010,G420151001001320010,,2025-08-11 03:45:00,30,17,0,0,0,6,3,1,2,0,0,0,1,0,0,0,0,17,12,1,,,,2025-08-11 03:45:00
G420151002000120010,G420151001001320010,,2025-08-11 03:50:00,28,15,0,0,0,4,3,3,1,0,2,0,0,0,0,0,0,15,13,0,,,,2025-08-11 03:50:00
G420151002000120010,G420151001001320010,,2025-08-11 03:55:00,37,21,0,0,0,12,1,2,1,0,0,0,0,0,0,0,0,21,16,0,,,,2025-08-11 03:55:00
G420151002000210010,G420151002000310010,,2025-08-11 03:00:00,35,26,0,0,0,7,1,0,0,0,0,1,0,0,0,0,0,26,8,1,,,,2025-08-11 03:00:00
G420151002000210010,G420151002000310010,,2025-08-11 03:05:00,40,24,0,0,0,8,3,5,0,0,0,0,0,0,0,0,0,24,16,0,,,,2025-08-11 03:05:00
G420151002000210010,G420151002000310010,,2025-08-11 03:10:00,47,23,0,0,0,13,2,4,4,0,0,0,1,0,0,0,0,23,23,1,,,,2025-08-11 03:10:00
G420151002000210010,G420151002000310010,,2025-08-11 03:15:00,36,20,0,0,0,8,4,2,0,0,1,0,1,0,0,0,0,20,15,1,,,,2025-08-11 03:15:00
G420151002000210010,G420151002000310010,,2025-08-11 03:20:00,34,20,0,0,0,9,3,2,0,0,0,0,0,0,0,0,0,20,14,0,,,,2025-08-11 03:20:00
G420151002000210010,G420151002000310010,,2025-08-11 03:25:00,45,27,0,0,0,8,4,5,0,0,0,0,1,0,0,0,0,27,17,1,,,,2025-08-11 03:25:00
G420151002000210010,G420151002000310010,,2025-08-11 03:30:00,24,14,0,0,0,5,2,3,0,0,0,0,0,0,0,0,0,14,10,0,,,,2025-08-11 03:30:00
G420151002000210010,G420151002000310010,,2025-08-11 03:35:00,31,20,0,0,0,8,3,0,0,0,0,0,0,0,0,0,0,20,11,0,,,,2025-08-11 03:35:00
G420151002000210010,G420151002000310010,,2025-08-11 03:40:00,30,16,0,0,0,8,3,2,1,0,0,0,0,0,0,0,0,16,14,0,,,,2025-08-11 03:40:00
G420151002000210010,G420151002000310010,,2025-08-11 03:45:00,34,20,0,0,0,7,3,3,1,0,0,0,0,0,0,0,0,20,14,0,,,,2025-08-11 03:45:00
G420151002000210010,G420151002000310010,,2025-08-11 03:50:00,37,21,0,0,0,5,5,4,2,0,0,0,0,0,0,0,0,21,16,0,,,,2025-08-11 03:50:00
G420151002000210010,G420151002000310010,,2025-08-11 03:55:00,32,16,0,0,0,10,3,2,1,0,0,0,0,0,0,0,0,16,16,0,,,,2025-08-11 03:55:00
G420151002000220010,G420151002000120010,,2025-08-11 03:00:00,33,16,0,0,0,12,2,3,0,0,0,0,0,0,0,0,0,16,17,0,,,,2025-08-11 03:00:00
G420151002000220010,G420151002000120010,,2025-08-11 03:05:00,30,16,0,0,0,12,1,1,0,0,0,0,0,0,0,0,0,16,14,0,,,,2025-08-11 03:05:00
G420151002000220010,G420151002000120010,,2025-08-11 03:10:00,35,22,0,0,0,8,1,3,1,0,0,0,0,0,0,0,0,22,13,0,,,,2025-08-11 03:10:00
G420151002000220010,G420151002000120010,,2025-08-11 03:15:00,31,17,0,0,0,7,0,6,1,0,0,0,0,0,0,0,0,17,14,0,,,,2025-08-11 03:15:00
G420151002000220010,G420151002000120010,,2025-08-11 03:20:00,50,27,0,0,0,16,0,5,0,0,2,0,0,0,0,0,0,27,23,0,,,,2025-08-11 03:20:00
G420151002000220010,G420151002000120010,,2025-08-11 03:25:00,32,17,0,0,0,10,2,2,1,0,0,0,0,0,0,0,0,17,15,0,,,,2025-08-11 03:25:00
G420151002000220010,G420151002000120010,,2025-08-11 03:30:00,38,22,0,0,0,6,5,3,2,0,0,0,0,0,0,0,0,22,16,0,,,,2025-08-11 03:30:00
G420151002000220010,G420151002000120010,,2025-08-11 03:35:00,41,28,0,0,0,6,0,3,4,0,0,0,0,0,0,0,0,28,13,0,,,,2025-08-11 03:35:00
G420151002000220010,G420151002000120010,,2025-08-11 03:40:00,42,24,0,0,0,7,2,0,6,1,1,0,1,0,0,0,0,24,17,1,,,,2025-08-11 03:40:00
G420151002000220010,G420151002000120010,,2025-08-11 03:45:00,32,20,0,0,0,7,4,1,0,0,0,0,0,0,0,0,0,20,12,0,,,,2025-08-11 03:45:00
G420151002000220010,G420151002000120010,,2025-08-11 03:50:00,39,21,0,0,0,9,1,5,1,0,2,0,0,0,0,0,0,21,18,0,,,,2025-08-11 03:50:00
G420151002000220010,G420151002000120010,,2025-08-11 03:55:00,43,29,0,0,0,12,1,0,1,0,0,0,0,0,0,0,0,29,14,0,,,,2025-08-11 03:55:00
G420151002000310010,G420151002000410010,,2025-08-11 03:00:00,36,22,0,0,0,10,2,0,1,0,0,1,0,0,0,0,0,22,13,1,,,,2025-08-11 03:00:00
G420151002000310010,G420151002000410010,,2025-08-11 03:05:00,37,21,0,0,0,8,2,6,0,0,0,0,0,0,0,0,0,21,16,0,,,,2025-08-11 03:05:00
G420151002000310010,G420151002000410010,,2025-08-11 03:10:00,33,15,0,0,0,11,2,2,2,0,0,0,1,0,0,0,0,15,17,1,,,,2025-08-11 03:10:00
G420151002000310010,G420151002000410010,,2025-08-11 03:15:00,35,17,0,0,0,11,2,4,1,0,0,0,0,0,0,0,0,17,18,0,,,,2025-08-11 03:15:00
G420151002000310010,G420151002000410010,,2025-08-11 03:20:00,31,20,0,0,0,6,2,3,0,0,0,0,0,0,0,0,0,20,11,0,,,,2025-08-11 03:20:00
G420151002000310010,G420151002000410010,,2025-08-11 03:25:00,36,19,0,0,0,9,3,5,0,0,0,0,0,0,0,0,0,19,17,0,,,,2025-08-11 03:25:00
G420151002000310010,G420151002000410010,,2025-08-11 03:30:00,35,18,0,0,0,9,3,4,0,0,0,0,1,0,0,0,0,18,16,1,,,,2025-08-11 03:30:00
G420151002000310010,G420151002000410010,,2025-08-11 03:35:00,27,17,0,0,0,6,3,1,0,0,0,0,0,0,0,0,0,17,10,0,,,,2025-08-11 03:35:00
G420151002000310010,G420151002000410010,,2025-08-11 03:40:00,26,12,0,0,0,9,2,3,0,0,0,0,0,0,0,0,0,12,14,0,,,,2025-08-11 03:40:00
G420151002000310010,G420151002000410010,,2025-08-11 03:45:00,25,16,0,0,0,5,2,1,1,0,0,0,0,0,0,0,0,16,9,0,,,,2025-08-11 03:45:00
G420151002000310010,G420151002000410010,,2025-08-11 03:50:00,30,17,0,0,0,9,2,2,0,0,0,0,0,0,0,0,0,17,13,0,,,,2025-08-11 03:50:00
G420151002000310010,G420151002000410010,,2025-08-11 03:55:00,31,17,0,0,0,5,5,2,2,0,0,0,0,0,0,0,0,17,14,0,,,,2025-08-11 03:55:00
G420151002000320010,G420151002000220010,,2025-08-11 03:00:00,31,19,0,0,0,10,1,1,0,0,0,0,0,0,0,0,0,19,12,0,,,,2025-08-11 03:00:00
G420151002000320010,G420151002000220010,,2025-08-11 03:05:00,29,16,0,0,0,11,0,2,0,0,0,0,0,0,0,0,0,16,13,0,,,,2025-08-11 03:05:00
G420151002000320010,G420151002000220010,,2025-08-11 03:10:00,26,13,0,0,0,9,1,2,1,0,0,0,0,0,0,0,0,13,13,0,,,,2025-08-11 03:10:00
G420151002000320010,G420151002000220010,,2025-08-11 03:15:00,49,26,0,0,0,14,0,7,0,0,2,0,0,0,0,0,0,26,23,0,,,,2025-08-11 03:15:00
G420151002000320010,G420151002000220010,,2025-08-11 03:20:00,35,19,0,0,0,7,3,5,1,0,0,0,0,0,0,0,0,19,16,0,,,,2025-08-11 03:20:00
G420151002000320010,G420151002000220010,,2025-08-11 03:25:00,36,14,0,0,0,12,5,5,0,0,0,0,0,0,0,0,0,14,22,0,,,,2025-08-11 03:25:00
G420151002000320010,G420151002000220010,,2025-08-11 03:30:00,37,25,0,0,0,6,1,5,0,0,0,0,0,0,0,0,0,25,12,0,,,,2025-08-11 03:30:00
G420151002000320010,G420151002000220010,,2025-08-11 03:35:00,25,18,0,0,0,4,1,1,0,1,0,0,0,0,0,0,0,18,7,0,,,,2025-08-11 03:35:00
G420151002000320010,G420151002000220010,,2025-08-11 03:40:00,36,22,0,0,0,5,4,3,0,0,1,0,1,0,0,0,0,22,13,1,,,,2025-08-11 03:40:00
G420151002000320010,G420151002000220010,,2025-08-11 03:45:00,33,23,0,0,0,3,2,2,1,0,2,0,0,0,0,0,0,23,10,0,,,,2025-08-11 03:45:00
G420151002000320010,G420151002000220010,,2025-08-11 03:50:00,32,15,0,0,0,14,0,2,0,0,0,1,0,0,0,0,0,15,16,1,,,,2025-08-11 03:50:00
G420151002000320010,G420151002000220010,,2025-08-11 03:55:00,34,22,0,0,0,10,0,2,0,0,0,0,0,0,0,0,0,22,12,0,,,,2025-08-11 03:55:00
G420151002000410010,G420151002000510010,,2025-08-11 03:00:00,44,31,0,0,0,8,2,1,2,0,0,0,0,0,0,0,0,31,13,0,,,,2025-08-11 03:00:00
G420151002000410010,G420151002000510010,,2025-08-11 03:05:00,32,21,0,0,0,7,1,2,0,0,0,1,0,0,0,0,0,21,10,1,,,,2025-08-11 03:05:00
G420151002000410010,G420151002000510010,,2025-08-11 03:10:00,36,18,0,0,0,9,3,5,1,0,0,0,0,0,0,0,0,18,18,0,,,,2025-08-11 03:10:00
G420151002000410010,G420151002000510010,,2025-08-11 03:15:00,32,15,0,0,0,9,0,4,3,0,0,0,1,0,0,0,0,15,16,1,,,,2025-08-11 03:15:00
G420151002000410010,G420151002000510010,,2025-08-11 03:20:00,33,18,0,0,0,8,3,4,0,0,0,0,0,0,0,0,0,18,15,0,,,,2025-08-11 03:20:00
G420151002000410010,G420151002000510010,,2025-08-11 03:25:00,32,15,0,0,0,10,3,4,0,0,0,0,0,0,0,0,0,15,17,0,,,,2025-08-11 03:25:00
G420151002000410010,G420151002000510010,,2025-08-11 03:30:00,31,13,0,0,0,9,4,4,0,0,0,0,1,0,0,0,0,13,17,1,,,,2025-08-11 03:30:00
G420151002000410010,G420151002000510010,,2025-08-11 03:35:00,30,18,0,0,0,8,1,3,0,0,0,0,0,0,0,0,0,18,12,0,,,,2025-08-11 03:35:00
G420151002000410010,G420151002000510010,,2025-08-11 03:40:00,26,13,0,0,0,8,3,2,0,0,0,0,0,0,0,0,0,13,13,0,,,,2025-08-11 03:40:00
G420151002000410010,G420151002000510010,,2025-08-11 03:45:00,23,10,0,0,0,7,3,2,1,0,0,0,0,0,0,0,0,10,13,0,,,,2025-08-11 03:45:00
G420151002000410010,G420151002000510010,,2025-08-11 03:50:00,33,22,0,0,0,8,1,2,0,0,0,0,0,0,0,0,0,22,11,0,,,,2025-08-11 03:50:00
G420151002000410010,G420151002000510010,,2025-08-11 03:55:00,27,13,0,0,0,6,4,2,2,0,0,0,0,0,0,0,0,13,14,0,,,,2025-08-11 03:55:00
G420151002000420010,G420151002000320010,,2025-08-11 03:00:00,23,12,0,0,0,10,0,1,0,0,0,0,0,0,0,0,0,12,11,0,,,,2025-08-11 03:00:00
G420151002000420010,G420151002000320010,,2025-08-11 03:05:00,24,13,0,0,0,9,1,0,1,0,0,0,0,0,0,0,0,13,11,0,,,,2025-08-11 03:05:00
G420151002000420010,G420151002000320010,,2025-08-11 03:10:00,17,12,0,0,0,2,0,3,0,0,0,0,0,0,0,0,0,12,5,0,,,,2025-08-11 03:10:00
G420151002000420010,G420151002000320010,,2025-08-11 03:15:00,37,19,0,0,0,10,0,5,1,0,2,0,0,0,0,0,0,19,18,0,,,,2025-08-11 03:15:00
G420151002000420010,G420151002000320010,,2025-08-11 03:20:00,20,7,0,0,0,8,4,1,0,0,0,0,0,0,0,0,0,7,13,0,,,,2025-08-11 03:20:00
G420151002000420010,G420151002000320010,,2025-08-11 03:25:00,27,17,0,0,0,5,1,4,0,0,0,0,0,0,0,0,0,17,10,0,,,,2025-08-11 03:25:00
G420151002000420010,G420151002000320010,,2025-08-11 03:30:00,26,14,0,0,0,8,1,3,0,0,0,0,0,0,0,0,0,14,12,0,,,,2025-08-11 03:30:00
G420151002000420010,G420151002000320010,,2025-08-11 03:35:00,26,19,0,0,0,3,2,2,0,0,0,0,0,0,0,0,0,19,7,0,,,,2025-08-11 03:35:00
G420151002000420010,G420151002000320010,,2025-08-11 03:40:00,23,15,0,0,0,2,4,2,0,0,0,0,0,0,0,0,0,15,8,0,,,,2025-08-11 03:40:00
G420151002000420010,G420151002000320010,,2025-08-11 03:45:00,20,12,0,0,0,2,0,3,1,0,2,0,0,0,0,0,0,12,8,0,,,,2025-08-11 03:45:00
G420151002000420010,G420151002000320010,,2025-08-11 03:50:00,29,17,0,0,0,9,0,2,0,0,0,1,0,0,0,0,0,17,11,1,,,,2025-08-11 03:50:00
G420151002000420010,G420151002000320010,,2025-08-11 03:55:00,23,12,0,0,0,7,2,2,0,0,0,0,0,0,0,0,0,12,11,0,,,,2025-08-11 03:55:00
G420151002000510010,G420151002000610010,,2025-08-11 03:00:00,41,31,0,0,0,7,0,2,1,0,0,0,0,0,0,0,0,31,10,0,,,,2025-08-11 03:00:00
G420151002000510010,G420151002000610010,,2025-08-11 03:05:00,37,24,0,0,0,11,1,0,0,0,0,1,0,0,0,0,0,24,12,1,,,,2025-08-11 03:05:00
G420151002000510010,G420151002000610010,,2025-08-11 03:10:00,32,17,0,0,0,6,3,6,0,0,0,0,0,0,0,0,0,17,15,0,,,,2025-08-11 03:10:00
G420151002000510010,G420151002000610010,,2025-08-11 03:15:00,34,17,0,0,0,10,3,2,1,0,0,0,1,0,0,0,0,17,16,1,,,,2025-08-11 03:15:00
G420151002000510010,G420151002000610010,,2025-08-11 03:20:00,44,23,0,0,0,10,3,5,3,0,0,0,0,0,0,0,0,23,21,0,,,,2025-08-11 03:20:00
G420151002000510010,G420151002000610010,,2025-08-11 03:25:00,23,14,0,0,0,4,2,3,0,0,0,0,0,0,0,0,0,14,9,0,,,,2025-08-11 03:25:00
G420151002000510010,G420151002000610010,,2025-08-11 03:30:00,35,16,0,0,0,10,3,6,0,0,0,0,0,0,0,0,0,16,19,0,,,,2025-08-11 03:30:00
G420151002000510010,G420151002000610010,,2025-08-11 03:35:00,41,23,0,0,0,9,2,5,0,0,1,0,1,0,0,0,0,23,17,1,,,,2025-08-11 03:35:00
G420151002000510010,G420151002000610010,,2025-08-11 03:40:00,28,17,0,0,0,8,3,0,0,0,0,0,0,0,0,0,0,17,11,0,,,,2025-08-11 03:40:00
G420151002000510010,G420151002000610010,,2025-08-11 03:45:00,28,13,0,0,0,8,3,3,1,0,0,0,0,0,0,0,0,13,15,0,,,,2025-08-11 03:45:00
G420151002000510010,G420151002000610010,,2025-08-11 03:50:00,29,20,0,0,0,4,2,3,0,0,0,0,0,0,0,0,0,20,9,0,,,,2025-08-11 03:50:00
G420151002000510010,G420151002000610010,,2025-08-11 03:55:00,33,15,0,0,0,13,2,2,1,0,0,0,0,0,0,0,0,15,18,0,,,,2025-08-11 03:55:00
G420151002000520010,G420151002000420010,,2025-08-11 03:00:00,32,17,0,0,0,12,0,3,0,0,0,0,0,0,0,0,0,17,15,0,,,,2025-08-11 03:00:00
G420151002000520010,G420151002000420010,,2025-08-11 03:05:00,28,14,0,0,0,8,2,3,1,0,0,0,0,0,0,0,0,14,14,0,,,,2025-08-11 03:05:00
G420151002000520010,G420151002000420010,,2025-08-11 03:10:00,50,22,0,0,0,11,2,12,1,0,2,0,0,0,0,0,0,22,28,0,,,,2025-08-11 03:10:00
G420151002000520010,G420151002000420010,,2025-08-11 03:15:00,37,22,0,0,0,7,3,5,0,0,0,0,0,0,0,0,0,22,15,0,,,,2025-08-11 03:15:00
G420151002000520010,G420151002000420010,,2025-08-11 03:20:00,24,5,0,0,0,8,5,6,0,0,0,0,0,0,0,0,0,5,19,0,,,,2025-08-11 03:20:00
G420151002000520010,G420151002000420010,,2025-08-11 03:25:00,34,19,0,0,0,7,1,7,0,0,0,0,0,0,0,0,0,19,15,0,,,,2025-08-11 03:25:00
G420151002000520010,G420151002000420010,,2025-08-11 03:30:00,29,23,0,0,0,4,1,0,0,0,0,1,0,0,0,0,0,23,5,1,,,,2025-08-11 03:30:00
G420151002000520010,G420151002000420010,,2025-08-11 03:35:00,27,16,0,0,0,1,3,4,0,1,1,0,1,0,0,0,0,16,10,1,,,,2025-08-11 03:35:00
G420151002000520010,G420151002000420010,,2025-08-11 03:40:00,26,14,0,0,0,4,3,2,1,0,2,0,0,0,0,0,0,14,12,0,,,,2025-08-11 03:40:00
G420151002000520010,G420151002000420010,,2025-08-11 03:45:00,31,19,0,0,0,9,1,1,0,0,0,1,0,0,0,0,0,19,11,1,,,,2025-08-11 03:45:00
G420151002000520010,G420151002000420010,,2025-08-11 03:50:00,37,24,0,0,0,10,0,1,0,0,2,0,0,0,0,0,0,24,13,0,,,,2025-08-11 03:50:00
G420151002000520010,G420151002000420010,,2025-08-11 03:55:00,28,13,0,0,0,8,2,3,1,0,1,0,0,0,0,0,0,13,15,0,,,,2025-08-11 03:55:00
G420151002000610010,G420151002000710010,,2025-08-11 03:00:00,43,30,0,0,0,7,2,4,0,0,0,0,0,0,0,0,0,30,13,0,,,,2025-08-11 03:00:00
G420151002000610010,G420151002000710010,,2025-08-11 03:05:00,41,25,0,0,0,14,1,0,0,0,0,1,0,0,0,0,0,25,15,1,,,,2025-08-11 03:05:00
G420151002000610010,G420151002000710010,,2025-08-11 03:10:00,27,18,0,0,0,4,2,3,0,0,0,0,0,0,0,0,0,18,9,0,,,,2025-08-11 03:10:00
G420151002000610010,G420151002000710010,,2025-08-11 03:15:00,32,17,0,0,0,7,5,3,0,0,0,0,0,0,0,0,0,17,15,0,,,,2025-08-11 03:15:00
G420151002000610010,G420151002000710010,,2025-08-11 03:20:00,36,19,0,0,0,8,1,5,3,0,0,0,0,0,0,0,0,19,17,0,,,,2025-08-11 03:20:00
G420151002000610010,G420151002000710010,,2025-08-11 03:25:00,36,18,0,0,0,9,5,4,0,0,0,0,0,0,0,0,0,18,18,0,,,,2025-08-11 03:25:00
G420151002000610010,G420151002000710010,,2025-08-11 03:30:00,28,16,0,0,0,6,2,4,0,0,0,0,0,0,0,0,0,16,12,0,,,,2025-08-11 03:30:00
G420151002000610010,G420151002000710010,,2025-08-11 03:35:00,40,20,0,0,0,12,3,4,0,0,0,0,1,0,0,0,0,20,19,1,,,,2025-08-11 03:35:00
G420151002000610010,G420151002000710010,,2025-08-11 03:40:00,34,19,0,0,0,8,3,3,0,0,1,0,0,0,0,0,0,19,15,0,,,,2025-08-11 03:40:00
G420151002000610010,G420151002000710010,,2025-08-11 03:45:00,25,12,0,0,0,8,3,2,0,0,0,0,0,0,0,0,0,12,13,0,,,,2025-08-11 03:45:00
G420151002000610010,G420151002000710010,,2025-08-11 03:50:00,31,19,0,0,0,6,3,3,0,0,0,0,0,0,0,0,0,19,12,0,,,,2025-08-11 03:50:00
G420151002000610010,G420151002000710010,,2025-08-11 03:55:00,31,16,0,0,0,10,2,3,0,0,0,0,0,0,0,0,0,16,15,0,,,,2025-08-11 03:55:00
G420151002000620010,G420151002000520010,,2025-08-11 03:00:00,29,13,0,0,0,12,0,4,0,0,0,0,0,0,0,0,0,13,16,0,,,,2025-08-11 03:00:00
G420151002000620010,G420151002000520010,,2025-08-11 03:05:00,26,12,0,0,0,5,3,5,0,0,1,0,0,0,0,0,0,12,14,0,,,,2025-08-11 03:05:00
G420151002000620010,G420151002000520010,,2025-08-11 03:10:00,47,22,0,0,0,12,2,8,1,0,2,0,0,0,0,0,0,22,25,0,,,,2025-08-11 03:10:00
G420151002000620010,G420151002000520010,,2025-08-11 03:15:00,34,18,0,0,0,8,3,5,0,0,0,0,0,0,0,0,0,18,16,0,,,,2025-08-11 03:15:00
G420151002000620010,G420151002000520010,,2025-08-11 03:20:00,28,10,0,0,0,6,6,5,0,0,1,0,0,0,0,0,0,10,18,0,,,,2025-08-11 03:20:00
G420151002000620010,G420151002000520010,,2025-08-11 03:25:00,26,17,0,0,0,4,0,5,0,0,0,0,0,0,0,0,0,17,9,0,,,,2025-08-11 03:25:00
G420151002000620010,G420151002000520010,,2025-08-11 03:30:00,28,20,0,0,0,3,1,2,0,1,0,0,1,0,0,0,0,20,7,1,,,,2025-08-11 03:30:00
G420151002000620010,G420151002000520010,,2025-08-11 03:35:00,23,14,0,0,0,2,4,3,0,0,0,0,0,0,0,0,0,14,9,0,,,,2025-08-11 03:35:00
G420151002000620010,G420151002000520010,,2025-08-11 03:40:00,30,20,0,0,0,3,2,1,1,0,2,1,0,0,0,0,0,20,9,1,,,,2025-08-11 03:40:00
G420151002000620010,G420151002000520010,,2025-08-11 03:45:00,28,15,0,0,0,11,0,2,0,0,0,0,0,0,0,0,0,15,13,0,,,,2025-08-11 03:45:00
G420151002000620010,G420151002000520010,,2025-08-11 03:50:00,32,19,0,0,0,8,2,1,0,0,2,0,0,0,0,0,0,19,13,0,,,,2025-08-11 03:50:00
G420151002000620010,G420151002000520010,,2025-08-11 03:55:00,25,13,0,0,0,8,2,1,1,0,0,0,0,0,0,0,0,13,12,0,,,,2025-08-11 03:55:00
G420151002000710010,G420151002000810010,,2025-08-11 03:00:00,27,13,0,0,0,7,4,3,0,0,0,0,0,0,0,0,0,13,14,0,,,,2025-08-11 03:00:00
G420151002000710010,G420151002000810010,,2025-08-11 03:05:00,29,17,0,0,0,10,0,2,0,0,0,0,0,0,0,0,0,17,12,0,,,,2025-08-11 03:05:00
G420151002000710010,G420151002000810010,,2025-08-11 03:10:00,26,17,0,0,0,7,2,0,0,0,0,0,0,0,0,0,0,17,9,0,,,,2025-08-11 03:10:00
G420151002000710010,G420151002000810010,,2025-08-11 03:15:00,24,14,0,0,0,5,2,3,0,0,0,0,0,0,0,0,0,14,10,0,,,,2025-08-11 03:15:00
G420151002000710010,G420151002000810010,,2025-08-11 03:20:00,29,15,0,0,0,7,5,2,0,0,0,0,0,0,0,0,0,15,14,0,,,,2025-08-11 03:20:00
G420151002000710010,G420151002000810010,,2025-08-11 03:25:00,26,15,0,0,0,5,1,3,2,0,0,0,0,0,0,0,0,15,11,0,,,,2025-08-11 03:25:00
G420151002000710010,G420151002000810010,,2025-08-11 03:30:00,27,13,0,0,0,6,4,4,0,0,0,0,0,0,0,0,0,13,14,0,,,,2025-08-11 03:30:00
G420151002000710010,G420151002000810010,,2025-08-11 03:35:00,29,12,0,0,0,10,1,6,0,0,0,0,0,0,0,0,0,12,17,0,,,,2025-08-11 03:35:00
G420151002000710010,G420151002000810010,,2025-08-11 03:40:00,30,14,0,0,0,9,2,4,0,0,1,0,0,0,0,0,0,14,16,0,,,,2025-08-11 03:40:00
G420151002000710010,G420151002000810010,,2025-08-11 03:45:00,20,13,0,0,0,5,2,0,0,0,0,0,0,0,0,0,0,13,7,0,,,,2025-08-11 03:45:00
G420151002000710010,G420151002000810010,,2025-08-11 03:50:00,22,11,0,0,0,6,3,2,0,0,0,0,0,0,0,0,0,11,11,0,,,,2025-08-11 03:50:00
G420151002000710010,G420151002000810010,,2025-08-11 03:55:00,18,9,0,0,0,4,1,4,0,0,0,0,0,0,0,0,0,9,9,0,,,,2025-08-11 03:55:00
G420151002000720010,G420151002000620010,,2025-08-11 03:00:00,20,10,0,0,0,5,1,2,1,0,1,0,0,0,0,0,0,10,10,0,,,,2025-08-11 03:00:00
G420151002000720010,G420151002000620010,,2025-08-11 03:05:00,33,12,0,0,0,8,1,9,1,0,2,0,0,0,0,0,0,12,21,0,,,,2025-08-11 03:05:00
G420151002000720010,G420151002000620010,,2025-08-11 03:10:00,21,11,0,0,0,3,3,4,0,0,0,0,0,0,0,0,0,11,10,0,,,,2025-08-11 03:10:00
G420151002000720010,G420151002000620010,,2025-08-11 03:15:00,30,12,0,0,0,6,6,6,0,0,0,0,0,0,0,0,0,12,18,0,,,,2025-08-11 03:15:00
G420151002000720010,G420151002000620010,,2025-08-11 03:20:00,25,9,0,0,0,7,1,7,0,0,1,0,0,0,0,0,0,9,16,0,,,,2025-08-11 03:20:00
G420151002000720010,G420151002000620010,,2025-08-11 03:25:00,19,15,0,0,0,2,2,0,0,0,0,0,0,0,0,0,0,15,4,0,,,,2025-08-11 03:25:00
G420151002000720010,G420151002000620010,,2025-08-11 03:30:00,20,12,0,0,0,2,2,3,0,1,0,0,0,0,0,0,0,12,8,0,,,,2025-08-11 03:30:00
G420151002000720010,G420151002000620010,,2025-08-11 03:35:00,18,8,0,0,0,3,2,2,0,0,2,1,0,0,0,0,0,8,9,1,,,,2025-08-11 03:35:00
G420151002000720010,G420151002000620010,,2025-08-11 03:40:00,24,12,0,0,0,8,1,3,0,0,0,0,0,0,0,0,0,12,12,0,,,,2025-08-11 03:40:00
G420151002000720010,G420151002000620010,,2025-08-11 03:45:00,22,11,0,0,0,6,2,1,0,0,2,0,0,0,0,0,0,11,11,0,,,,2025-08-11 03:45:00
G420151002000720010,G420151002000620010,,2025-08-11 03:50:00,18,9,0,0,0,5,2,0,2,0,0,0,0,0,0,0,0,9,9,0,,,,2025-08-11 03:50:00
G420151002000720010,G420151002000620010,,2025-08-11 03:55:00,27,12,0,0,0,8,0,3,2,0,1,0,1,0,0,0,0,12,14,1,,,,2025-08-11 03:55:00
G420151002000810010,G420151002000910010,,2025-08-11 03:00:00,28,14,0,0,0,8,3,3,0,0,0,0,0,0,0,0,0,14,14,0,,,,2025-08-11 03:00:00
G420151002000810010,G420151002000910010,,2025-08-11 03:05:00,28,17,0,0,0,6,3,2,0,0,0,0,0,0,0,0,0,17,11,0,,,,2025-08-11 03:05:00
G420151002000810010,G420151002000910010,,2025-08-11 03:10:00,28,15,0,0,0,11,0,2,0,0,0,0,0,0,0,0,0,15,13,0,,,,2025-08-11 03:10:00
G420151002000810010,G420151002000910010,,2025-08-11 03:15:00,21,14,0,0,0,5,1,1,0,0,0,0,0,0,0,0,0,14,7,0,,,,2025-08-11 03:15:00
G420151002000810010,G420151002000910010,,2025-08-11 03:20:00,28,19,0,0,0,3,4,2,0,0,0,0,0,0,0,0,0,19,9,0,,,,2025-08-11 03:20:00
G420151002000810010,G420151002000910010,,2025-08-11 03:25:00,21,11,0,0,0,6,3,1,0,0,0,0,0,0,0,0,0,11,10,0,,,,2025-08-11 03:25:00
G420151002000810010,G420151002000910010,,2025-08-11 03:30:00,24,12,0,0,0,3,2,5,2,0,0,0,0,0,0,0,0,12,12,0,,,,2025-08-11 03:30:00
G420151002000810010,G420151002000910010,,2025-08-11 03:35:00,21,6,0,0,0,7,5,3,0,0,0,0,0,0,0,0,0,6,15,0,,,,2025-08-11 03:35:00
G420151002000810010,G420151002000910010,,2025-08-11 03:40:00,27,12,0,0,0,7,1,7,0,0,0,0,0,0,0,0,0,12,15,0,,,,2025-08-11 03:40:00
G420151002000810010,G420151002000910010,,2025-08-11 03:45:00,30,20,0,0,0,5,2,2,0,0,1,0,0,0,0,0,0,20,10,0,,,,2025-08-11 03:45:00
G420151002000810010,G420151002000910010,,2025-08-11 03:50:00,14,5,0,0,0,6,2,1,0,0,0,0,0,0,0,0,0,5,9,0,,,,2025-08-11 03:50:00
G420151002000810010,G420151002000910010,,2025-08-11 03:55:00,20,10,0,0,0,5,3,2,0,0,0,0,0,0,0,0,0,10,10,0,,,,2025-08-11 03:55:00
G420151002000820010,G420151002000720010,,2025-08-11 03:00:00,29,12,0,0,0,5,3,6,1,0,2,0,0,0,0,0,0,12,17,0,,,,2025-08-11 03:00:00
G420151002000820010,G420151002000720010,,2025-08-11 03:05:00,27,11,0,0,0,7,1,7,0,0,1,0,0,0,0,0,0,11,16,0,,,,2025-08-11 03:05:00
G420151002000820010,G420151002000720010,,2025-08-11 03:10:00,34,17,0,0,0,2,9,6,0,0,0,0,0,0,0,0,0,17,17,0,,,,2025-08-11 03:10:00
G420151002000820010,G420151002000720010,,2025-08-11 03:15:00,30,11,0,0,0,10,2,6,0,0,1,0,0,0,0,0,0,11,19,0,,,,2025-08-11 03:15:00
G420151002000820010,G420151002000720010,,2025-08-11 03:20:00,26,16,0,0,0,6,2,2,0,0,0,0,0,0,0,0,0,16,10,0,,,,2025-08-11 03:20:00
G420151002000820010,G420151002000720010,,2025-08-11 03:25:00,28,19,0,0,0,5,0,3,0,1,0,0,0,0,0,0,0,19,9,0,,,,2025-08-11 03:25:00
G420151002000820010,G420151002000720010,,2025-08-11 03:30:00,22,11,0,0,0,5,2,2,0,0,2,0,0,0,0,0,0,11,11,0,,,,2025-08-11 03:30:00
G420151002000820010,G420151002000720010,,2025-08-11 03:35:00,21,8,0,0,0,7,2,4,0,0,0,0,0,0,0,0,0,8,13,0,,,,2025-08-11 03:35:00
G420151002000820010,G420151002000720010,,2025-08-11 03:40:00,25,12,0,0,0,7,2,2,0,0,2,0,0,0,0,0,0,12,13,0,,,,2025-08-11 03:40:00
G420151002000820010,G420151002000720010,,2025-08-11 03:45:00,18,10,0,0,0,4,2,1,1,0,0,0,0,0,0,0,0,10,8,0,,,,2025-08-11 03:45:00
G420151002000820010,G420151002000720010,,2025-08-11 03:50:00,28,17,0,0,0,6,0,4,0,0,0,0,1,0,0,0,0,17,10,1,,,,2025-08-11 03:50:00
G420151002000820010,G420151002000720010,,2025-08-11 03:55:00,24,11,0,0,0,3,4,3,1,0,2,0,0,0,0,0,0,11,13,0,,,,2025-08-11 03:55:00
G420151002000910010,G420151002001010010,,2025-08-11 03:00:00,31,13,0,0,0,10,5,3,0,0,0,0,0,0,0,0,0,13,18,0,,,,2025-08-11 03:00:00
G420151002000910010,G420151002001010010,,2025-08-11 03:05:00,24,14,0,0,0,8,1,1,0,0,0,0,0,0,0,0,0,14,10,0,,,,2025-08-11 03:05:00
G420151002000910010,G420151002001010010,,2025-08-11 03:10:00,28,16,0,0,0,6,3,3,0,0,0,0,0,0,0,0,0,16,12,0,,,,2025-08-11 03:10:00
G420151002000910010,G420151002001010010,,2025-08-11 03:15:00,24,10,0,0,0,12,1,1,0,0,0,0,0,0,0,0,0,10,14,0,,,,2025-08-11 03:15:00
G420151002000910010,G420151002001010010,,2025-08-11 03:20:00,30,20,0,0,0,7,2,1,0,0,0,0,0,0,0,0,0,20,10,0,,,,2025-08-11 03:20:00
G420151002000910010,G420151002001010010,,2025-08-11 03:25:00,29,19,0,0,0,5,4,1,0,0,0,0,0,0,0,0,0,19,10,0,,,,2025-08-11 03:25:00
G420151002000910010,G420151002001010010,,2025-08-11 03:30:00,21,9,0,0,0,6,2,2,2,0,0,0,0,0,0,0,0,9,12,0,,,,2025-08-11 03:30:00
G420151002000910010,G420151002001010010,,2025-08-11 03:35:00,23,15,0,0,0,4,3,1,0,0,0,0,0,0,0,0,0,15,8,0,,,,2025-08-11 03:35:00
G420151002000910010,G420151002001010010,,2025-08-11 03:40:00,15,8,0,0,0,5,1,1,0,0,0,0,0,0,0,0,0,8,7,0,,,,2025-08-11 03:40:00
G420151002000910010,G420151002001010010,,2025-08-11 03:45:00,27,11,0,0,0,9,1,6,0,0,0,0,0,0,0,0,0,11,16,0,,,,2025-08-11 03:45:00
G420151002000910010,G420151002001010010,,2025-08-11 03:50:00,24,14,0,0,0,4,2,3,0,0,1,0,0,0,0,0,0,14,10,0,,,,2025-08-11 03:50:00
G420151002000910010,G420151002001010010,,2025-08-11 03:55:00,24,11,0,0,0,8,3,2,0,0,0,0,0,0,0,0,0,11,13,0,,,,2025-08-11 03:55:00
G420151002000920010,G420151002000820010,,2025-08-11 03:00:00,26,11,0,0,0,7,2,4,1,0,1,0,0,0,0,0,0,11,15,0,,,,2025-08-11 03:00:00
G420151002000920010,G420151002000820010,,2025-08-11 03:05:00,36,15,0,0,0,4,9,7,0,0,1,0,0,0,0,0,0,15,21,0,,,,2025-08-11 03:05:00
G420151002000920010,G420151002000820010,,2025-08-11 03:10:00,34,15,0,0,0,10,4,4,0,0,1,0,0,0,0,0,0,15,19,0,,,,2025-08-11 03:10:00
G420151002000920010,G420151002000820010,,2025-08-11 03:15:00,26,17,0,0,0,5,1,2,1,0,0,0,0,0,0,0,0,17,9,0,,,,2025-08-11 03:15:00
G420151002000920010,G420151002000820010,,2025-08-11 03:20:00,32,24,0,0,0,3,1,3,1,0,0,0,0,0,0,0,0,24,8,0,,,,2025-08-11 03:20:00
G420151002000920010,G420151002000820010,,2025-08-11 03:25:00,26,10,0,0,0,10,2,4,0,0,0,0,0,0,0,0,0,10,16,0,,,,2025-08-11 03:25:00
G420151002000920010,G420151002000820010,,2025-08-11 03:30:00,29,11,0,0,0,8,4,4,0,0,2,0,0,0,0,0,0,11,18,0,,,,2025-08-11 03:30:00
G420151002000920010,G420151002000820010,,2025-08-11 03:35:00,16,5,0,0,0,5,1,4,0,0,1,0,0,0,0,0,0,5,11,0,,,,2025-08-11 03:35:00
G420151002000920010,G420151002000820010,,2025-08-11 03:40:00,26,13,0,0,0,9,2,2,0,0,0,0,0,0,0,0,0,13,13,0,,,,2025-08-11 03:40:00
G420151002000920010,G420151002000820010,,2025-08-11 03:45:00,20,14,0,0,0,3,0,2,1,0,0,0,0,0,0,0,0,14,6,0,,,,2025-08-11 03:45:00
G420151002000920010,G420151002000820010,,2025-08-11 03:50:00,24,9,0,0,0,5,3,5,1,0,1,0,0,0,0,0,0,9,15,0,,,,2025-08-11 03:50:00
G420151002000920010,G420151002000820010,,2025-08-11 03:55:00,20,14,0,0,0,1,1,2,1,0,1,0,0,0,0,0,0,14,6,0,,,,2025-08-11 03:55:00
G420151002001010010,G420151001000110010,,2025-08-11 03:00:00,22,10,0,0,0,5,4,3,0,0,0,0,0,0,0,0,0,10,12,0,,,,2025-08-11 03:00:00
G420151002001010010,G420151001000110010,,2025-08-11 03:05:00,25,7,0,0,0,15,2,1,0,0,0,0,0,0,0,0,0,7,18,0,,,,2025-08-11 03:05:00
G420151002001010010,G420151001000110010,,2025-08-11 03:10:00,29,18,0,0,0,5,1,3,2,0,0,0,0,0,0,0,0,18,11,0,,,,2025-08-11 03:10:00
G420151002001010010,G420151001000110010,,2025-08-11 03:15:00,28,14,0,0,0,8,2,4,0,0,0,0,0,0,0,0,0,14,14,0,,,,2025-08-11 03:15:00
G420151002001010010,G420151001000110010,,2025-08-11 03:20:00,20,12,0,0,0,5,2,0,1,0,0,0,0,0,0,0,0,12,8,0,,,,2025-08-11 03:20:00
G420151002001010010,G420151001000110010,,2025-08-11 03:25:00,21,14,0,0,0,6,1,0,0,0,0,0,0,0,0,0,0,14,7,0,,,,2025-08-11 03:25:00
G420151002001010010,G420151001000110010,,2025-08-11 03:30:00,25,15,0,0,0,5,5,0,0,0,0,0,0,0,0,0,0,15,10,0,,,,2025-08-11 03:30:00
G420151002001010010,G420151001000110010,,2025-08-11 03:35:00,20,10,0,0,0,4,2,4,0,0,0,0,0,0,0,0,0,10,10,0,,,,2025-08-11 03:35:00
G420151002001010010,G420151001000110010,,2025-08-11 03:40:00,12,3,0,0,0,2,5,2,0,0,0,0,0,0,0,0,0,3,9,0,,,,2025-08-11 03:40:00
G420151002001010010,G420151001000110010,,2025-08-11 03:45:00,17,11,0,0,0,3,1,2,0,0,0,0,0,0,0,0,0,11,6,0,,,,2025-08-11 03:45:00
G420151002001010010,G420151001000110010,,2025-08-11 03:50:00,18,9,0,0,0,6,1,2,0,0,0,0,0,0,0,0,0,9,9,0,,,,2025-08-11 03:50:00
G420151002001010010,G420151001000110010,,2025-08-11 03:55:00,21,9,0,0,0,6,2,3,0,0,1,0,0,0,0,0,0,9,12,0,,,,2025-08-11 03:55:00
G420151002001020010,G420151002000920010,,2025-08-11 03:00:00,33,15,0,0,0,6,7,4,0,0,0,0,1,0,0,0,0,15,17,1,,,,2025-08-11 03:00:00
G420151002001020010,G420151002000920010,,2025-08-11 03:05:00,23,12,0,0,0,4,4,2,0,0,1,0,0,0,0,0,0,12,11,0,,,,2025-08-11 03:05:00
G420151002001020010,G420151002000920010,,2025-08-11 03:10:00,28,15,0,0,0,8,3,2,0,0,0,0,0,0,0,0,0,15,13,0,,,,2025-08-11 03:10:00
G420151002001020010,G420151002000920010,,2025-08-11 03:15:00,30,18,0,0,0,4,2,4,2,0,0,0,0,0,0,0,0,18,12,0,,,,2025-08-11 03:15:00
G420151002001020010,G420151002000920010,,2025-08-11 03:20:00,39,27,0,0,0,9,2,1,0,0,0,0,0,0,0,0,0,27,12,0,,,,2025-08-11 03:20:00
G420151002001020010,G420151002000920010,,2025-08-11 03:25:00,25,14,0,0,0,5,1,4,1,0,0,0,0,0,0,0,0,14,11,0,,,,2025-08-11 03:25:00
G420151002001020010,G420151002000920010,,2025-08-11 03:30:00,25,8,0,0,0,8,4,5,0,0,0,0,0,0,0,0,0,8,17,0,,,,2025-08-11 03:30:00
G420151002001020010,G420151002000920010,,2025-08-11 03:35:00,20,5,0,0,0,7,3,4,0,0,1,0,0,0,0,0,0,5,15,0,,,,2025-08-11 03:35:00
G420151002001020010,G420151002000920010,,2025-08-11 03:40:00,17,7,0,0,0,6,1,2,1,0,0,0,0,0,0,0,0,7,10,0,,,,2025-08-11 03:40:00
G420151002001020010,G420151002000920010,,2025-08-11 03:45:00,26,16,0,0,0,5,0,3,1,0,1,0,0,0,0,0,0,16,10,0,,,,2025-08-11 03:45:00
G420151002001020010,G420151002000920010,,2025-08-11 03:50:00,17,10,0,0,0,2,2,2,0,0,1,0,0,0,0,0,0,10,7,0,,,,2025-08-11 03:50:00
G420151002001020010,G420151002000920010,,2025-08-11 03:55:00,23,13,0,0,0,4,3,2,1,0,0,0,0,0,0,0,0,13,10,0,,,,2025-08-11 03:55:00
S008151001000320010,S008151001000220010,,2025-08-11 03:00:00,1,0,0,0,0,0,0,0,0,0,1,0,0,0,0,0,0,0,1,0,,,,2025-08-11 03:00:00
S008151001000320010,S008151001000220010,,2025-08-11 03:05:00,2,0,0,0,0,1,1,0,0,0,0,0,0,0,0,0,0,0,2,0,,,,2025-08-11 03:05:00
S008151001000320010,S008151001000220010,,2025-08-11 03:15:00,2,1,0,0,0,0,0,0,0,0,1,0,0,0,0,0,0,1,1,0,,,,2025-08-11 03:15:00
S008151001000320010,S008151001000220010,,2025-08-11 03:20:00,2,2,0,0,0,0,0,0,0,0,0,0,0,0,0,0,0,2,0,0,,,,2025-08-11 03:20:00
S008151001000320010,S008151001000220010,,2025-08-11 03:25:00,3,2,0,0,0,0,1,0,0,0,0,0,0,0,0,0,0,2,1,0,,,,2025-08-11 03:25:00
S008151001000320010,S008151001000220010,,2025-08-11 03:30:00,1,1,0,0,0,0,0,0,0,0,0,0,0,0,0,0,0,1,0,0,,,,2025-08-11 03:30:00
S008151001000320010,S008151001000220010,,2025-08-11 03:55:00,2,2,0,0,0,0,0,0,0,0,0,0,0,0,0,0,0,2,0,0,,,,2025-08-11 03:55:00
S420251002000210010,S420251002000310010,,2025-08-11 03:00:00,1,1,0,0,0,0,0,0,0,0,0,0,0,0,0,0,0,1,0,0,,,,2025-08-11 03:00:00
S420251002000210010,S420251002000310010,,2025-08-11 03:05:00,4,3,0,0,0,0,0,1,0,0,0,0,0,0,0,0,0,3,1,0,,,,2025-08-11 03:05:00
S420251002000210010,S420251002000310010,,2025-08-11 03:10:00,7,5,0,0,0,0,1,0,0,0,1,0,0,0,0,0,0,5,2,0,,,,2025-08-11 03:10:00
S420251002000210010,S420251002000310010,,2025-08-11 03:15:00,2,0,0,0,0,1,1,0,0,0,0,0,0,0,0,0,0,0,2,0,,,,2025-08-11 03:15:00
S420251002000210010,S420251002000310010,,2025-08-11 03:20:00,3,3,0,0,0,0,0,0,0,0,0,0,0,0,0,0,0,3,0,0,,,,2025-08-11 03:20:00
S420251002000210010,S420251002000310010,,2025-08-11 03:25:00,4,2,0,0,0,0,2,0,0,0,0,0,0,0,0,0,0,2,2,0,,,,2025-08-11 03:25:00
S420251002000210010,S420251002000310010,,2025-08-11 03:30:00,2,1,0,0,0,0,0,0,1,0,0,0,0,0,0,0,0,1,1,0,,,,2025-08-11 03:30:00
S420251002000210010,S420251002000310010,,2025-08-11 03:35:00,2,1,0,0,0,0,0,0,0,1,0,0,0,0,0,0,0,1,1,0,,,,2025-08-11 03:35:00
S420251002000210010,S420251002000310010,,2025-08-11 03:40:00,9,4,0,0,0,1,2,0,0,0,0,0,0,2,0,0,0,4,3,2,,,,2025-08-11 03:40:00
S420251002000210010,S420251002000310010,,2025-08-11 03:45:00,7,6,0,0,0,0,0,1,0,0,0,0,0,0,0,0,0,6,1,0,,,,2025-08-11 03:45:00
S420251002000210010,S420251002000310010,,2025-08-11 03:50:00,4,2,0,0,0,1,0,1,0,0,0,0,0,0,0,0,0,2,2,0,,,,2025-08-11 03:50:00
S420251002000310010,S420251002000410010,,2025-08-11 03:05:00,3,2,0,0,0,0,0,1,0,0,0,0,0,0,0,0,0,2,1,0,,,,2025-08-11 03:05:00
S420251002000310010,S420251002000410010,,2025-08-11 03:10:00,4,3,0,0,0,0,1,0,0,0,0,0,0,0,0,0,0,3,1,0,,,,2025-08-11 03:10:00
S420251002000310010,S420251002000410010,,2025-08-11 03:15:00,5,2,0,0,0,1,1,0,0,0,1,0,0,0,0,0,0,2,3,0,,,,2025-08-11 03:15:00
S420251002000310010,S420251002000410010,,2025-08-11 03:20:00,2,2,0,0,0,0,0,0,0,0,0,0,0,0,0,0,0,2,0,0,,,,2025-08-11 03:20:00
S420251002000310010,S420251002000410010,,2025-08-11 03:25:00,3,2,0,0,0,0,1,0,0,0,0,0,0,0,0,0,0,2,1,0,,,,2025-08-11 03:25:00
S420251002000310010,S420251002000410010,,2025-08-11 03:30:00,2,1,0,0,0,0,1,0,0,0,0,0,0,0,0,0,0,1,1,0,,,,2025-08-11 03:30:00
S420251002000310010,S420251002000410010,,2025-08-11 03:35:00,3,2,0,0,0,0,0,0,1,0,0,0,0,0,0,0,0,2,1,0,,,,2025-08-11 03:35:00
S420251002000310010,S420251002000410010,,2025-08-11 03:40:00,6,2,0,0,0,1,2,0,0,1,0,0,0,0,0,0,0,2,4,0,,,,2025-08-11 03:40:00
S420251002000310010,S420251002000410010,,2025-08-11 03:45:00,5,3,0,0,0,0,0,0,0,0,0,0,0,2,0,0,0,3,0,2,,,,2025-08-11 03:45:00
S420251002000310010,S420251002000410010,,2025-08-11 03:50:00,10,7,0,0,0,1,0,2,0,0,0,0,0,0,0,0,0,7,3,0,,,,2025-08-11 03:50:00
S420251002000320010,S420251002000220010,,2025-08-11 03:00:00,4,4,0,0,0,0,0,0,0,0,0,0,0,0,0,0,0,4,0,0,,,,2025-08-11 03:00:00
S420251002000320010,S420251002000220010,,2025-08-11 03:05:00,3,0,0,0,0,2,1,0,0,0,0,0,0,0,0,0,0,0,3,0,,,,2025-08-11 03:05:00
S420251002000320010,S420251002000220010,,2025-08-11 03:15:00,2,0,0,0,0,0,2,0,0,0,0,0,0,0,0,0,0,0,2,0,,,,2025-08-11 03:15:00
S420251002000320010,S420251002000220010,,2025-08-11 03:20:00,3,1,0,0,0,0,2,0,0,0,0,0,0,0,0,0,0,1,2,0,,,,2025-08-11 03:20:00
S420251002000320010,S420251002000220010,,2025-08-11 03:25:00,3,1,0,0,0,1,1,0,0,0,0,0,0,0,0,0,0,1,2,0,,,,2025-08-11 03:25:00
S420251002000320010,S420251002000220010,,2025-08-11 03:30:00,1,0,0,0,0,0,1,0,0,0,0,0,0,0,0,0,0,0,1,0,,,,2025-08-11 03:30:00
S420251002000320010,S420251002000220010,,2025-08-11 03:35:00,6,1,0,0,0,0,4,1,0,0,0,0,0,0,0,0,0,1,5,0,,,,2025-08-11 03:35:00
S420251002000320010,S420251002000220010,,2025-08-11 03:40:00,3,3,0,0,0,0,0,0,0,0,0,0,0,0,0,0,0,3,0,0,,,,2025-08-11 03:40:00
S420251002000320010,S420251002000220010,,2025-08-11 03:45:00,6,1,0,0,0,1,4,0,0,0,0,0,0,0,0,0,0,1,5,0,,,,2025-08-11 03:45:00
S420251002000320010,S420251002000220010,,2025-08-11 03:50:00,4,2,0,0,0,1,0,1,0,0,0,0,0,0,0,0,0,2,2,0,,,,2025-08-11 03:50:00
S420251002000320010,S420251002000220010,,2025-08-11 03:55:00,4,1,0,0,0,1,1,0,1,0,0,0,0,0,0,0,0,1,3,0,,,,2025-08-11 03:55:00
S420251002000410010,S420251002000510010,,2025-08-11 03:05:00,2,1,0,0,0,0,0,1,0,0,0,0,0,0,0,0,0,1,1,0,,,,2025-08-11 03:05:00
S420251002000410010,S420251002000510010,,2025-08-11 03:10:00,1,1,0,0,0,0,0,0,0,0,0,0,0,0,0,0,0,1,0,0,,,,2025-08-11 03:10:00
S420251002000410010,S420251002000510010,,2025-08-11 03:15:00,5,2,0,0,0,1,1,0,0,0,1,0,0,0,0,0,0,2,3,0,,,,2025-08-11 03:15:00
S420251002000410010,S420251002000510010,,2025-08-11 03:20:00,1,0,0,0,0,0,1,0,0,0,0,0,0,0,0,0,0,0,1,0,,,,2025-08-11 03:20:00
S420251002000410010,S420251002000510010,,2025-08-11 03:25:00,1,1,0,0,0,0,0,0,0,0,0,0,0,0,0,0,0,1,0,0,,,,2025-08-11 03:25:00
S420251002000410010,S420251002000510010,,2025-08-11 03:30:00,3,1,0,0,0,0,2,0,0,0,0,0,0,0,0,0,0,1,2,0,,,,2025-08-11 03:30:00
S420251002000410010,S420251002000510010,,2025-08-11 03:35:00,1,1,0,0,0,0,0,0,0,0,0,0,0,0,0,0,0,1,0,0,,,,2025-08-11 03:35:00
S420251002000410010,S420251002000510010,,2025-08-11 03:40:00,3,2,0,0,0,0,0,0,0,1,0,0,0,0,0,0,0,2,1,0,,,,2025-08-11 03:40:00
S420251002000410010,S420251002000510010,,2025-08-11 03:45:00,5,2,0,0,0,1,2,0,0,0,0,0,0,0,0,0,0,2,3,0,,,,2025-08-11 03:45:00
S420251002000410010,S420251002000510010,,2025-08-11 03:50:00,6,5,0,0,0,0,0,1,0,0,0,0,0,0,0,0,0,5,1,0,,,,2025-08-11 03:50:00
S420251002000410010,S420251002000510010,,2025-08-11 03:55:00,3,3,0,0,0,0,0,0,0,0,0,0,0,0,0,0,0,3,0,0,,,,2025-08-11 03:55:00
S420251002000420010,S420251002000320010,,2025-08-11 03:00:00,4,2,0,0,0,0,2,0,0,0,0,0,0,0,0,0,0,2,2,0,,,,2025-08-11 03:00:00
S420251002000420010,S420251002000320010,,2025-08-11 03:05:00,3,1,0,0,0,2,0,0,0,0,0,0,0,0,0,0,0,1,2,0,,,,2025-08-11 03:05:00
S420251002000420010,S420251002000320010,,2025-08-11 03:10:00,1,0,0,0,0,0,1,0,0,0,0,0,0,0,0,0,0,0,1,0,,,,2025-08-11 03:10:00
S420251002000420010,S420251002000320010,,2025-08-11 03:15:00,2,0,0,0,0,0,2,0,0,0,0,0,0,0,0,0,0,0,2,0,,,,2025-08-11 03:15:00
S420251002000420010,S420251002000320010,,2025-08-11 03:20:00,4,3,0,0,0,0,1,0,0,0,0,0,0,0,0,0,0,3,1,0,,,,2025-08-11 03:20:00
S420251002000420010,S420251002000320010,,2025-08-11 03:25:00,2,0,0,0,0,0,2,0,0,0,0,0,0,0,0,0,0,0,2,0,,,,2025-08-11 03:25:00
S420251002000420010,S420251002000320010,,2025-08-11 03:35:00,7,2,0,0,0,0,4,1,0,0,0,0,0,0,0,0,0,2,5,0,,,,2025-08-11 03:35:00
S420251002000420010,S420251002000320010,,2025-08-11 03:40:00,4,2,0,0,0,0,2,0,0,0,0,0,0,0,0,0,0,2,2,0,,,,2025-08-11 03:40:00
S420251002000420010,S420251002000320010,,2025-08-11 03:45:00,5,1,0,0,0,2,2,0,0,0,0,0,0,0,0,0,0,1,4,0,,,,2025-08-11 03:45:00
S420251002000420010,S420251002000320010,,2025-08-11 03:50:00,4,2,0,0,0,1,1,0,0,0,0,0,0,0,0,0,0,2,2,0,,,,2025-08-11 03:50:00
S420251002000420010,S420251002000320010,,2025-08-11 03:55:00,6,2,0,0,0,0,3,0,1,0,0,0,0,0,0,0,0,2,4,0,,,,2025-08-11 03:55:00
S420251002000510010,S420251002000610010,,2025-08-11 03:00:00,3,3,0,0,0,0,0,0,0,0,0,0,0,0,0,0,0,3,0,0,,,,2025-08-11 03:00:00
S420251002000510010,S420251002000610010,,2025-08-11 03:05:00,1,1,0,0,0,0,0,0,0,0,0,0,0,0,0,0,0,1,0,0,,,,2025-08-11 03:05:00
S420251002000510010,S420251002000610010,,2025-08-11 03:10:00,3,2,0,0,0,0,0,1,0,0,0,0,0,0,0,0,0,2,1,0,,,,2025-08-11 03:10:00
S420251002000510010,S420251002000610010,,2025-08-11 03:15:00,1,1,0,0,0,0,0,0,0,0,0,0,0,0,0,0,0,1,0,0,,,,2025-08-11 03:15:00
S420251002000510010,S420251002000610010,,2025-08-11 03:20:00,1,0,0,0,0,0,1,0,0,0,0,0,0,0,0,0,0,0,1,0,,,,2025-08-11 03:20:00
S420251002000510010,S420251002000610010,,2025-08-11 03:25:00,1,1,0,0,0,0,0,0,0,0,0,0,0,0,0,0,0,1,0,0,,,,2025-08-11 03:25:00
S420251002000510010,S420251002000610010,,2025-08-11 03:30:00,2,1,0,0,0,0,1,0,0,0,0,0,0,0,0,0,0,1,1,0,,,,2025-08-11 03:30:00
S420251002000510010,S420251002000610010,,2025-08-11 03:35:00,2,1,0,0,0,0,1,0,0,0,0,0,0,0,0,0,0,1,1,0,,,,2025-08-11 03:35:00
S420251002000510010,S420251002000610010,,2025-08-11 03:40:00,1,1,0,0,0,0,0,0,0,0,0,0,0,0,0,0,0,1,0,0,,,,2025-08-11 03:40:00
S420251002000510010,S420251002000610010,,2025-08-11 03:45:00,6,2,0,0,0,1,2,0,0,1,0,0,0,0,0,0,0,2,4,0,,,,2025-08-11 03:45:00
S420251002000510010,S420251002000610010,,2025-08-11 03:50:00,7,6,0,0,0,0,0,1,0,0,0,0,0,0,0,0,0,6,1,0,,,,2025-08-11 03:50:00
S420251002000510010,S420251002000610010,,2025-08-11 03:55:00,2,2,0,0,0,0,0,0,0,0,0,0,0,0,0,0,0,2,0,0,,,,2025-08-11 03:55:00
S420251002000520010,S420251002000420010,,2025-08-11 03:00:00,5,1,0,0,0,2,2,0,0,0,0,0,0,0,0,0,0,1,4,0,,,,2025-08-11 03:00:00
S420251002000520010,S420251002000420010,,2025-08-11 03:05:00,1,1,0,0,0,0,0,0,0,0,0,0,0,0,0,0,0,1,0,0,,,,2025-08-11 03:05:00
S420251002000520010,S420251002000420010,,2025-08-11 03:10:00,2,0,0,0,0,0,2,0,0,0,0,0,0,0,0,0,0,0,2,0,,,,2025-08-11 03:10:00
S420251002000520010,S420251002000420010,,2025-08-11 03:15:00,2,1,0,0,0,0,1,0,0,0,0,0,0,0,0,0,0,1,1,0,,,,2025-08-11 03:15:00
S420251002000520010,S420251002000420010,,2025-08-11 03:20:00,3,2,0,0,0,0,1,0,0,0,0,0,0,0,0,0,0,2,1,0,,,,2025-08-11 03:20:00
S420251002000520010,S420251002000420010,,2025-08-11 03:25:00,2,1,0,0,0,0,1,0,0,0,0,0,0,0,0,0,0,1,1,0,,,,2025-08-11 03:25:00
S420251002000520010,S420251002000420010,,2025-08-11 03:30:00,5,0,0,0,0,0,4,1,0,0,0,0,0,0,0,0,0,0,5,0,,,,2025-08-11 03:30:00
S420251002000520010,S420251002000420010,,2025-08-11 03:35:00,3,3,0,0,0,0,0,0,0,0,0,0,0,0,0,0,0,3,0,0,,,,2025-08-11 03:35:00
S420251002000520010,S420251002000420010,,2025-08-11 03:40:00,5,1,0,0,0,0,4,0,0,0,0,0,0,0,0,0,0,1,4,0,,,,2025-08-11 03:40:00
S420251002000520010,S420251002000420010,,2025-08-11 03:45:00,3,2,0,0,0,1,0,0,0,0,0,0,0,0,0,0,0,2,1,0,,,,2025-08-11 03:45:00
S420251002000520010,S420251002000420010,,2025-08-11 03:50:00,6,1,0,0,0,1,3,0,1,0,0,0,0,0,0,0,0,1,5,0,,,,2025-08-11 03:50:00
S420251002000520010,S420251002000420010,,2025-08-11 03:55:00,5,4,0,0,0,0,1,0,0,0,0,0,0,0,0,0,0,4,1,0,,,,2025-08-11 03:55:00
S420251002000620010,S420251002000520010,,2025-08-11 03:00:00,3,1,0,0,0,0,1,1,0,0,0,0,0,0,0,0,0,1,2,0,,,,2025-08-11 03:00:00
S420251002000620010,S420251002000520010,,2025-08-11 03:05:00,1,0,0,0,0,0,1,0,0,0,0,0,0,0,0,0,0,0,1,0,,,,2025-08-11 03:05:00
S420251002000620010,S420251002000520010,,2025-08-11 03:10:00,3,1,0,0,0,0,2,0,0,0,0,0,0,0,0,0,0,1,2,0,,,,2025-08-11 03:10:00
S420251002000620010,S420251002000520010,,2025-08-11 03:15:00,3,2,0,0,0,0,1,0,0,0,0,0,0,0,0,0,0,2,1,0,,,,2025-08-11 03:15:00
S420251002000620010,S420251002000520010,,2025-08-11 03:20:00,4,1,0,0,0,0,3,0,0,0,0,0,0,0,0,0,0,1,3,0,,,,2025-08-11 03:20:00
S420251002000620010,S420251002000520010,,2025-08-11 03:25:00,3,1,0,0,0,0,1,1,0,0,0,0,0,0,0,0,0,1,2,0,,,,2025-08-11 03:25:00
S420251002000620010,S420251002000520010,,2025-08-11 03:30:00,4,3,0,0,0,0,1,0,0,0,0,0,0,0,0,0,0,3,1,0,,,,2025-08-11 03:30:00
S420251002000620010,S420251002000520010,,2025-08-11 03:35:00,3,1,0,0,0,0,2,0,0,0,0,0,0,0,0,0,0,1,2,0,,,,2025-08-11 03:35:00
S420251002000620010,S420251002000520010,,2025-08-11 03:40:00,5,2,0,0,0,2,1,0,0,0,0,0,0,0,0,0,0,2,3,0,,,,2025-08-11 03:40:00
S420251002000620010,S420251002000520010,,2025-08-11 03:45:00,6,2,0,0,0,0,3,0,1,0,0,0,0,0,0,0,0,2,4,0,,,,2025-08-11 03:45:00
S420251002000620010,S420251002000520010,,2025-08-11 03:50:00,3,3,0,0,0,0,0,0,0,0,0,0,0,0,0,0,0,3,0,0,,,,2025-08-11 03:50:00
S420251002000620010,S420251002000520010,,2025-08-11 03:55:00,3,2,0,0,0,0,1,0,0,0,0,0,0,0,0,0,0,2,1,0,,,,2025-08-11 03:55:00
S420251002000810010,S420251002000910010,,2025-08-11 03:00:00,8,5,0,0,0,1,1,0,1,0,0,0,0,0,0,0,0,5,3,0,,,,2025-08-11 03:00:00
S420251002000810010,S420251002000910010,,2025-08-11 03:05:00,4,1,0,0,0,2,1,0,0,0,0,0,0,0,0,0,0,1,3,0,,,,2025-08-11 03:05:00
S420251002000810010,S420251002000910010,,2025-08-11 03:10:00,1,1,0,0,0,0,0,0,0,0,0,0,0,0,0,0,0,1,0,0,,,,2025-08-11 03:10:00
S420251002000810010,S420251002000910010,,2025-08-11 03:15:00,5,1,0,0,0,0,0,4,0,0,0,0,0,0,0,0,0,1,4,0,,,,2025-08-11 03:15:00
S420251002000810010,S420251002000910010,,2025-08-11 03:25:00,5,2,0,0,0,1,0,1,1,0,0,0,0,0,0,0,0,2,3,0,,,,2025-08-11 03:25:00
S420251002000810010,S420251002000910010,,2025-08-11 03:35:00,2,0,0,0,0,1,1,0,0,0,0,0,0,0,0,0,0,0,2,0,,,,2025-08-11 03:35:00
S420251002000810010,S420251002000910010,,2025-08-11 03:40:00,2,1,0,0,0,1,0,0,0,0,0,0,0,0,0,0,0,1,1,0,,,,2025-08-11 03:40:00
S420251002000810010,S420251002000910010,,2025-08-11 03:50:00,3,2,0,0,0,1,0,0,0,0,0,0,0,0,0,0,0,2,1,0,,,,2025-08-11 03:50:00
S420251002000810010,S420251002000910010,,2025-08-11 03:55:00,1,1,0,0,0,0,0,0,0,0,0,0,0,0,0,0,0,1,0,0,,,,2025-08-11 03:55:00
S420251002000910010,S420251002001010010,,2025-08-11 03:00:00,4,2,0,0,0,1,1,0,0,0,0,0,0,0,0,0,0,2,2,0,,,,2025-08-11 03:00:00
S420251002000910010,S420251002001010010,,2025-08-11 03:05:00,3,2,0,0,0,0,0,0,1,0,0,0,0,0,0,0,0,2,1,0,,,,2025-08-11 03:05:00
S420251002000910010,S420251002001010010,,2025-08-11 03:10:00,5,2,0,0,0,2,1,0,0,0,0,0,0,0,0,0,0,2,3,0,,,,2025-08-11 03:10:00
S420251002000910010,S420251002001010010,,2025-08-11 03:15:00,3,3,0,0,0,0,0,0,0,0,0,0,0,0,0,0,0,3,0,0,,,,2025-08-11 03:15:00
S420251002000910010,S420251002001010010,,2025-08-11 03:20:00,3,0,0,0,0,0,0,3,0,0,0,0,0,0,0,0,0,0,3,0,,,,2025-08-11 03:20:00
S420251002000910010,S420251002001010010,,2025-08-11 03:30:00,6,4,0,0,0,0,0,1,1,0,0,0,0,0,0,0,0,4,2,0,,,,2025-08-11 03:30:00
S420251002000910010,S420251002001010010,,2025-08-11 03:40:00,3,1,0,0,0,1,1,0,0,0,0,0,0,0,0,0,0,1,2,0,,,,2025-08-11 03:40:00
S420251002000910010,S420251002001010010,,2025-08-11 03:45:00,1,0,0,0,0,1,0,0,0,0,0,0,0,0,0,0,0,0,1,0,,,,2025-08-11 03:45:00
S420251002000910010,S420251002001010010,,2025-08-11 03:55:00,1,1,0,0,0,0,0,0,0,0,0,0,0,0,0,0,0,1,0,0,,,,2025-08-11 03:55:00
S420251002000920010,S420251002000820010,,2025-08-11 03:05:00,3,2,0,0,0,1,0,0,0,0,0,0,0,0,0,0,0,2,1,0,,,,2025-08-11 03:05:00
S420251002000920010,S420251002000820010,,2025-08-11 03:10:00,2,2,0,0,0,0,0,0,0,0,0,0,0,0,0,0,0,2,0,0,,,,2025-08-11 03:10:00
S420251002000920010,S420251002000820010,,2025-08-11 03:15:00,1,1,0,0,0,0,0,0,0,0,0,0,0,0,0,0,0,1,0,0,,,,2025-08-11 03:15:00
S420251002000920010,S420251002000820010,,2025-08-11 03:20:00,3,2,0,0,0,0,1,0,0,0,0,0,0,0,0,0,0,2,1,0,,,,2025-08-11 03:20:00
S420251002000920010,S420251002000820010,,2025-08-11 03:25:00,3,0,0,0,0,0,1,1,0,0,1,0,0,0,0,0,0,0,3,0,,,,2025-08-11 03:25:00
S420251002000920010,S420251002000820010,,2025-08-11 03:30:00,5,2,0,0,0,2,0,0,1,0,0,0,0,0,0,0,0,2,3,0,,,,2025-08-11 03:30:00
S420251002000920010,S420251002000820010,,2025-08-11 03:35:00,2,1,0,0,0,0,1,0,0,0,0,0,0,0,0,0,0,1,1,0,,,,2025-08-11 03:35:00
S420251002000920010,S420251002000820010,,2025-08-11 03:40:00,3,3,0,0,0,0,0,0,0,0,0,0,0,0,0,0,0,3,0,0,,,,2025-08-11 03:40:00
S420251002000920010,S420251002000820010,,2025-08-11 03:45:00,4,2,0,0,0,1,1,0,0,0,0,0,0,0,0,0,0,2,2,0,,,,2025-08-11 03:45:00
S420251002000920010,S420251002000820010,,2025-08-11 03:50:00,3,1,0,0,0,1,0,1,0,0,0,0,0,0,0,0,0,1,2,0,,,,2025-08-11 03:50:00
S420251002000920010,S420251002000820010,,2025-08-11 03:55:00,3,0,0,0,0,3,0,0,0,0,0,0,0,0,0,0,0,0,3,0,,,,2025-08-11 03:55:00
S420251002001010010,S420251002001110010,,2025-08-11 03:00:00,2,2,0,0,0,0,0,0,0,0,0,0,0,0,0,0,0,2,0,0,,,,2025-08-11 03:00:00
S420251002001010010,S420251002001110010,,2025-08-11 03:05:00,3,1,0,0,0,1,1,0,0,0,0,0,0,0,0,0,0,1,2,0,,,,2025-08-11 03:05:00
S420251002001010010,S420251002001110010,,2025-08-11 03:10:00,2,2,0,0,0,0,0,0,0,0,0,0,0,0,0,0,0,2,0,0,,,,2025-08-11 03:10:00
S420251002001010010,S420251002001110010,,2025-08-11 03:15:00,4,0,0,0,0,2,0,1,1,0,0,0,0,0,0,0,0,0,4,0,,,,2025-08-11 03:15:00
S420251002001010010,S420251002001110010,,2025-08-11 03:20:00,5,4,0,0,0,0,1,0,0,0,0,0,0,0,0,0,0,4,1,0,,,,2025-08-11 03:20:00
S420251002001010010,S420251002001110010,,2025-08-11 03:25:00,3,0,0,0,0,0,0,3,0,0,0,0,0,0,0,0,0,0,3,0,,,,2025-08-11 03:25:00
S420251002001010010,S420251002001110010,,2025-08-11 03:30:00,1,0,0,0,0,0,0,1,0,0,0,0,0,0,0,0,0,0,1,0,,,,2025-08-11 03:30:00
S420251002001010010,S420251002001110010,,2025-08-11 03:35:00,5,3,0,0,0,1,0,0,1,0,0,0,0,0,0,0,0,3,2,0,,,,2025-08-11 03:35:00
S420251002001010010,S420251002001110010,,2025-08-11 03:40:00,3,1,0,0,0,1,0,1,0,0,0,0,0,0,0,0,0,1,2,0,,,,2025-08-11 03:40:00
S420251002001010010,S420251002001110010,,2025-08-11 03:45:00,1,0,0,0,0,1,0,0,0,0,0,0,0,0,0,0,0,0,1,0,,,,2025-08-11 03:45:00
S420251002001010010,S420251002001110010,,2025-08-11 03:50:00,3,1,0,0,0,1,1,0,0,0,0,0,0,0,0,0,0,1,2,0,,,,2025-08-11 03:50:00
S420251002001020010,S420251002000920010,,2025-08-11 03:00:00,1,0,0,0,0,1,0,0,0,0,0,0,0,0,0,0,0,0,1,0,,,,2025-08-11 03:00:00
S420251002001020010,S420251002000920010,,2025-08-11 03:05:00,2,2,0,0,0,0,0,0,0,0,0,0,0,0,0,0,0,2,0,0,,,,2025-08-11 03:05:00
S420251002001020010,S420251002000920010,,2025-08-11 03:10:00,1,1,0,0,0,0,0,0,0,0,0,0,0,0,0,0,0,1,0,0,,,,2025-08-11 03:10:00
S420251002001020010,S420251002000920010,,2025-08-11 03:15:00,6,2,0,0,0,0,2,1,0,0,1,0,0,0,0,0,0,2,4,0,,,,2025-08-11 03:15:00
S420251002001020010,S420251002000920010,,2025-08-11 03:20:00,2,1,0,0,0,1,0,0,0,0,0,0,0,0,0,0,0,1,1,0,,,,2025-08-11 03:20:00
S420251002001020010,S420251002000920010,,2025-08-11 03:25:00,5,2,0,0,0,1,1,0,1,0,0,0,0,0,0,0,0,2,3,0,,,,2025-08-11 03:25:00
S420251002001020010,S420251002000920010,,2025-08-11 03:30:00,1,1,0,0,0,0,0,0,0,0,0,0,0,0,0,0,0,1,0,0,,,,2025-08-11 03:30:00
S420251002001020010,S420251002000920010,,2025-08-11 03:35:00,3,3,0,0,0,0,0,0,0,0,0,0,0,0,0,0,0,3,0,0,,,,2025-08-11 03:35:00
S420251002001020010,S420251002000920010,,2025-08-11 03:40:00,5,2,0,0,0,1,1,1,0,0,0,0,0,0,0,0,0,2,3,0,,,,2025-08-11 03:40:00
S420251002001020010,S420251002000920010,,2025-08-11 03:45:00,2,0,0,0,0,2,0,0,0,0,0,0,0,0,0,0,0,0,2,0,,,,2025-08-11 03:45:00
S420251002001020010,S420251002000920010,,2025-08-11 03:50:00,1,0,0,0,0,1,0,0,0,0,0,0,0,0,0,0,0,0,1,0,,,,2025-08-11 03:50:00
S420251002001020010,S420251002000920010,,2025-08-11 03:55:00,3,0,0,0,0,2,0,1,0,0,0,0,0,0,0,0,0,0,3,0,,,,2025-08-11 03:55:00
S420251002001120010,S420251002001020010,,2025-08-11 03:05:00,2,2,0,0,0,0,0,0,0,0,0,0,0,0,0,0,0,2,0,0,,,,2025-08-11 03:05:00
S420251002001120010,S420251002001020010,,2025-08-11 03:10:00,1,1,0,0,0,0,0,0,0,0,0,0,0,0,0,0,0,1,0,0,,,,2025-08-11 03:10:00
S420251002001120010,S420251002001020010,,2025-08-11 03:15:00,6,2,0,0,0,0,2,1,0,0,1,0,0,0,0,0,0,2,4,0,,,,2025-08-11 03:15:00
S420251002001120010,S420251002001020010,,2025-08-11 03:20:00,8,3,0,0,0,1,0,4,0,0,0,0,0,0,0,0,0,3,5,0,,,,2025-08-11 03:20:00
S420251002001120010,S420251002001020010,,2025-08-11 03:25:00,2,0,0,0,0,1,1,0,0,0,0,0,0,0,0,0,0,0,2,0,,,,2025-08-11 03:25:00
S420251002001120010,S420251002001020010,,2025-08-11 03:30:00,4,1,0,0,0,1,0,2,0,0,0,0,0,0,0,0,0,1,3,0,,,,2025-08-11 03:30:00
S420251002001120010,S420251002001020010,,2025-08-11 03:35:00,3,2,0,0,0,0,1,0,0,0,0,0,0,0,0,0,0,2,1,0,,,,2025-08-11 03:35:00
S420251002001120010,S420251002001020010,,2025-08-11 03:40:00,5,1,0,0,0,1,1,2,0,0,0,0,0,0,0,0,0,1,4,0,,,,2025-08-11 03:40:00
S420251002001120010,S420251002001020010,,2025-08-11 03:45:00,3,1,0,0,0,2,0,0,0,0,0,0,0,0,0,0,0,1,2,0,,,,2025-08-11 03:45:00
S420251002001120010,S420251002001020010,,2025-08-11 03:50:00,4,1,0,0,0,2,0,1,0,0,0,0,0,0,0,0,0,1,3,0,,,,2025-08-11 03:50:00
S420251002001120010,S420251002001020010,,2025-08-11 03:55:00,2,1,0,0,0,0,0,1,0,0,0,0,0,0,0,0,0,1,1,0,,,,2025-08-11 03:55:00
S420251002001310010,S420251002001410010,,2025-08-11 03:00:00,5,3,0,0,0,1,1,0,0,0,0,0,0,0,0,0,0,3,2,0,,,,2025-08-11 03:00:00
S420251002001310010,S420251002001410010,,2025-08-11 03:05:00,6,1,0,0,0,3,1,0,1,0,0,0,0,0,0,0,0,1,5,0,,,,2025-08-11 03:05:00
S420251002001310010,S420251002001410010,,2025-08-11 03:10:00,10,3,0,0,0,2,3,2,0,0,0,0,0,0,0,0,0,3,7,0,,,,2025-08-11 03:10:00
S420251002001310010,S420251002001410010,,2025-08-11 03:15:00,2,0,0,0,0,2,0,0,0,0,0,0,0,0,0,0,0,0,2,0,,,,2025-08-11 03:15:00
S420251002001310010,S420251002001410010,,2025-08-11 03:20:00,7,6,0,0,0,1,0,0,0,0,0,0,0,0,0,0,0,6,1,0,,,,2025-08-11 03:20:00
S420251002001310010,S420251002001410010,,2025-08-11 03:25:00,5,3,0,0,0,0,0,0,2,0,0,0,0,0,0,0,0,3,2,0,,,,2025-08-11 03:25:00
S420251002001310010,S420251002001410010,,2025-08-11 03:30:00,6,3,0,0,0,1,1,0,0,0,1,0,0,0,0,0,0,3,3,0,,,,2025-08-11 03:30:00
S420251002001310010,S420251002001410010,,2025-08-11 03:35:00,1,0,0,0,0,0,1,0,0,0,0,0,0,0,0,0,0,0,1,0,,,,2025-08-11 03:35:00
S420251002001310010,S420251002001410010,,2025-08-11 03:40:00,11,3,0,0,0,1,1,6,0,0,0,0,0,0,0,0,0,3,8,0,,,,2025-08-11 03:40:00
S420251002001310010,S420251002001410010,,2025-08-11 03:45:00,6,2,0,0,0,2,1,0,1,0,0,0,0,0,0,0,0,2,4,0,,,,2025-08-11 03:45:00
S420251002001310010,S420251002001410010,,2025-08-11 03:50:00,10,3,0,0,0,2,3,1,1,0,0,0,0,0,0,0,0,3,7,0,,,,2025-08-11 03:50:00
S420251002001310010,S420251002001410010,,2025-08-11 03:55:00,1,0,0,0,0,0,1,0,0,0,0,0,0,0,0,0,0,0,1,0,,,,2025-08-11 03:55:00
S420251002001410010,S420251002001510010,,2025-08-11 03:00:00,3,1,0,0,0,1,1,0,0,0,0,0,0,0,0,0,0,1,2,0,,,,2025-08-11 03:00:00
S420251002001410010,S420251002001510010,,2025-08-11 03:05:00,3,2,0,0,0,1,0,0,0,0,0,0,0,0,0,0,0,2,1,0,,,,2025-08-11 03:05:00
S420251002001410010,S420251002001510010,,2025-08-11 03:10:00,8,1,0,0,0,4,1,1,1,0,0,0,0,0,0,0,0,1,7,0,,,,2025-08-11 03:10:00
S420251002001410010,S420251002001510010,,2025-08-11 03:15:00,6,1,0,0,0,1,3,1,0,0,0,0,0,0,0,0,0,1,5,0,,,,2025-08-11 03:15:00
S420251002001410010,S420251002001510010,,2025-08-11 03:20:00,5,2,0,0,0,2,1,0,0,0,0,0,0,0,0,0,0,2,3,0,,,,2025-08-11 03:20:00
S420251002001410010,S420251002001510010,,2025-08-11 03:25:00,3,2,0,0,0,0,0,0,1,0,0,0,0,0,0,0,0,2,1,0,,,,2025-08-11 03:25:00
S420251002001410010,S420251002001510010,,2025-08-11 03:30:00,8,6,0,0,0,1,0,0,1,0,0,0,0,0,0,0,0,6,2,0,,,,2025-08-11 03:30:00
S420251002001410010,S420251002001510010,,2025-08-11 03:35:00,4,1,0,0,0,0,2,0,0,0,1,0,0,0,0,0,0,1,3,0,,,,2025-08-11 03:35:00
S420251002001410010,S420251002001510010,,2025-08-11 03:40:00,3,2,0,0,0,0,0,1,0,0,0,0,0,0,0,0,0,2,1,0,,,,2025-08-11 03:40:00
S420251002001410010,S420251002001510010,,2025-08-11 03:45:00,12,2,0,0,0,3,2,5,0,0,0,0,0,0,0,0,0,2,10,0,,,,2025-08-11 03:45:00
S420251002001410010,S420251002001510010,,2025-08-11 03:50:00,6,1,0,0,0,0,2,1,2,0,0,0,0,0,0,0,0,1,5,0,,,,2025-08-11 03:50:00
S420251002001410010,S420251002001510010,,2025-08-11 03:55:00,3,2,0,0,0,0,1,0,0,0,0,0,0,0,0,0,0,2,1,0,,,,2025-08-11 03:55:00
S420251002001420010,S420251002001320010,,2025-08-11 03:00:00,6,4,0,0,0,0,1,0,0,0,1,0,0,0,0,0,0,4,2,0,,,,2025-08-11 03:00:00
S420251002001420010,S420251002001320010,,2025-08-11 03:05:00,2,1,0,0,0,0,1,0,0,0,0,0,0,0,0,0,0,1,1,0,,,,2025-08-11 03:05:00
S420251002001420010,S420251002001320010,,2025-08-11 03:10:00,2,1,0,0,0,0,0,1,0,0,0,0,0,0,0,0,0,1,1,0,,,,2025-08-11 03:10:00
S420251002001420010,S420251002001320010,,2025-08-11 03:15:00,5,4,0,0,0,0,1,0,0,0,0,0,0,0,0,0,0,4,1,0,,,,2025-08-11 03:15:00
S420251002001420010,S420251002001320010,,2025-08-11 03:20:00,5,4,0,0,0,1,0,0,0,0,0,0,0,0,0,0,0,4,1,0,,,,2025-08-11 03:20:00
S420251002001420010,S420251002001320010,,2025-08-11 03:25:00,4,3,0,0,0,1,0,0,0,0,0,0,0,0,0,0,0,3,1,0,,,,2025-08-11 03:25:00
S420251002001420010,S420251002001320010,,2025-08-11 03:30:00,2,0,0,0,0,1,0,1,0,0,0,0,0,0,0,0,0,0,2,0,,,,2025-08-11 03:30:00
S420251002001420010,S420251002001320010,,2025-08-11 03:35:00,3,1,0,0,0,1,0,0,0,0,1,0,0,0,0,0,0,1,2,0,,,,2025-08-11 03:35:00
S420251002001420010,S420251002001320010,,2025-08-11 03:40:00,4,2,0,0,0,1,0,1,0,0,0,0,0,0,0,0,0,2,2,0,,,,2025-08-11 03:40:00
S420251002001420010,S420251002001320010,,2025-08-11 03:45:00,6,2,0,0,0,1,1,1,0,0,1,0,0,0,0,0,0,2,4,0,,,,2025-08-11 03:45:00
S420251002001420010,S420251002001320010,,2025-08-11 03:50:00,2,2,0,0,0,0,0,0,0,0,0,0,0,0,0,0,0,2,0,0,,,,2025-08-11 03:50:00
S420251002001420010,S420251002001320010,,2025-08-11 03:55:00,6,1,0,0,0,3,1,1,0,0,0,0,0,0,0,0,0,1,5,0,,,,2025-08-11 03:55:00
S420251002001520010,S420251002001420010,,2025-08-11 03:00:00,3,2,0,0,0,0,1,0,0,0,0,0,0,0,0,0,0,2,1,0,,,,2025-08-11 03:00:00
S420251002001520010,S420251002001420010,,2025-08-11 03:05:00,2,1,0,0,0,0,1,0,0,0,0,0,0,0,0,0,0,1,1,0,,,,2025-08-11 03:05:00
S420251002001520010,S420251002001420010,,2025-08-11 03:10:00,5,4,0,0,0,1,0,0,0,0,0,0,0,0,0,0,0,4,1,0,,,,2025-08-11 03:10:00
S420251002001520010,S420251002001420010,,2025-08-11 03:15:00,4,4,0,0,0,0,0,0,0,0,0,0,0,0,0,0,0,4,0,0,,,,2025-08-11 03:15:00
S420251002001520010,S420251002001420010,,2025-08-11 03:20:00,4,2,0,0,0,1,0,1,0,0,0,0,0,0,0,0,0,2,2,0,,,,2025-08-11 03:20:00
S420251002001520010,S420251002001420010,,2025-08-11 03:25:00,3,1,0,0,0,1,0,0,0,0,1,0,0,0,0,0,0,1,2,0,,,,2025-08-11 03:25:00
S420251002001520010,S420251002001420010,,2025-08-11 03:30:00,2,1,0,0,0,1,0,0,0,0,0,0,0,0,0,0,0,1,1,0,,,,2025-08-11 03:30:00
S420251002001520010,S420251002001420010,,2025-08-11 03:35:00,5,2,0,0,0,2,1,0,0,0,0,0,0,0,0,0,0,2,3,0,,,,2025-08-11 03:35:00
S420251002001520010,S420251002001420010,,2025-08-11 03:40:00,4,3,0,0,0,0,0,0,0,0,1,0,0,0,0,0,0,3,1,0,,,,2025-08-11 03:40:00
S420251002001520010,S420251002001420010,,2025-08-11 03:45:00,7,2,0,0,0,3,1,1,0,0,0,0,0,0,0,0,0,2,5,0,,,,2025-08-11 03:45:00
S420251002001520010,S420251002001420010,,2025-08-11 03:55:00,2,2,0,0,0,0,0,0,0,0,0,0,0,0,0,0,0,2,0,0,,,,2025-08-11 03:55:00
S420251002001710010,S420251002001810010,,2025-08-11 03:00:00,3,1,0,0,0,0,2,0,0,0,0,0,0,0,0,0,0,1,2,0,,,,2025-08-11 03:00:00
S420251002001710010,S420251002001810010,,2025-08-11 03:05:00,4,0,0,0,0,2,1,1,0,0,0,0,0,0,0,0,0,0,4,0,,,,2025-08-11 03:05:00
S420251002001710010,S420251002001810010,,2025-08-11 03:10:00,3,0,0,0,0,1,1,0,0,0,1,0,0,0,0,0,0,0,3,0,,,,2025-08-11 03:10:00
S420251002001710010,S420251002001810010,,2025-08-11 03:15:00,4,1,0,0,0,1,2,0,0,0,0,0,0,0,0,0,0,1,3,0,,,,2025-08-11 03:15:00
S420251002001710010,S420251002001810010,,2025-08-11 03:20:00,5,1,0,0,0,2,1,0,1,0,0,0,0,0,0,0,0,1,4,0,,,,2025-08-11 03:20:00
S420251002001710010,S420251002001810010,,2025-08-11 03:25:00,6,0,0,0,0,2,2,2,0,0,0,0,0,0,0,0,0,0,6,0,,,,2025-08-11 03:25:00
S420251002001710010,S420251002001810010,,2025-08-11 03:30:00,1,0,0,0,0,1,0,0,0,0,0,0,0,0,0,0,0,0,1,0,,,,2025-08-11 03:30:00
S420251002001710010,S420251002001810010,,2025-08-11 03:35:00,5,4,0,0,0,1,0,0,0,0,0,0,0,0,0,0,0,4,1,0,,,,2025-08-11 03:35:00
S420251002001710010,S420251002001810010,,2025-08-11 03:40:00,3,2,0,0,0,0,0,0,1,0,0,0,0,0,0,0,0,2,1,0,,,,2025-08-11 03:40:00
S420251002001710010,S420251002001810010,,2025-08-11 03:45:00,4,2,0,0,0,1,0,0,0,0,1,0,0,0,0,0,0,2,2,0,,,,2025-08-11 03:45:00
S420251002001710010,S420251002001810010,,2025-08-11 03:50:00,7,4,0,0,0,1,2,0,0,0,0,0,0,0,0,0,0,4,3,0,,,,2025-08-11 03:50:00
S420251002001710010,S420251002001810010,,2025-08-11 03:55:00,4,0,0,0,0,2,1,1,0,0,0,0,0,0,0,0,0,0,4,0,,,,2025-08-11 03:55:00
S420251002001810010,S420251002001910010,,2025-08-11 03:00:00,5,2,0,0,0,1,2,0,0,0,0,0,0,0,0,0,0,2,3,0,,,,2025-08-11 03:00:00
S420251002001810010,S420251002001910010,,2025-08-11 03:05:00,3,0,0,0,0,1,2,0,0,0,0,0,0,0,0,0,0,0,3,0,,,,2025-08-11 03:05:00
S420251002001810010,S420251002001910010,,2025-08-11 03:10:00,4,0,0,0,0,1,1,1,0,0,1,0,0,0,0,0,0,0,4,0,,,,2025-08-11 03:10:00
S420251002001810010,S420251002001910010,,2025-08-11 03:15:00,4,1,0,0,0,2,1,0,0,0,0,0,0,0,0,0,0,1,3,0,,,,2025-08-11 03:15:00
S420251002001810010,S420251002001910010,,2025-08-11 03:20:00,2,0,0,0,0,0,2,0,0,0,0,0,0,0,0,0,0,0,2,0,,,,2025-08-11 03:20:00
S420251002001810010,S420251002001910010,,2025-08-11 03:25:00,8,1,0,0,0,5,1,0,1,0,0,0,0,0,0,0,0,1,7,0,,,,2025-08-11 03:25:00
S420251002001810010,S420251002001910010,,2025-08-11 03:30:00,6,1,0,0,0,1,2,2,0,0,0,0,0,0,0,0,0,1,5,0,,,,2025-08-11 03:30:00
S420251002001810010,S420251002001910010,,2025-08-11 03:35:00,3,1,0,0,0,2,0,0,0,0,0,0,0,0,0,0,0,1,2,0,,,,2025-08-11 03:35:00
S420251002001810010,S420251002001910010,,2025-08-11 03:40:00,3,2,0,0,0,1,0,0,0,0,0,0,0,0,0,0,0,2,1,0,,,,2025-08-11 03:40:00
S420251002001810010,S420251002001910010,,2025-08-11 03:45:00,3,2,0,0,0,0,0,0,1,0,0,0,0,0,0,0,0,2,1,0,,,,2025-08-11 03:45:00
S420251002001810010,S420251002001910010,,2025-08-11 03:50:00,2,1,0,0,0,0,0,0,0,0,1,0,0,0,0,0,0,1,1,0,,,,2025-08-11 03:50:00
S420251002001810010,S420251002001910010,,2025-08-11 03:55:00,6,3,0,0,0,3,0,0,0,0,0,0,0,0,0,0,0,3,3,0,,,,2025-08-11 03:55:00
S420251002001820010,S420251002001720010,,2025-08-11 03:00:00,2,2,0,0,0,0,0,0,0,0,0,0,0,0,0,0,0,2,0,0,,,,2025-08-11 03:00:00
S420251002001820010,S420251002001720010,,2025-08-11 03:05:00,5,4,0,0,0,1,0,0,0,0,0,0,0,0,0,0,0,4,1,0,,,,2025-08-11 03:05:00
S420251002001820010,S420251002001720010,,2025-08-11 03:10:00,4,3,0,0,0,1,0,0,0,0,0,0,0,0,0,0,0,3,1,0,,,,2025-08-11 03:10:00
S420251002001820010,S420251002001720010,,2025-08-11 03:15:00,3,1,0,0,0,1,0,0,0,0,1,0,0,0,0,0,0,1,2,0,,,,2025-08-11 03:15:00
S420251002001820010,S420251002001720010,,2025-08-11 03:20:00,2,0,0,0,0,2,0,0,0,0,0,0,0,0,0,0,0,0,2,0,,,,2025-08-11 03:20:00
S420251002001820010,S420251002001720010,,2025-08-11 03:25:00,1,0,0,0,0,1,0,0,0,0,0,0,0,0,0,0,0,0,1,0,,,,2025-08-11 03:25:00
S420251002001820010,S420251002001720010,,2025-08-11 03:30:00,6,3,0,0,0,1,1,0,0,0,1,0,0,0,0,0,0,3,3,0,,,,2025-08-11 03:30:00
S420251002001820010,S420251002001720010,,2025-08-11 03:35:00,4,2,0,0,0,1,0,1,0,0,0,0,0,0,0,0,0,2,2,0,,,,2025-08-11 03:35:00
S420251002001820010,S420251002001720010,,2025-08-11 03:40:00,4,2,0,0,0,1,1,0,0,0,0,0,0,0,0,0,0,2,2,0,,,,2025-08-11 03:40:00
S420251002001820010,S420251002001720010,,2025-08-11 03:45:00,1,1,0,0,0,0,0,0,0,0,0,0,0,0,0,0,0,1,0,0,,,,2025-08-11 03:45:00
S420251002001820010,S420251002001720010,,2025-08-11 03:50:00,4,1,0,0,0,3,0,0,0,0,0,0,0,0,0,0,0,1,3,0,,,,2025-08-11 03:50:00
S420251002001820010,S420251002001720010,,2025-08-11 03:55:00,2,2,0,0,0,0,0,0,0,0,0,0,0,0,0,0,0,2,0,0,,,,2025-08-11 03:55:00
S420251002001910010,S420251002002010010,,2025-08-11 03:00:00,10,4,0,0,0,3,2,1,0,0,0,0,0,0,0,0,0,4,6,0,,,,2025-08-11 03:00:00
S420251002001910010,S420251002002010010,,2025-08-11 03:15:00,17,11,0,0,0,2,2,1,0,0,1,0,0,0,0,0,0,11,6,0,,,,2025-08-11 03:15:00
S420251002001910010,S420251002002010010,,2025-08-11 03:20:00,2,0,0,0,0,1,1,0,0,0,0,0,0,0,0,0,0,0,2,0,,,,2025-08-11 03:20:00
S420251002001910010,S420251002002010010,,2025-08-11 03:25:00,5,1,0,0,0,2,2,0,0,0,0,0,0,0,0,0,0,1,4,0,,,,2025-08-11 03:25:00
S420251002001910010,S420251002002010010,,2025-08-11 03:30:00,8,2,0,0,0,4,1,0,1,0,0,0,0,0,0,0,0,2,6,0,,,,2025-08-11 03:30:00
S420251002001910010,S420251002002010010,,2025-08-11 03:35:00,4,0,0,0,0,1,2,1,0,0,0,0,0,0,0,0,0,0,4,0,,,,2025-08-11 03:35:00
S420251002001910010,S420251002002010010,,2025-08-11 03:40:00,4,3,0,0,0,1,0,0,0,0,0,0,0,0,0,0,0,3,1,0,,,,2025-08-11 03:40:00
S420251002001910010,S420251002002010010,,2025-08-11 03:50:00,3,2,0,0,0,0,0,0,1,0,0,0,0,0,0,0,0,2,1,0,,,,2025-08-11 03:50:00
S420251002001910010,S420251002002010010,,2025-08-11 03:55:00,3,1,0,0,0,1,0,0,0,0,1,0,0,0,0,0,0,1,2,0,,,,2025-08-11 03:55:00
S420251002001920010,S420251002001820010,,2025-08-11 03:00:00,5,4,0,0,0,1,0,0,0,0,0,0,0,0,0,0,0,4,1,0,,,,2025-08-11 03:00:00
S420251002001920010,S420251002001820010,,2025-08-11 03:05:00,2,1,0,0,0,1,0,0,0,0,0,0,0,0,0,0,0,1,1,0,,,,2025-08-11 03:05:00
S420251002001920010,S420251002001820010,,2025-08-11 03:10:00,6,4,0,0,0,1,0,0,0,0,1,0,0,0,0,0,0,4,2,0,,,,2025-08-11 03:10:00
S420251002001920010,S420251002001820010,,2025-08-11 03:20:00,3,0,0,0,0,2,0,0,0,0,1,0,0,0,0,0,0,0,3,0,,,,2025-08-11 03:20:00
S420251002001920010,S420251002001820010,,2025-08-11 03:25:00,5,4,0,0,0,0,0,1,0,0,0,0,0,0,0,0,0,4,1,0,,,,2025-08-11 03:25:00
S420251002001920010,S420251002001820010,,2025-08-11 03:30:00,3,2,0,0,0,1,0,0,0,0,0,0,0,0,0,0,0,2,1,0,,,,2025-08-11 03:30:00
S420251002001920010,S420251002001820010,,2025-08-11 03:35:00,3,1,0,0,0,1,1,0,0,0,0,0,0,0,0,0,0,1,2,0,,,,2025-08-11 03:35:00
S420251002001920010,S420251002001820010,,2025-08-11 03:45:00,4,2,0,0,0,2,0,0,0,0,0,0,0,0,0,0,0,2,2,0,,,,2025-08-11 03:45:00
S420251002001920010,S420251002001820010,,2025-08-11 03:50:00,1,1,0,0,0,0,0,0,0,0,0,0,0,0,0,0,0,1,0,0,,,,2025-08-11 03:50:00
S420251002001920010,S420251002001820010,,2025-08-11 03:55:00,2,1,0,0,0,0,0,0,0,0,1,0,0,0,0,0,0,1,1,0,,,,2025-08-11 03:55:00
S420251002002010010,S420251002002110010,,2025-08-11 03:00:00,2,2,0,0,0,0,0,0,0,0,0,0,0,0,0,0,0,2,0,0,,,,2025-08-11 03:00:00
S420251002002010010,S420251002002110010,,2025-08-11 03:05:00,4,2,0,0,0,1,0,1,0,0,0,0,0,0,0,0,0,2,2,0,,,,2025-08-11 03:05:00
S420251002002010010,S420251002002110010,,2025-08-11 03:15:00,4,1,0,0,0,2,1,0,0,0,0,0,0,0,0,0,0,1,3,0,,,,2025-08-11 03:15:00
S420251002002010010,S420251002002110010,,2025-08-11 03:20:00,3,0,0,0,0,1,1,0,0,0,1,0,0,0,0,0,0,0,3,0,,,,2025-08-11 03:20:00
S420251002002010010,S420251002002110010,,2025-08-11 03:25:00,5,1,0,0,0,2,2,0,0,0,0,0,0,0,0,0,0,1,4,0,,,,2025-08-11 03:25:00
S420251002002010010,S420251002002110010,,2025-08-11 03:30:00,4,1,0,0,0,3,0,0,0,0,0,0,0,0,0,0,0,1,3,0,,,,2025-08-11 03:30:00
S420251002002010010,S420251002002110010,,2025-08-11 03:35:00,5,1,0,0,0,3,1,0,0,0,0,0,0,0,0,0,0,1,4,0,,,,2025-08-11 03:35:00
S420251002002010010,S420251002002110010,,2025-08-11 03:40:00,4,1,0,0,0,1,2,0,0,0,0,0,0,0,0,0,0,1,3,0,,,,2025-08-11 03:40:00
S420251002002010010,S420251002002110010,,2025-08-11 03:45:00,2,1,0,0,0,1,0,0,0,0,0,0,0,0,0,0,0,1,1,0,,,,2025-08-11 03:45:00
S420251002002010010,S420251002002110010,,2025-08-11 03:50:00,4,3,0,0,0,0,0,1,0,0,0,0,0,0,0,0,0,3,1,0,,,,2025-08-11 03:50:00
S420251002002010010,S420251002002110010,,2025-08-11 03:55:00,2,1,0,0,0,0,0,1,0,0,0,0,0,0,0,0,0,1,1,0,,,,2025-08-11 03:55:00
S420251002002020010,S420251002001920010,,2025-08-11 03:05:00,5,4,0,0,0,1,0,0,0,0,0,0,0,0,0,0,0,4,1,0,,,,2025-08-11 03:05:00
S420251002002020010,S420251002001920010,,2025-08-11 03:20:00,1,0,0,0,0,1,0,0,0,0,0,0,0,0,0,0,0,0,1,0,,,,2025-08-11 03:20:00
S420251002002020010,S420251002001920010,,2025-08-11 03:25:00,2,2,0,0,0,0,0,0,0,0,0,0,0,0,0,0,0,2,0,0,,,,2025-08-11 03:25:00
S420251002002020010,S420251002001920010,,2025-08-11 03:35:00,1,1,0,0,0,0,0,0,0,0,0,0,0,0,0,0,0,1,0,0,,,,2025-08-11 03:35:00
S420251002002020010,S420251002001920010,,2025-08-11 03:40:00,3,2,0,0,0,1,0,0,0,0,0,0,0,0,0,0,0,2,1,0,,,,2025-08-11 03:40:00
S420251002002020010,S420251002001920010,,2025-08-11 03:45:00,3,2,0,0,0,1,0,0,0,0,0,0,0,0,0,0,0,2,1,0,,,,2025-08-11 03:45:00
S420251002002020010,S420251002001920010,,2025-08-11 03:50:00,1,1,0,0,0,0,0,0,0,0,0,0,0,0,0,0,0,1,0,0,,,,2025-08-11 03:50:00
S420251002002020010,S420251002001920010,,2025-08-11 03:55:00,1,0,0,0,0,1,0,0,0,0,0,0,0,0,0,0,0,0,1,0,,,,2025-08-11 03:55:00
S420251002002120010,S420251002002020010,,2025-08-11 03:00:00,3,2,0,0,0,1,0,0,0,0,0,0,0,0,0,0,0,2,1,0,,,,2025-08-11 03:00:00
S420251002002120010,S420251002002020010,,2025-08-11 03:05:00,3,3,0,0,0,0,0,0,0,0,0,0,0,0,0,0,0,3,0,0,,,,2025-08-11 03:05:00
S420251002002120010,S420251002002020010,,2025-08-11 03:15:00,1,0,0,0,0,1,0,0,0,0,0,0,0,0,0,0,0,0,1,0,,,,2025-08-11 03:15:00
S420251002002120010,S420251002002020010,,2025-08-11 03:20:00,2,2,0,0,0,0,0,0,0,0,0,0,0,0,0,0,0,2,0,0,,,,2025-08-11 03:20:00
S420251002002120010,S420251002002020010,,2025-08-11 03:30:00,2,2,0,0,0,0,0,0,0,0,0,0,0,0,0,0,0,2,0,0,,,,2025-08-11 03:30:00
S420251002002120010,S420251002002020010,,2025-08-11 03:35:00,1,1,0,0,0,0,0,0,0,0,0,0,0,0,0,0,0,1,0,0,,,,2025-08-11 03:35:00
S420251002002120010,S420251002002020010,,2025-08-11 03:40:00,4,3,0,0,0,1,0,0,0,0,0,0,0,0,0,0,0,3,1,0,,,,2025-08-11 03:40:00
S420251002002120010,S420251002002020010,,2025-08-11 03:45:00,1,1,0,0,0,0,0,0,0,0,0,0,0,0,0,0,0,1,0,0,,,,2025-08-11 03:45:00
S420251002002120010,S420251002002020010,,2025-08-11 03:50:00,1,0,0,0,0,1,0,0,0,0,0,0,0,0,0,0,0,0,1,0,,,,2025-08-11 03:50:00
S420251002002120010,S420251002002020010,,2025-08-11 03:55:00,2,0,0,0,0,2,0,0,0,0,0,0,0,0,0,0,0,0,2,0,,,,2025-08-11 03:55:00
