edge_id,start_stake,end_stake,route_direction,route_code,section_code
-13154,1.131,0.329,clockwise,G4202,G4202001
-5004,1.131,1.281,clockwise,G4202,G4202001
-11324,1.240,1.091,counterclockwise,G4202,G4202001
-11324.141,1.240,1.384,counterclockwise,G4202,G4202001
-6358,1.240,1.093,counterclockwise,G4202,G4202001
-7812,1.240,0.726,counterclockwise,G4202,G4202001
-5004.153,1.281,1.463,clockwise,G4202,G4202001
-9292,1.384,2.187,counterclockwise,G4202,G4202001
-3164,1.713,1.623,clockwise,G4202,G4202001
-8014,1.713,2.225,clockwise,G4202,G4202001
-16216,2.187,2.432,counterclockwise,G4202,G4202001
-10702,2.225,2.494,clockwise,G4202,G4202001
-13544,2.432,3.022,counterclockwise,G4202,G4202001
-12898,2.494,2.555,clockwise,G4202,G4202001
-11170,4.393,3.913,clockwise,G4202,G4202001
-12898.43,4.393,4.315,clockwise,G4202,G4202001
-17176,4.393,3.160,clockwise,G4202,G4202001
-3492,4.393,4.544,clockwise,G4202,G4202001
-12652,4.465,4.356,counterclockwise,G4202,G4202001
-2360,4.465,3.685,counterclockwise,G4202,G4202001
-3162,4.465,4.642,counterclockwise,G4202,G4202001
-5848,4.465,4.436,counterclockwise,G4202,G4202001
-8022,4.465,4.330,counterclockwise,G4202,G4202001
-8118,4.544,4.654,clockwise,G4202,G4202001
-10820,4.642,5.874,counterclockwise,G4202,G4202001
-10120,4.654,5.448,clockwise,G4202,G4202001
-10634,5.448,5.480,clockwise,G4202,G4202001
-6210,5.480,5.720,clockwise,G4202,G4202001
-6210.244,5.720,5.882,clockwise,G4202,G4202001
-12152,5.874,6.354,counterclockwise,G4202,G4202001
-3924,5.882,6.406,clockwise,G4202,G4202001
-14846,6.354,6.517,counterclockwise,G4202,G4202001
-12758,6.517,6.756,counterclockwise,G4202,G4202001
-10658,7.168,6.531,counterclockwise,G4202,G4202001
-5882,7.168,7.057,counterclockwise,G4202,G4202001
-5882.98,7.168,8.333,counterclockwise,G4202,G4202001
-5716,8.333,8.360,counterclockwise,G4202,G4202001
-7192,8.360,8.953,counterclockwise,G4202,G4202001
-7192.596,8.953,9.068,counterclockwise,G4202,G4202001
-5102,9.068,9.593,counterclockwise,G4202,G4202001
-13500,9.304,8.298,clockwise,G4202,G4202001
-15178,9.304,9.801,clockwise,G4202,G4202001
-3100,9.304,9.157,clockwise,G4202,G4202001
-3100.145,9.304,9.151,clockwise,G4202,G4202001
-8760,9.304,9.278,clockwise,G4202,G4202001
-9648,9.304,8.028,clockwise,G4202,G4202001
-9648.1279,9.304,9.168,clockwise,G4202,G4202001
-16858,9.593,10.448,counterclockwise,G4202,G4202001
-16768,9.801,9.954,clockwise,G4202,G4202001
-10594,10.012,12.010,clockwise,G4202,G4202001
-1180,10.012,9.984,clockwise,G4202,G4202001
-13974,10.047,9.927,upstream,S81,S0081001
-16114,10.047,9.403,upstream,S81,S0081001
-4000000236,10.047,9.550,upstream,S81,S0081001
-4000000240,10.047,7.928,upstream,S81,S0081001
-4000000438,10.047,10.529,downstream,S81,S0081001
-4000000440,10.047,9.299,upstream,S81,S0081001
-4000000442,10.047,9.912,upstream,S81,S0081001
-4000000443,10.047,8.780,upstream,S81,S0081001
-4000000446,10.047,9.794,upstream,S81,S0081001
-4000000449,10.047,9.028,upstream,S81,S0081001
-4000000450,10.047,9.656,upstream,S81,S0081001
-4000000452,10.047,9.691,upstream,S81,S0081001
-4000000455,10.047,9.707,upstream,S81,S0081001
-4000000495,10.047,9.667,upstream,S81,S0081001
-4000000500,10.047,9.606,upstream,S81,S0081001
-4000000503,10.047,9.844,upstream,S81,S0081001
-5578,10.047,9.868,upstream,S81,S0081001
-7036,10.047,9.975,upstream,S81,S0081001
-7438,10.047,9.769,upstream,S81,S0081001
-4000000436,10.529,11.071,downstream,S81,S0081001
-4000000434,11.071,11.760,downstream,S81,S0081001
-15494.1938,11.717,11.311,counterclockwise,G4202,G4202001
-15494.2377,11.717,10.477,counterclockwise,G4202,G4202001
-3662,11.717,13.710,counterclockwise,G4202,G4202001
-4000000432,11.760,12.647,downstream,S81,S0081001
-16766,12.010,12.883,clockwise,G4202,G4202001
-4000000496,12.647,12.749,downstream,S81,S0081001
-4000000499,12.749,13.222,downstream,S81,S0081001
-4000000430,13.222,13.740,downstream,S81,S0081001
-660,13.710,13.738,counterclockwise,G4202,G4202001
-17028,13.738,13.885,counterclockwise,G4202,G4202001
-1410,14.289,14.231,counterclockwise,G4202,G4202001
-15494,14.289,15.376,counterclockwise,G4202,G4202001
-3830,14.289,14.078,counterclockwise,G4202,G4202001
-3830.213,14.289,13.817,counterclockwise,G4202,G4202001
-16766.2439,14.481,15.642,clockwise,G4202,G4202001
-16766.867,14.481,12.971,clockwise,G4202,G4202001
-15494.1043,15.376,15.680,counterclockwise,G4202,G4202001
-13978,15.642,15.701,clockwise,G4202,G4202001
-15494.1445,15.680,16.012,counterclockwise,G4202,G4202001
-13354,15.701,16.350,clockwise,G4202,G4202001
-15494.1777,16.012,16.151,counterclockwise,G4202,G4202001
-13354.652,16.350,16.515,clockwise,G4202,G4202001
-6084,16.515,16.839,clockwise,G4202,G4202001
-10394,16.976,16.928,counterclockwise,G4202,G4202001
-11670,16.976,16.255,counterclockwise,G4202,G4202001
-15216,16.976,16.926,counterclockwise,G4202,G4202001
-15216.52,16.976,16.846,counterclockwise,G4202,G4202001
-16282,16.976,18.021,counterclockwise,G4202,G4202001
-16228,17.432,17.321,clockwise,G4202,G4202001
-16228.95,17.432,18.500,clockwise,G4202,G4202001
-5108,17.432,17.134,clockwise,G4202,G4202001
-9632,17.432,17.327,clockwise,G4202,G4202001
-16282.1049,18.021,18.164,counterclockwise,G4202,G4202001
-11982,18.164,18.438,counterclockwise,G4202,G4202001
-10792,18.438,18.544,counterclockwise,G4202,G4202001
-10018,18.500,18.548,clockwise,G4202,G4202001
-12712,18.544,18.994,counterclockwise,G4202,G4202001
-15574,18.548,18.764,clockwise,G4202,G4202001
-15574.220,18.764,18.853,clockwise,G4202,G4202001
-14084,18.853,19.460,clockwise,G4202,G4202001
-4000000415,19.681,20.690,downstream,S81,S0081001
-4000000417,19.681,19.180,upstream,S81,S0081001
-4000000418,19.681,18.023,upstream,S81,S0081001
-4000000421,19.681,18.647,upstream,S81,S0081001
-4000000422,19.681,19.643,upstream,S81,S0081001
-4000000423,19.681,18.606,upstream,S81,S0081001
-4000000427,19.681,19.471,upstream,S81,S0081001
-4000000429,19.681,18.376,upstream,S81,S0081001
-12316,20.654,19.903,clockwise,G4202,G4202001
-2266,20.654,22.520,clockwise,G4202,G4202001
-5784,20.654,20.378,clockwise,G4202,G4202001
-682,20.654,20.540,clockwise,G4202,G4202001
-4000000413,20.903,21.317,downstream,S81,S0081001
-4000000410,21.317,23.101,downstream,S81,S0081001
-10034,22.174,22.024,counterclockwise,G4202,G4202001
-10034.151,22.174,24.069,counterclockwise,G4202,G4202001
-11770,22.174,22.085,counterclockwise,G4202,G4202001
-14284,22.174,22.104,counterclockwise,G4202,G4202001
-17226.262,22.174,22.087,counterclockwise,G4202,G4202001
-2716,22.174,22.039,counterclockwise,G4202,G4202001
-9712,22.174,21.974,counterclockwise,G4202,G4202001
-2266.1874,22.520,22.672,clockwise,G4202,G4202001
-4380,22.672,22.759,clockwise,G4202,G4202001
-4000000408,23.101,23.415,downstream,S81,S0081001
-2828,23.210,23.275,clockwise,G4202,G4202001
-6890,23.210,23.075,clockwise,G4202,G4202001
-7216,23.210,23.011,clockwise,G4202,G4202001
-15486,23.275,23.425,clockwise,G4202,G4202001
-4000000406,23.415,23.892,downstream,S81,S0081001
-15486.125,23.425,23.527,clockwise,G4202,G4202001
-4000000404,23.892,24.007,downstream,S81,S0081001
-4000000402,24.007,24.089,downstream,S81,S0081001
-3386,24.069,24.272,counterclockwise,G4202,G4202001
-4000000400,24.089,24.884,downstream,S81,S0081001
-10856,24.272,25.025,counterclockwise,G4202,G4202001
-4000000392,24.884,25.205,downstream,S81,S0081001
-15530,25.025,25.141,counterclockwise,G4202,G4202001
-11236,25.188,24.151,clockwise,G4202,G4202001
-13236,25.188,24.745,clockwise,G4202,G4202001
-13352,25.188,25.095,clockwise,G4202,G4202001
-2264,25.188,27.645,clockwise,G4202,G4202001
-4000000395,25.205,27.598,downstream,S81,S0081001
-10202,27.000,26.931,counterclockwise,G4202,G4202001
-11018,27.000,26.704,counterclockwise,G4202,G4202001
-14840,27.000,27.663,counterclockwise,G4202,G4202001
-1838,27.000,26.988,counterclockwise,G4202,G4202001
-3680,27.000,26.923,counterclockwise,G4202,G4202001
-4018,27.000,26.919,counterclockwise,G4202,G4202001
-4070,27.000,26.820,counterclockwise,G4202,G4202001
-4070.156,27.000,26.818,counterclockwise,G4202,G4202001
-8794,27.000,26.933,counterclockwise,G4202,G4202001
-4000000396,27.598,27.731,downstream,S81,S0081001
-12044,27.645,27.658,clockwise,G4202,G4202001
-6692,27.658,28.309,clockwise,G4202,G4202001
-15256,27.663,27.676,counterclockwise,G4202,G4202001
-8420,27.676,30.114,counterclockwise,G4202,G4202001
-4000000397,27.731,29.336,downstream,S81,S0081001
-1938,28.309,28.321,clockwise,G4202,G4202001
-6652,28.321,28.517,clockwise,G4202,G4202001
-6652.199,28.517,28.680,clockwise,G4202,G4202001
-2622,28.680,28.948,clockwise,G4202,G4202001
-16688,28.948,29.000,clockwise,G4202,G4202001
-15262,29.000,29.156,clockwise,G4202,G4202001
-4000000391,29.336,30.470,downstream,S81,S0081001
-3094,29.999,28.857,counterclockwise,G4202,G4202001
-4500,29.999,30.310,counterclockwise,G4202,G4202001
-5866,29.999,29.875,counterclockwise,G4202,G4202001
-12168,30.004,29.951,clockwise,G4202,G4202001
-13402,30.004,29.862,clockwise,G4202,G4202001
-13402.121,30.004,29.749,clockwise,G4202,G4202001
-14078,30.004,30.356,clockwise,G4202,G4202001
-16534,30.004,29.957,clockwise,G4202,G4202001
-17190,30.004,29.930,clockwise,G4202,G4202001
-1754,30.004,29.925,clockwise,G4202,G4202001
-4438,30.004,29.854,clockwise,G4202,G4202001
-9352,30.004,29.963,clockwise,G4202,G4202001
-16604,30.114,30.559,counterclockwise,G4202,G4202001
-7678,30.310,30.693,counterclockwise,G4202,G4202001
-10160,30.356,30.671,clockwise,G4202,G4202001
-4000000388,30.470,31.244,downstream,S81,S0081001
-2804,30.559,31.597,counterclockwise,G4202,G4202001
-13194,30.671,30.829,clockwise,G4202,G4202001
-11514,30.693,30.898,counterclockwise,G4202,G4202001
-3298,30.829,31.901,clockwise,G4202,G4202001
-11514.209,30.898,31.027,counterclockwise,G4202,G4202001
-15738,31.027,31.170,counterclockwise,G4202,G4202001
-15490,31.170,31.218,counterclockwise,G4202,G4202001
-6714,31.218,31.378,counterclockwise,G4202,G4202001
-4000000387,31.244,31.837,downstream,S81,S0081001
-11500,31.597,31.665,counterclockwise,G4202,G4202001
-17226,31.665,31.888,counterclockwise,G4202,G4202001
-3600,31.782,31.473,counterclockwise,G4202,G4202001
-6638,31.782,31.568,counterclockwise,G4202,G4202001
-6638.218,31.782,32.870,counterclockwise,G4202,G4202001
-4000000384,31.837,32.502,downstream,S81,S0081001
-12736,32.458,32.127,clockwise,G4202,G4202001
-15988,32.458,32.409,clockwise,G4202,G4202001
-2602,32.458,32.613,clockwise,G4202,G4202001
-4000000383,32.502,33.173,downstream,S81,S0081001
-2602.118,32.613,33.694,clockwise,G4202,G4202001
-6638.218.1096,32.870,32.968,counterclockwise,G4202,G4202001
-2364,32.968,33.351,counterclockwise,G4202,G4202001
-4000000382,33.173,33.272,downstream,S81,S0081001
-6404,33.351,33.400,counterclockwise,G4202,G4202001
-2602.1207,33.694,33.913,clockwise,G4202,G4202001
-10020,33.913,34.177,clockwise,G4202,G4202001
-1234,34.177,34.375,clockwise,G4202,G4202001
-5124,34.375,34.517,clockwise,G4202,G4202001
-13706,34.517,34.805,clockwise,G4202,G4202001
-2680,35.101,34.754,counterclockwise,G4202,G4202001
-2680.221,35.101,34.988,counterclockwise,G4202,G4202001
-690,35.101,34.890,counterclockwise,G4202,G4202001
-7462,35.101,35.390,counterclockwise,G4202,G4202001
-13012,35.390,35.530,counterclockwise,G4202,G4202001
-8646,35.530,35.750,counterclockwise,G4202,G4202001
-12264,36.706,36.475,clockwise,G4202,G4202001
-13708,36.706,36.648,clockwise,G4202,G4202001
-5016,36.706,36.504,clockwise,G4202,G4202001
-5016.171,36.706,36.102,clockwise,G4202,G4202001
-5146,36.706,36.426,clockwise,G4202,G4202001
-9050,36.706,36.373,clockwise,G4202,G4202001
-9142,36.706,37.297,clockwise,G4202,G4202001
-10000,36.931,36.296,counterclockwise,G4202,G4202001
-12886,36.931,36.783,counterclockwise,G4202,G4202001
-12886.141,36.931,36.400,counterclockwise,G4202,G4202001
-8502,36.931,37.514,counterclockwise,G4202,G4202001
-8148,37.297,37.936,clockwise,G4202,G4202001
-8996,37.514,37.792,counterclockwise,G4202,G4202001
-12960,37.792,38.393,counterclockwise,G4202,G4202001
-8148.643,38.047,37.896,clockwise,G4202,G4202001
-8482,38.047,38.545,clockwise,G4202,G4202001
-12960.605,38.393,38.557,counterclockwise,G4202,G4202001
-16442,38.545,38.757,clockwise,G4202,G4202001
-15344,38.547,39.491,counterclockwise,G4202,G4202001
-15896,38.547,38.395,counterclockwise,G4202,G4202001
-15896.145,38.547,38.189,counterclockwise,G4202,G4202001
-1982,38.547,38.028,counterclockwise,G4202,G4202001
-1982.519,38.547,38.504,counterclockwise,G4202,G4202001
-3108,38.547,38.497,counterclockwise,G4202,G4202001
-5664,38.820,39.755,clockwise,G4202,G4202001
-992,39.491,39.629,counterclockwise,G4202,G4202001
-992.141,39.629,39.748,counterclockwise,G4202,G4202001
-11918,39.755,39.807,clockwise,G4202,G4202001
-7798,39.807,40.263,clockwise,G4202,G4202001
-13928,40.597,40.300,clockwise,G4202,G4202001
-5220,40.597,40.463,clockwise,G4202,G4202001
-7790,40.597,40.923,clockwise,G4202,G4202001
-7798.460,40.597,40.447,clockwise,G4202,G4202001
-7790.354,40.923,41.222,clockwise,G4202,G4202001
-1842,41.222,41.356,clockwise,G4202,G4202001
-1842.115,41.356,41.754,clockwise,G4202,G4202001
-11526,41.410,42.457,counterclockwise,G4202,G4202001
-15156,42.457,42.783,counterclockwise,G4202,G4202001
-15156.326,42.783,42.923,counterclockwise,G4202,G4202001
-7982,42.923,43.319,counterclockwise,G4202,G4202001
-7982.425,43.319,43.363,counterclockwise,G4202,G4202001
-7982.512,43.363,43.630,counterclockwise,G4202,G4202001
-6140,43.369,43.633,clockwise,G4202,G4202001
-760,43.369,42.200,clockwise,G4202,G4202001
-8330,43.369,43.369,clockwise,G4202,G4202001
-12206,43.380,43.247,counterclockwise,G4202,G4202001
-13458,43.380,42.714,counterclockwise,G4202,G4202001
-13458.659,43.380,43.260,counterclockwise,G4202,G4202001
-13696,43.380,43.697,counterclockwise,G4202,G4202001
-17118,43.380,43.027,counterclockwise,G4202,G4202001
-3368,43.380,42.577,counterclockwise,G4202,G4202001
-9842,43.628,44.292,clockwise,G4202,G4202001
-6914,44.292,44.446,clockwise,G4202,G4202001
-6914.155,44.446,45.190,clockwise,G4202,G4202001
-16010,45.190,45.326,clockwise,G4202,G4202001
-2894,45.326,45.678,clockwise,G4202,G4202001
-4000000238,46.252,43.011,upstream,S81,S0081001
-4000000245,46.252,45.848,upstream,S81,S0081001
-4000000348,46.252,51.222,downstream,S81,S0081001
-4000000357,46.252,45.715,upstream,S81,S0081001
-4000000358,46.252,45.050,upstream,S81,S0081001
-4000000361,46.252,44.745,upstream,S81,S0081001
-4000000363,46.252,45.342,upstream,S81,S0081001
-4000000365,46.252,46.099,upstream,S81,S0081001
-4000000366,46.252,46.029,upstream,S81,S0081001
-4000000368,46.252,45.987,upstream,S81,S0081001
-4000000369,46.252,46.017,upstream,S81,S0081001
-4000000372,46.252,45.524,upstream,S81,S0081001
-4000000374,46.252,44.157,upstream,S81,S0081001
-4000000376,46.252,45.733,upstream,S81,S0081001
-4000000378,46.252,45.878,upstream,S81,S0081001
-4000000490,46.252,45.992,upstream,S81,S0081001
-4000000493,46.252,45.988,upstream,S81,S0081001
-7444,49.242,49.105,counterclockwise,G4202,G4202002
-7444.135,49.242,49.915,counterclockwise,G4202,G4202002
-11012,49.349,49.807,clockwise,G4202,G4202002
-16182,49.349,47.154,clockwise,G4202,G4202002
-3144,49.349,47.805,clockwise,G4202,G4202002
-9446,49.349,49.292,clockwise,G4202,G4202002
-15452,49.807,50.430,clockwise,G4202,G4202002
-14706,49.915,50.370,counterclockwise,G4202,G4202002
-8712,50.370,51.911,counterclockwise,G4202,G4202002
-15452.627,50.430,50.537,clockwise,G4202,G4202002
-9350,50.537,51.032,clockwise,G4202,G4202002
-2040,50.888,51.296,counterclockwise,G4202,G4202002
-6906.1080,50.888,50.601,counterclockwise,G4202,G4202002
-4000000346,51.222,53.194,downstream,S81,S0081001
-13636,51.296,51.366,counterclockwise,G4202,G4202002
-12970,51.366,51.805,counterclockwise,G4202,G4202002
-10376,51.813,51.605,clockwise,G4202,G4202002
-10376.203,51.813,52.961,clockwise,G4202,G4202002
-12680,51.813,51.433,clockwise,G4202,G4202002
-15488,51.813,51.744,clockwise,G4202,G4202002
-10188,51.834,51.476,counterclockwise,G4202,G4202002
-1438,51.834,51.786,counterclockwise,G4202,G4202002
-3324,51.834,51.623,counterclockwise,G4202,G4202002
-4360,51.834,51.790,counterclockwise,G4202,G4202002
-6906,51.834,52.911,counterclockwise,G4202,G4202002
-5438,51.911,51.974,counterclockwise,G4202,G4202002
-14746,51.974,54.184,counterclockwise,G4202,G4202002
-4592,52.961,53.009,clockwise,G4202,G4202002
-12612,53.009,53.386,clockwise,G4202,G4202002
-4000000335,53.194,56.128,downstream,S81,S0081001
-10936,53.847,54.367,clockwise,G4202,G4202002
-4814,53.847,53.802,clockwise,G4202,G4202002
-8770,53.847,53.629,clockwise,G4202,G4202002
-11244,54.367,54.485,clockwise,G4202,G4202002
-5626,54.485,55.120,clockwise,G4202,G4202002
-2316,55.302,55.269,clockwise,G4202,G4202002
-7022,55.302,56.808,clockwise,G4202,G4202002
-9674,55.302,55.058,clockwise,G4202,G4202002
-11256,55.848,57.366,counterclockwise,G4202,G4202002
-16884,55.848,55.325,counterclockwise,G4202,G4202002
-17198,55.848,55.677,counterclockwise,G4202,G4202002
-3192,55.848,55.736,counterclockwise,G4202,G4202002
-7226,55.848,55.574,counterclockwise,G4202,G4202002
-7716,55.848,55.835,counterclockwise,G4202,G4202002
-4000000487,56.128,56.404,downstream,S81,S0081001
-4000000489,56.404,57.218,downstream,S81,S0081001
-6982,56.808,57.343,clockwise,G4202,G4202002
-4000000339,57.218,61.211,downstream,S81,S0081001
-8050,57.343,57.525,clockwise,G4202,G4202002
-7268,57.366,57.398,counterclockwise,G4202,G4202002
-15332,57.398,57.545,counterclockwise,G4202,G4202002
-2776,57.525,57.537,clockwise,G4202,G4202002
-1044,57.545,58.279,counterclockwise,G4202,G4202002
-7876,57.876,58.346,downstream,S4,S0004001
-12696,58.279,58.399,counterclockwise,G4202,G4202002
-11172,58.346,60.422,downstream,S4,S0004001
-11574,58.378,58.155,upstream,S4,S0004001
-11820,58.378,55.510,upstream,S4,S0004001
-12114,58.378,57.866,upstream,S4,S0004001
-14012,58.378,58.042,upstream,S4,S0004001
-14244,58.378,58.346,upstream,S4,S0004001
-1576,58.378,57.876,upstream,S4,S0004001
-16236,58.378,58.216,upstream,S4,S0004001
-16450,58.378,57.764,upstream,S4,S0004001
-2704,58.378,58.053,upstream,S4,S0004001
-2844,58.378,58.101,upstream,S4,S0004001
-3516,58.378,58.077,upstream,S4,S0004001
-4258,58.378,55.463,upstream,S4,S0004001
-4286,58.378,57.787,upstream,S4,S0004001
-4390,58.378,57.928,upstream,S4,S0004001
-6542,58.378,58.415,downstream,S4,S0004001
-6624,58.378,58.157,upstream,S4,S0004001
-6752,58.378,57.845,upstream,S4,S0004001
-7386,58.378,58.348,upstream,S4,S0004001
-7572,58.378,58.270,upstream,S4,S0004001
-7874,58.378,58.222,upstream,S4,S0004001
-7888,58.378,57.029,upstream,S4,S0004001
-8184,58.378,54.865,upstream,S4,S0004001
-8270,58.378,58.276,upstream,S4,S0004001
-8690,58.378,58.161,upstream,S4,S0004001
-9806,58.378,58.310,upstream,S4,S0004001
-16554,58.399,58.952,counterclockwise,G4202,G4202002
-17410,58.415,64.323,downstream,S4,S0004001
-12446,58.481,58.342,clockwise,G4202,G4202002
-16946,58.481,58.260,clockwise,G4202,G4202002
-4596,58.481,58.087,clockwise,G4202,G4202002
-8012,58.481,58.559,clockwise,G4202,G4202002
-13438,58.559,58.844,clockwise,G4202,G4202002
-10892,59.290,60.116,clockwise,G4202,G4202002
-12470,59.290,59.093,clockwise,G4202,G4202002
-7542,59.290,58.975,clockwise,G4202,G4202002
-10980,59.828,59.537,counterclockwise,G4202,G4202002
-1172,59.828,59.430,counterclockwise,G4202,G4202002
-1698,59.828,60.535,counterclockwise,G4202,G4202002
-2788,59.828,59.619,counterclockwise,G4202,G4202002
-3630,59.828,59.494,counterclockwise,G4202,G4202002
-1072,60.116,60.322,clockwise,G4202,G4202002
-7668,60.322,60.578,clockwise,G4202,G4202002
-10884,60.535,60.751,counterclockwise,G4202,G4202002
-13776,60.578,60.858,clockwise,G4202,G4202002
-10666,60.751,61.100,counterclockwise,G4202,G4202002
-15724,60.858,61.235,clockwise,G4202,G4202002
-4692,61.100,61.361,counterclockwise,G4202,G4202002
-13736,61.361,61.430,counterclockwise,G4202,G4202002
-15770,61.430,61.842,counterclockwise,G4202,G4202002
-1736,61.985,63.040,clockwise,G4202,G4202002
-6086,61.985,61.738,clockwise,G4202,G4202002
-6086.247,61.985,61.577,clockwise,G4202,G4202002
-7692,61.985,61.939,clockwise,G4202,G4202002
-4000000331,62.253,62.350,downstream,S81,S0081001
-4000000333,62.253,62.117,upstream,S81,S0081001
-4000000334,62.253,61.906,upstream,S81,S0081001
-4000000337,62.253,62.192,upstream,S81,S0081001
-4000000482,62.253,62.167,upstream,S81,S0081001
-4000000485,62.253,61.921,upstream,S81,S0081001
-4000000326,62.350,62.828,downstream,S81,S0081001
-4000000319,62.828,64.262,downstream,S81,S0081001
-13140,62.840,62.702,counterclockwise,G4202,G4202002
-15086,62.840,62.784,counterclockwise,G4202,G4202002
-17388,62.840,62.771,counterclockwise,G4202,G4202002
-3676,62.840,62.690,counterclockwise,G4202,G4202002
-3934,62.840,62.449,counterclockwise,G4202,G4202002
-5816,62.840,62.649,counterclockwise,G4202,G4202002
-9366,62.840,63.929,counterclockwise,G4202,G4202002
-8592,63.040,63.109,clockwise,G4202,G4202002
-4496,63.109,63.248,clockwise,G4202,G4202002
-806,63.248,63.608,clockwise,G4202,G4202002
-11908,63.608,63.668,clockwise,G4202,G4202002
-7350,63.929,63.969,counterclockwise,G4202,G4202002
-7284,63.969,64.353,counterclockwise,G4202,G4202002
-10640,64.083,63.959,clockwise,G4202,G4202002
-11596,64.083,64.032,clockwise,G4202,G4202002
-1304,64.083,63.958,clockwise,G4202,G4202002
-1304.129,64.083,63.964,clockwise,G4202,G4202002
-8346,64.083,64.270,clockwise,G4202,G4202002
-688,64.246,64.586,downstream,S4,S0004001
-4000000317,64.262,66.183,downstream,S81,S0081001
-6806,64.270,64.343,clockwise,G4202,G4202002
-3818,64.343,64.423,clockwise,G4202,G4202002
-7284.387,64.353,64.561,counterclockwise,G4202,G4202002
-16832,64.586,64.848,downstream,S4,S0004001
-15822,64.848,65.398,downstream,S4,S0004001
-11270,65.236,66.231,clockwise,G4202,G4202002
-14336,65.236,64.686,clockwise,G4202,G4202002
-9702,65.236,65.157,clockwise,G4202,G4202002
-13020,65.294,64.995,counterclockwise,G4202,G4202002
-15222,65.294,65.102,counterclockwise,G4202,G4202002
-16202,65.294,65.231,counterclockwise,G4202,G4202002
-16540,65.294,65.264,counterclockwise,G4202,G4202002
-5084,65.294,66.295,counterclockwise,G4202,G4202002
-6412,65.294,64.982,counterclockwise,G4202,G4202002
-6656,65.294,65.236,counterclockwise,G4202,G4202002
-8032,65.294,64.517,counterclockwise,G4202,G4202002
-15830,65.398,65.623,downstream,S4,S0004001
-6574,65.623,65.889,downstream,S4,S0004001
-2106,65.889,67.121,downstream,S4,S0004001
-4000000315,66.183,66.793,downstream,S81,S0081001
-3112,66.231,66.297,clockwise,G4202,G4202002
-4744,66.295,66.376,counterclockwise,G4202,G4202002
-5000,66.297,66.788,clockwise,G4202,G4202002
-12260,66.376,66.929,counterclockwise,G4202,G4202002
-13298,66.788,66.933,clockwise,G4202,G4202002
-4000000313,66.793,67.080,downstream,S81,S0081001
-15958,66.929,67.056,counterclockwise,G4202,G4202002
-5454,66.933,66.986,clockwise,G4202,G4202002
-15316,66.986,67.768,clockwise,G4202,G4202002
-728,67.056,67.098,counterclockwise,G4202,G4202002
-4000000312,67.080,67.305,downstream,S81,S0081001
-16248,67.098,67.296,counterclockwise,G4202,G4202002
-7958,67.121,67.299,downstream,S4,S0004001
-9898,67.296,67.347,counterclockwise,G4202,G4202002
-2114,67.299,72.341,downstream,S4,S0004001
-4000000308,67.305,67.746,downstream,S81,S0081001
-4750,67.768,67.915,clockwise,G4202,G4202002
-10570,69.745,69.697,clockwise,G4202,G4202002
-13418,69.745,70.200,clockwise,G4202,G4202002
-17144,69.745,69.237,clockwise,G4202,G4202002
-2824,69.745,69.711,clockwise,G4202,G4202002
-4532,69.745,69.563,clockwise,G4202,G4202002
-5230,69.745,69.125,clockwise,G4202,G4202002
-5432,69.745,69.661,clockwise,G4202,G4202002
-9594,69.745,69.503,clockwise,G4202,G4202002
-10810,70.162,70.021,counterclockwise,G4202,G4202002
-10810.142,70.162,69.096,counterclockwise,G4202,G4202002
-10978,70.162,70.092,counterclockwise,G4202,G4202002
-1540,70.162,69.891,counterclockwise,G4202,G4202002
-5986,70.162,70.003,counterclockwise,G4202,G4202002
-6028,70.162,70.590,counterclockwise,G4202,G4202002
-6630,70.162,70.119,counterclockwise,G4202,G4202002
-736,70.162,70.035,counterclockwise,G4202,G4202002
-2484,70.200,70.247,clockwise,G4202,G4202002
-15190,70.247,70.407,clockwise,G4202,G4202002
-12382,70.407,70.450,clockwise,G4202,G4202002
-10618,70.450,70.707,clockwise,G4202,G4202002
-10042,70.590,70.830,counterclockwise,G4202,G4202002
-9166,70.707,70.820,clockwise,G4202,G4202002
-1420,70.830,71.343,counterclockwise,G4202,G4202002
-4282,71.343,71.373,counterclockwise,G4202,G4202002
-4838,71.373,71.982,counterclockwise,G4202,G4202002
-12086,71.982,72.053,counterclockwise,G4202,G4202002
-9296,72.053,72.225,counterclockwise,G4202,G4202002
-4000000291,72.096,71.786,upstream,S81,S0081001
-4000000294,72.096,71.877,upstream,S81,S0081001
-4000000295,72.096,72.134,downstream,S81,S0081001
-4000000297,72.096,71.399,upstream,S81,S0081001
-4000000300,72.096,71.547,upstream,S81,S0081001
-4000000301,72.096,71.139,upstream,S81,S0081001
-4000000303,72.096,71.855,upstream,S81,S0081001
-4000000305,72.096,71.038,upstream,S81,S0081001
-4000000311,72.096,72.011,upstream,S81,S0081001
-4000000280,72.134,72.415,downstream,S81,S0081001
-4774,72.341,72.504,downstream,S4,S0004001
-4000000281,72.415,72.653,downstream,S81,S0081001
-8814,72.504,72.915,downstream,S4,S0004001
-4000000279,72.653,72.832,downstream,S81,S0081001
-11116,72.746,71.670,clockwise,G4202,G4202002
-11116.1080,72.746,72.597,clockwise,G4202,G4202002
-14038,72.746,73.059,clockwise,G4202,G4202002
-15266,72.746,72.671,clockwise,G4202,G4202002
-16906,72.746,72.543,clockwise,G4202,G4202002
-9774,72.746,72.335,clockwise,G4202,G4202002
-4000000277,72.832,72.931,downstream,S81,S0081001
-17186,72.915,73.192,downstream,S4,S0004001
-4000000275,72.931,73.105,downstream,S81,S0081001
-12050,73.059,73.766,clockwise,G4202,G4202002
-4000000272,73.105,73.179,downstream,S81,S0081001
-4000000271,73.179,73.876,downstream,S81,S0081001
-8434,73.192,73.849,downstream,S4,S0004001
-14152,73.849,73.878,downstream,S4,S0004001
-4000000269,73.876,74.214,downstream,S81,S0081001
-6986,74.023,73.842,clockwise,G4202,G4202002
-6986.180,74.023,75.285,clockwise,G4202,G4202002
-4000000267,74.214,74.411,downstream,S81,S0081001
-4000000266,74.411,74.471,downstream,S81,S0081001
-4000000243,74.471,77.234,downstream,S81,S0081001
-15320,75.145,74.518,counterclockwise,G4202,G4202002
-1606,75.145,75.006,counterclockwise,G4202,G4202002
-1606.126,75.145,72.304,counterclockwise,G4202,G4202002
-2152,75.145,75.104,counterclockwise,G4202,G4202002
-4300,75.145,74.960,counterclockwise,G4202,G4202002
-4918,75.145,76.749,counterclockwise,G4202,G4202002
-15960,75.285,75.327,clockwise,G4202,G4202002
-780,75.327,78.291,clockwise,G4202,G4202002
-4918.1607,76.749,76.892,counterclockwise,G4202,G4202002
-12430,76.892,77.295,counterclockwise,G4202,G4202002
-4000000263,77.234,77.956,downstream,S81,S0081001
-4900,77.295,77.609,counterclockwise,G4202,G4202002
-16086,77.609,78.023,counterclockwise,G4202,G4202002
-17046,78.023,78.094,counterclockwise,G4202,G4202002
-2110,78.094,78.311,counterclockwise,G4202,G4202002
-780.2968,78.291,78.416,clockwise,G4202,G4202002
-11006,79.903,80.577,clockwise,G4202,G4202002
-12512,79.903,79.335,clockwise,G4202,G4202002
-15986,79.903,79.370,clockwise,G4202,G4202002
-16960,79.903,79.719,clockwise,G4202,G4202002
-5480,79.903,79.783,clockwise,G4202,G4202002
-810,80.279,80.207,counterclockwise,G4202,G4202002
-8116,80.279,80.622,counterclockwise,G4202,G4202002
-4336,80.577,80.615,clockwise,G4202,G4202002
-10060,80.615,80.942,clockwise,G4202,G4202002
-6298,80.622,80.661,counterclockwise,G4202,G4202002
-9434,80.661,81.178,counterclockwise,G4202,G4202002
-2512,80.942,81.026,clockwise,G4202,G4202002
-16536,81.026,81.119,clockwise,G4202,G4202002
-7538,81.119,81.530,clockwise,G4202,G4202002
-9434.521,81.178,81.333,counterclockwise,G4202,G4202002
-8750,81.333,81.405,counterclockwise,G4202,G4202002
-9250,81.405,82.044,counterclockwise,G4202,G4202002
-11388,81.711,81.540,counterclockwise,G4202,G4202002
-5338,81.711,81.783,counterclockwise,G4202,G4202002
-5642,81.711,81.656,counterclockwise,G4202,G4202002
-3340,81.783,82.297,counterclockwise,G4202,G4202002
-14826,82.264,82.067,clockwise,G4202,G4202002
-15562,82.264,82.192,clockwise,G4202,G4202002
-16954,82.264,82.020,clockwise,G4202,G4202002
-2748,82.264,82.208,clockwise,G4202,G4202002
-4516,82.264,82.152,clockwise,G4202,G4202002
-4516.107,82.264,84.047,clockwise,G4202,G4202002
-13278,83.749,83.669,counterclockwise,G4202,G4202002
-4880,83.749,83.610,counterclockwise,G4202,G4202002
-4880.104,83.749,83.556,counterclockwise,G4202,G4202002
-7206,83.749,85.558,counterclockwise,G4202,G4202002
-13812,84.047,84.168,clockwise,G4202,G4202002
-7608,84.400,84.968,clockwise,G4202,G4202002
-10824,84.968,85.072,clockwise,G4202,G4202002
-10824.80,85.072,85.521,clockwise,G4202,G4202002
-7206.1812,85.558,85.675,counterclockwise,G4202,G4202002
-11748,85.675,85.918,counterclockwise,G4202,G4202002
-10102,85.693,85.393,upstream,S4,S0004001
-10630,85.693,83.530,upstream,S4,S0004001
-11248,85.693,85.646,upstream,S4,S0004001
-1182,85.693,85.366,upstream,S4,S0004001
-1262,85.693,85.513,upstream,S4,S0004001
-14040,85.693,85.653,upstream,S4,S0004001
-14118,85.693,81.479,upstream,S4,S0004001
-1614,85.693,85.636,upstream,S4,S0004001
-2468,85.693,83.067,upstream,S4,S0004001
-6192,85.693,86.151,downstream,S4,S0004001
-6246,85.693,85.355,upstream,S4,S0004001
-782,85.693,84.585,upstream,S4,S0004001
-8898,85.693,85.474,upstream,S4,S0004001
-9122,86.151,90.592,downstream,S4,S0004001
-10974,86.737,86.482,upstream,G4215,G4215001
-13064,86.737,80.237,upstream,G4215,G4215001
-14838,86.737,84.971,upstream,G4215,G4215001
-6706,86.737,86.812,downstream,G4215,G4215001
-6776,86.737,86.443,upstream,G4215,G4215001
-4004,86.812,86.982,downstream,G4215,G4215001
-5962,86.982,88.848,downstream,G4215,G4215001
-11380,88.848,89.608,downstream,G4215,G4215001
-1536,89.608,90.055,downstream,G4215,G4215001
-5902,90.592,91.743,downstream,S4,S0004001
-15050,91.743,92.741,downstream,S4,S0004001
-15722,92.741,93.025,downstream,S4,S0004001
-7590,93.025,93.420,downstream,S4,S0004001
-724,93.420,93.482,downstream,S4,S0004001
-14956,93.482,93.809,downstream,S4,S0004001
-17010,93.809,93.925,downstream,S4,S0004001
-3382,93.925,94.854,downstream,S4,S0004001
-6674,94.854,95.247,downstream,S4,S0004001
-1960,95.247,95.489,downstream,S4,S0004001
-9448,95.489,95.716,downstream,S4,S0004001
-1456,95.716,96.081,downstream,S4,S0004001
-13786,96.081,96.529,downstream,S4,S0004001
-5864,96.529,96.826,downstream,S4,S0004001
-11444,96.794,95.360,upstream,G4215,G4215001
-15514,96.794,97.239,downstream,G4215,G4215001
-1732,96.794,92.869,upstream,G4215,G4215001
-3168,96.794,95.926,upstream,G4215,G4215001
-9662,96.794,96.496,upstream,G4215,G4215001
-13232,96.826,97.011,downstream,S4,S0004001
-9360,97.239,98.091,downstream,G4215,G4215001
-1000000043,112.002,112.680,clockwise,SA2,SA002002
-1000000082,112.003,112.003,counterclockwise,SA2,SA002002
-1000000083,112.003,112.003,counterclockwise,SA2,SA002002
-1000000084,112.003,112.903,counterclockwise,SA2,SA002002
-1000000110,112.003,112.003,counterclockwise,SA2,SA002002
-1000000016,112.680,113.394,clockwise,SA2,SA002002
-1000000032,112.903,112.003,counterclockwise,SA2,SA002002
-1000000033,112.903,112.286,counterclockwise,SA2,SA002002
-1000000038,112.903,112.773,counterclockwise,SA2,SA002002
-1000000039,112.903,112.150,counterclockwise,SA2,SA002002
-1000000065,112.903,112.903,counterclockwise,SA2,SA002002
-1000000086,112.903,112.903,counterclockwise,SA2,SA002002
-1000000017,113.394,114.032,clockwise,SA2,SA002002
-1000000087,113.394,113.394,clockwise,SA2,SA002002
-1000000088,113.394,113.394,clockwise,SA2,SA002002
-1000000089,113.394,114.867,clockwise,SA2,SA002002
-1000000112,113.394,113.394,clockwise,SA2,SA002002
-1000000040,113.478,112.903,counterclockwise,SA2,SA002002
-1000000034,114.032,114.159,clockwise,SA2,SA002002
-11446,114.048,114.006,upstream,S4,S0004001
-1148,114.048,112.784,upstream,S4,S0004001
-11676,114.048,113.888,upstream,S4,S0004001
-12594,114.048,113.963,upstream,S4,S0004001
-12798,114.048,113.229,upstream,S4,S0004001
-14692,114.048,108.595,upstream,S4,S0004001
-14948,114.048,113.378,upstream,S4,S0004001
-15042,114.048,113.988,upstream,S4,S0004001
-2350,114.048,113.802,upstream,S4,S0004001
-3204,114.048,113.763,upstream,S4,S0004001
-3308,114.048,113.646,upstream,S4,S0004001
-3378,114.048,114.126,downstream,S4,S0004001
-3622,114.048,113.710,upstream,S4,S0004001
-4422,114.048,112.070,upstream,S4,S0004001
-5298,114.048,111.301,upstream,S4,S0004001
-8956,114.048,112.539,upstream,S4,S0004001
-900,114.048,113.476,upstream,S4,S0004001
-14274,114.126,115.007,downstream,S4,S0004001
-1000000035,114.202,114.867,clockwise,SA2,SA002002
-1000000012,114.209,113.478,counterclockwise,SA2,SA002002
-1000000036,114.867,115.905,clockwise,SA2,SA002002
-1000000091,114.867,114.867,clockwise,SA2,SA002002
-12962,115.007,115.318,downstream,S4,S0004001
-4292,115.318,115.756,downstream,S4,S0004001
-5418,115.756,116.069,downstream,S4,S0004001
-1000000056,115.905,115.905,clockwise,SA2,SA002002
-1000000057,115.905,115.905,clockwise,SA2,SA002002
-1000000058,115.905,119.014,clockwise,SA2,SA002002
-1000000073,115.905,115.905,clockwise,SA2,SA002002
-15834,116.069,116.734,downstream,S4,S0004001
-1000000037,116.201,116.694,clockwise,SA2,SA002002
-1000000030,116.694,117.142,clockwise,SA2,SA002002
-6992,116.734,117.701,downstream,S4,S0004001
-1000000027,117.142,117.701,clockwise,SA2,SA002002
-1000000028,117.701,119.014,clockwise,SA2,SA002002
-8398,117.701,118.269,downstream,S4,S0004001
-1000000004,118.108,120.743,clockwise,SA2,SA002002
-1000000015,118.108,117.995,counterclockwise,SA2,SA002002
-14318,118.269,118.748,downstream,S4,S0004001
-1000000019,118.465,118.273,counterclockwise,SA2,SA002002
-1000000020,118.465,117.498,counterclockwise,SA2,SA002002
-1000000126,118.465,117.245,counterclockwise,SA2,SA002002
-1000000147,118.465,118.465,counterclockwise,SA2,SA002002
-15248,118.748,120.134,downstream,S4,S0004001
-1000000060,119.014,119.014,clockwise,SA2,SA002002
-1000000115,119.014,119.196,clockwise,SA2,SA002002
-1000000118,119.193,119.014,counterclockwise,SA2,SA002002
-1000000116,119.196,120.196,clockwise,SA2,SA002002
-1000000014,119.403,118.108,counterclockwise,SA2,SA002002
-1000000003,120.014,120.014,clockwise,SA2,SA002002
-1000000117,120.014,120.274,clockwise,SA2,SA002002
-3466,120.134,120.854,downstream,S4,S0004001
-1000000025,120.536,120.743,clockwise,SA2,SA002002
-1000000018,120.651,120.743,clockwise,SA2,SA002002
-1000000008,120.743,118.108,counterclockwise,SA2,SA002002
-1000000026,120.743,125.967,clockwise,SA2,SA002002
-1000000061,121.035,121.035,counterclockwise,SA2,SA002002
-1000000062,121.035,121.035,counterclockwise,SA2,SA002002
-1000000063,121.035,112.903,counterclockwise,SA2,SA002002
-1000000071,121.035,121.035,counterclockwise,SA2,SA002002
-1000000119,121.035,119.582,counterclockwise,SA2,SA002002
-1000000120,121.531,121.035,counterclockwise,SA2,SA002002
-1000000029,121.889,121.531,counterclockwise,SA2,SA002002
-1000000031,122.592,121.889,counterclockwise,SA2,SA002002
-1000000005,123.476,120.014,counterclockwise,SA2,SA002002
-1000000021,123.476,118.465,counterclockwise,SA2,SA002002
-1000000022,123.810,123.476,counterclockwise,SA2,SA002002
-11374,125.292,125.992,downstream,S4,S0004001
-11794,125.292,125.077,upstream,S4,S0004001
-12024,125.292,124.922,upstream,S4,S0004001
-16786,125.292,124.117,upstream,S4,S0004001
-2016,125.292,124.304,upstream,S4,S0004001
-2584,125.292,125.099,upstream,S4,S0004001
-3476,125.292,124.870,upstream,S4,S0004001
-3890,125.292,124.237,upstream,S4,S0004001
-3916,125.292,125.111,upstream,S4,S0004001
-6284,125.292,124.634,upstream,S4,S0004001
-9742,125.292,124.966,upstream,S4,S0004001
-1000000023,125.967,126.924,clockwise,SA2,SA002002
-722,125.992,126.149,downstream,S4,S0004001
-9722,126.149,126.446,downstream,S4,S0004001
-6264,126.446,126.988,downstream,S4,S0004001
-1000000024,126.924,127.117,clockwise,SA2,SA002002
-1000000079,126.924,126.924,clockwise,SA2,SA002002
-1000000148,126.924,126.924,clockwise,SA2,SA002002
-5822,126.988,127.684,downstream,S4,S0004001
-1000000013,127.117,128.337,clockwise,SA2,SA002002
-1000000128,128.328,130.604,clockwise,SA2,SA002002
-1000000129,130.530,130.604,clockwise,SA2,SA002002
-1000000127,130.589,130.604,clockwise,SA2,SA002002
-1000000130,130.604,130.604,clockwise,SA2,SA002002
-5144,130.604,131.927,clockwise,SA2,SA002002
-17148,131.626,131.626,counterclockwise,SA2,SA002002
-5738,131.626,131.113,counterclockwise,SA2,SA002002
-8824,131.626,130.936,counterclockwise,SA2,SA002002
-15706,131.927,132.616,clockwise,SA2,SA002002
-16090,132.616,133.405,clockwise,SA2,SA002002
-10808,132.934,131.626,counterclockwise,SA2,SA002002
-3240,133.405,133.405,clockwise,SA2,SA002002
-8142,133.405,133.405,clockwise,SA2,SA002002
-8360,133.405,138.030,clockwise,SA2,SA002002
-14064,133.423,133.220,upstream,S4,S0004001
-15594,133.423,133.155,upstream,S4,S0004001
-15616,133.423,129.908,upstream,S4,S0004001
-4110,133.423,132.709,upstream,S4,S0004001
-9060,133.423,133.798,downstream,S4,S0004001
-15102,133.798,134.512,downstream,S4,S0004001
-5224,133.818,134.876,clockwise,SA2,SA002002
-8144,134.456,134.876,clockwise,SA2,SA002002
-16232,134.512,136.755,downstream,S4,S0004001
-11710,134.876,137.042,clockwise,SA2,SA002002
-5090,134.876,134.876,clockwise,SA2,SA002002
-1000000049,135.215,135.215,counterclockwise,SA2,SA002002
-1000000051.1315,135.215,132.934,counterclockwise,SA2,SA002002
-1000000121,135.215,135.215,counterclockwise,SA2,SA002002
-1000000052,135.246,135.215,counterclockwise,SA2,SA002002
-1000000125,135.320,135.246,counterclockwise,SA2,SA002002
-11290,135.781,135.600,counterclockwise,SA2,SA002002
-15796,135.781,135.632,counterclockwise,SA2,SA002002
-17392,135.781,135.283,counterclockwise,SA2,SA002002
-4530,135.781,134.685,counterclockwise,SA2,SA002002
-7154,135.781,135.608,counterclockwise,SA2,SA002002
-1266,136.755,137.664,downstream,S4,S0004001
-12786,137.042,138.083,clockwise,SA2,SA002002
-12486,137.664,138.497,downstream,S4,S0004001
-14018,138.030,138.030,counterclockwise,SA2,SA002002
-14470,138.030,138.030,counterclockwise,SA2,SA002002
-2296,138.030,135.781,counterclockwise,SA2,SA002002
-952,138.083,138.226,clockwise,SA2,SA002002
-10076,138.226,138.407,clockwise,SA2,SA002002
-2820,138.407,138.575,clockwise,SA2,SA002002
-13686,138.497,139.144,downstream,S4,S0004001
-8002,138.575,138.725,clockwise,SA2,SA002002
-14544,138.725,139.232,clockwise,SA2,SA002002
-14020,139.105,138.030,counterclockwise,SA2,SA002002
-3628,139.144,139.438,downstream,S4,S0004001
-5880,139.232,140.560,clockwise,SA2,SA002002
-7762,139.438,139.796,downstream,S4,S0004001
-11326,139.796,139.903,downstream,S4,S0004001
-16292,139.807,139.105,counterclockwise,SA2,SA002002
-4460,139.903,140.133,downstream,S4,S0004001
-6338,140.133,140.223,downstream,S4,S0004001
-7128,140.223,142.464,downstream,S4,S0004001
-4192,140.560,141.013,clockwise,SA2,SA002002
-5740,141.013,141.013,clockwise,SA2,SA002002
-6072,141.013,141.013,clockwise,SA2,SA002002
-6074,141.013,141.114,clockwise,SA2,SA002002
-6300,141.013,146.075,clockwise,SA2,SA002002
-8724,141.114,141.482,clockwise,SA2,SA002002
-13112,141.482,141.482,clockwise,SA2,SA002002
-2662,141.482,143.859,clockwise,SA2,SA002002
-13330,142.464,143.147,downstream,S4,S0004001
-1280,143.485,143.463,counterclockwise,SA2,SA002002
-14660,143.485,142.978,counterclockwise,SA2,SA002002
-3334,143.485,142.686,counterclockwise,SA2,SA002002
-3444,143.485,143.403,counterclockwise,SA2,SA002002
-3468,143.485,143.395,counterclockwise,SA2,SA002002
-6922,143.485,143.339,counterclockwise,SA2,SA002002
-7850,143.485,143.368,counterclockwise,SA2,SA002002
-8594,143.485,142.904,counterclockwise,SA2,SA002002
-14222,143.859,143.878,clockwise,SA2,SA002002
-5934,144.049,143.485,counterclockwise,SA2,SA002002
-6122,144.068,144.049,counterclockwise,SA2,SA002002
-3928,146.075,144.068,counterclockwise,SA2,SA002002
-6796,146.075,146.075,counterclockwise,SA2,SA002002
-8836,146.075,146.075,counterclockwise,SA2,SA002002
-11156,146.344,147.143,clockwise,SA2,SA002002
-766,146.571,147.143,clockwise,SA2,SA002002
-9012,146.631,147.143,clockwise,SA2,SA002002
-2566,146.652,146.652,counterclockwise,SA2,SA002002
-2568,146.652,146.652,counterclockwise,SA2,SA002002
-6798,146.652,146.075,counterclockwise,SA2,SA002002
-9786,146.652,141.482,clockwise,SA2,SA002002
-2770,146.674,146.674,clockwise,SA2,SA002002
-3572,146.674,146.674,clockwise,SA2,SA002002
-3664,146.674,151.883,clockwise,SA2,SA002002
-4598,146.674,147.143,clockwise,SA2,SA002002
-14888,146.831,146.652,counterclockwise,SA2,SA002002
-12272,146.926,147.143,clockwise,SA2,SA002002
-14714,146.993,147.143,clockwise,SA2,SA002002
-5346,147.034,147.143,clockwise,SA2,SA002002
-6856,147.047,147.143,clockwise,SA2,SA002002
-10664,147.055,147.143,clockwise,SA2,SA002002
-3574,147.101,147.143,clockwise,SA2,SA002002
-4248,147.119,147.143,clockwise,SA2,SA002002
-8834,147.122,147.143,clockwise,SA2,SA002002
-9532,147.143,147.219,clockwise,SA2,SA002002
-11024,147.219,147.610,clockwise,SA2,SA002002
-13902,147.393,146.831,counterclockwise,SA2,SA002002
-12130,147.610,147.722,clockwise,SA2,SA002002
-11120,147.937,147.937,counterclockwise,SA2,SA002002
-6288,147.937,147.937,counterclockwise,SA2,SA002002
-14758,147.942,149.487,clockwise,SA2,SA002002
-15790,148.094,148.019,counterclockwise,SA2,SA002002
-17444,148.094,147.937,counterclockwise,SA2,SA002002
-1976,148.094,146.882,counterclockwise,SA2,SA002002
-3118,148.094,153.077,clockwise,SA2,SA002002
-4198,148.094,148.094,counterclockwise,SA2,SA002002
-4200,148.094,148.094,counterclockwise,SA2,SA002002
-5120,148.094,147.995,counterclockwise,SA2,SA002002
-6286,148.094,147.491,counterclockwise,SA2,SA002002
-7428,148.716,147.393,counterclockwise,SA2,SA002002
-9838,149.148,149.487,clockwise,SA2,SA002002
-17228,149.487,152.532,clockwise,SA2,SA002002
-6924,149.487,149.487,clockwise,SA2,SA002002
-8558,149.487,151.420,clockwise,SA2,SA002002
-13684,150.005,148.094,counterclockwise,SA2,SA002002
-10560,151.420,151.494,clockwise,SA2,SA002002
-1508,151.494,152.485,clockwise,SA2,SA002002
-6632,151.546,150.005,counterclockwise,SA2,SA002002
-10922,151.883,151.883,counterclockwise,SA2,SA002002
-11630,151.883,151.883,counterclockwise,SA2,SA002002
-9508,151.883,151.546,counterclockwise,SA2,SA002002
-11628,151.999,151.883,counterclockwise,SA2,SA002002
-10798,152.390,151.999,counterclockwise,SA2,SA002002
-16002,152.465,152.390,counterclockwise,SA2,SA002002
-7862,152.485,147.937,clockwise,SA2,SA002002
-8990,152.485,153.077,clockwise,SA2,SA002002
-8992,152.485,152.485,clockwise,SA2,SA002002
-16334,152.532,152.532,counterclockwise,SA2,SA002002
-3960,152.532,152.465,counterclockwise,SA2,SA002002
-7064,152.678,152.532,counterclockwise,SA2,SA002002
-758,152.699,152.678,counterclockwise,SA2,SA002002
-3936,153.077,153.493,clockwise,SA2,SA002002
-8648,153.077,153.077,clockwise,SA2,SA002002
-11398,153.855,152.867,upstream,S4,S0004001
-12242,153.855,152.262,upstream,S4,S0004001
-12878,153.855,151.278,upstream,S4,S0004001
-13224,153.855,154.058,downstream,S4,S0004001
-14934,153.855,151.815,upstream,S4,S0004001
-14984,153.855,153.673,upstream,S4,S0004001
-14990,153.855,153.692,upstream,S4,S0004001
-16700,153.855,153.711,upstream,S4,S0004001
-16962,153.855,153.675,upstream,S4,S0004001
-3678,153.855,153.081,upstream,S4,S0004001
-3756,153.855,153.504,upstream,S4,S0004001
-8510,153.855,152.556,upstream,S4,S0004001
-8810,153.855,153.687,upstream,S4,S0004001
-9482,154.058,154.213,downstream,S4,S0004001
-4628,154.189,157.904,clockwise,SA2,SA002002
-17386,154.213,154.464,downstream,S4,S0004001
-14308,154.464,154.599,downstream,S4,S0004001
-12304,157.534,157.904,clockwise,SA2,SA002002
-7642,157.789,157.904,clockwise,SA2,SA002002
-1254,157.804,157.904,clockwise,SA2,SA002002
-6144,157.878,157.904,clockwise,SA2,SA002002
-4514,157.904,159.460,clockwise,SA2,SA002002
-1176,158.737,158.737,counterclockwise,SA2,SA002002
-14076,158.737,158.737,counterclockwise,SA2,SA002002
-1178,158.886,158.424,counterclockwise,SA2,SA002002
-13986,158.886,159.861,clockwise,SA2,SA002002
-3410,158.886,158.737,counterclockwise,SA2,SA002002
-888,158.886,158.886,counterclockwise,SA2,SA002002
-890,158.886,158.886,counterclockwise,SA2,SA002002
-10084,159.460,159.460,clockwise,SA2,SA002002
-10086,159.460,159.861,clockwise,SA2,SA002002
-592,159.460,158.737,clockwise,SA2,SA002002
-12194,159.861,160.311,clockwise,SA2,SA002002
-12968,159.861,159.861,clockwise,SA2,SA002002
-14810,160.697,158.886,counterclockwise,SA2,SA002002
-4730,160.813,160.697,counterclockwise,SA2,SA002002
-5788,161.374,161.996,clockwise,SA2,SA002002
-10880,161.396,161.996,clockwise,SA2,SA002002
-4116,161.897,161.996,clockwise,SA2,SA002002
-14688,161.996,163.839,clockwise,SA2,SA002002
-10332,162.182,161.634,counterclockwise,SA2,SA002002
-1144,162.182,162.182,counterclockwise,SA2,SA002002
-15342,162.182,161.757,counterclockwise,SA2,SA002002
-3450,162.182,164.401,clockwise,SA2,SA002002
-8490,162.182,162.129,counterclockwise,SA2,SA002002
-4936,163.576,164.401,clockwise,SA2,SA002002
-6456,163.839,163.893,clockwise,SA2,SA002002
-4376,163.893,179.200,clockwise,SA2,SA002002
-4938,163.893,163.893,clockwise,SA2,SA002002
-12258,164.018,162.182,counterclockwise,SA2,SA002002
-2948,164.401,164.401,clockwise,SA2,SA002002
-3448,164.401,162.182,counterclockwise,SA2,SA002002
-4210,164.401,164.458,clockwise,SA2,SA002002
-10230,164.458,166.779,clockwise,SA2,SA002002
-14370,164.547,160.813,counterclockwise,SA2,SA002002
-10744,164.549,164.417,upstream,S4,S0004001
-13226,164.549,164.695,downstream,S4,S0004001
-13666,164.549,158.603,upstream,S4,S0004001
-3910,164.549,164.454,upstream,S4,S0004001
-6828,164.549,160.949,upstream,S4,S0004001
-4340,164.572,164.547,counterclockwise,SA2,SA002002
-750,164.608,164.018,counterclockwise,SA2,SA002002
-6060,164.695,164.758,downstream,S4,S0004001
-6862,164.758,164.938,downstream,S4,S0004001
-9234,164.938,168.279,downstream,S4,S0004001
-8278,164.947,164.572,counterclockwise,SA2,SA002002
-15700,165.241,164.608,counterclockwise,SA2,SA002002
-12072,165.341,165.241,counterclockwise,SA2,SA002002
-3062,166.779,166.779,clockwise,SA2,SA002002
-3064,166.779,166.779,clockwise,SA2,SA002002
-8568,166.779,166.779,clockwise,SA2,SA002002
-8570,167.418,168.404,clockwise,SA2,SA002002
-15368,167.787,168.404,clockwise,SA2,SA002002
-12476,168.279,168.400,downstream,S4,S0004001
-13186,168.400,171.856,downstream,S4,S0004001
-14330,168.404,168.404,clockwise,SA2,SA002002
-5838,168.404,172.667,clockwise,SA2,SA002002
-906,171.136,171.069,counterclockwise,SA2,SA002002
-10510,171.856,172.026,downstream,S4,S0004001
-6964,172.026,173.302,downstream,S4,S0004001
-16746,172.281,172.734,clockwise,SA2,SA002002
-14790,172.667,172.667,clockwise,SA2,SA002002
-14792,172.667,172.667,clockwise,SA2,SA002002
-17200,172.667,172.734,clockwise,SA2,SA002002
-7086,172.667,177.684,clockwise,SA2,SA002002
-7864,172.667,172.667,clockwise,SA2,SA002002
-14564,172.734,175.423,clockwise,SA2,SA002002
-15804,172.734,172.734,clockwise,SA2,SA002002
-6614,173.302,173.427,downstream,S4,S0004001
-9638,173.427,173.553,downstream,S4,S0004001
-9304,173.553,173.695,downstream,S4,S0004001
-17242,173.695,177.027,downstream,S4,S0004001
-11384,175.387,175.186,counterclockwise,SA2,SA002002
-12154,175.387,174.794,counterclockwise,SA2,SA002002
-1306,175.387,175.360,counterclockwise,SA2,SA002002
-2600,175.387,174.133,counterclockwise,SA2,SA002002
-3436,175.387,175.147,counterclockwise,SA2,SA002002
-9706,175.387,174.289,counterclockwise,SA2,SA002002
-17232,175.423,175.663,clockwise,SA2,SA002002
-12182,175.596,171.136,counterclockwise,SA2,SA002002
-14092,175.596,175.596,counterclockwise,SA2,SA002002
-14094,175.596,175.596,counterclockwise,SA2,SA002002
-5366,175.596,175.596,counterclockwise,SA2,SA002002
-16754,175.663,176.755,clockwise,SA2,SA002002
-5364,176.017,175.596,counterclockwise,SA2,SA002002
-2802,176.485,176.485,counterclockwise,SA2,SA002002
-3430,176.485,176.017,counterclockwise,SA2,SA002002
-11268,176.755,177.355,clockwise,SA2,SA002002
-14006,176.805,176.485,counterclockwise,SA2,SA002002
-17340,176.805,176.805,counterclockwise,SA2,SA002002
-2172,177.027,177.098,downstream,S4,S0004001
-654,177.098,177.381,downstream,S4,S0004001
-6182,177.355,178.602,clockwise,SA2,SA002002
-9670,177.381,177.480,downstream,S4,S0004001
-5008,177.480,178.273,downstream,S4,S0004001
-13514,177.684,175.387,counterclockwise,SA2,SA002002
-14724,177.684,177.684,counterclockwise,SA2,SA002002
-1948,177.684,177.684,counterclockwise,SA2,SA002002
-3562,178.273,178.798,downstream,S4,S0004001
-17290,178.357,172.734,clockwise,SA2,SA002002
-1946,178.357,177.684,counterclockwise,SA2,SA002002
-2032,178.357,178.357,counterclockwise,SA2,SA002002
-2034,178.357,178.357,counterclockwise,SA2,SA002002
-7132,178.484,178.357,counterclockwise,SA2,SA002002
-1104,178.602,178.631,clockwise,SA2,SA002002
-16512,178.631,178.829,clockwise,SA2,SA002002
-14090,178.798,179.024,downstream,S4,S0004001
-17066,178.829,184.409,clockwise,SA2,SA002002
-10398,179.024,179.286,downstream,S4,S0004001
-16852,179.200,163.893,counterclockwise,SA2,SA002002
-7008,179.200,176.805,counterclockwise,SA2,SA002002
-8492,179.200,179.200,counterclockwise,SA2,SA002002
-2344,180.568,181.042,clockwise,SA2,SA002002
-15374,181.042,181.143,clockwise,SA2,SA002002
-8576,181.143,182.177,clockwise,SA2,SA002002
-17272,182.177,182.196,clockwise,SA2,SA002002
-2062,182.196,182.596,clockwise,SA2,SA002002
-13116,182.596,182.687,clockwise,SA2,SA002002
-5766,182.687,183.250,clockwise,SA2,SA002002
-15208,183.250,183.309,clockwise,SA2,SA002002
-15978,183.309,183.504,clockwise,SA2,SA002002
-15930,183.504,183.579,clockwise,SA2,SA002002
-14418,183.579,183.967,clockwise,SA2,SA002002
-2134,183.967,184.266,clockwise,SA2,SA002002
-2136,184.021,184.021,counterclockwise,SA2,SA002002
-5002,184.266,184.609,clockwise,SA2,SA002002
-10280,184.409,190.313,counterclockwise,SA2,SA002002
-3638,184.409,184.409,counterclockwise,SA2,SA002002
-8504,184.609,185.060,clockwise,SA2,SA002002
-17218,185.060,185.787,clockwise,SA2,SA002002
-13362,185.787,185.846,clockwise,SA2,SA002002
-5372,185.846,186.464,clockwise,SA2,SA002002
-10698,186.464,186.752,clockwise,SA2,SA002002
-14266,186.752,186.997,clockwise,SA2,SA002002
-1512,186.997,187.198,clockwise,SA2,SA002002
-9622,187.198,187.519,clockwise,SA2,SA002002
-12042,187.502,187.036,upstream,S4,S0004001
-13552,187.502,186.218,upstream,S4,S0004001
-14652,187.502,187.446,upstream,S4,S0004001
-14680,187.502,187.241,upstream,S4,S0004001
-14788,187.502,186.818,upstream,S4,S0004001
-15292,187.502,186.973,upstream,S4,S0004001
-15556,187.502,187.463,upstream,S4,S0004001
-16162,187.502,185.973,upstream,S4,S0004001
-1672,187.502,187.316,upstream,S4,S0004001
-1928,187.502,187.369,upstream,S4,S0004001
-2462,187.502,187.359,upstream,S4,S0004001
-2590,187.502,186.007,upstream,S4,S0004001
-3010,187.502,187.335,upstream,S4,S0004001
-4690,187.502,187.318,upstream,S4,S0004001
-5368,187.502,187.018,upstream,S4,S0004001
-5744,187.502,187.277,upstream,S4,S0004001
-6374,187.502,187.789,downstream,S4,S0004001
-7102,187.502,187.236,upstream,S4,S0004001
-10740,187.519,187.592,clockwise,SA2,SA002002
-15962,187.592,188.039,clockwise,SA2,SA002002
-2128,187.645,187.645,counterclockwise,SA2,SA002002
-8422,187.645,192.184,counterclockwise,SA2,SA002002
-15330,187.789,188.128,downstream,S4,S0004001
-5472,188.039,188.099,clockwise,SA2,SA002002
-4104,188.099,188.457,clockwise,SA2,SA002002
-8498,188.128,188.322,downstream,S4,S0004001
-10386,188.322,188.430,downstream,S4,S0004001
-12926,188.430,188.627,downstream,S4,S0004001
-4620,188.457,188.515,clockwise,SA2,SA002002
-1552,188.515,188.661,clockwise,SA2,SA002002
-15410,188.627,188.732,downstream,S4,S0004001
-14778,188.661,188.859,clockwise,SA2,SA002002
-8614,188.732,189.093,downstream,S4,S0004001
-5050,188.859,189.717,clockwise,SA2,SA002002
-15206,188.991,192.382,counterclockwise,SA2,SA002002
-5296,188.991,188.991,clockwise,SA2,SA002002
-590,188.991,188.991,clockwise,SA2,SA002002
-11016,189.093,189.190,downstream,S4,S0004001
-12952,189.190,189.459,downstream,S4,S0004001
-16006,189.459,189.874,downstream,S4,S0004001
-17080,189.531,189.531,clockwise,SA2,SA002002
-7078,189.531,184.021,clockwise,SA2,SA002002
-9052,189.717,191.466,clockwise,SA2,SA002002
-9800,189.874,190.061,downstream,S4,S0004001
-2556,190.061,190.649,downstream,S4,S0004001
-9788,190.313,190.313,clockwise,SA2,SA002002
-11834,190.633,190.633,counterclockwise,SA2,SA002002
-11836,190.633,190.633,counterclockwise,SA2,SA002002
-12220,190.633,190.633,counterclockwise,SA2,SA002002
-15270,190.649,191.607,downstream,S4,S0004001
-12218,191.466,192.293,clockwise,SA2,SA002002
-8886,191.607,192.923,downstream,S4,S0004001
-3958,192.184,187.645,counterclockwise,SA2,SA002002
-5048,192.184,192.184,counterclockwise,SA2,SA002002
-3538,192.293,192.954,clockwise,SA2,SA002002
-10678,192.382,192.382,counterclockwise,SA2,SA002002
-15204,192.382,188.991,clockwise,SA2,SA002002
-3132,192.382,192.382,counterclockwise,SA2,SA002002
-12032,192.810,192.810,counterclockwise,SA2,SA002002
-2256,192.810,192.810,counterclockwise,SA2,SA002002
-16256,192.923,193.144,downstream,S4,S0004001
-6820,192.954,193.008,clockwise,SA2,SA002002
-9592,193.008,194.111,clockwise,SA2,SA002002
-10054,193.144,196.519,clockwise,SA2,SA002002
-14694,193.144,193.144,counterclockwise,SA2,SA002002
-14696,193.144,193.144,counterclockwise,SA2,SA002002
-15726,193.144,193.173,downstream,S4,S0004001
-13328,193.173,193.622,downstream,S4,S0004001
-12570,193.622,193.890,downstream,S4,S0004001
-7106,193.776,175.387,clockwise,SA2,SA002002
-7704,193.890,193.948,downstream,S4,S0004001
-13734,193.948,194.265,downstream,S4,S0004001
-7244,194.111,195.714,clockwise,SA2,SA002002
-17312,194.265,194.495,downstream,S4,S0004001
-14766,194.270,194.270,clockwise,SA2,SA002002
-16932,194.270,194.270,clockwise,SA2,SA002002
-5814,194.495,194.653,downstream,S4,S0004001
-1692,195.714,196.327,clockwise,SA2,SA002002
-1080,195.999,192.810,clockwise,SA2,SA002002
-7514,195.999,195.999,clockwise,SA2,SA002002
-14302,196.327,196.400,clockwise,SA2,SA002002
-8718,196.400,196.625,clockwise,SA2,SA002002
-2298,196.519,196.519,clockwise,SA2,SA002002
-7516,196.625,197.145,clockwise,SA2,SA002002
-16890,197.145,197.897,clockwise,SA2,SA002002
-6678,197.897,197.928,clockwise,SA2,SA002002
-4776,197.928,198.875,clockwise,SA2,SA002002
-16940,198.875,198.901,clockwise,SA2,SA002002
-10918,198.901,199.485,clockwise,SA2,SA002002
-618,199.485,199.509,clockwise,SA2,SA002002
-11292,199.509,200.061,clockwise,SA2,SA002002
-5190,199.858,199.858,counterclockwise,SA2,SA002002
-4982,200.061,200.150,clockwise,SA2,SA002002
-15350,200.150,200.370,clockwise,SA2,SA002002
-15162,200.370,200.546,clockwise,SA2,SA002002
-1402,200.546,202.493,clockwise,SA2,SA002002
-8854,202.493,202.592,clockwise,SA2,SA002002
-13104,202.592,202.898,clockwise,SA2,SA002002
-14506,202.596,202.596,counterclockwise,SA2,SA002002
-2476,202.596,202.596,counterclockwise,SA2,SA002002
-2478,202.898,203.596,clockwise,SA2,SA002002
-14580,203.596,203.694,clockwise,SA2,SA002002
-3206,203.601,203.601,clockwise,SA2,SA002002
-3208,203.601,203.601,clockwise,SA2,SA002002
-4512,203.601,199.858,counterclockwise,SA2,SA002002
-13848,203.694,203.789,clockwise,SA2,SA002002
-11616,203.789,203.890,clockwise,SA2,SA002002
-12184,203.890,203.951,clockwise,SA2,SA002002
-11894,203.951,207.038,clockwise,SA2,SA002002
-8286,207.038,207.098,clockwise,SA2,SA002002
-17246,207.098,207.794,clockwise,SA2,SA002002
-16544,207.794,208.515,clockwise,SA2,SA002002
-13190,208.403,208.403,clockwise,SA2,SA002002
-13192,208.403,208.403,clockwise,SA2,SA002002
-13550,208.403,212.254,clockwise,SA2,SA002002
-6874,208.403,208.403,clockwise,SA2,SA002002
-6876,208.515,209.926,clockwise,SA2,SA002002
-14392,209.926,210.460,clockwise,SA2,SA002002
-10872,210.036,225.261,counterclockwise,SA2,SA002002
-12896,210.036,210.036,counterclockwise,SA2,SA002002
-14212,210.036,210.036,counterclockwise,SA2,SA002002
-10168,210.123,202.596,clockwise,SA2,SA002002
-14116,210.123,210.123,clockwise,SA2,SA002002
-15966,210.123,210.123,clockwise,SA2,SA002002
-5890,210.460,210.952,clockwise,SA2,SA002002
-12000,210.952,211.011,clockwise,SA2,SA002002
-16016,211.011,212.500,clockwise,SA2,SA002002
-5764,211.015,211.015,counterclockwise,SA2,SA002002
-13366,212.254,212.254,clockwise,SA2,SA002002
-13368,212.254,212.254,clockwise,SA2,SA002002
-1558,212.254,214.105,clockwise,SA2,SA002002
-5280,212.254,208.403,clockwise,SA2,SA002002
-8088,212.254,212.254,clockwise,SA2,SA002002
-8596,212.500,212.598,clockwise,SA2,SA002002
-6420,212.598,213.348,clockwise,SA2,SA002002
-6310,212.739,212.739,counterclockwise,SA2,SA002002
-7248,212.739,212.739,counterclockwise,SA2,SA002002
-10210,213.180,229.994,clockwise,SA2,SA002002
-4580,213.180,212.802,counterclockwise,SA2,SA002002
-8602,213.180,213.180,counterclockwise,SA2,SA002002
-928,213.180,213.180,counterclockwise,SA2,SA002002
-930,213.180,213.180,counterclockwise,SA2,SA002002
-9618,213.348,213.369,clockwise,SA2,SA002002
-5562,213.369,213.996,clockwise,SA2,SA002002
-6100,213.452,213.180,counterclockwise,SA2,SA002002
-1726,213.474,213.452,counterclockwise,SA2,SA002002
-9960,213.694,213.474,counterclockwise,SA2,SA002002
-11058,213.996,214.434,clockwise,SA2,SA002002
-16736,214.105,214.105,clockwise,SA2,SA002002
-17328,214.301,212.802,counterclockwise,SA2,SA002002
-12522,214.434,214.530,clockwise,SA2,SA002002
-918,214.530,214.872,clockwise,SA2,SA002002
-9824,214.872,216.019,clockwise,SA2,SA002002
-12524,215.581,215.581,counterclockwise,SA2,SA002002
-15078,215.581,216.956,counterclockwise,SA2,SA002002
-3486,215.581,215.581,counterclockwise,SA2,SA002002
-13306,215.690,214.301,counterclockwise,SA2,SA002002
-16926,215.743,215.690,counterclockwise,SA2,SA002002
-5274,216.019,216.039,clockwise,SA2,SA002002
-5528,216.019,216.019,counterclockwise,SA2,SA002002
-8054,216.039,219.068,clockwise,SA2,SA002002
-12376,216.956,216.956,clockwise,SA2,SA002002
-13456,216.956,216.956,clockwise,SA2,SA002002
-2122,217.510,215.743,counterclockwise,SA2,SA002002
-7880,217.543,217.510,counterclockwise,SA2,SA002002
-11778,217.768,216.019,counterclockwise,SA2,SA002002
-5706,217.768,217.768,clockwise,SA2,SA002002
-5708,217.768,217.768,clockwise,SA2,SA002002
-10674,217.984,217.543,counterclockwise,SA2,SA002002
-6312,218.454,217.984,counterclockwise,SA2,SA002002
-15092,218.964,218.454,counterclockwise,SA2,SA002002
-11430,219.068,219.107,clockwise,SA2,SA002002
-16568,219.107,220.422,clockwise,SA2,SA002002
-3640,220.422,220.442,clockwise,SA2,SA002002
-2218,220.442,221.448,clockwise,SA2,SA002002
-5654,221.448,221.508,clockwise,SA2,SA002002
-8806,221.508,223.227,clockwise,SA2,SA002002
-13598,222.108,218.964,counterclockwise,SA2,SA002002
-14210,222.387,222.108,counterclockwise,SA2,SA002002
-8122,222.440,222.387,counterclockwise,SA2,SA002002
-17354,222.903,222.440,counterclockwise,SA2,SA002002
-2340,223.227,224.553,clockwise,SA2,SA002002
-1794,223.301,222.903,counterclockwise,SA2,SA002002
-6620,223.477,223.301,counterclockwise,SA2,SA002002
-676,223.909,223.477,counterclockwise,SA2,SA002002
-7182,224.553,225.161,clockwise,SA2,SA002002
-5524,225.161,225.281,clockwise,SA2,SA002002
-9370,225.231,223.909,counterclockwise,SA2,SA002002
-10888,225.261,225.261,clockwise,SA2,SA002002
-8200,225.261,225.261,clockwise,SA2,SA002002
-10886,225.281,225.547,clockwise,SA2,SA002002
-710,225.547,226.002,clockwise,SA2,SA002002
-6422,226.002,226.071,clockwise,SA2,SA002002
-5920,226.071,226.305,clockwise,SA2,SA002002
-10224,226.285,226.285,clockwise,SA2,SA002002
-10226,226.285,226.285,clockwise,SA2,SA002002
-8416,226.305,229.381,clockwise,SA2,SA002002
-2552,226.949,225.231,counterclockwise,SA2,SA002002
-8720,227.009,226.949,counterclockwise,SA2,SA002002
-580,228.017,227.009,counterclockwise,SA2,SA002002
-15382,228.036,228.017,counterclockwise,SA2,SA002002
-7074,229.340,228.036,counterclockwise,SA2,SA002002
-1966,229.361,229.361,clockwise,SA2,SA002002
-5316,229.361,212.739,clockwise,SA2,SA002002
-15690,229.381,229.340,counterclockwise,SA2,SA002002
-1968,229.381,229.930,clockwise,SA2,SA002002
-14676,229.930,230.014,clockwise,SA2,SA002002
-9946,229.994,229.994,clockwise,SA2,SA002002
-14658,230.014,230.857,clockwise,SA2,SA002002
-8194,230.857,230.893,clockwise,SA2,SA002002
-11658,230.893,232.633,clockwise,SA2,SA002002
-12826,232.422,229.381,counterclockwise,SA2,SA002002
-11760,232.443,232.422,counterclockwise,SA2,SA002002
-16826,232.633,232.687,clockwise,SA2,SA002002
-1162,232.687,234.078,clockwise,SA2,SA002002
-12578,233.156,232.443,counterclockwise,SA2,SA002002
-13454,233.968,233.156,counterclockwise,SA2,SA002002
-800,234.078,235.564,clockwise,SA2,SA002002
-3088,234.548,233.968,counterclockwise,SA2,SA002002
-7614,235.186,234.548,counterclockwise,SA2,SA002002
-13494,235.206,235.186,counterclockwise,SA2,SA002002
-11738,235.564,235.814,clockwise,SA2,SA002002
-7898,235.814,236.124,clockwise,SA2,SA002002
-582,235.930,235.206,counterclockwise,SA2,SA002002
-4660,236.030,235.930,counterclockwise,SA2,SA002002
-3096,236.124,236.224,clockwise,SA2,SA002002
-5136,236.224,236.248,clockwise,SA2,SA002002
-8192,236.248,236.409,clockwise,SA2,
-9218,236.409,236.483,clockwise,SA2,
-9196,236.483,236.671,clockwise,SA2,
-14666,236.671,236.713,clockwise,SA2,
-8234,236.713,237.138,clockwise,SA2,
-4794,237.138,237.174,clockwise,SA2,
-7560,237.174,237.883,clockwise,SA2,G0005005
-16084,237.529,236.030,counterclockwise,SA2,SA002002
-15346,237.588,237.529,counterclockwise,SA2,SA002002
-5700,237.883,238.058,clockwise,SA2,G0005005
-5502,238.058,238.098,clockwise,SA2,
-15806,238.078,237.588,counterclockwise,SA2,SA002002
-9168,238.098,238.741,clockwise,SA2,
-958,238.407,238.078,counterclockwise,SA2,SA002002
-5948,238.741,238.963,clockwise,SA2,G0005005
-14096,238.963,240.354,clockwise,SA2,G0005005
-8086,240.258,238.407,counterclockwise,SA2,SA002002
-13600,240.354,240.387,clockwise,SA2,
-1792,240.387,240.514,clockwise,SA2,
-12592,240.776,240.258,counterclockwise,SA2,SA002002
-9992,241.458,240.776,counterclockwise,SA2,SA002002
-11348,241.518,241.458,counterclockwise,SA2,SA002002
-13304,244.618,241.518,counterclockwise,SA2,SA002002
-1122,244.677,244.618,counterclockwise,SA2,SA002002
-3024,244.763,244.677,counterclockwise,SA2,SA002002
-7940,244.811,244.763,counterclockwise,SA2,SA002002
-15964,244.814,244.811,counterclockwise,SA2,SA002002
-9696,245.331,244.814,counterclockwise,SA2,SA002002
-10024,245.967,245.331,counterclockwise,SA2,SA002002
-9146,246.065,245.967,counterclockwise,SA2,SA002002
-7736,247.869,250.811,downstream,G5013,G5013001
-7270,248.033,246.065,counterclockwise,SA2,SA002002
-5984,248.208,248.033,counterclockwise,SA2,SA002002
-12916,248.424,248.208,counterclockwise,SA2,SA002002
-10396,248.513,248.424,counterclockwise,SA2,SA002002
-5512,249.064,248.513,counterclockwise,SA2,SA002002
-13852,249.090,249.064,counterclockwise,SA2,SA002002
-7320,249.670,249.090,counterclockwise,SA2,SA002002
-13388,249.699,249.670,counterclockwise,SA2,SA002002
-2378,250.649,249.699,counterclockwise,SA2,SA002002
-6474,250.678,250.649,counterclockwise,SA2,SA002002
-6132,250.811,251.063,downstream,G5013,G5013001
-11624,251.012,250.678,counterclockwise,SA2,SA002002
-12892,251.056,250.775,upstream,G5013,G5013001
-13460,251.056,250.796,upstream,G5013,G5013001
-13460.260,251.056,251.215,downstream,G5013,G5013001
-3052,251.056,250.872,upstream,G5013,G5013001
-4082,251.056,248.741,upstream,G5013,G5013001
-6164,251.056,250.229,upstream,G5013,G5013001
-9392,251.056,250.779,upstream,G5013,G5013001
-6132.252,251.063,251.229,downstream,G5013,G5013001
-2466,251.215,254.144,downstream,G5013,G5013001
-12232,251.229,253.531,downstream,G5013,G5013001
-12030,251.612,251.012,counterclockwise,SA2,SA002002
-9604,252.144,251.612,counterclockwise,SA2,SA002002
-14800,252.218,252.144,counterclockwise,SA2,SA002002
-9762,252.832,252.218,counterclockwise,SA2,SA002002
-17292,253.531,253.819,downstream,G5013,G5013001
-14928,253.819,253.874,downstream,G5013,G5013001
-13324,253.874,254.661,downstream,G5013,G5013001
-9374,254.452,252.832,counterclockwise,SA2,SA002002
-3632,254.661,254.913,downstream,G5013,G5013001
-11240,254.913,255.117,downstream,G5013,G5013001
-14298,255.578,254.452,counterclockwise,SA2,SA002002
-16934,255.642,255.578,counterclockwise,SA2,SA002002
-14898,256.301,255.642,counterclockwise,SA2,SA002002
-3028,257.306,256.301,counterclockwise,SA2,SA002002
-9020,258.652,257.306,counterclockwise,SA2,SA002002
-2130,259.220,258.652,counterclockwise,SA2,SA002002
-15656,259.925,259.220,counterclockwise,SA2,SA002002
-1908,260.069,259.925,counterclockwise,SA2,SA002002
-15036,260.129,260.069,counterclockwise,SA2,SA002002
-16748,260.492,260.129,counterclockwise,SA2,SA002002
-13960,260.553,260.492,counterclockwise,SA2,SA002002
-14294,260.997,260.553,counterclockwise,SA2,SA002002
-1532,261.053,260.997,counterclockwise,SA2,SA002002
-2126,261.391,261.053,counterclockwise,SA2,SA002002
-4078,261.591,261.391,counterclockwise,SA2,SA002002
-10404,261.836,261.591,counterclockwise,SA2,SA002002
-17152,262.125,261.836,counterclockwise,SA2,SA002002
-17202,262.742,262.125,counterclockwise,SA2,SA002002
-6410,262.801,262.742,counterclockwise,SA2,SA002002
-10680,263.528,262.801,counterclockwise,SA2,SA002002
-9378,263.704,263.528,counterclockwise,SA2,SA002002
-17082,264.306,263.704,counterclockwise,SA2,SA002002
-9492,264.486,264.306,counterclockwise,SA2,SA002002
-13748,265.021,264.486,counterclockwise,SA2,SA002002
-11516,265.094,265.021,counterclockwise,SA2,SA002002
-15814,265.273,265.094,counterclockwise,SA2,SA002002
-10688,265.331,265.273,counterclockwise,SA2,SA002002
-5256,265.897,265.331,counterclockwise,SA2,SA002002
-916,265.990,265.897,counterclockwise,SA2,SA002002
-13364,266.389,265.990,counterclockwise,SA2,SA002002
-6544,266.409,266.389,counterclockwise,SA2,SA002002
-11684,267.439,266.409,counterclockwise,SA2,SA002002
-6098,267.540,267.439,counterclockwise,SA2,SA002002
-9438,267.949,267.540,counterclockwise,SA2,SA002002
-12544,1528.420,1528.370,upstream,G5,G0005002
-12872,1528.420,1528.213,upstream,G5,G0005002
-1314,1528.420,1528.321,upstream,G5,G0005002
-14042,1528.420,1528.367,upstream,G5,G0005002
-15550,1528.420,1527.848,upstream,G5,G0005002
-16098,1528.420,1526.662,upstream,G5,G0005002
-16372#0,1528.420,1528.173,upstream,G5,G0005002
-16372#1,1528.420,1528.149,upstream,G5,G0005002
-16372#2,1528.420,1528.185,upstream,G5,G0005002
-16964,1528.420,1526.442,upstream,G5,G0005002
-2582,1528.420,1528.390,upstream,G5,G0005002
-2958,1528.420,1527.348,upstream,G5,G0005002
-3868,1528.420,1527.808,upstream,G5,G0005002
-4718,1528.420,1527.522,upstream,G5,G0005002
-4980,1528.420,1528.250,upstream,G5,G0005002
-8008,1528.420,1528.413,upstream,G5,G0005002
-8892,1528.420,1528.365,upstream,G5,G0005002
-9144,1528.420,1526.149,upstream,G5,G0005002
-9346,1528.420,1528.094,upstream,G5,G0005002
-9354,1528.420,1528.255,upstream,G5,G0005002
-950,1528.420,1528.385,upstream,G5,G0005002
-9886,1528.420,1528.224,upstream,G5,G0005002
-17234#0,1528.591,1528.968,downstream,G5,G0005002
-2738#1.834,1528.591,1527.812,upstream,G5,G0005002
-6102,1528.591,1527.286,upstream,G5,G0005002
-7636,1528.591,1528.496,upstream,G5,G0005002
-12380,1528.797,1528.636,upstream,G5,G0005002
-1312#3,1528.797,1528.420,upstream,G5,G0005002
-15188,1528.797,1528.893,downstream,G5,G0005002
-16372#3,1528.797,1528.420,upstream,G5,G0005002
-4866,1528.893,1530.195,downstream,G5,G0005002
-17236#0,1528.968,1528.590,upstream,G5,G0005002
-17236#1,1528.968,1529.201,downstream,G5,G0005002
-17236#2,1529.201,1529.478,downstream,G5,G0005002
-17236#3,1529.478,1529.726,downstream,G5,G0005002
-17098,1529.726,1529.825,downstream,G5,G0005002
-4886,1529.825,1530.720,downstream,G5,G0005002
-16662,1530.195,1530.978,downstream,G5,G0005002
-14088,1530.720,1530.770,downstream,G5,G0005002
-14410,1530.770,1533.005,downstream,G5,G0005002
-15210,1530.978,1531.119,downstream,G5,G0005002
-17262,1531.545,1532.160,downstream,G5,G0005002
E35,1531.545,1531.194,upstream,G5,G0005002
-3092,1532.031,1533.092,downstream,G5,G0005002
-3912,1532.031,1531.539,upstream,G5,G0005002
-5520,1532.031,1531.760,upstream,G5,G0005002
-846,1532.031,1532.013,upstream,G5,G0005002
-11442,1532.160,1532.180,downstream,G5,G0005002
E34,1532.180,1532.318,downstream,G5,G0005002
-14182,1532.971,1532.444,upstream,G5,G0005002
-16838,1532.971,1532.925,upstream,G5,G0005002
-16974,1532.971,1532.056,upstream,G5,G0005002
-2036,1532.971,1532.651,upstream,G5,G0005002
-5518,1532.971,1531.997,upstream,G5,G0005002
E28,1532.971,1533.824,downstream,G5,G0005002
-12212,1533.005,1533.173,downstream,G5,G0005002
-16956,1533.092,1533.137,downstream,G5,G0005002
-12460,1533.137,1534.114,downstream,G5,G0005002
-9732,1533.173,1534.891,downstream,G5,G0005002
-16426,1534.114,1534.430,downstream,G5,G0005002
-9040,1534.430,1535.189,downstream,G5,G0005002
-17382,1534.891,1535.500,downstream,G5,G0005002
-9540,1535.189,1535.832,downstream,G5,G0005002
-4040,1535.500,1535.661,downstream,G5,G0005002
-1190,1535.661,1535.701,downstream,G5,G0005002
-11706,1535.701,1536.024,downstream,G5,G0005002
-4762,1536.024,1536.207,downstream,G5,G0005002
-12840,1536.207,1536.262,downstream,G5,G0005002
-16200,1536.262,1536.455,downstream,G5,G0005002
-11032,1536.455,1536.512,downstream,G5,G0005002
-8784,1536.512,1536.892,downstream,G5,G0005002
-14588,1536.892,1538.330,downstream,G5,G0005002
-3688,1538.330,1538.634,downstream,G5,G0005002
-8252,1538.634,1539.662,downstream,G5,G0005002
-15678,1541.147,1541.124,upstream,G5,G0005002
-16756,1541.147,1549.489,downstream,G5,G0005002
-2322,1541.147,1537.297,upstream,G5,G0005002
-2934,1541.147,1541.115,upstream,G5,G0005002
-844,1541.147,1540.449,upstream,G5,G0005002
-9406,1541.147,1540.479,upstream,G5,G0005002
-11078,1546.525,1554.868,downstream,G5,G0005002
-11856,1546.525,1546.513,upstream,G5,G0005002
-4684,1546.525,1545.600,upstream,G5,G0005002
-6366,1549.489,1550.399,downstream,G5,G0005002
-14616,1550.399,1550.586,downstream,G5,G0005002
-1078,1550.424,1549.941,upstream,G5,G0005002
-11504,1550.424,1550.285,upstream,G5,G0005002
-11806,1550.424,1550.305,upstream,G5,G0005002
-13614,1550.424,1549.723,upstream,G5,G0005002
-14192,1550.424,1550.191,upstream,G5,G0005002
-1440,1550.424,1550.325,upstream,G5,G0005002
-15308,1550.424,1548.430,upstream,G5,G0005002
-4298,1550.424,1549.194,upstream,G5,G0005002
-6096,1550.424,1550.331,upstream,G5,G0005002
-638,1550.424,1550.157,upstream,G5,G0005002
-6520,1550.424,1550.609,downstream,G5,G0005002
-6718,1550.424,1550.231,upstream,G5,G0005002
-7028,1550.424,1550.320,upstream,G5,G0005002
-7058,1550.424,1550.271,upstream,G5,G0005002
-7566,1550.424,1549.117,upstream,G5,G0005002
-7612,1550.424,1549.460,upstream,G5,G0005002
-7872,1550.424,1550.169,upstream,G5,G0005002
-9930,1550.424,1550.414,upstream,G5,G0005002
-996,1550.424,1550.031,upstream,G5,G0005002
-7570,1550.586,1550.648,downstream,G5,G0005002
-2874,1550.609,1550.662,downstream,G5,G0005002
-11424,1550.648,1550.842,downstream,G5,G0005002
-1944,1550.662,1550.808,downstream,G5,G0005003
-3986,1550.842,1551.280,downstream,G5,G0005002
-2400,1551.280,1551.422,downstream,G5,G0005002
-10778,1551.422,1553.413,downstream,G5,G0005002
-10118,1553.413,1553.516,downstream,G5,G0005002
-4626,1553.516,1554.831,downstream,G5,G0005002
-5576,1554.831,1555.021,downstream,G5,G0005002
-12558,1554.868,1554.896,downstream,G5,G0005002
-2046,1554.896,1558.748,downstream,G5,G0005002
-11534,1555.021,1555.992,downstream,G5,G0005002
-5348,1555.992,1556.381,downstream,G5,G0005002
-12110,1556.381,1556.648,downstream,G5,G0005002
-10622,1556.648,1556.739,downstream,G5,G0005002
-9746,1556.739,1556.892,downstream,G5,G0005002
-16396,1556.892,1557.013,downstream,G5,G0005002
-6136,1557.013,1557.249,downstream,G5,G0005002
-15324,1557.249,1557.506,downstream,G5,G0005002
-1868,1557.506,1558.047,downstream,G5,G0005002
-17162,1558.047,1558.256,downstream,G5,G0005002
-9864,1558.256,1558.291,downstream,G5,G0005002
-1016,1558.748,1558.771,downstream,G5,G0005002
-1498,1558.771,1559.696,downstream,G5,G0005002
-16412,1559.696,1560.120,downstream,G5,G0005002
-11342,1570.173,1570.037,upstream,G5,G0005003
-11528,1570.173,1569.638,upstream,G5,G0005003
-11898,1570.173,1570.093,upstream,G5,G0005003
-12628,1570.173,1569.161,upstream,G5,G0005003
-14484,1570.173,1569.454,upstream,G5,G0005003
-14992,1570.173,1568.379,upstream,G5,G0005003
-16234,1570.173,1570.055,upstream,G5,G0005003
-17366,1570.173,1569.605,upstream,G5,G0005003
-1766,1570.173,1569.769,upstream,G5,G0005003
-1958,1570.173,1568.891,upstream,G5,G0005003
-2486,1570.173,1569.086,upstream,G5,G0005003
-3700,1570.173,1569.859,upstream,G5,G0005003
-4768,1570.173,1572.692,downstream,G5,G0005003
-4850,1570.173,1569.306,upstream,G5,G0005003
-7200,1570.173,1569.970,upstream,G5,G0005003
-7426,1570.173,1569.791,upstream,G5,G0005003
-7804,1570.173,1569.880,upstream,G5,G0005003
-8158,1570.173,1570.029,upstream,G5,G0005003
-882,1570.173,1569.792,upstream,G5,G0005003
-9260,1570.173,1570.066,upstream,G5,G0005003
-9626,1570.173,1568.977,upstream,G5,G0005003
-1674,1570.688,1573.202,downstream,G5,G0005003
-4484,1570.688,1570.440,upstream,G5,G0005003
-7568,1570.688,1570.667,upstream,G5,G0005003
-5098,1572.692,1572.924,downstream,G5,G0005003
-16872,1572.924,1572.945,downstream,G5,G0005003
-11746,1572.945,1573.171,downstream,G5,G0005003
-4296,1573.171,1573.763,downstream,G5,G0005003
-16606,1573.202,1573.309,downstream,G5,G0005003
-15760,1573.309,1573.863,downstream,G5,G0005003
-16844,1573.763,1573.986,downstream,G5,G0005003
-16294,1573.863,1573.944,downstream,G5,G0005003
-10074,1573.935,1573.287,upstream,G5,G0005003
-10276,1573.935,1573.573,upstream,G5,G0005003
-10548,1573.935,1573.041,upstream,G5,G0005003
-11238,1573.935,1573.696,upstream,G5,G0005003
-12820,1573.935,1573.361,upstream,G5,G0005003
-12922,1573.935,1574.033,downstream,G5,G0005003
-13254,1573.935,1573.756,upstream,G5,G0005003
-14922,1573.935,1573.379,upstream,G5,G0005003
-15228,1573.935,1573.889,upstream,G5,G0005003
-16298,1573.935,1573.811,upstream,G5,G0005003
-1924,1573.935,1573.613,upstream,G5,G0005003
-1954,1573.935,1573.898,upstream,G5,G0005003
-2208,1573.935,1573.680,upstream,G5,G0005003
-3948,1573.935,1573.878,upstream,G5,G0005003
-4190,1573.935,1569.533,upstream,G5,G0005003
-7522,1573.935,1573.660,upstream,G5,G0005003
-7654,1573.935,1573.852,upstream,G5,G0005003
-7966,1573.935,1573.815,upstream,G5,G0005003
-8068,1573.935,1573.803,upstream,G5,G0005003
-8440,1573.935,1572.952,upstream,G5,G0005003
-8612,1573.935,1571.406,upstream,G5,G0005003
-936,1573.935,1573.497,upstream,G5,G0005003
-3898,1573.944,1575.807,downstream,G5,G0005003
-11840,1573.978,1574.202,downstream,G5,G0005003
-4784,1573.986,1574.099,downstream,G5,G0005003
-13828,1574.099,1574.143,downstream,G5,G0005003
-4688,1574.143,1578.548,downstream,G5,G0005003
-11922,1574.202,1574.957,downstream,G5,G0005003
-7526,1574.957,1575.039,downstream,G5,G0005003
-8628,1575.807,1577.031,downstream,G5,G0005003
-1566,1577.031,1578.056,downstream,G5,G0005003
-9652,1578.056,1578.455,downstream,G5,G0005003
-1392,1578.455,1579.540,downstream,G5,G0005003
-2792,1578.548,1578.632,downstream,G5,G0005003
-11646,1578.632,1578.750,downstream,G5,G0005003
-10194,1578.750,1578.924,downstream,G5,G0005003
-13390,1578.924,1579.474,downstream,G5,G0005003
-8020,1579.474,1579.799,downstream,G5,G0005003
-13004,1579.540,1579.928,downstream,G5,G0005003
-6322,1579.799,1580.782,downstream,G5,G0005003
-12320,1579.928,1580.247,downstream,G5,G0005003
-2796,1580.247,1580.365,downstream,G5,G0005003
-11508,1580.365,1580.892,downstream,G5,G0005003
-7464,1580.782,1581.060,downstream,G5,G0005003
-8638,1580.892,1581.041,downstream,G5,G0005003
-3212,1581.041,1581.335,downstream,G5,G0005003
-11792#0,1581.060,1581.116,downstream,G5,G0005003
-11792#1,1581.116,1581.315,downstream,G5,G0005003
-15908,1581.315,1581.556,downstream,G5,G0005003
-8036,1581.335,1581.471,downstream,G5,G0005003
-16616,1581.471,1582.210,downstream,G5,G0005003
-7948,1581.556,1581.922,downstream,G5,G0005003
-11994,1581.922,1581.981,downstream,G5,G0005003
-14722#0,1581.981,1582.122,downstream,G5,G0005003
-14722#1,1582.096,1582.285,downstream,G5,G0005003
-2970,1582.210,1582.602,downstream,G5,G0005003
-14814,1582.602,1583.370,downstream,G5,G0005003
-17428,1583.370,1583.590,downstream,G5,G0005003
-10748,1589.456,1589.332,upstream,G5,G0005003
-11080,1589.456,1589.536,downstream,G5,G0005003
-11880,1589.456,1589.402,upstream,G5,G0005003
-11970,1589.456,1588.819,upstream,G5,G0005003
-13714,1589.456,1589.368,upstream,G5,G0005003
-15126,1589.456,1589.324,upstream,G5,G0005003
-16432,1589.456,1588.141,upstream,G5,G0005003
-3360#0,1589.456,1589.397,upstream,G5,G0005003
-3364#0,1589.456,1589.397,upstream,G5,G0005003
-3364#1,1589.456,1589.294,upstream,G5,G0005003
-5458,1589.456,1589.133,upstream,G5,G0005003
-7054#6,1589.456,1589.352,upstream,G5,G0005003
-7054#7,1589.456,1589.355,upstream,G5,G0005003
-9086#4,1589.456,1589.352,upstream,G5,G0005003
-9086#5,1589.456,1589.355,upstream,G5,G0005003
-9256#0,1589.456,1589.250,upstream,G5,G0005003
-9256#1,1589.456,1589.222,upstream,G5,G0005003
-9256#2,1589.456,1589.199,upstream,G5,G0005003
-9256#3,1589.456,1589.273,upstream,G5,G0005003
-9256#4,1589.456,1589.167,upstream,G5,G0005003
-9256#5,1589.456,1589.080,upstream,G5,G0005003
-9256#6,1589.456,1589.146,upstream,G5,G0005003
-9256#7,1589.456,1589.035,upstream,G5,G0005003
-9256#8,1589.456,1589.330,upstream,G5,G0005003
-9256#9,1589.456,1589.337,upstream,G5,G0005003
-9258#3,1589.456,1589.273,upstream,G5,G0005003
-9258#4,1589.456,1589.167,upstream,G5,G0005003
-9258#5,1589.456,1589.080,upstream,G5,G0005003
-9258#6,1589.456,1589.146,upstream,G5,G0005003
-9258#8,1589.456,1589.330,upstream,G5,G0005003
-8316#0,1589.536,1589.683,downstream,G5,G0005003
-8316#1,1589.683,1589.890,downstream,G5,G0005003
-7484#2,1589.890,1590.153,downstream,G5,G0005003
-8316#2,1589.890,1590.153,downstream,G5,G0005003
-8316#3,1590.153,1590.430,downstream,G5,G0005003
-8316#4,1590.430,1590.468,downstream,G5,G0005003
-13184,1590.468,1590.532,downstream,G5,G0005003
-3098#0,1590.532,1590.624,downstream,G5,G0005003
-13968,1590.619,1529.179,upstream,G5,G0005002
-3098#1,1590.624,1590.883,downstream,G5,G0005003
-7484#5,1590.624,1590.883,downstream,G5,G0005003
-3098#2,1590.883,1591.049,downstream,G5,G0005003
-7484#6,1590.883,1591.049,downstream,G5,G0005003
-3098#3,1591.049,1591.153,downstream,G5,G0005003
-7484#7,1591.049,1591.153,downstream,G5,G0005003
-7648,1591.153,1591.174,downstream,G5,G0005003
-4810,1591.174,1591.974,downstream,G5,G0005003
-9822,1591.974,1592.100,downstream,G5,G0005003
-14148#0,1592.100,1592.160,downstream,G5,G0005003
-14148#1,1592.160,1592.240,downstream,G5,G0005003
-972,1592.240,1592.444,downstream,G5,G0005003
-4786#0,1592.444,1592.562,downstream,G5,G0005003
-4788#0,1592.444,1592.562,downstream,G5,G0005003
-4786#1,1592.562,1592.941,downstream,G5,G0005003
-4786#2,1592.941,1593.106,downstream,G5,G0005003
-13320#0,1593.106,1593.676,downstream,G5,G0005003
-13320#1,1593.676,1593.774,downstream,G5,G0005003
-4788#3,1593.676,1593.774,downstream,G5,G0005003
-1062,1604.595,1608.280,downstream,G5,G0005003
-1470,1604.595,1604.581,upstream,G5,G0005003
-15842,1604.595,1603.103,upstream,G5,G0005003
-10476,1606.126,1605.984,upstream,G5,G0005003
-14360,1606.126,1606.043,upstream,G5,G0005003
-16702,1606.126,1606.348,downstream,G5,G0005003
-9870,1606.348,1606.398,downstream,G5,G0005003
-15404,1606.398,1606.450,downstream,G5,G0005003
-7238,1608.280,1608.458,downstream,G5,G0005003
-1798,1608.458,1609.211,downstream,G5,G0005003
-12290,1609.211,1609.339,downstream,G5,G0005003
-16950,1609.339,1610.162,downstream,G5,G0005003
-15820,1610.162,1610.198,downstream,G5,G0005003
-5466,1610.198,1610.321,downstream,G5,G0005003
-12888,1610.321,1610.338,downstream,G5,G0005003
-12990,1610.338,1612.282,downstream,G5,G0005003
-12434,1612.282,1612.295,downstream,G5,G0005003
-2818,1612.295,1613.629,downstream,G5,G0005003
E62,1613.629,1613.684,downstream,G5,G0005003
E63,1613.684,1613.844,downstream,G5,G0005003
E64,1613.844,1614.016,downstream,G5,G0005003
-8070,1614.016,1615.540,downstream,G5,G0005003
-11680,1614.533,1614.237,upstream,G5,G0005003
-12700,1614.533,1618.686,downstream,G5,G0005003
-14850,1614.533,1613.773,upstream,G5,G0005003
-17250,1614.533,1614.515,upstream,G5,G0005003
-1752,1614.533,1613.455,upstream,G5,G0005003
-9314,1614.533,1614.499,upstream,G5,G0005003
-13530,1615.134,1614.956,upstream,G5,G0005003
-3384#0,1615.134,1614.556,upstream,G5,G0005003
-3384#1,1615.134,1614.812,upstream,G5,G0005003
-3384#10,1615.134,1615.565,downstream,G5,G0005003
-3384#2,1615.134,1614.892,upstream,G5,G0005003
-3384#3,1615.134,1614.828,upstream,G5,G0005003
-3384#4,1615.134,1614.954,upstream,G5,G0005003
-3384#5,1615.134,1614.956,upstream,G5,G0005003
-3384#6,1615.134,1614.825,upstream,G5,G0005003
-3384#7,1615.134,1614.861,upstream,G5,G0005003
-3384#8,1615.134,1614.848,upstream,G5,G0005003
-3384#9,1615.134,1614.863,upstream,G5,G0005003
-4230#1,1615.134,1614.592,upstream,G5,G0005003
-4230#10,1615.134,1614.691,upstream,G5,G0005003
-4230#11,1615.134,1614.948,upstream,G5,G0005003
-4230#12,1615.134,1614.842,upstream,G5,G0005003
-4230#2,1615.134,1614.556,upstream,G5,G0005003
-4230#3,1615.134,1615.043,upstream,G5,G0005003
-4230#4,1615.134,1614.728,upstream,G5,G0005003
-4230#5,1615.134,1614.446,upstream,G5,G0005003
-4230#6,1615.134,1614.539,upstream,G5,G0005003
-4230#7,1615.134,1614.924,upstream,G5,G0005003
-4230#8,1615.134,1614.876,upstream,G5,G0005003
-4230#9,1615.134,1614.797,upstream,G5,G0005003
-4232#1,1615.134,1614.592,upstream,G5,G0005003
-4232#11,1615.134,1614.948,upstream,G5,G0005003
-4232#12,1615.134,1614.086,upstream,G5,G0005003
-4232#13,1615.134,1614.812,upstream,G5,G0005003
-4232#14,1615.134,1614.892,upstream,G5,G0005003
-4232#15,1615.134,1614.828,upstream,G5,G0005003
-4232#16,1615.134,1614.954,upstream,G5,G0005003
-4232#17,1615.134,1614.956,upstream,G5,G0005003
-4232#18,1615.134,1614.825,upstream,G5,G0005003
-4232#19,1615.134,1614.861,upstream,G5,G0005003
-4232#3,1615.134,1615.043,upstream,G5,G0005003
-4232#7,1615.134,1614.924,upstream,G5,G0005003
-4232#8,1615.134,1614.876,upstream,G5,G0005003
-11800,1615.540,1616.268,downstream,G5,G0005003
-3384#11,1615.565,1615.997,downstream,G5,G0005003
-4232#22,1615.565,1615.134,upstream,G5,G0005003
-4232#23,1615.565,1615.997,downstream,G5,G0005003
-3384#12,1615.997,1616.308,downstream,G5,G0005003
-4232#24,1615.997,1616.308,downstream,G5,G0005003
-12240,1616.268,1616.891,downstream,G5,G0005003
-15106,1616.308,1617.065,downstream,G5,G0005003
-9494,1616.891,1617.101,downstream,G5,G0005003
-3754,1617.065,1618.154,downstream,G5,G0005003
-11108,1617.101,1617.229,downstream,G5,G0005003
-13964,1617.229,1617.354,downstream,G5,G0005003
-4056,1617.354,1618.171,downstream,G5,G0005003
-11470,1618.171,1618.190,downstream,G5,G0005003
-6218,1618.686,1618.862,downstream,G5,G0005003
-14240,1618.862,1623.800,downstream,G5,G0005003
-2144,1619.120,1619.184,downstream,G5,G0005003
-10148,1619.303,1619.176,upstream,G5,G0005003
-1200,1619.303,1616.052,upstream,G5,G0005003
-12708,1619.303,1618.952,upstream,G5,G0005003
-15876,1619.303,1619.056,upstream,G5,G0005003
-1594,1619.303,1619.290,upstream,G5,G0005003
-16548,1619.303,1617.682,upstream,G5,G0005003
-5028,1619.303,1611.223,upstream,G5,G0005003
-5440,1619.303,1618.477,upstream,G5,G0005003
-7598,1619.303,1619.733,downstream,G5,G0005003
E39,1619.303,1619.150,upstream,G5,G0005003
-11332,1619.421,1619.120,upstream,G5,G0005003
-1164,1619.421,1619.332,upstream,G5,G0005003
-13588,1619.421,1619.411,upstream,G5,G0005003
-15630#0,1619.421,1619.239,upstream,G5,G0005003
-15630#1,1619.421,1619.339,upstream,G5,G0005003
-15632#0,1619.421,1619.239,upstream,G5,G0005003
-15632#1,1619.421,1619.250,upstream,G5,G0005003
-2146,1619.421,1619.062,upstream,G5,G0005003
-6324,1619.421,1619.148,upstream,G5,G0005003
-7420,1619.421,1619.408,upstream,G5,G0005003
-7918,1619.421,1620.224,downstream,G5,G0005003
-7902,1619.733,1620.553,downstream,G5,G0005003
E61,1620.224,1620.666,downstream,G5,G0005003
-8340,1620.553,1620.643,downstream,G5,G0005003
-12088,1620.643,1620.964,downstream,G5,G0005003
E60,1620.666,1620.846,downstream,G5,G0005003
-17112,1620.846,1621.494,downstream,G5,G0005003
-9114,1620.964,1620.977,downstream,G5,G0005003
-3616,1620.977,1621.255,downstream,G5,G0005003
-12762,1621.494,1621.870,downstream,G5,G0005003
-13006,1621.870,1623.464,downstream,G5,G0005003
-15950,1623.464,1631.672,downstream,G5,G0005003
-16066,1631.672,1631.684,downstream,G5,G0005003
-16822#0,1631.684,1632.088,downstream,G5,G0005003
-16824#0,1631.684,1632.088,downstream,G5,G0005003
-16822#1,1632.088,1632.414,downstream,G5,G0005003
-16824#1,1632.088,1632.414,downstream,G5,G0005003
-16822#2,1632.414,1632.710,downstream,G5,G0005003
-16824#2,1632.414,1632.710,downstream,G5,G0005003
-16824#3,1632.710,1633.298,downstream,G5,G0005003
-16824#4,1633.298,1633.643,downstream,G5,G0005003
-16822#5,1633.643,1633.788,downstream,G5,G0005003
-16824#5,1633.643,1633.788,downstream,G5,G0005003
-16822#6,1633.788,1634.039,downstream,G5,G0005003
-16824#6,1633.788,1634.039,downstream,G5,G0005003
-16822#7,1634.039,1634.562,downstream,G5,G0005003
-16824#7,1634.039,1634.562,downstream,G5,G0005003
-16824#8,1634.562,1634.839,downstream,G5,G0005003
-14868,1636.678,1637.231,downstream,G5,G0005003
-13948,1636.887,1636.634,upstream,G5,G0005003
-16112,1636.887,1639.673,downstream,G5,G0005003
-4250,1636.887,1635.490,upstream,G5,G0005003
-3626,1637.231,1637.240,downstream,G5,G0005003
-5428,1637.240,1637.645,downstream,G5,G0005003
-1138#0,1637.566,1637.415,upstream,G5,G0005003
-1138#1,1637.566,1637.316,upstream,G5,G0005003
-1138#2,1637.566,1637.186,upstream,G5,G0005003
-1138#3,1637.566,1637.182,upstream,G5,G0005003
-1138#4,1637.566,1637.362,upstream,G5,G0005003
-1138#5,1637.566,1637.409,upstream,G5,G0005003
-13722,1637.566,1637.317,upstream,G5,G0005003
-14818,1637.566,1637.514,upstream,G5,G0005003
-15614,1637.566,1637.361,upstream,G5,G0005003
-16822#11,1637.566,1637.316,upstream,G5,G0005003
-16822#12,1637.566,1637.186,upstream,G5,G0005003
-16822#13,1637.566,1637.182,upstream,G5,G0005003
-16822#14,1637.566,1637.362,upstream,G5,G0005003
-16822#15,1637.566,1637.409,upstream,G5,G0005003
-16824#9,1637.566,1637.485,upstream,G5,G0005003
-17244#0,1637.566,1637.407,upstream,G5,G0005003
-17244#1,1637.566,1637.477,upstream,G5,G0005003
-4868,1637.566,1637.346,upstream,G5,G0005003
-756,1637.566,1637.316,upstream,G5,G0005003
-7814,1637.566,1637.542,upstream,G5,G0005003
-9302,1637.566,1640.652,downstream,G5,G0005003
-7758,1637.645,1637.725,downstream,G5,G0005003
-5012,1637.725,1637.749,downstream,G5,G0005003
-9106,1637.749,1637.964,downstream,G5,G0005003
E59,1637.964,1638.328,downstream,G5,G0005003
E58,1638.328,1639.097,downstream,G5,G0005003
E42,1639.097,1639.350,downstream,G5,G0005003
-7552,1640.652,1640.901,downstream,G5,G0005003
-8652,1640.901,1642.306,downstream,G5,G0005003
-17022,1642.306,1642.336,downstream,G5,G0005003
-5206,1642.336,1643.578,downstream,G5,G0005003
-1690,1643.080,1646.959,downstream,G5,G0005003
-2682,1643.080,1642.889,upstream,G5,G0005003
-11224,1645.369,1645.298,upstream,G5,G0005003
-13272,1645.369,1641.836,upstream,G5,G0005003
-13664,1645.369,1644.431,upstream,G5,G0005003
-14432,1645.369,1645.756,downstream,G5,G0005003
-16720,1645.369,1645.180,upstream,G5,G0005003
-14828,1646.959,1647.548,downstream,G5,G0005003
-10206,1647.435,1646.967,upstream,G5,G0005003
-14642,1647.435,1651.897,downstream,G5,G0005003
-15142,1647.435,1647.396,upstream,G5,G0005003
-4060,1647.435,1647.418,upstream,G5,G0005003
-732,1647.435,1647.428,upstream,G5,G0005003
-8188,1647.435,1647.416,upstream,G5,G0005003
-8752,1647.435,1647.302,upstream,G5,G0005003
-9910,1647.435,1646.934,upstream,G5,G0005003
-14218,1647.548,1648.778,downstream,G5,G0005003
-8280,1648.778,1648.806,downstream,G5,G0005003
-3494,1648.860,1653.531,downstream,G5,G0005003
-2658,1651.897,1652.193,downstream,G5,G0005003
-2746,1652.193,1652.564,downstream,G5,G0005003
-15416,1653.531,1653.537,downstream,G5,G0005003
-8916,1653.537,1654.004,downstream,G5,G0005003
-1542,1654.004,1654.021,downstream,G5,G0005003
-8960,1654.021,1654.523,downstream,G5,G0005003
-16928,1654.523,1654.560,downstream,G5,G0005003
-15400,1654.560,1654.693,downstream,G5,G0005003
-8974,1654.693,1654.710,downstream,G5,G0005003
-10108,1662.083,1662.001,upstream,G5,G0005003
-11690,1662.083,1662.064,upstream,G5,G0005003
-11818,1662.083,1661.103,upstream,G5,G0005003
-13846,1662.083,1664.473,downstream,G5,G0005003
-14662,1662.083,1662.069,upstream,G5,G0005003
-15048,1662.083,1661.421,upstream,G5,G0005003
-2226,1662.083,1661.566,upstream,G5,G0005003
-5686,1662.083,1661.929,upstream,G5,G0005003
-6080,1662.083,1657.098,upstream,G5,G0005003
-10050,1662.519,1662.356,upstream,G5,G0005003
-12610,1662.519,1664.875,downstream,G5,G0005003
-17188,1662.519,1662.459,upstream,G5,G0005003
-4832,1662.519,1662.517,upstream,G5,G0005003
-10180,1664.473,1664.721,downstream,G5,G0005003
-2790,1664.779,1664.721,upstream,G5,G0005003
-6362,1664.779,1664.966,downstream,G5,G0005003
-16348,1664.867,1666.552,downstream,G5,G0005003
-2634,1664.875,1665.156,downstream,G5,G0005003
-4912,1665.156,1665.173,downstream,G5,G0005003
-12874,1665.169,1666.648,downstream,G5,G0005003
-6822,1665.173,1665.537,downstream,G5,G0005003
-8138,1665.537,1666.300,downstream,G5,G0005003
-4304,1666.300,1666.436,downstream,G5,G0005003
-13518,1666.436,1666.451,downstream,G5,G0005003
-14976,1666.451,1667.430,downstream,G5,G0005003
-11204,1666.552,1667.852,downstream,G5,G0005003
-11126,1666.648,1668.113,downstream,G5,G0005003
-7944,1667.430,1672.414,downstream,G5,G0005003
-8396,1667.852,1668.257,downstream,G5,G0005003
-5408,1668.113,1668.794,downstream,G5,G0005003
-2410,1668.311,1669.180,downstream,G5,G0005003
-7316,1669.180,1669.637,downstream,G5,G0005003
-4746,1669.565,1669.625,downstream,G5,G0005003
-10096,1669.625,1669.232,upstream,G5,G0005003
-10460,1669.625,1667.540,upstream,G5,G0005003
-10726,1669.625,1669.582,upstream,G5,G0005003
-11272,1669.625,1671.889,downstream,G5,G0005003
-12354,1669.625,1669.384,upstream,G5,G0005003
-14278,1669.625,1669.495,upstream,G5,G0005003
-15578,1669.625,1669.448,upstream,G5,G0005003
-17096,1669.625,1669.597,upstream,G5,G0005003
-2402,1669.625,1669.149,upstream,G5,G0005003
-2866,1669.625,1669.590,upstream,G5,G0005003
-3370,1669.625,1669.502,upstream,G5,G0005003
-5176,1669.625,1668.712,upstream,G5,G0005003
-6526,1669.625,1668.798,upstream,G5,G0005003
-8650,1669.625,1666.234,upstream,G5,G0005003
-13732,1669.988,1669.127,upstream,G5,G0005003
-3050,1669.988,1672.256,downstream,G5,G0005003
-8500,1672.256,1672.315,downstream,G5,G0005003
-14532,1672.315,1673.149,downstream,G5,G0005003
-3276,1673.149,1673.188,downstream,G5,G0005003
-16050,1673.188,1675.262,downstream,G5,G0005003
-6998,1675.262,1675.393,downstream,G5,G0005003
-10112,1675.393,1675.518,downstream,G5,G0005003
-5914,1675.518,1675.858,downstream,G5,G0005003
-5470,1675.858,1676.342,downstream,G5,G0005003
-16648,1676.342,1677.029,downstream,G5,G0005003
-17298,1677.029,1680.423,downstream,G5,G0005003
-698,1680.423,1680.466,downstream,G5,G0005003
-3420,1680.466,1680.650,downstream,G5,G0005003
-7296,1680.650,1680.677,downstream,G5,G0005003
-14894,1684.700,1684.531,upstream,G5,G0005003
-17400,1684.700,1684.338,upstream,G5,G0005003
-2750,1684.700,1684.668,upstream,G5,G0005003
-6534,1684.700,1684.982,downstream,G5,G0005003
-11436,1684.784,1684.400,upstream,G5,G0005003
-11632,1684.784,1684.316,upstream,G5,G0005003
-12556,1684.784,1684.742,upstream,G5,G0005003
-13472,1684.784,1685.064,downstream,G5,G0005003
-13512,1684.784,1684.611,upstream,G5,G0005003
-15536,1684.784,1684.766,upstream,G5,G0005003
-16716,1684.784,1684.183,upstream,G5,G0005003
-17336,1684.784,1684.461,upstream,G5,G0005003
-1856,1684.784,1684.443,upstream,G5,G0005003
-2202,1684.784,1684.732,upstream,G5,G0005003
-2962,1684.784,1683.371,upstream,G5,G0005003
-4988,1684.784,1684.554,upstream,G5,G0005003
-5490,1684.784,1684.660,upstream,G5,G0005003
-8382,1684.784,1684.743,upstream,G5,G0005003
-8598,1684.784,1684.765,upstream,G5,G0005003
-6782,1684.982,1685.210,downstream,G5,G0005003
-10732,1685.064,1685.096,downstream,G5,G0005003
-16326,1685.179,1685.745,downstream,G5,G0005003
-8424,1685.210,1686.628,downstream,G5,G0005003
-3550,1685.745,1685.809,downstream,G5,G0005003
-7910,1685.809,1686.143,downstream,G5,G0005003
-10920,1685.892,1687.421,downstream,G5,G0005003
-3808,1685.892,1685.722,upstream,G5,G0005003
-4434,1685.892,1685.032,upstream,G5,G0005003
-2286,1686.628,1686.648,downstream,G5,G0005003
-11780,1686.648,1686.769,downstream,G5,G0005003
-15062,1686.710,1686.535,upstream,G5,G0005003
-658,1686.710,1688.511,downstream,G5,G0005003
-9970,1686.710,1686.309,upstream,G5,G0005003
-5712,1686.769,1686.788,downstream,G5,G0005003
-2194,1686.788,1687.119,downstream,G5,G0005003
-834,1687.119,1687.174,downstream,G5,G0005003
-15982,1687.174,1687.776,downstream,G5,G0005003
-946,1687.421,1687.608,downstream,G5,G0005003
-16214,1687.608,1688.226,downstream,G5,G0005003
-7190,1687.776,1687.818,downstream,G5,G0005003
-1816,1687.818,1687.998,downstream,G5,G0005003
-14736,1687.998,1688.040,downstream,G5,G0005003
-8092,1688.040,1688.356,downstream,G5,G0005003
-10626,1688.226,1688.395,downstream,G5,G0005003
-3826,1688.356,1688.739,downstream,G5,G0005003
-9156,1688.395,1688.441,downstream,G5,G0005003
-13632,1688.511,1688.703,downstream,G5,G0005003
-9016,1688.703,1689.510,downstream,G5,G0005003
-10736,1692.138,1694.528,downstream,G5,G0005005
-6348,1692.138,1692.062,upstream,G5,G0005005
-9062,1692.138,1689.662,upstream,G5,G0005005
-13760,1693.055,1695.504,downstream,G5,G0005005
-4322,1693.055,1693.019,upstream,G5,G0005005
-8062,1693.055,1692.923,upstream,G5,G0005005
-6932,1694.528,1694.551,downstream,G5,G0005005
-9320,1694.551,1694.588,downstream,G5,G0005005
-9338,1694.722,1694.783,downstream,G5,G0005005
-9504,1694.722,1694.511,upstream,G5,G0005005
-7718,1694.783,1694.803,downstream,G5,G0005005
-12190,1695.117,1694.986,upstream,G5,G0005005
-15252,1695.117,1696.782,downstream,G5,G0005005
-2124,1695.117,1694.972,upstream,G5,G0005005
-5076,1695.117,1695.098,upstream,G5,G0005005
-9976,1695.504,1695.581,downstream,G5,G0005005
-5768,1695.581,1698.346,downstream,G5,G0005005
-10878,1696.565,1698.084,downstream,G5,G0005005
-3274,1696.565,1696.533,upstream,G5,G0005005
-4430,1696.565,1695.637,upstream,G5,G0005005
-6282,1696.782,1696.813,downstream,G5,G0005005
-3770,1696.813,1697.674,downstream,G5,G0005005
-17036,1701.015,1700.950,upstream,G5,G0005005
-2884,1701.015,1703.477,upstream,G5,G0005005
-4914,1701.015,1700.862,upstream,G5,G0005005
-8756,1701.015,1697.885,upstream,G5,G0005005
-1068,1702.996,1702.902,downstream,G5,G0005005
-3246,1702.996,1701.605,downstream,G5,G0005005
-4566,1702.996,1702.814,downstream,G5,G0005005
-5308,1702.996,1702.871,downstream,G5,G0005005
-588,1702.996,1700.307,downstream,G5,G0005005
-6634,1702.996,1703.400,downstream,G5,G0005005
-7266,1702.996,1702.921,downstream,G5,G0005005
-14952,1703.400,1706.706,downstream,G5,G0005005
-14508,1703.477,1703.965,upstream,G5,G0005005
-16058,1703.965,1704.126,upstream,G5,G0005005
-14464,1704.126,1704.160,upstream,G5,G0005005
-8006,1704.160,1704.254,upstream,G5,G0005005
-6726,1704.254,1705.645,upstream,G5,G0005005
-4068,1705.645,1705.771,upstream,G5,G0005005
-630,1705.771,1708.465,upstream,G5,G0005005
-17018,1706.706,1706.866,downstream,G5,G0005005
-3828,1706.866,1708.578,downstream,G5,G0005005
-14140,1708.578,1708.636,downstream,G5,G0005005
-6506,1708.636,1710.572,downstream,G5,G0005005
-16602,1710.572,1710.602,downstream,G5,G0005005
-12720,1710.602,1710.716,downstream,G5,G0005005
-14378,1710.613,1710.924,upstream,G5,G0005005
-6434,1710.613,1710.594,upstream,G5,G0005005
-10408,1710.924,1711.663,upstream,G5,G0005005
-12834,1711.663,1711.713,upstream,G5,G0005005
-9216,1711.713,1711.983,upstream,G5,G0005005
-2482,1712.101,1712.081,upstream,G5,G0005005
-6700,1712.101,1715.324,upstream,G5,G0005005
-10162,1712.161,1711.652,downstream,G5,G0005005
-11962,1712.161,1712.118,downstream,G5,G0005005
-12846,1712.161,1711.962,downstream,G5,G0005005
-14996,1712.161,1715.068,downstream,G5,G0005005
-4052,1712.161,1711.646,downstream,G5,G0005005
-4066,1712.161,1712.045,downstream,G5,G0005005
-4076,1712.161,1712.124,downstream,G5,G0005005
-2372,1715.068,1715.378,downstream,G5,G0005005
-17322,1715.324,1715.731,upstream,G5,G0005005
-11312,1715.378,1715.397,downstream,G5,G0005005
-2470,1715.888,1715.617,downstream,G5,G0005005
-5714,1715.888,1716.411,downstream,G5,G0005005
-11128,1716.144,1716.618,upstream,G5,G0005005
-2072,1716.144,1716.129,upstream,G5,G0005005
-5236,1716.144,1715.841,upstream,G5,G0005005
-7928,1716.144,1715.637,upstream,G5,G0005005
-9100,1716.144,1716.128,upstream,G5,G0005005
-17270,1716.411,1716.426,downstream,G5,G0005005
-7990,1716.426,1716.719,downstream,G5,G0005005
-14916,1716.618,1716.852,upstream,G5,G0005005
-15380,1716.719,1716.733,downstream,G5,G0005005
-13560,1716.733,1717.478,downstream,G5,G0005005
-12620,1716.852,1716.867,upstream,G5,G0005005
-10716,1720.316,1720.282,downstream,G5,G0005005
-1220,1720.316,1719.817,downstream,G5,G0005005
-13944,1720.316,1727.001,downstream,G5,G0005005
-15606,1720.316,1718.230,downstream,G5,G0005005
-9750,1720.316,1720.066,downstream,G5,G0005005
-3026,1723.617,1730.313,upstream,G5,G0005005
-5904,1727.001,1727.272,downstream,G5,G0005005
-2446,1727.272,1727.476,downstream,G5,G0005005
-14268,1727.476,1727.542,downstream,G5,G0005005
-12406,1727.496,1726.753,upstream,G5,G0005005
-13386,1727.496,1727.053,upstream,G5,G0005005
-13984,1727.496,1727.443,upstream,G5,G0005005
-15622,1727.496,1727.390,upstream,G5,G0005005
-17008,1727.496,1728.007,upstream,G5,G0005005
-4572,1727.496,1726.323,upstream,G5,G0005005
-5476,1727.496,1727.328,upstream,G5,G0005005
-5612,1727.496,1727.422,upstream,G5,G0005005
-7398,1727.496,1724.226,upstream,G5,G0005005
-9176,1727.496,1727.450,upstream,G5,G0005005
-7152,1727.542,1727.823,downstream,G5,G0005005
-6804,1727.823,1731.092,downstream,G5,G0005005
-3070,1730.313,1730.347,upstream,G5,G0005005
-4122,1730.347,1732.430,upstream,G5,G0005005
-8890,1731.092,1732.262,downstream,G5,G0005005
-14528,1732.262,1732.309,downstream,G5,G0005005
-3604,1732.309,1733.046,downstream,G5,G0005005
-7686,1732.430,1732.846,upstream,G5,G0005005
-13164,1732.846,1733.383,upstream,G5,G0005005
-11164,1733.046,1733.105,downstream,G5,G0005005
-9758,1733.105,1733.554,downstream,G5,G0005005
-13654,1736.009,1732.288,upstream,G5,G0005005
-15250,1736.009,1735.020,upstream,G5,G0005005
-5844,1736.009,1735.931,upstream,G5,G0005005
-6504,1736.009,1736.835,upstream,G5,G0005005
-820,1736.009,1735.607,upstream,G5,G0005005
-10410,1736.297,1736.226,downstream,G5,G0005005
-10906,1736.297,1736.276,downstream,G5,G0005005
-13048,1736.297,1736.258,downstream,G5,G0005005
-13424,1736.297,1735.748,downstream,G5,G0005005
-13590,1736.297,1736.245,downstream,G5,G0005005
-14632,1736.297,1736.257,downstream,G5,G0005005
-14710,1736.297,1736.775,downstream,G5,G0005005
-15688,1736.297,1735.946,downstream,G5,G0005005
-17398,1736.297,1735.493,downstream,G5,G0005005
-7402,1736.297,1735.627,downstream,G5,G0005005
-10248,1736.345,1736.289,upstream,G5,G0005005
-6532,1736.345,1736.828,upstream,G5,G0005005
-4244,1736.775,1736.832,downstream,G5,G0005005
-1088,1736.828,1736.849,upstream,G5,G0005005
-7674,1736.832,1737.016,downstream,G5,G0005005
-15602,1736.835,1737.100,upstream,G5,G0005005
-1656,1736.849,1737.508,upstream,G5,G0005005
-15852,1737.016,1737.596,downstream,G5,G0005005
-6026,1737.508,1737.576,upstream,G5,G0005005
-2214,1737.576,1737.620,upstream,G5,G0005005
-8698,1737.596,1737.906,downstream,G5,G0005005
-4428,1737.620,1737.644,upstream,G5,G0005005
-7860,1737.644,1738.460,upstream,G5,G0005005
-9736,1737.906,1738.923,downstream,G5,G0005005
-6450,1738.460,1739.009,upstream,G5,G0005005
-3920,1738.923,1738.992,downstream,G5,G0005005
-5328,1739.009,1739.349,upstream,G5,G0005005
-1858,1739.349,1739.410,upstream,G5,G0005005
-10348,1745.871,1747.063,upstream,G5,G0005005
-14526,1745.871,1745.814,upstream,G5,G0005005
-2048,1745.871,1745.499,upstream,G5,G0005005
-5552,1745.871,1744.272,upstream,G5,G0005005
-12796,1746.677,1746.279,downstream,G5,G0005005
-13474,1746.677,1746.657,downstream,G5,G0005005
-1696,1746.677,1742.959,downstream,G5,G0005005
-3750,1746.677,1746.554,downstream,G5,G0005005
-3800,1746.677,1744.560,downstream,G5,G0005005
-4994,1746.677,1747.429,downstream,G5,G0005005
-8856,1746.677,1745.419,downstream,G5,G0005005
-8640,1747.063,1747.080,upstream,G5,G0005005
-7866,1747.080,1748.344,upstream,G5,G0005005
-3068,1747.429,1747.990,downstream,G5,G0005005
-8452,1747.990,1749.842,downstream,G5,G0005005
-11532,1748.344,1748.461,upstream,G5,G0005005
-5192,1748.461,1750.571,upstream,G5,G0005005
-3032,1749.842,1749.896,downstream,G5,G0005005
-3000000011,1750.942,1750.886,upstream,G76,G0076001
-3000000012,1750.942,1750.409,upstream,G76,G0076001
-3000000015,1750.942,1750.816,upstream,G76,G0076001
-3000000016,1750.942,1750.869,upstream,G76,G0076001
-3000000023,1750.942,1750.720,upstream,G76,G0076001
-3000000025,1750.942,1750.791,upstream,G76,G0076001
-3000000030,1750.942,1750.748,upstream,G76,G0076001
-3000000031,1750.942,1750.678,upstream,G76,G0076001
-3000000035,1750.942,1750.700,upstream,G76,G0076001
-3000000037,1750.942,1750.735,upstream,G76,G0076001
-3000000042,1750.942,1750.404,upstream,G76,G0076001
-3000000043,1750.942,1750.566,upstream,G76,G0076001
-3000000044,1750.942,1750.674,upstream,G76,G0076001
-3000000047,1750.942,1750.526,upstream,G76,G0076001
-3000000056,1750.942,1750.702,upstream,G76,G0076001
-3000000059,1750.942,1750.593,upstream,G76,G0076001
-3000000062,1750.942,1750.307,upstream,G76,G0076001
-3000000216,1750.942,1750.859,upstream,G76,G0076001
-3000000218,1750.942,1750.632,upstream,G76,G0076001
-3000000221,1750.942,1751.749,downstream,G76,G0076001
-3000000223,1750.942,1750.816,upstream,G76,G0076001
-3000000225,1750.942,1750.483,upstream,G76,G0076001
-3000000220,1750.964,1751.777,downstream,G76,G0076001
-3000000336,1750.964,1750.847,upstream,G76,G0076001
-3000000337,1750.964,1750.848,upstream,G76,G0076001
-3000000339,1750.964,1750.638,upstream,G76,G0076001
-3000000334,1751.749,1751.875,downstream,G76,G0076001
-3000000222,1751.777,1751.903,downstream,G76,G0076001
-3000000335,1751.875,1751.946,downstream,G76,G0076001
-3000000219,1751.903,1752.187,downstream,G76,G0076001
-3000000338,1751.946,1752.271,downstream,G76,G0076001
-10064,1751.962,1751.648,downstream,G5,G0005005
-15362,1751.962,1753.509,downstream,G5,G0005005
-17310,1751.962,1751.383,downstream,G5,G0005005
-7488,1751.962,1750.906,downstream,G5,G0005005
-978,1751.962,1751.908,downstream,G5,G0005005
-3000000217,1752.187,1752.336,downstream,G76,G0076001
-3000000224,1752.336,1752.755,downstream,G76,G0076001
-3000000004,1752.755,1753.286,downstream,G76,G0076001
-14622,1752.827,1754.368,upstream,G5,G0005005
-5046,1752.827,1752.730,upstream,G5,G0005005
-3000000060,1753.286,1753.925,downstream,G76,G0076001
-8018,1753.509,1753.605,downstream,G5,G0005005
-9948,1753.605,1754.209,downstream,G5,G0005005
-3000000028,1753.925,1754.078,downstream,G76,G0076001
-3000000046,1754.078,1754.497,downstream,G76,G0076001
-9796,1754.209,1754.291,downstream,G5,G0005005
-11230,1754.291,1754.361,downstream,G5,G0005005
-13106,1754.361,1754.781,downstream,G5,G0005005
-4556,1754.368,1754.425,upstream,G5,G0005005
-7660,1754.425,1755.481,upstream,G5,G0005005
-3000000034,1754.497,1754.871,downstream,G76,G0076001
-3000000053,1754.871,1755.108,downstream,G76,G0076001
-3000000026,1755.108,1755.302,downstream,G76,G0076001
-15828,1755.120,1754.850,upstream,G5,G0005005
-17060,1755.120,1755.051,upstream,G5,G0005005
-9972,1755.120,1755.525,upstream,G5,G0005005
-3000000033,1755.302,1755.512,downstream,G76,G0076001
-10208,1755.481,1755.792,upstream,G5,G0005005
-3000000013,1755.512,1755.569,downstream,G76,G0076001
-2544,1755.525,1755.617,upstream,G5,G0005005
-3000000045,1755.569,1755.832,downstream,G76,G0076001
-14572,1755.617,1756.223,upstream,G5,G0005005
-10176,1755.712,1757.166,downstream,G5,G0005005
-10754,1755.712,1755.629,downstream,G5,G0005005
-10960,1755.712,1755.275,downstream,G5,G0005005
-1334,1755.712,1755.669,downstream,G5,G0005005
-5688,1755.712,1755.448,downstream,G5,G0005005
-1094,1755.792,1756.383,upstream,G5,G0005005
-3000000038,1755.832,1756.071,downstream,G76,G0076001
-10046,1756.024,1755.795,upstream,G5,G0005005
-16900,1756.024,1755.985,upstream,G5,G0005005
-17120,1756.024,1755.938,upstream,G5,G0005005
-9620,1756.024,1757.467,upstream,G5,G0005005
-3000000061,1756.071,1756.412,downstream,G76,G0076001
-3000000041,1756.412,1756.646,downstream,G76,G0076001
-3000000036,1756.646,1756.895,downstream,G76,G0076001
-3000000039,1756.895,1757.437,downstream,G76,G0076001
-1764,1757.166,1757.312,downstream,G5,G0005005
-1808,1757.312,1757.325,downstream,G5,G0005005
-4686,1757.325,1757.551,downstream,G5,G0005005
-3000000017,1757.437,1757.564,downstream,G76,G0076001
-11308,1757.467,1757.508,upstream,G5,G0005005
-11948,1757.508,1757.938,upstream,G5,G0005005
-3000000010,1757.564,1757.633,downstream,G76,G0076001
-6004,1757.938,1758.013,upstream,G5,G0005005
-13034,1758.576,1758.087,downstream,G5,G0005005
-4114,1758.576,1761.065,downstream,G5,G0005005
-9264,1758.576,1758.308,downstream,G5,G0005005
-9836,1758.576,1758.546,downstream,G5,G0005005
-1788,1759.249,1758.969,upstream,G5,G0005005
-9222,1759.249,1761.377,upstream,G5,G0005005
-9550,1759.249,1759.222,upstream,G5,G0005005
-12568,1761.065,1761.085,downstream,G5,G0005005
-7014,1761.085,1761.162,downstream,G5,G0005005
-16518,1761.114,1761.007,downstream,G5,G0005005
-2528,1761.114,1761.192,downstream,G5,G0005005
-8186,1761.192,1761.972,downstream,G5,G0005005
-1036,1761.377,1761.879,upstream,G5,G0005005
-3000000002,1761.568,1761.114,upstream,G76,G0076001
-3000000003,1761.568,1760.478,upstream,G76,G0076001
-3000000311,1761.568,1761.286,upstream,G76,G0076001
-3000000312,1761.568,1763.402,downstream,G76,G0076001
-11582,1761.803,1761.721,upstream,G5,G0005005
-12860,1761.803,1761.120,upstream,G5,G0005005
-702,1761.803,1760.757,upstream,G5,G0005005
-5670,1761.879,1762.194,upstream,G5,G0005005
-8040,1762.017,1762.719,downstream,G5,G0005005
-9890,1762.194,1762.226,upstream,G5,G0005005
-3000000075,1762.209,1758.152,upstream,G76,G0076001
-3000000076,1762.209,1764.496,downstream,G76,G0076001
-3000000127,1762.209,1760.639,upstream,G76,G0076001
-3000000375,1762.209,1762.156,upstream,G76,G0076001
-3000000376,1762.209,1762.152,upstream,G76,G0076001
-3000000380,1762.209,1761.739,upstream,G76,G0076001
-3044,1762.719,1762.802,downstream,G5,G0005005
-6446,1762.802,1763.485,downstream,G5,G0005005
-11648,1762.837,1763.276,upstream,G5,G0005005
-13906,1762.837,1761.803,upstream,G5,G0005005
-1504,1763.276,1763.362,upstream,G5,G0005005
-3292,1763.362,1763.539,upstream,G5,G0005005
-3000000313,1763.402,1763.719,downstream,G76,G0076001
-15392,1763.485,1764.526,downstream,G5,G0005005
-3000000314,1763.719,1763.892,downstream,G76,G0076001
-3000000074,1763.892,1767.910,downstream,G76,G0076001
-3000000310,1764.496,1764.779,downstream,G76,G0076001
-5610,1764.526,1765.738,downstream,G5,G0005005
-3000000315,1764.779,1766.173,downstream,G76,G0076001
-11866,1765.738,1765.745,downstream,G5,G0005005
-1530,1765.745,1766.473,downstream,G5,G0005005
-3000000316,1766.173,1766.356,downstream,G76,G0076001
-13872,1766.850,1766.615,upstream,G5,G0005005
-13900,1766.850,1766.997,upstream,G5,G0005005
-2650,1766.997,1767.257,upstream,G5,G0005005
-4154,1767.257,1768.015,upstream,G5,G0005005
-12364,1767.477,1767.187,downstream,G5,G0005005
-2164,1767.477,1767.360,downstream,G5,G0005005
-2848,1767.477,1767.216,downstream,G5,G0005005
-3894,1767.477,1767.426,downstream,G5,G0005005
-4208,1767.477,1769.345,downstream,G5,G0005005
-4846,1767.477,1767.335,downstream,G5,G0005005
-10242,1767.836,1766.416,upstream,G5,G0005005
-11978,1767.836,1769.700,upstream,G5,G0005005
-13970,1767.836,1767.805,upstream,G5,G0005005
-14870,1767.836,1767.780,upstream,G5,G0005005
-2826,1767.836,1766.965,upstream,G5,G0005005
-5390,1767.836,1767.676,upstream,G5,G0005005
-5998,1767.836,1767.620,upstream,G5,G0005005
-3000000005,1767.910,1769.494,downstream,G76,G0076001
-11498,1768.015,1768.022,upstream,G5,G0005005
-6704,1768.022,1769.217,upstream,G5,G0005005
-13554,1769.345,1769.399,downstream,G5,G0005005
-12656,1769.399,1770.820,downstream,G5,G0005005
-3000000379,1769.494,1769.967,downstream,G76,G0076001
-11768,1769.700,1769.751,upstream,G5,G0005005
-2990,1769.751,1769.932,upstream,G5,G0005005
-3000000128,1770.620,1770.284,upstream,G76,G0076001
-3000000326,1770.620,1772.636,downstream,G76,G0076001
-3000000372,1770.620,1770.420,upstream,G76,G0076001
-3000000377,1770.620,1770.601,upstream,G76,G0076001
-3000000378,1770.620,1770.536,upstream,G76,G0076001
-1166,1771.724,1771.889,downstream,G5,G0005005
-12092,1771.724,1771.061,downstream,G5,G0005005
-12548,1771.724,1771.582,downstream,G5,G0005005
-876,1771.724,1771.690,downstream,G5,G0005005
-7754,1771.889,1772.135,downstream,G5,G0005005
-1492,1772.135,1772.543,downstream,G5,G0005005
-9534,1772.543,1772.594,downstream,G5,G0005005
-3000000388,1772.636,1772.796,downstream,G76,G0076001
-3000000386,1772.796,1773.519,downstream,G76,G0076001
-3000000183,1773.519,1774.272,downstream,G76,G0076001
-14124,1774.764,1774.616,downstream,G5,G0005005
-3684,1774.764,1774.539,downstream,G5,G0005005
-3884,1774.764,1773.068,downstream,G5,G0005005
-642,1774.764,1774.686,downstream,G5,G0005005
-7016,1774.764,1775.331,downstream,G5,G0005005
-3000000164#0,1774.794,1775.233,downstream,G76,G0076001
-3000000381,1774.794,1774.621,upstream,G76,G0076001
-3000000383,1774.794,1774.661,upstream,G76,G0076001
-3000000384,1774.794,1774.678,upstream,G76,G0076001
-3000000164#1,1775.233,1776.163,downstream,G76,G0076001
-3000000165,1775.242,1775.990,downstream,G76,G0076001
-3000000166,1775.242,1774.515,upstream,G76,G0076001
-3000000167,1775.242,1774.810,upstream,G76,G0076001
-3000000168,1775.242,1775.052,upstream,G76,G0076001
-3000000264,1775.242,1775.187,upstream,G76,G0076001
-3000000265,1775.242,1775.012,upstream,G76,G0076001
-3000000382,1775.242,1775.071,upstream,G76,G0076001
-3000000385,1775.242,1774.981,upstream,G76,G0076001
-17302,1775.331,1775.476,downstream,G5,G0005005
-10088,1775.383,1776.057,upstream,G5,G0005005
-10262,1775.383,1775.307,upstream,G5,G0005005
-10262.71,1775.383,1775.063,upstream,G5,G0005005
-12420,1775.383,1774.414,upstream,G5,G0005005
-12694,1775.383,1775.214,upstream,G5,G0005005
-13312,1775.383,1775.325,upstream,G5,G0005005
-14220,1775.383,1775.344,upstream,G5,G0005005
-15238,1775.383,1775.327,upstream,G5,G0005005
-15634,1775.383,1774.502,upstream,G5,G0005005
-15868,1775.383,1775.003,upstream,G5,G0005005
-1720,1775.383,1774.166,upstream,G5,G0005005
-17350,1775.383,1774.859,upstream,G5,G0005005
-17350.523,1775.383,1775.233,upstream,G5,G0005005
-17438,1775.383,1775.311,upstream,G5,G0005005
-2414,1775.383,1774.614,upstream,G5,G0005005
-4638,1775.383,1774.570,upstream,G5,G0005005
-4932,1775.383,1775.351,upstream,G5,G0005005
-5034,1775.383,1775.013,upstream,G5,G0005005
-636,1775.383,1774.269,upstream,G5,G0005005
-6750,1775.383,1775.264,upstream,G5,G0005005
-8884,1775.383,1774.485,upstream,G5,G0005005
-8884.901,1775.383,1775.198,upstream,G5,G0005005
-1942,1775.476,1776.132,downstream,G5,G0005005
-3000000387,1775.990,1776.707,downstream,G76,G0076001
-14824,1776.057,1776.210,upstream,G5,G0005005
-3710,1776.132,1776.172,downstream,G5,G0005005
-3000000268,1776.163,1776.303,downstream,G76,G0076001
-15336,1776.172,1777.156,downstream,G5,G0005005
-12928,1776.210,1777.901,upstream,G5,G0005005
-3000000263,1776.303,1776.358,downstream,G76,G0076001
-3000000269,1776.303,1776.303,downstream,G76,G0076001
-3000000266,1776.358,1776.527,downstream,G76,G0076001
-3000000267,1776.527,1776.682,downstream,G76,G0076001
-3000000260,1776.682,1776.848,downstream,G76,G0076001
-3000000389,1776.707,1776.866,downstream,G76,G0076001
-3000000261,1776.848,1777.114,downstream,G76,G0076001
-3000000327,1776.866,1778.951,downstream,G76,G0076001
-3000000084,1777.114,1777.510,downstream,G76,G0076001
-4146,1777.156,1777.536,downstream,G5,G0005005
-3000000083,1777.510,1777.658,downstream,G76,G0076001
-9958,1777.536,1777.859,downstream,G5,G0005005
-3000000086,1777.658,1778.009,downstream,G76,G0076001
-9958.326,1777.859,1777.934,downstream,G5,G0005005
-3764,1777.901,1777.979,upstream,G5,G0005005
-13444,1777.934,1778.739,downstream,G5,G0005005
-14276,1777.979,1778.206,upstream,G5,G0005005
-3000000391,1778.009,1778.547,downstream,G76,G0076001
-15782,1778.206,1778.256,upstream,G5,G0005005
-7006,1778.256,1778.658,upstream,G5,G0005005
-3000000400,1778.547,1779.446,downstream,G76,G0076001
-9748,1778.739,1779.116,downstream,G5,G0005005
-3000000373,1778.951,1779.083,downstream,G76,G0076001
-3000000182,1779.083,1779.415,downstream,G76,G0076001
-9484,1779.116,1779.898,downstream,G5,G0005005
-3000000068,1779.213,1780.135,downstream,G76,G0076001
-3000000392,1779.213,1778.952,upstream,G76,G0076001
-3000000393,1779.446,1779.706,downstream,G76,G0076001
-3000000063,1779.525,1779.451,upstream,G76,G0076001
-3000000065,1779.525,1777.325,upstream,G76,G0076001
-3000000067,1779.525,1779.413,upstream,G76,G0076001
-3000000069,1779.525,1778.962,upstream,G76,G0076001
-3000000073,1779.525,1779.169,upstream,G76,G0076001
-3000000115,1779.525,1779.432,upstream,G76,G0076001
-3000000116,1779.525,1779.450,upstream,G76,G0076001
-3000000118,1779.525,1779.193,upstream,G76,G0076001
-3000000319,1779.525,1779.343,upstream,G76,G0076001
-3000000320,1779.525,1779.331,upstream,G76,G0076001
-3000000395,1779.525,1780.123,downstream,G76,G0076001
-3000000396,1779.525,1779.017,upstream,G76,G0076001
-3000000399,1779.525,1779.383,upstream,G76,G0076001
-3000000394,1779.706,1780.301,downstream,G76,G0076001
-10738,1779.898,1780.059,downstream,G5,G0005005
-10738.164,1780.059,1780.964,downstream,G5,G0005005
-3000000390,1780.135,1780.642,downstream,G76,G0076001
-3000000397,1780.301,1780.811,downstream,G76,G0076001
-3000000120,1780.642,1780.997,downstream,G76,G0076001
-3000000398,1780.811,1780.945,downstream,G76,G0076001
-3000000121,1780.945,1783.160,downstream,G76,G0076001
-15768,1780.964,1781.037,downstream,G5,G0005005
-3000000082,1780.997,1781.145,downstream,G76,G0076001
-10784,1781.037,1781.204,downstream,G5,G0005005
-3000000085,1781.145,1781.543,downstream,G76,G0076001
-14316,1781.204,1781.322,downstream,G5,G0005005
-4584,1781.322,1782.204,downstream,G5,G0005005
-3000000262,1781.543,1781.804,downstream,G76,G0076001
-3000000259,1781.804,1781.973,downstream,G76,G0076001
-3000000270,1781.973,1782.385,downstream,G76,G0076001
-8754,1782.204,1782.257,downstream,G5,G0005005
-3110,1782.257,1783.350,downstream,G5,G0005005
-3000000066,1783.160,1783.273,downstream,G76,G0076001
-3000000064,1783.273,1783.350,downstream,G76,G0076001
-11826,1783.350,1783.405,downstream,G5,G0005005
-6622,1783.405,1784.638,downstream,G5,G0005005
-4910,1784.638,1784.662,downstream,G5,G0005005
-12588,1789.956,1789.441,upstream,G76,G0076001
-13084,1789.956,1789.819,upstream,G76,G0076001
-14562,1789.956,1789.613,upstream,G76,G0076001
-15648,1789.956,1789.829,upstream,G76,G0076001
-16264,1789.956,1788.772,upstream,G76,G0076001
-16676,1789.956,1789.912,upstream,G76,G0076001
-17380,1789.956,1789.753,upstream,G76,G0076001
-1796,1789.956,1789.821,upstream,G76,G0076001
-2706,1789.956,1789.285,upstream,G76,G0076001
-3480,1789.956,1789.733,upstream,G76,G0076001
-4444,1789.956,1789.757,upstream,G76,G0076001
-7362,1789.956,1790.645,downstream,G76,G0076001
-11174,1790.409,1790.041,upstream,G76,G0076001
-12634,1790.409,1790.126,upstream,G76,G0076001
-12668,1790.409,1790.392,upstream,G76,G0076001
-14414,1790.409,1791.102,downstream,G76,G0076001
-14454,1790.409,1789.464,upstream,G76,G0076001
-14988,1790.409,1790.213,upstream,G76,G0076001
-2058,1790.409,1790.147,upstream,G76,G0076001
-3000000070,1790.409,1789.851,upstream,G76,G0076001
-3000000071,1790.409,1790.229,upstream,G76,G0076001
-3000000072,1790.409,1790.042,upstream,G76,G0076001
-3000000105,1790.409,1790.280,upstream,G76,G0076001
-3000000107,1790.409,1790.241,upstream,G76,G0076001
-3000000108,1790.409,1788.821,upstream,G76,G0076001
-3000000117,1790.409,1790.088,upstream,G76,G0076001
-3000000119,1790.409,1790.365,upstream,G76,G0076001
-3000000271,1790.409,1790.235,upstream,G76,G0076001
-3000000273,1790.409,1789.945,upstream,G76,G0076001
-3000000317,1790.409,1790.203,upstream,G76,G0076001
-3000000318,1790.409,1790.265,upstream,G76,G0076001
-6258,1790.409,1789.966,upstream,G76,G0076001
-674,1790.645,1790.931,downstream,G76,G0076001
-9904,1790.931,1791.195,downstream,G76,G0076001
-6222,1791.102,1791.218,downstream,G76,G0076001
-6318,1791.195,1791.391,downstream,G76,G0076001
-16106,1791.218,1791.376,downstream,G76,G0076001
-14144,1791.376,1791.504,downstream,G76,G0076001
-10220,1791.391,1792.345,downstream,G76,G0076001
-7856,1791.504,1791.975,downstream,G76,G0076001
-2252,1791.975,1792.215,downstream,G76,G0076001
-14024,1792.215,1792.888,downstream,G76,G0076001
-8120,1792.345,1792.684,downstream,G76,G0076001
-1000,1792.684,1792.720,downstream,G76,G0076001
-16830,1792.720,1793.153,downstream,G76,G0076001
-8610,1792.888,1792.927,downstream,G76,G0076001
-15000,1792.927,1793.133,downstream,G76,G0076001
-17348,1793.133,1793.355,downstream,G76,G0076001
-3000000274,1793.153,1793.631,downstream,G76,G0076001
-9514,1793.355,1794.542,downstream,G76,G0076001
-3000000272,1793.631,1793.803,downstream,G76,G0076001
-3000000090,1793.803,1795.318,downstream,G76,G0076001
-11008,1794.542,1794.740,downstream,G76,G0076001
-1770,1794.740,1794.847,downstream,G76,G0076001
-15684,1794.847,1794.897,downstream,G76,G0076001
-3940,1794.897,1795.276,downstream,G76,G0076001
-11570,1795.276,1795.430,downstream,G76,G0076001
-3000000091,1795.318,1795.552,downstream,G76,G0076001
-11608,1795.430,1795.541,downstream,G76,G0076001
-13416,1795.541,1796.106,downstream,G76,G0076001
-3000000109,1795.552,1795.675,downstream,G76,G0076001
-3000000106,1795.675,1795.754,downstream,G76,G0076001
-14022,1796.106,1796.959,downstream,G76,G0076001
-9132,1796.959,1802.051,downstream,G76,G0076001
-3950,1802.051,1802.298,downstream,G76,G0076001
-14566,1802.298,1804.665,downstream,G76,G0076001
-2000000312,1806.690,1806.640,upstream,G76,G0076001
-2000000412,1806.690,1807.566,downstream,G76,G0076001
-2000000418,1806.690,1806.549,upstream,G76,G0076001
-2000000419,1806.690,1806.501,upstream,G76,G0076001
-2000000425,1806.690,1806.649,upstream,G76,G0076001
-2000000431,1806.690,1806.626,upstream,G76,G0076001
-2000000432,1806.690,1806.484,upstream,G76,G0076001
-2000000410,1807.566,1807.685,downstream,G76,G0076001
-2000000259,1807.685,1809.139,downstream,G76,G0076001
-2000000261,1808.909,1808.829,upstream,G76,G0076001
-2000000262,1808.909,1808.406,upstream,G76,G0076001
-2000000263,1808.909,1809.310,downstream,G76,G0076001
-2000000416,1808.909,1808.371,upstream,G76,G0076001
-12788,1809.139,1811.530,downstream,G76,G0076001
-2000000212,1809.310,1809.345,downstream,G76,G0076001
-2000000270,1809.345,1809.504,downstream,G76,G0076001
-2000000269,1809.504,1809.562,downstream,G76,G0076001
-2000000313,1809.562,1810.031,downstream,G76,G0076001
-2000000422,1810.031,1810.095,downstream,G76,G0076001
-2000000423,1810.095,1810.453,downstream,G76,G0076001
-2000000429,1810.453,1810.503,downstream,G76,G0076001
-2000000030,1810.500,1814.956,downstream,G76,G0076001
-2000000245,1810.500,1810.117,upstream,G76,G0076001
-2000000374,1810.500,1810.351,upstream,G76,G0076001
-2000000376,1810.500,1808.389,upstream,G76,G0076001
-10274,1811.205,1810.804,downstream,G5,G0005006
-11518,1811.205,1811.180,downstream,G5,G0005006
-13916,1811.205,1810.911,downstream,G5,G0005006
-14036,1811.205,1810.891,downstream,G5,G0005006
-15664,1811.205,1811.137,downstream,G5,G0005006
-2092,1811.205,1810.826,downstream,G5,G0005006
-4878,1811.205,1811.953,downstream,G5,G0005006
-7854,1811.205,1810.857,downstream,G5,G0005006
-8174,1811.205,1810.997,downstream,G5,G0005006
-9480,1811.205,1811.097,downstream,G5,G0005006
-8268,1811.530,1811.782,downstream,G76,G0076001
-4618,1811.782,1816.863,downstream,G76,G0076001
-2000000210,1811.809,1816.254,downstream,G76,G0076001
-2000000211,1811.809,1811.777,upstream,G76,G0076001
-2000000264,1811.809,1811.730,upstream,G76,G0076001
-2000000265,1811.809,1811.776,upstream,G76,G0076001
-2000000266,1811.809,1810.936,upstream,G76,G0076001
-2000000271,1811.809,1811.744,upstream,G76,G0076001
-2000000274,1811.809,1811.597,upstream,G76,G0076001
-2000000278,1811.809,1811.711,upstream,G76,G0076001
-2000000280,1811.809,1811.061,upstream,G76,G0076001
-2000000314,1811.809,1811.758,upstream,G76,G0076001
-2000000315,1811.809,1811.761,upstream,G76,G0076001
-2000000413,1811.809,1811.684,upstream,G76,G0076001
-2000000415,1811.809,1811.260,upstream,G76,G0076001
-2000000417,1811.809,1811.619,upstream,G76,G0076001
-2000000420,1811.809,1811.668,upstream,G76,G0076001
-2000000421,1811.809,1811.745,upstream,G76,G0076001
-2000000424,1811.809,1811.450,upstream,G76,G0076001
-2000000426,1811.809,1811.759,upstream,G76,G0076001
-2000000427,1811.809,1811.551,upstream,G76,G0076001
-2000000428,1811.809,1811.663,upstream,G76,G0076001
-2000000430,1811.809,1811.745,upstream,G76,G0076001
-2000000433,1811.809,1811.608,upstream,G76,G0076001
-4878.749,1811.953,1812.128,downstream,G5,G0005006
-4878.924,1812.128,1812.469,downstream,G5,G0005006
-14628,1812.469,1812.588,downstream,G5,G0005006
-6476,1812.588,1814.416,downstream,G5,G0005006
-10696,1814.069,1812.232,upstream,G5,G0005006
-11216,1814.069,1814.002,upstream,G5,G0005006
-13404,1814.069,1813.892,upstream,G5,G0005006
-13404.176,1814.069,1814.319,upstream,G5,G0005006
-3658,1814.069,1813.949,upstream,G5,G0005006
-4038,1814.069,1813.634,upstream,G5,G0005006
-13404.425,1814.319,1815.159,upstream,G5,G0005006
-11182,1814.416,1814.479,downstream,G5,G0005006
-5040,1814.479,1814.923,downstream,G5,G0005006
-2000000277,1814.956,1815.056,downstream,G76,G0076001
-2000000279,1815.056,1815.785,downstream,G76,G0076001
-13208,1815.159,1815.223,upstream,G5,G0005006
-14892,1815.223,1815.667,upstream,G5,G0005006
-4262,1815.667,1815.754,upstream,G5,G0005006
-608,1815.754,1815.871,upstream,G5,G0005006
-2000000414,1815.785,1815.936,downstream,G76,G0076001
-7364,1815.871,1816.239,upstream,G5,G0005006
-14926,1816.239,1816.588,upstream,G5,G0005006
-2000000375,1816.254,1816.406,downstream,G76,G0076001
-2000000377,1816.406,1818.518,downstream,G76,G0076001
-4528,1816.588,1816.837,upstream,G5,G0005006
-8982,1816.837,1817.315,upstream,G5,G0005006
-3040,1816.863,1817.660,downstream,G76,G0076001
-9874,1817.660,1818.244,downstream,G76,G0076001
-9816,1818.244,1818.416,downstream,G76,G0076001
-17164,1818.416,1818.570,downstream,G76,G0076001
-2000000244,1818.518,1818.899,downstream,G76,G0076001
-17442,1818.570,1818.797,downstream,G76,G0076001
-11788,1818.797,1818.908,downstream,G76,G0076001
-2000000009,1818.899,1820.584,downstream,G76,G0076001
-15274,1819.186,1817.482,upstream,G5,G0005006
-1580,1819.186,1821.315,upstream,G5,G0005006
-11048,1819.428,1819.263,downstream,G5,G0005006
-13270,1819.428,1819.401,downstream,G5,G0005006
-3648,1819.428,1819.369,downstream,G5,G0005006
-4136,1819.428,1818.075,downstream,G5,G0005006
-5444,1819.428,1819.249,downstream,G5,G0005006
-5580,1819.428,1821.682,downstream,G5,G0005006
-7486,1819.428,1819.023,downstream,G5,G0005006
-2000000373,1820.584,1820.821,downstream,G76,G0076001
-2000000037,1820.743,1820.273,upstream,G76,G0076001
-2000000048,1820.743,1820.512,upstream,G76,G0076001
-2000000050,1820.743,1820.625,upstream,G76,G0076001
-2000000074,1820.743,1820.403,upstream,G76,G0076001
-2000000089,1820.743,1818.806,upstream,G76,G0076001
-2000000094,1820.743,1819.813,upstream,G76,G0076001
-2000000115,1820.743,1821.043,downstream,G76,G0076001
-2000000367,1820.743,1820.646,upstream,G76,G0076001
-2000000369,1820.743,1819.756,upstream,G76,G0076001
-2000000370,1820.743,1820.689,upstream,G76,G0076001
-2000000371,1820.743,1820.681,upstream,G76,G0076001
-2000000372,1820.821,1820.889,downstream,G76,G0076001
-2000000113,1820.889,1820.915,downstream,G76,G0076001
-2000000117,1820.915,1821.786,downstream,G76,G0076001
-2000000111,1821.043,1821.069,downstream,G76,G0076001
-2000000107,1821.069,1821.173,downstream,G76,G0076001
-2000000108,1821.173,1823.130,downstream,G76,G0076001
-1024,1821.293,1825.045,upstream,G5,G0005006
-16864,1821.293,1820.942,upstream,G5,G0005006
-4682,1821.293,1821.227,upstream,G5,G0005006
-8942,1821.293,1821.231,upstream,G5,G0005006
-9180,1821.293,1815.869,upstream,G5,G0005006
-13932,1821.315,1821.614,upstream,G5,G0005006
-14808,1821.614,1821.669,upstream,G5,G0005006
-16658,1821.669,1821.841,upstream,G5,G0005006
-1268,1821.682,1823.511,downstream,G5,G0005006
-2000000046,1821.786,1821.865,downstream,G76,G0076001
-8274,1821.841,1821.900,upstream,G5,G0005006
-2000000056,1821.865,1822.084,downstream,G76,G0076001
-1216,1821.900,1823.252,upstream,G5,G0005006
-2000000093,1822.084,1823.002,downstream,G76,G0076001
-2000000065,1823.002,1823.429,downstream,G76,G0076001
-2782,1823.252,1823.432,upstream,G5,G0005006
-2000000090,1823.429,1825.371,downstream,G76,G0076001
-4902,1823.511,1826.967,downstream,G5,G0005006
-8102,1826.967,1827.031,downstream,G5,G0005006
-15492,1827.031,1832.422,downstream,G5,G0005006
-10130,1833.608,1834.024,downstream,G5,G0005006
-10538,1833.608,1833.436,downstream,G5,G0005006
-13836,1833.608,1833.542,downstream,G5,G0005006
-14510,1833.608,1833.395,downstream,G5,G0005006
-1988,1833.608,1833.092,downstream,G5,G0005006
-8852,1833.608,1833.226,downstream,G5,G0005006
-9688,1834.024,1834.059,downstream,G5,G0005006
-14382,1834.045,1833.942,upstream,G5,G0005006
-16118,1834.045,1834.239,upstream,G5,G0005006
-6758,1834.045,1834.008,upstream,G5,G0005006
-7110,1834.045,1833.650,upstream,G5,G0005006
-15914,1834.059,1834.158,downstream,G5,G0005006
-3734,1834.158,1834.562,downstream,G5,G0005006
-11350,1834.239,1834.270,upstream,G5,G0005006
-11254,1834.270,1833.608,upstream,G5,G0005006
-12518,1834.515,1837.583,upstream,G5,G0005006
-2438,1834.515,1833.864,upstream,G5,G0005006
-3294,1834.515,1833.846,upstream,G5,G0005006
-6344,1834.515,1834.505,upstream,G5,G0005006
-6908,1834.562,1834.660,downstream,G5,G0005006
-7374,1834.666,1835.172,upstream,G5,G0005006
-2000000038,1835.158,1838.120,downstream,G76,G0076001
-2000000042,1835.158,1834.877,upstream,G76,G0076001
-2000000044,1835.158,1834.960,upstream,G76,G0076001
-2000000052,1835.158,1835.029,upstream,G76,G0076001
-2000000058,1835.158,1831.185,upstream,G76,G0076001
-2000000067,1835.158,1834.389,upstream,G76,G0076001
-2000000068,1835.158,1834.690,upstream,G76,G0076001
-2000000071,1835.158,1834.866,upstream,G76,G0076001
-2000000084,1835.158,1834.429,upstream,G76,G0076001
-2000000247,1835.158,1834.994,upstream,G76,G0076001
-2000000249,1835.158,1833.729,upstream,G76,G0076001
-2000000366,1835.158,1835.062,upstream,G76,G0076001
-2000000368,1835.158,1834.171,upstream,G76,G0076001
-1832,1835.172,1835.344,upstream,G5,G0005006
-10326,1835.344,1835.551,upstream,G5,G0005006
-11222,1835.891,1835.833,downstream,G5,G0005006
-1500,1835.891,1835.229,downstream,G5,G0005006
-5312,1835.891,1835.801,downstream,G5,G0005006
-7288,1835.891,1838.802,downstream,G5,G0005006
-7784,1835.891,1835.816,downstream,G5,G0005006
-2000000040,1836.425,1836.410,upstream,G76,G0076001
-2000000041,1836.425,1839.737,downstream,G76,G0076001
-11122,1837.583,1838.119,upstream,G5,G0005006
-9404,1838.119,1838.189,upstream,G5,G0005006
-2000000039,1838.120,1838.454,downstream,G76,G0076001
-2000000055,1838.213,1837.999,upstream,G76,G0076001
-2000000061,1838.213,1837.921,upstream,G76,G0076001
-2000000062,1838.213,1838.062,upstream,G76,G0076001
-2000000081,1838.213,1837.492,upstream,G76,G0076001
-2000000085,1838.213,1837.487,upstream,G76,G0076001
-2000000098,1838.213,1837.427,upstream,G76,G0076001
-2000000099,1838.213,1838.629,downstream,G76,G0076001
-2000000100,1838.213,1836.461,upstream,G76,G0076001
-2000000054,1838.454,1838.479,downstream,G76,G0076001
-2000000095,1838.479,1838.626,downstream,G76,G0076001
-2000000096,1838.626,1839.654,downstream,G76,G0076001
-2000000043,1838.629,1838.655,downstream,G76,G0076001
-5600,1838.802,1838.813,downstream,G5,G0005006
-17294,1838.813,1839.463,downstream,G5,G0005006
-16574,1839.463,1840.135,downstream,G5,G0005006
-2000000066,1839.654,1839.943,downstream,G76,G0076001
-2000000057,1839.737,1839.865,downstream,G76,G0076001
-2000000064,1839.865,1840.637,downstream,G76,G0076001
-2000000083,1839.943,1840.666,downstream,G76,G0076001
-9248,1840.135,1841.060,downstream,G5,G0005006
-2000000045,1840.637,1840.917,downstream,G76,G0076001
-2000000049,1840.666,1840.879,downstream,G76,G0076001
-2000000088,1840.879,1841.605,downstream,G76,G0076001
-2000000053,1840.917,1841.117,downstream,G76,G0076001
-2000000087,1841.117,1841.851,downstream,G76,G0076001
-16456,1841.717,1843.171,downstream,G5,G0005006
-4120,1841.717,1841.693,downstream,G5,G0005006
-5886,1841.717,1841.212,downstream,G5,G0005006
-8236,1841.717,1841.475,downstream,G5,G0005006
-2000000070,1841.851,1842.146,downstream,G76,G0076001
-2000000072,1842.146,1842.618,downstream,G76,G0076001
-11428,1842.519,1840.257,upstream,G5,G0005006
-12058,1842.519,1842.506,upstream,G5,G0005006
-13918,1842.519,1842.370,upstream,G5,G0005006
-3280,1842.519,1843.951,upstream,G5,G0005006
-3656,1842.519,1841.893,upstream,G5,G0005006
-3834,1842.519,1841.301,upstream,G5,G0005006
-706,1842.519,1842.492,upstream,G5,G0005006
-8078,1842.519,1842.411,upstream,G5,G0005006
-8684,1842.519,1841.934,upstream,G5,G0005006
-2000000248,1842.618,1844.031,downstream,G76,G0076001
-7246,1843.171,1843.260,downstream,G5,G0005006
-4544,1843.260,1845.524,downstream,G5,G0005006
-10192,1843.951,1843.976,upstream,G5,G0005006
-9756,1843.976,1844.659,upstream,G5,G0005006
-2000000246,1844.031,1844.189,downstream,G76,G0076001
-2000000059,1844.189,1848.165,downstream,G76,G0076001
-1454,1844.659,1845.642,upstream,G5,G0005006
-5504,1845.524,1845.538,downstream,G5,G0005006
-9420,1845.538,1846.160,downstream,G5,G0005006
-10812,1846.160,1846.682,downstream,G5,G0005006
-10814,1846.160,1846.213,downstream,G5,G0005006
-11812,1846.213,1846.621,downstream,G5,G0005006
-11468,1846.682,1846.711,downstream,G5,G0005006
-3016,1846.711,1846.907,downstream,G5,G0005006
-15932,1846.907,1847.623,downstream,G5,G0005006
-4030,1847.623,1848.073,downstream,G5,G0005006
-2000000028,1847.648,1846.305,upstream,G76,G0076001
-2000000029,1847.648,1847.116,upstream,G76,G0076001
-2000000104,1847.648,1845.952,upstream,G76,G0076001
-2000000105,1847.648,1847.111,upstream,G76,G0076001
-2000000106,1847.648,1848.856,downstream,G76,G0076001
-2000000112,1847.648,1847.278,upstream,G76,G0076001
-2000000114,1847.648,1847.404,upstream,G76,G0076001
-2000000118,1847.648,1845.511,upstream,G76,G0076001
-2000000161,1847.648,1847.563,upstream,G76,G0076001
-2000000198,1847.648,1845.685,upstream,G76,G0076001
-2000000199,1847.648,1847.154,upstream,G76,G0076001
-2000000310,1847.648,1846.863,upstream,G76,G0076001
-2000000051,1848.400,1846.739,upstream,G76,G0076001
-2000000060,1848.400,1848.248,upstream,G76,G0076001
-2000000063,1848.400,1847.803,upstream,G76,G0076001
-2000000075,1848.400,1848.043,upstream,G76,G0076001
-2000000076,1848.400,1849.689,downstream,G76,G0076001
-2000000079,1848.400,1847.667,upstream,G76,G0076001
-2000000080,1848.400,1847.711,upstream,G76,G0076001
-2000000091,1848.400,1847.690,upstream,G76,G0076001
-2000000097,1848.400,1846.649,upstream,G76,G0076001
-2000000092,1848.856,1849.566,downstream,G76,G0076001
-2000000082,1849.566,1850.284,downstream,G76,G0076001
-2000000077,1849.689,1850.043,downstream,G76,G0076001
-2000000078,1850.043,1851.875,downstream,G76,G0076001
-2000000047,1850.284,1851.893,downstream,G76,G0076001
-14120,1851.385,1850.958,downstream,G5,G0005006
-14320,1851.385,1851.372,downstream,G5,G0005006
-1478,1851.385,1851.127,downstream,G5,G0005006
-1772,1851.385,1862.118,downstream,G5,G0005006
-3596,1851.385,1851.368,downstream,G5,G0005006
-4984,1851.385,1851.361,downstream,G5,G0005006
-5118,1851.385,1851.371,downstream,G5,G0005006
-700,1851.385,1851.358,downstream,G5,G0005006
-7356,1851.385,1849.969,downstream,G5,G0005006
-7370,1851.385,1850.485,downstream,G5,G0005006
-2000000119,1851.875,1853.930,downstream,G76,G0076001
-2000000069,1851.893,1852.313,downstream,G76,G0076001
-2000000086,1852.313,1853.009,downstream,G76,G0076001
-2000000073,1853.009,1853.608,downstream,G76,G0076001
-2000000110,1853.930,1854.349,downstream,G76,G0076001
-2000000116,1854.349,1854.568,downstream,G76,G0076001
-2000000109,1854.568,1856.528,downstream,G76,G0076001
-2000000197,1856.528,1857.136,downstream,G76,G0076001
-2000000004,1857.136,1857.690,downstream,G76,G0076001
-2000000005,1857.690,1858.883,downstream,G76,G0076001
-2000000149,1858.883,1858.967,downstream,G76,G0076001
-2000000311,1858.967,1859.707,downstream,G76,G0076001
-2000000150,1859.707,1860.633,downstream,G76,G0076001
-2000000010,1860.633,1860.983,downstream,G76,G0076001
-2000000011,1860.983,1861.175,downstream,G76,G0076001
-3478,1861.139,1871.960,upstream,G5,G0005006
-2000000346,1861.175,1861.194,downstream,G76,G0076001
-11480,1862.059,1868.498,downstream,G5,G0005006
-11340,1866.342,1866.091,upstream,G5,G0005006
-15560,1866.342,1872.214,upstream,G5,G0005006
-7358,1866.342,1866.210,upstream,G5,G0005006
-5572,1867.483,1867.921,upstream,G5,G0005006
-2000000000,1867.499,1862.910,upstream,G76,G0076002
-2000000120,1867.499,1867.419,upstream,G76,G0076002
-2000000123,1867.499,1867.209,upstream,G76,G0076002
-2000000124,1867.499,1867.278,upstream,G76,G0076002
-2000000126,1867.499,1867.010,upstream,G76,G0076002
-2000000179,1867.499,1864.977,upstream,G76,G0076002
-2000000180,1867.499,1867.442,upstream,G76,G0076002
-2000000183,1867.499,1867.195,upstream,G76,G0076002
-2000000186,1867.499,1864.944,upstream,G76,G0076002
-2000000187,1867.499,1867.401,upstream,G76,G0076002
-2000000229,1867.499,1867.442,upstream,G76,G0076002
-2000000230,1867.499,1867.385,upstream,G76,G0076002
-2000000236,1867.499,1867.662,downstream,G76,G0076002
-2000000240,1867.499,1867.444,upstream,G76,G0076002
-2000000324,1867.499,1867.190,upstream,G76,G0076002
-2000000325,1867.499,1867.468,upstream,G76,G0076002
-2000000349,1867.499,1867.485,upstream,G76,G0076002
-2000000350,1867.499,1867.192,upstream,G76,G0076002
-2000000351,1867.499,1863.992,upstream,G76,G0076002
-2000000355,1867.499,1867.466,upstream,G76,G0076002
-2000000399,1867.499,1867.404,upstream,G76,G0076002
-2000000400,1867.499,1866.394,upstream,G76,G0076002
-11158,1867.654,1865.681,upstream,G5,G0005006
-12048,1867.654,1867.639,upstream,G5,G0005006
-12070,1867.654,1872.216,upstream,G5,G0005006
-12238,1867.654,1867.223,upstream,G5,G0005006
-13122,1867.654,1867.546,upstream,G5,G0005006
-13956,1867.654,1866.315,upstream,G5,G0005006
-14844,1867.654,1867.410,upstream,G5,G0005006
-15604,1867.654,1867.469,upstream,G5,G0005006
-16416,1867.654,1867.621,upstream,G5,G0005006
-16558,1867.654,1865.770,upstream,G5,G0005006
-17282,1867.654,1867.479,upstream,G5,G0005006
-3412,1867.654,1867.645,upstream,G5,G0005006
-5568,1867.654,1867.622,upstream,G5,G0005006
-5574,1867.654,1867.357,upstream,G5,G0005006
-6586,1867.654,1867.646,upstream,G5,G0005006
-6762,1867.654,1867.559,upstream,G5,G0005006
-7044,1867.654,1867.511,upstream,G5,G0005006
-7326,1867.654,1867.299,upstream,G5,G0005006
-9410,1867.654,1867.483,upstream,G5,G0005006
-2000000237,1867.662,1869.284,downstream,G76,G0076002
-1240,1867.921,1868.360,upstream,G5,G0005006
-12554,1868.360,1868.628,upstream,G5,G0005006
-16370,1868.498,1868.540,downstream,G5,G0005006
-2864,1868.628,1868.685,upstream,G5,G0005006
-2822,1868.685,1870.494,upstream,G5,G0005006
-12868,1869.066,1868.814,downstream,G5,G0005006
-3536,1869.066,1873.185,downstream,G5,G0005006
-3602,1869.066,1868.937,downstream,G5,G0005006
-2000000252,1869.284,1869.319,downstream,G76,G0076002
-2000000256,1869.319,1871.971,downstream,G76,G0076002
-17136,1870.494,1871.991,upstream,G5,G0005006
-13308,1871.960,1871.971,upstream,G5,G0005006
-1582,1871.971,1872.881,upstream,G5,G0005006
-2000000147,1871.971,1873.384,downstream,G76,G0076002
-4666,1871.991,1872.507,upstream,G5,G0005006
-3714,1872.216,1872.258,upstream,G5,G0005006
-9328,1872.881,1872.909,upstream,G5,G0005006
-16120,1872.909,1873.334,upstream,G5,G0005006
-16108,1873.185,1873.193,downstream,G5,G0005006
-6160,1873.193,1875.071,downstream,G5,G0005006
-4356,1873.334,1873.358,upstream,G5,G0005006
-11210,1873.358,1873.603,upstream,G5,G0005006
-2000000006,1873.384,1873.423,downstream,G76,G0076002
-2000000007,1873.423,1873.504,downstream,G76,G0076002
-2000000341,1873.504,1873.671,downstream,G76,G0076002
-13704,1873.603,1873.621,upstream,G5,G0005006
-6204,1873.621,1875.057,upstream,G5,G0005006
-2000000342,1873.671,1873.788,downstream,G76,G0076002
-2000000345,1873.788,1873.807,downstream,G76,G0076002
-2000000008,1873.807,1874.397,downstream,G76,G0076002
-2000000024,1874.397,1875.266,downstream,G76,G0076002
-11258,1875.057,1875.070,upstream,G5,G0005006
-16798,1875.071,1875.088,downstream,G5,G0005006
-12616,1875.088,1875.190,downstream,G5,G0005006
-4586,1875.190,1875.735,downstream,G5,G0005006
-12974,1875.735,1876.133,downstream,G5,G0005006
-9766,1876.133,1878.698,downstream,G5,G0005006
-2000000148,1877.224,1875.815,upstream,G76,G0076002
-2000000181,1877.224,1877.167,upstream,G76,G0076002
-2000000182,1877.224,1874.706,upstream,G76,G0076002
-2000000184,1877.224,1876.920,upstream,G76,G0076002
-2000000185,1877.224,1874.566,upstream,G76,G0076002
-2000000228,1877.224,1877.113,upstream,G76,G0076002
-2000000231,1877.224,1877.103,upstream,G76,G0076002
-2000000232,1877.224,1874.690,upstream,G76,G0076002
-2000000238,1877.224,1877.170,upstream,G76,G0076002
-2000000239,1877.224,1877.165,upstream,G76,G0076002
-2000000253,1877.224,1875.857,upstream,G76,G0076002
-2000000254,1877.224,1876.840,upstream,G76,G0076002
-2000000255,1877.224,1877.190,upstream,G76,G0076002
-2000000343,1877.224,1877.058,upstream,G76,G0076002
-2000000344,1877.224,1876.942,upstream,G76,G0076002
-2000000352,1877.224,1873.559,upstream,G76,G0076002
-2000000353,1877.224,1877.449,downstream,G76,G0076002
-2000000354,1877.449,1877.480,downstream,G76,G0076002
-2000000137,1877.480,1877.669,downstream,G76,G0076002
-2000000138,1877.669,1882.040,downstream,G76,G0076002
-13658,1878.137,1877.907,upstream,G5,G0005006
-14678,1878.137,1878.110,upstream,G5,G0005006
-14754,1878.137,1878.021,upstream,G5,G0005006
-1926,1878.137,1880.028,upstream,G5,G0005006
-4564,1878.137,1876.494,upstream,G5,G0005006
-7310,1878.137,1878.106,upstream,G5,G0005006
-3354,1878.698,1880.828,downstream,G5,G0005006
-6974,1880.028,1882.587,upstream,G5,G0005006
-12950,1880.828,1880.963,downstream,G5,G0005006
-2000000125,1882.040,1882.530,downstream,G76,G0076002
-2000000401,1882.530,1883.634,downstream,G76,G0076002
-2012,1882.587,1882.973,upstream,G5,G0005006
-2696,1882.973,1883.399,upstream,G5,G0005006
-2000000398,1883.634,1883.728,downstream,G76,G0076002
-2000000139,1883.728,1883.953,downstream,G76,G0076002
-2000000168,1883.952,1883.925,upstream,G76,G0076002
-2000000169,1883.952,1884.317,downstream,G76,G0076002
-2000000140,1883.953,1884.207,downstream,G76,G0076002
-2000000141,1884.207,1884.230,downstream,G76,G0076002
-2000000142,1884.230,1884.307,downstream,G76,G0076002
-2000000129,1884.307,1884.567,downstream,G76,G0076002
-2000000170,1884.317,1884.564,downstream,G76,G0076002
-11864,1884.497,1884.467,downstream,G5,G0005006
-11946,1884.497,1883.879,downstream,G5,G0005006
-12858,1884.497,1883.281,downstream,G5,G0005006
-15460,1884.497,1891.746,downstream,G5,G0005006
-1984,1884.497,1884.328,downstream,G5,G0005006
-2182,1884.497,1884.459,downstream,G5,G0005006
-4006,1884.497,1884.467,downstream,G5,G0005006
-5772,1884.497,1883.640,downstream,G5,G0005006
-8636,1884.497,1884.087,downstream,G5,G0005006
-2000000171,1884.564,1884.851,downstream,G76,G0076002
-2000000130,1884.567,1884.677,downstream,G76,G0076002
-2000000131,1884.677,1885.340,downstream,G76,G0076002
-2000000132,1885.340,1888.051,downstream,G76,G0076002
-2000000320,1888.051,1888.096,downstream,G76,G0076002
-2000000196,1888.096,1891.184,downstream,G76,G0076002
-10400,1889.324,1896.664,upstream,G5,G0005006
-2786,1889.324,1888.713,upstream,G5,G0005006
-12980,1890.948,1900.270,upstream,G5,G0005006
-16258,1890.948,1890.683,upstream,G5,G0005006
-6314,1890.948,1890.919,upstream,G5,G0005006
-7026,1891.746,1892.495,downstream,G5,G0005006
-8052,1892.472,1896.360,downstream,G5,G0005006
-716,1893.945,1897.910,upstream,G5,G0005006
-4370,1896.360,1896.807,downstream,G5,G0005006
-884,1896.664,1896.701,upstream,G5,G0005006
-8600,1896.701,1897.326,upstream,G5,G0005006
-14448,1896.925,1906.359,downstream,G5,G0005006
-3438,1897.326,1897.498,upstream,G5,G0005006
-8900,1897.498,1898.352,upstream,G5,G0005006
-9396,1900.270,1900.749,upstream,G5,G0005006
-14312,1905.916,1904.974,upstream,G5,G0005006
-16860,1905.916,1911.464,upstream,G5,G0005006
-17196,1905.916,1902.079,upstream,G5,G0005006
-10756,1906.359,1906.391,downstream,G5,G0005006
-2976,1906.391,1906.650,downstream,G5,G0005006
-3170,1907.001,1916.417,downstream,G5,G0005006
-6010,1907.001,1906.948,downstream,G5,G0005006
-6554,1907.001,1906.740,downstream,G5,G0005006
-1368,1911.464,1911.845,upstream,G5,G0005006
-8820,1911.845,1911.893,upstream,G5,G0005006
-6038,1916.417,1917.561,downstream,G5,G0005006
-14338,1917.913,1917.684,downstream,G5,G0005006
-5980,1917.913,1927.232,downstream,G5,G0005006
-1318,1921.562,1931.059,upstream,G5,G0005006
-13466,1921.562,1921.542,upstream,G5,G0005006
-610,1921.562,1921.537,upstream,G5,G0005006
-1916,1927.232,1927.384,downstream,G5,G0005006
-7468,1927.384,1927.405,downstream,G5,G0005006
-10894,1927.930,1927.825,downstream,G5,G0005006
-3968,1927.930,1927.786,downstream,G5,G0005006
-4752,1927.930,1929.225,downstream,G5,G0005006
-6292,1927.930,1927.701,downstream,G5,G0005006
-12010,1928.209,1927.644,upstream,G5,G0005006
-15366,1928.209,1927.749,upstream,G5,G0005006
-2694,1928.209,1929.512,upstream,G5,G0005006
-8276,1929.225,1929.728,downstream,G5,G0005006
-2554,1929.512,1929.623,upstream,G5,G0005006
-3878,1929.623,1929.805,upstream,G5,G0005006
-4416,1929.728,1930.216,downstream,G5,G0005006
-8846,1929.805,1929.960,upstream,G5,G0005006
-10858,1930.095,1929.701,upstream,G5,G0005006
-2780,1930.095,1929.678,upstream,G5,G0005006
-5218,1930.095,1931.010,upstream,G5,G0005006
-5322,1930.095,1929.727,upstream,G5,G0005006
-5396,1930.095,1926.657,upstream,G5,G0005006
-802,1930.095,1929.963,upstream,G5,G0005006
-8710,1930.095,1930.032,upstream,G5,G0005006
-10098,1930.549,1930.299,downstream,G5,G0005006
-12208,1930.549,1931.421,downstream,G5,G0005006
-14394,1930.549,1930.524,downstream,G5,G0005006
-7700,1931.010,1931.455,upstream,G5,G0005006
-914,1931.059,1931.363,upstream,G5,G0005006
-10514,1931.421,1932.083,downstream,G5,G0005006
-5774,1931.455,1931.482,upstream,G5,G0005006
-8584,1932.083,1932.477,downstream,G5,G0005006
-2200,1932.477,1932.857,downstream,G5,G0005006
-15306,1932.857,1936.279,downstream,G5,G0005006
-7090,1936.279,1936.342,downstream,G5,G0005006
-12722,1936.342,1936.479,downstream,G5,G0005006
-17396,1936.479,1936.543,downstream,G5,G0005006
-13150,1938.011,1937.685,downstream,G5,G0005006
-16198,1938.011,1937.393,downstream,G5,G0005006
-17394,1938.011,1937.847,downstream,G5,G0005006
-2698,1938.011,1939.109,downstream,G5,G0005006
-5594,1938.011,1937.912,downstream,G5,G0005006
-5628,1938.011,1937.935,downstream,G5,G0005006
-9472,1938.011,1937.890,downstream,G5,G0005006
-14932,1938.223,1938.059,upstream,G5,G0005006
-15482,1938.223,1938.196,upstream,G5,G0005006
-4180,1938.223,1938.083,upstream,G5,G0005006
-4864,1938.223,1939.299,upstream,G5,G0005006
-8470,1938.223,1938.115,upstream,G5,G0005006
-13274,1939.109,1939.243,downstream,G5,G0005006
-2542,1939.243,1939.543,downstream,G5,G0005006
-12698,1939.299,1939.400,upstream,G5,G0005006
-6000,1939.400,1939.738,upstream,G5,G0005006
-12186,1939.543,1939.567,downstream,G5,G0005006
-4402,1939.567,1939.711,downstream,G5,G0005006
-1460,1939.738,1939.815,upstream,G5,G0005006
-7038,1939.815,1940.440,upstream,G5,G0005006
-2158,1940.440,1940.560,upstream,G5,G0005006
-11854,1940.560,1940.717,upstream,G5,G0005006
-1428,1940.717,1940.778,upstream,G5,G0005006
-13216,1940.926,1940.449,downstream,G5,G0005006
-13880,1940.926,1940.614,downstream,G5,G0005006
-1704,1940.926,1940.627,downstream,G5,G0005006
-3954,1940.926,1940.913,downstream,G5,G0005006
-586,1940.926,1942.825,downstream,G5,G0005006
-9582,1940.926,1940.884,downstream,G5,G0005006
-1046,1942.089,1944.009,upstream,G5,G0005006
-11028,1942.089,1942.040,upstream,G5,G0005006
-11950,1942.089,1941.928,upstream,G5,G0005006
-12772,1942.089,1941.888,upstream,G5,G0005006
-13936,1942.946,1943.094,downstream,G5,G0005006
-4486,1943.094,1943.141,downstream,G5,G0005006
-5532,1943.141,1943.229,downstream,G5,G0005006
-2932,1943.229,1943.343,downstream,G5,G0005006
-12298,1943.704,1943.845,upstream,G5,G0005006
-10344,1943.743,1943.618,upstream,G5,G0005006
-11756,1943.743,1943.704,upstream,G5,G0005006
-12300,1943.743,1943.734,upstream,G5,G0005006
-12362,1943.743,1942.679,upstream,G5,G0005006
-13908,1943.743,1943.653,upstream,G5,G0005006
-14134,1943.743,1943.472,upstream,G5,G0005006
-15372,1943.743,1943.230,upstream,G5,G0005006
-15748,1943.743,1943.658,upstream,G5,G0005006
-17052,1943.743,1943.689,upstream,G5,G0005006
-3328,1943.743,1943.743,upstream,G5,G0005006
-3594,1943.743,1945.372,upstream,G5,G0005006
-5290,1943.743,1943.743,upstream,G5,G0005006
-5604,1943.743,1943.585,upstream,G5,G0005006
-5634,1943.743,1943.717,upstream,G5,G0005006
-8378,1943.743,1943.398,upstream,G5,G0005006
-9490,1943.743,1943.502,upstream,G5,G0005006
-3160,1943.845,1943.931,upstream,G5,G0005006
-9200,1943.931,1943.960,upstream,G5,G0005006
-6174,1943.960,1944.102,upstream,G5,G0005006
-12004,1944.009,1944.051,upstream,G5,G0005006
-13392,1944.051,1944.361,upstream,G5,G0005006
-4644,1944.102,1944.186,upstream,G5,G0005006
-4636,1944.186,1944.831,upstream,G5,G0005006
-4242,1944.361,1944.374,upstream,G5,G0005006
-13886,1944.374,1944.849,upstream,G5,G0005006
-10818,1944.548,1943.988,downstream,G5,G0005006
-12016,1944.548,1943.921,downstream,G5,G0005006
-15712,1944.548,1944.527,downstream,G5,G0005006
-5840,1944.548,1946.437,downstream,G5,G0005006
-9330,1944.831,1944.960,upstream,G5,G0005006
-15014,1944.849,1945.255,upstream,G5,G0005006
-16590,1944.960,1945.026,upstream,G5,G0005006
-14772,1945.026,1945.232,upstream,G5,G0005006
-8586,1945.232,1945.852,upstream,G5,G0005006
-8308,1945.372,1945.390,upstream,G5,G0005006
-7932,1945.390,1945.949,upstream,G5,G0005006
-9518,1945.949,1946.609,upstream,G5,G0005006
-3216,1946.437,1946.638,downstream,G5,G0005006
-1128,1946.638,1946.702,downstream,G5,G0005006
-4234,1946.702,1946.772,downstream,G5,G0005006
-6068,1946.772,1946.808,downstream,G5,G0005006
-8072,1946.808,1946.899,downstream,G5,G0005006
-1224,1946.899,1946.922,downstream,G5,G0005006
-12508,1946.922,1946.960,downstream,G5,G0005006
-10406,1947.038,1946.815,upstream,G5,G0005007
-10488,1947.038,1946.779,upstream,G5,G0005007
-11610,1947.038,1946.838,upstream,G5,G0005007
-12642,1947.038,1946.892,upstream,G5,G0005007
-13066,1947.038,1946.550,upstream,G5,G0005007
-1320,1947.038,1946.065,upstream,G5,G0005007
-14384,1947.038,1946.912,upstream,G5,G0005007
-15600,1947.038,1946.825,upstream,G5,G0005007
-15906,1947.038,1946.680,upstream,G5,G0005007
-16552,1947.038,1946.905,upstream,G5,G0005007
-16780,1947.038,1946.940,upstream,G5,G0005007
-16814,1947.038,1946.962,upstream,G5,G0005007
-3832,1947.038,1946.575,upstream,G5,G0005007
-4452,1947.038,1945.837,upstream,G5,G0005007
-6016,1947.038,1946.978,upstream,G5,G0005007
-6628,1947.038,1944.774,upstream,G5,G0005007
-6778,1947.038,1946.923,upstream,G5,G0005007
-704,1947.038,1951.453,upstream,G5,G0005007
-9162,1947.038,1946.849,upstream,G5,G0005007
-9432,1947.038,1946.715,upstream,G5,G0005007
-9516,1947.038,1946.736,upstream,G5,G0005007
-970,1947.038,1946.316,upstream,G5,G0005007
-14008,1949.084,1949.486,downstream,G5,G0005007
-15496,1949.084,1948.876,downstream,G5,G0005007
-2318,1949.084,1949.062,downstream,G5,G0005007
-3154,1949.084,1949.011,downstream,G5,G0005007
-3858,1949.084,1948.763,downstream,G5,G0005007
-7878,1949.084,1948.262,downstream,G5,G0005007
-8548,1949.084,1948.568,downstream,G5,G0005007
-9486,1949.084,1948.957,downstream,G5,G0005007
-15776,1949.386,1949.787,upstream,G5,G0005007
-15920,1949.386,1948.581,upstream,G5,G0005007
-6172,1949.386,1949.252,upstream,G5,G0005007
-11200,1949.486,1949.609,downstream,G5,G0005007
-12100,1949.609,1949.881,downstream,G5,G0005007
-14780,1949.787,1949.809,upstream,G5,G0005007
-1300,1949.809,1950.639,upstream,G5,G0005007
-7254,1949.881,1950.554,downstream,G5,G0005007
-7524,1950.639,1950.767,upstream,G5,G0005007
-9032,1950.767,1951.279,upstream,G5,G0005007
-17254,1950.868,1955.272,downstream,G5,G0005007
-5694,1950.868,1950.700,downstream,G5,G0005007
-6458,1950.868,1950.743,downstream,G5,G0005007
-11920,1951.279,1951.348,upstream,G5,G0005007
-16130,1951.348,1951.738,upstream,G5,G0005007
-8124,1951.453,1951.581,upstream,G5,G0005007
-11886,1951.581,1951.655,upstream,G5,G0005007
-874,1951.655,1951.893,upstream,G5,G0005007
-9998,1951.738,1951.918,upstream,G5,G0005007
-4842,1955.272,1955.569,downstream,G5,G0005007
-11346,1955.569,1956.774,downstream,G5,G0005007
-6608,1956.774,1959.050,downstream,G5,G0005007
-3030,1959.050,1959.313,downstream,G5,G0005007
-3668,1959.313,1959.637,downstream,G5,G0005007
-3906,1959.637,1959.776,downstream,G5,G0005007
-8328,1959.776,1959.947,downstream,G5,G0005007
-8368,1959.947,1960.040,downstream,G5,G0005007
-10190,1960.040,1960.250,downstream,G5,G0005007
-8682,1960.250,1960.413,downstream,G5,G0005007
-6402,1960.413,1960.510,downstream,G5,G0005007
-16226,1960.510,1960.624,downstream,G5,G0005007
-13010,1960.624,1960.803,downstream,G5,G0005007
-4706,1960.803,1960.825,downstream,G5,G0005007
-8844,1960.825,1960.973,downstream,G5,G0005007
-10646,1960.973,1961.464,downstream,G5,G0005007
-11668,1961.464,1961.849,downstream,G5,G0005007
-6780,1961.849,1962.541,downstream,G5,G0005007
-11686,1971.783,1971.620,downstream,G5,G0005007
-11804,1971.783,1971.659,downstream,G5,G0005007
-12076,1971.783,1971.528,downstream,G5,G0005007
-12740,1971.783,1971.465,downstream,G5,G0005007
-13462,1971.783,1971.378,downstream,G5,G0005007
-13914,1971.783,1970.853,downstream,G5,G0005007
-13940,1971.783,1971.562,downstream,G5,G0005007
-14964,1971.783,1970.784,downstream,G5,G0005007
-15720,1971.783,1970.117,downstream,G5,G0005007
-2506,1971.783,1971.669,downstream,G5,G0005007
-4320,1971.783,1971.033,downstream,G5,G0005007
-4640,1971.783,1971.323,downstream,G5,G0005007
-624,1971.783,1971.536,downstream,G5,G0005007
-7788,1971.783,1971.700,downstream,G5,G0005007
-8802,1971.783,1970.841,downstream,G5,G0005007
-8910,1971.783,1971.448,downstream,G5,G0005007
-892,1971.783,1971.558,downstream,G5,G0005007
-9066,1971.783,1970.599,downstream,G5,G0005007
-9728,1971.783,1972.622,downstream,G5,G0005007
-14486,1972.622,1972.919,downstream,G5,G0005007
-15880,1972.919,1972.953,downstream,G5,G0005007
-11460,1972.953,1972.999,downstream,G5,G0005007
-10136,1973.044,1972.940,upstream,G5,G0005007
-11936,1973.044,1972.600,upstream,G5,G0005007
-12644,1973.044,1972.968,upstream,G5,G0005007
-13152,1973.044,1972.815,upstream,G5,G0005007
-14406,1973.044,1971.341,upstream,G5,G0005007
-14610,1973.044,1972.593,upstream,G5,G0005007
-15728,1973.044,1972.443,upstream,G5,G0005007
-17412,1973.044,1972.945,upstream,G5,G0005007
-4624,1973.044,1972.788,upstream,G5,G0005007
-4772,1973.044,1973.008,upstream,G5,G0005007
-4986,1973.044,1972.643,upstream,G5,G0005007
-5246,1973.044,1973.000,upstream,G5,G0005007
-7228,1973.044,1972.448,upstream,G5,G0005007
-816,1973.044,1974.206,upstream,G5,G0005007
-9440,1973.044,1972.796,upstream,G5,G0005007
-9644,1973.044,1972.962,upstream,G5,G0005007
-11562,1973.725,1973.155,downstream,G5,G0005007
-17356,1973.725,1973.520,downstream,G5,G0005007
-6256,1973.725,1974.865,downstream,G5,G0005007
-8442,1973.725,1973.701,downstream,G5,G0005007
-960,1974.206,1974.682,upstream,G5,G0005007
-12596,1974.682,1974.701,upstream,G5,G0005007
-16184,1974.701,1974.930,upstream,G5,G0005007
-974,1974.865,1975.263,downstream,G5,G0005007
-14634,1974.930,1974.948,upstream,G5,G0005007
-10442,1974.948,1974.988,upstream,G5,G0005007
-8024,1974.988,1975.683,upstream,G5,G0005007
-13440,1975.263,1975.343,downstream,G5,G0005007
-10270,1975.343,1975.611,downstream,G5,G0005007
-13510,1975.611,1975.685,downstream,G5,G0005007
-2688,1975.683,1976.197,upstream,G5,G0005007
-15990,1975.685,1976.134,downstream,G5,G0005007
-7952,1976.134,1976.593,downstream,G5,G0005007
-9552,1976.197,1977.836,upstream,G5,G0005007
-13322,1976.593,1976.852,downstream,G5,G0005007
-7056,1976.852,1976.893,downstream,G5,G0005007
-11634,1976.893,1976.971,downstream,G5,G0005007
-10904,1976.971,1977.006,downstream,G5,G0005007
-16680,1977.006,1977.598,downstream,G5,G0005007
-14930,1977.836,1978.092,upstream,G5,G0005007
-13036,1978.092,1978.416,upstream,G5,G0005007
-9372,1978.416,1978.583,upstream,G5,G0005007
-13934,1978.583,1979.776,upstream,G5,G0005007
-11688,1979.776,1979.894,upstream,G5,G0005007
-5974,1979.894,1980.870,upstream,G5,G0005007
-10608,1980.870,1981.153,upstream,G5,G0005007
-16240,1981.153,1981.561,upstream,G5,G0005007
-7670,1981.561,1981.783,upstream,G5,G0005007
-9668,1981.783,1981.826,upstream,G5,G0005007
-15890,1981.826,1982.077,upstream,G5,G0005007
-10044,1982.031,1982.400,downstream,G5,G0005007
-11954,1982.031,1980.350,downstream,G5,G0005007
-14530,1982.031,1981.815,downstream,G5,G0005007
-14950,1982.031,1981.799,downstream,G5,G0005007
-15708,1982.031,1981.606,downstream,G5,G0005007
-16612,1982.031,1981.911,downstream,G5,G0005007
-16972,1982.031,1981.734,downstream,G5,G0005007
-17316,1982.031,1981.508,downstream,G5,G0005007
-3178,1982.031,1981.430,downstream,G5,G0005007
-4642,1982.031,1981.908,downstream,G5,G0005007
-5166,1982.031,1981.981,downstream,G5,G0005007
-7264,1982.031,1981.983,downstream,G5,G0005007
-14744,1982.077,1982.877,upstream,G5,G0005007
-968,1982.400,1982.600,downstream,G5,G0005007
-1126,1982.600,1982.814,downstream,G5,G0005007
-4260,1982.814,1983.001,downstream,G5,G0005007
-10516,1982.877,1982.987,upstream,G5,G0005007
-2260,1983.000,1982.800,upstream,G5,G0005007
-7208,1983.200,1983.000,upstream,G5,G0005007
-1086,1983.407,1983.283,downstream,G5,G0005007
-14128,1983.407,1983.294,downstream,G5,G0005007
-16470,1983.407,1983.579,downstream,G5,G0005007
-10028,1983.438,1983.102,upstream,G5,G0005007
-10380,1983.438,1983.193,upstream,G5,G0005007
-10852,1983.438,1983.139,upstream,G5,G0005007
-12388,1983.438,1983.174,upstream,G5,G0005007
-1246,1983.438,1983.368,upstream,G5,G0005007
-13690,1983.438,1983.209,upstream,G5,G0005007
-1396,1983.438,1983.236,upstream,G5,G0005007
-14388,1983.438,1983.070,upstream,G5,G0005007
-16878,1983.438,1983.414,upstream,G5,G0005007
-1894,1983.438,1983.228,upstream,G5,G0005007
-3346,1983.438,1983.340,upstream,G5,G0005007
-3380,1983.438,1983.284,upstream,G5,G0005007
-3712,1983.438,1983.343,upstream,G5,G0005007
-5384,1983.438,1983.611,upstream,G5,G0005007
-5420,1983.438,1983.309,upstream,G5,G0005007
-584,1983.438,1979.843,upstream,G5,G0005007
-7002,1983.438,1983.362,upstream,G5,G0005007
-7354,1983.438,1983.191,upstream,G5,G0005007
-7886,1983.438,1983.200,upstream,G5,G0005007
-8348,1983.438,1982.360,upstream,G5,G0005007
-8354,1983.438,1983.409,upstream,G5,G0005007
-9794,1983.438,1982.892,upstream,G5,G0005007
-9862,1983.438,1983.353,upstream,G5,G0005007
-15144,1983.579,1983.783,downstream,G5,G0005007
-5358,1983.611,1983.734,upstream,G5,G0005007
-2518,1983.734,1983.821,upstream,G5,G0005007
-8546,1983.783,1983.808,downstream,G5,G0005007
-8964,1983.808,1984.046,downstream,G5,G0005007
-3348,1983.821,1984.031,upstream,G5,G0005007
-6424,1984.000,1983.800,upstream,G5,G0005007
-15610,1984.031,1984.243,upstream,G5,G0005007
-3876,1984.046,1984.129,downstream,G5,G0005007
-7914,1984.129,1984.280,downstream,G5,G0005007
-16454,1984.200,1984.000,upstream,G5,G0005007
-17364,1984.243,1984.444,upstream,G5,G0005007
-6194,1984.280,1984.351,downstream,G5,G0005007
-14866,1984.351,1984.902,downstream,G5,G0005007
-3148,1984.400,1984.200,upstream,G5,G0005007
-8384,1984.444,1984.508,upstream,G5,G0005007
-3186,1984.508,1984.777,upstream,G5,G0005007
-1560,1984.600,1984.400,upstream,G5,G0005007
-11662,1984.777,1985.375,upstream,G5,G0005007
-14500,1984.902,1984.934,downstream,G5,G0005007
-13396,1984.934,1985.137,downstream,G5,G0005007
-9850,1985.000,1984.800,upstream,G5,G0005007
-5876,1985.137,1985.254,downstream,G5,G0005007
-5506,1985.254,1988.804,downstream,G5,G0005007
-1584,1985.375,1985.468,upstream,G5,G0005007
-8172,1985.468,1985.699,upstream,G5,G0005007
-4960,1985.699,1985.817,upstream,G5,G0005007
-10662,1985.817,1985.865,upstream,G5,G0005007
-13432,1985.865,1986.278,upstream,G5,G0005007
-17436,1986.278,1986.490,upstream,G5,G0005007
-15328,1988.804,1989.167,downstream,G5,G0005007
-2094,1989.167,1989.486,downstream,G5,G0005007
-3740,1989.486,1989.621,downstream,G5,G0005007
-1662,1989.621,1989.848,downstream,G5,G0005007
-15894,1989.848,1990.142,downstream,G5,G0005007
-7454,1990.142,1990.240,downstream,G5,G0005007
-1776,1990.240,1991.328,downstream,G5,G0005007
-5806,1991.328,1991.629,downstream,G5,G0005007
-17324,1991.629,1991.856,downstream,G5,G0005007
-15302,1991.856,1991.953,downstream,G5,G0005007
-14402,1991.953,1992.050,downstream,G5,G0005007
-12216,1992.050,1992.200,downstream,G5,G0005007
-16160,1992.200,1992.350,downstream,G5,G0005007
-12734,1992.350,1992.500,downstream,G5,G0005007
-6142,1992.500,1992.650,downstream,G5,G0005007
-1082,2019.966,2019.402,upstream,G5,G0005007
-11412,2019.966,2019.929,upstream,G5,G0005007
-11704,2019.966,2019.933,upstream,G5,G0005007
-13688,2019.966,2019.887,upstream,G5,G0005007
-14258,2019.966,2019.545,upstream,G5,G0005007
-14374,2019.966,2019.785,upstream,G5,G0005007
-14864,2019.966,2019.794,upstream,G5,G0005007
-16706,2019.966,2019.712,upstream,G5,G0005007
-1820,2019.966,2019.692,upstream,G5,G0005007
-2956,2019.966,2019.771,upstream,G5,G0005007
-5542,2019.966,2019.926,upstream,G5,G0005007
-5682,2019.966,2019.493,upstream,G5,G0005007
-5710,2019.966,2019.720,upstream,G5,G0005007
-5912,2019.966,2019.886,upstream,G5,G0005007
-5972,2019.966,2019.740,upstream,G5,G0005007
-6766,2019.966,2019.885,upstream,G5,G0005007
-6790,2019.966,2020.262,downstream,G5,G0005007
-7904,2019.966,2019.558,upstream,G5,G0005007
-8882,2019.966,2019.805,upstream,G5,G0005007
-9364,2019.966,2020.262,downstream,G5,G0005007
-9700,2019.966,2019.361,upstream,G5,G0005007
-9810,2019.966,2019.873,upstream,G5,G0005007
-9900,2019.966,2019.586,upstream,G5,G0005007
-10636,2020.255,2020.073,upstream,G5,G0005007
-10694,2020.255,2020.021,upstream,G5,G0005007
-11822,2020.255,2019.512,upstream,G5,G0005007
-12014,2020.255,2019.719,upstream,G5,G0005007
-15504,2020.255,2020.449,downstream,G5,G0005007
-2232,2020.255,2018.841,upstream,G5,G0005007
-2346,2020.255,2018.718,upstream,G5,G0005007
-3076,2020.255,2019.849,upstream,G5,G0005007
-4050,2020.255,2020.203,upstream,G5,G0005007
-5618,2020.255,2019.722,upstream,G5,G0005007
-5958,2020.255,2019.914,upstream,G5,G0005007
-7012,2020.255,2019.637,upstream,G5,G0005007
-7276,2020.255,2020.104,upstream,G5,G0005007
-8838,2020.255,2020.042,upstream,G5,G0005007
-9770,2020.255,2019.967,upstream,G5,G0005007
-13536,2020.262,2021.251,downstream,G5,G0005007
-2444,2020.262,2020.341,downstream,G5,G0005007
-3666,2020.341,2020.514,downstream,G5,G0005007
-12318,2020.449,2020.532,downstream,G5,G0005007
-1870,2020.514,2020.884,downstream,G5,G0005007
-5810,2020.532,2020.828,downstream,G5,G0005007
-1452,2020.828,2021.311,downstream,G5,G0005007
-5932,2020.884,2021.038,downstream,G5,G0005007
-16584,2021.038,2021.787,downstream,G5,G0005007
-16308,2021.251,2021.840,downstream,G5,G0005007
-5582,2021.311,2021.393,downstream,G5,G0005007
-12674,2021.393,2021.882,downstream,G5,G0005007
-5152,2021.787,2022.285,downstream,G5,G0005007
-5550,2021.840,2022.078,downstream,G5,G0005007
-1898,2021.882,2021.882,downstream,G5,G0005007
-2060,2021.882,2022.090,downstream,G5,G0005007
-10228,2022.078,2022.222,downstream,G5,G0005007
-16316,2022.090,2022.133,downstream,G5,G0005007
-5170,2022.133,2022.173,downstream,G5,G0005007
-5966,2022.173,2022.360,downstream,G5,G0005007
-1448,2022.222,2022.496,downstream,G5,G0005007
-12452,2022.285,2022.519,downstream,G5,G0005007
-11282,2022.360,2022.437,downstream,G5,G0005007
-5804,2022.437,2022.516,downstream,G5,G0005007
-16474,2022.496,2022.930,downstream,G5,G0005007
-11138,2022.516,2022.902,downstream,G5,G0005007
-9034,2022.519,2022.631,downstream,G5,G0005007
-3054,2022.631,2022.749,downstream,G5,G0005007
-11054,2022.749,2022.923,downstream,G5,G0005007
-16136,2022.902,2023.117,downstream,G5,G0005007
-13448,2022.923,2023.234,downstream,G5,G0005007
-13280,2022.930,2023.013,downstream,G5,G0005007
-10258,2023.013,2023.366,downstream,G5,G0005007
-12116,2023.117,2023.488,downstream,G5,G0005007
-9962,2023.234,2023.848,downstream,G5,G0005007
-10014,2023.366,2023.440,downstream,G5,G0005007
-7380,2023.440,2023.744,downstream,G5,G0005007
-7382,2023.488,2023.692,downstream,G5,G0005007
-10474,2023.692,2024.088,downstream,G5,G0005007
-12940,2023.744,2024.088,downstream,G5,G0005007
-15192,2023.848,2024.028,downstream,G5,G0005007
-11448,2024.028,2024.258,downstream,G5,G0005007
-7092,2024.088,2024.165,downstream,G5,G0005007
-7236,2024.088,2024.262,downstream,G5,G0005007
-10730,2024.165,2024.207,downstream,G5,G0005007
-12500,2024.207,2024.303,downstream,G5,G0005007
-11466,2024.258,2024.308,downstream,G5,G0005007
-12536,2024.262,2024.491,downstream,G5,G0005007
-680,2024.303,2024.527,downstream,G5,G0005007
-600,2024.308,2025.729,downstream,G5,G0005007
-11400,2024.491,2024.636,downstream,G5,G0005007
-3790,2024.636,2024.763,downstream,G5,G0005007
-15100,2024.763,2024.977,downstream,G5,G0005007
-10868,2024.977,2025.089,downstream,G5,G0005007
-16556,2025.089,2025.309,downstream,G5,G0005007
-7892,2025.309,2025.521,downstream,G5,G0005007
-8758,2025.521,2025.760,downstream,G5,G0005007
-7772,2025.729,2026.266,downstream,G5,G0005007
-16254,2025.760,2026.103,downstream,G5,G0005007
-17072,2026.103,2026.545,downstream,G5,G0005007
-1886,2026.266,2027.813,downstream,G5,G0005007
-12754,2026.545,2026.689,downstream,G5,G0005007
-5182,2026.689,2026.816,downstream,G5,G0005007
-15576,2026.816,2027.011,downstream,G5,G0005007
-17424,2027.011,2027.162,downstream,G5,G0005007
-15214,2027.162,2027.341,downstream,G5,G0005007
-908,2027.341,2027.531,downstream,G5,G0005007
-13358,2027.531,2027.840,downstream,G5,G0005007
-12074,2027.813,2027.961,downstream,G5,G0005007
-9416,2027.840,2028.120,downstream,G5,G0005007
-6492,2028.120,2028.314,downstream,G5,G0005007
-1116,2028.314,2028.448,downstream,G5,G0005007
-2842,2028.448,2028.623,downstream,G5,G0005007
-2304,2028.623,2028.756,downstream,G5,G0005007
-6104,2028.756,2028.928,downstream,G5,G0005007
-8296,2028.928,2029.131,downstream,G5,G0005007
-15196,2029.131,2029.309,downstream,G5,G0005007
-6830,2029.309,2029.532,downstream,G5,G0005007
-4756,2029.532,2029.739,downstream,G5,G0005007
-6356,2029.739,2029.900,downstream,G5,G0005007
-9880,2029.900,2030.097,downstream,G5,G0005007
-666,2030.097,2030.295,downstream,G5,G0005007
-4502,2030.295,2030.467,downstream,G5,G0005007
-11842,2030.467,2030.673,downstream,G5,G0005007
-16034,2030.673,2030.951,downstream,G5,G0005007
-4890,2030.951,2031.087,downstream,G5,G0005007
-14720,2031.087,2031.320,downstream,G5,G0005007
-16268,2031.320,2031.520,downstream,G5,G0005007
-10956,2031.344,2031.565,downstream,G5,G0005007
-12978,2031.344,2030.995,upstream,G5,G0005007
-13716,2031.344,2031.235,upstream,G5,G0005007
-7384,2031.344,2031.221,upstream,G5,G0005007
-16942,2031.520,2031.731,downstream,G5,G0005007
-2586,2031.565,2031.585,downstream,G5,G0005007
-12540,2031.585,2031.618,downstream,G5,G0005007
-4576,2031.618,2031.733,downstream,G5,G0005007
-6478,2031.731,2031.902,downstream,G5,G0005007
-1278,2031.733,2031.871,downstream,G5,G0005007
-10310,2031.871,2031.951,downstream,G5,G0005007
-2388,2031.902,2032.189,downstream,G5,G0005007
-10318,2031.951,2032.079,downstream,G5,G0005007
-7696,2032.079,2032.198,downstream,G5,G0005007
-2926,2032.189,2032.394,downstream,G5,G0005007
-4386,2032.198,2034.014,downstream,G5,G0005007
-9148,2032.394,2032.688,downstream,G5,G0005007
-6040,2032.688,2032.876,downstream,G5,G0005007
-7508,2032.876,2033.069,downstream,G5,G0005007
-10212,2033.069,2033.316,downstream,G5,G0005007
-852,2033.316,2033.568,downstream,G5,G0005007
-13712,2033.568,2033.753,downstream,G5,G0005007
-9198,2033.753,2034.031,downstream,G5,G0005007
-3174,2034.014,2034.253,downstream,G5,G0005007
-12574,2034.031,2034.189,downstream,G5,G0005007
-2546,2034.189,2034.406,downstream,G5,G0005007
-2944,2034.253,2034.523,downstream,G5,G0005007
-12784,2034.406,2034.626,downstream,G5,G0005007
-606,2034.523,2034.801,downstream,G5,G0005007
-14450,2034.626,2034.854,downstream,G5,G0005007
-8842,2034.801,2034.848,downstream,G5,G0005007
-2044,2034.848,2035.179,downstream,G5,G0005007
-5638,2034.854,2035.091,downstream,G5,G0005007
-11844,2035.091,2035.295,downstream,G5,G0005007
-14586,2035.179,2035.330,downstream,G5,G0005007
-2222,2035.295,2035.498,downstream,G5,G0005007
-4074,2035.498,2035.654,downstream,G5,G0005007
-10378,2035.603,2035.332,upstream,G5,G0005007
-11598,2035.603,2035.325,upstream,G5,G0005007
-12090,2035.603,2035.490,upstream,G5,G0005007
-12262,2035.603,2035.555,upstream,G5,G0005007
-12284,2035.603,2035.570,upstream,G5,G0005007
-12468,2035.603,2033.924,upstream,G5,G0005007
-1272,2035.603,2035.302,upstream,G5,G0005007
-12744,2035.603,2035.975,downstream,G5,G0005007
-13068,2035.603,2035.555,upstream,G5,G0005007
-13850,2035.603,2035.583,upstream,G5,G0005007
-14230,2035.603,2035.426,upstream,G5,G0005007
-14594,2035.603,2035.271,upstream,G5,G0005007
-1524,2035.603,2035.475,upstream,G5,G0005007
-1652,2035.603,2035.539,upstream,G5,G0005007
-2758,2035.603,2035.263,upstream,G5,G0005007
-4276,2035.603,2032.542,upstream,G5,G0005007
-650,2035.603,2035.474,upstream,G5,G0005007
-9004,2035.603,2035.440,upstream,G5,G0005007
-934,2035.603,2035.369,upstream,G5,G0005007
-9876,2035.603,2035.502,upstream,G5,G0005007
-17012,2035.654,2036.127,downstream,G5,G0005007
-10106,2035.863,2035.466,upstream,G5,G0005007
-11838,2035.863,2035.395,upstream,G5,G0005007
-11846,2035.863,2035.223,upstream,G5,G0005007
-11850,2035.863,2034.454,upstream,G5,G0005007
-12288,2035.863,2034.467,upstream,G5,G0005007
-13102,2035.863,2035.117,upstream,G5,G0005007
-13136,2035.863,2034.353,upstream,G5,G0005007
-13896,2035.863,2035.714,upstream,G5,G0005007
-14670,2035.863,2035.815,upstream,G5,G0005007
-17050,2035.863,2035.555,upstream,G5,G0005007
-3134,2035.863,2035.964,downstream,G5,G0005007
-4526,2035.863,2035.750,upstream,G5,G0005007
-4940,2035.863,2035.569,upstream,G5,G0005007
-8634,2035.863,2035.739,upstream,G5,G0005007
-9616,2035.863,2035.838,upstream,G5,G0005007
-6380,2035.964,2036.358,downstream,G5,G0005007
-4546,2035.975,2036.075,downstream,G5,G0005007
-4036,2036.075,2036.103,downstream,G5,G0005007
-1836,2036.127,2036.296,downstream,G5,G0005007
-6996,2036.296,2036.521,downstream,G5,G0005007
-17090,2036.358,2039.429,downstream,G5,G0005007
-15904,2036.435,2036.653,downstream,G5,G0005007
-16594,2036.435,2036.152,upstream,G5,G0005007
-2798,2036.435,2036.390,upstream,G5,G0005007
-5514,2036.521,2036.745,downstream,G5,G0005007
-17414,2036.653,2036.781,downstream,G5,G0005007
-11212,2036.781,2037.182,downstream,G5,G0005007
-7684,2037.182,2037.500,downstream,G5,G0005007
-17288,2038.590,2037.954,upstream,G5,G0005007
-2978,2038.590,2038.161,upstream,G5,G0005007
-7094,2038.590,2040.140,downstream,G5,G0005007
-9220,2039.429,2039.496,downstream,G5,G0005007
-5662,2040.140,2041.495,downstream,G5,G0005007
-15762,2041.495,2041.551,downstream,G5,G0005007
-17078,2041.551,2042.953,downstream,G5,G0005007
-14236,2042.953,2042.980,downstream,G5,G0005007
-4328,2042.980,2043.728,downstream,G5,G0005007
-6866,2043.728,2045.737,downstream,G5,G0005007
-13400,2045.737,2049.262,downstream,G5,G0005007
-12576,2049.262,2050.854,downstream,G5,G0005007
-5160,2050.854,2051.795,downstream,G5,G0005007
-11636,2051.795,2052.004,downstream,G5,G0005007
-14004,2062.663,2061.313,upstream,G5,G0005007
-16600,2062.663,2061.112,upstream,G5,G0005007
-16930,2062.663,2061.428,upstream,G5,G0005007
-9574,2062.663,2062.807,downstream,G5,G0005007
-1592,2062.807,2062.864,downstream,G5,G0005007
-11068,2062.864,2063.109,downstream,G5,G0005007
-10122,2063.038,2062.717,upstream,G5,G0005007
-12008,2063.038,2064.239,downstream,G5,G0005007
-1412,2063.109,2063.296,downstream,G5,G0005007
-13450,2063.296,2064.218,downstream,G5,G0005007
-10302,2063.859,2063.581,upstream,G5,G0005007
-10350,2063.859,2062.030,upstream,G5,G0005007
-11186,2063.859,2063.702,upstream,G5,G0005007
-11618,2063.859,2062.667,upstream,G5,G0005007
-13586,2063.859,2062.737,upstream,G5,G0005007
-14994,2063.859,2063.804,upstream,G5,G0005007
-16778,2063.859,2063.918,downstream,G5,G0005007
-6596,2063.859,2062.931,upstream,G5,G0005007
-7410,2063.859,2063.722,upstream,G5,G0005007
-8370,2063.859,2060.474,upstream,G5,G0005007
-9740,2063.859,2062.532,upstream,G5,G0005007
-2712,2064.218,2066.049,downstream,G5,G0005007
-9792,2064.239,2065.808,downstream,G5,G0005007
-8788,2065.808,2067.046,downstream,G5,G0005007
-14050,2066.049,2067.381,downstream,G5,G0005007
-16208,2067.046,2068.800,downstream,G5,G0005007
-3908,2067.381,2068.508,downstream,G5,G0005007
-3720,2068.508,2068.664,downstream,G5,G0005007
-13380,2068.664,2068.717,downstream,G5,G0005007
-2258,2068.717,2072.116,downstream,G5,G0005007
-4680,2068.800,2070.037,downstream,G5,G0005007
-7500,2070.037,2071.833,downstream,G5,G0005007
-13046,2071.833,2072.119,downstream,G5,G0005007
-17070,2072.116,2074.458,downstream,G5,G0005007
-9316,2072.119,2074.280,downstream,G5,G0005007
-10126,2072.149,2071.983,upstream,G5,G0005007
-1146,2072.149,2071.940,upstream,G5,G0005007
-13794,2072.149,2071.849,upstream,G5,G0005007
-13860,2072.149,2071.990,upstream,G5,G0005007
-14518,2072.149,2072.072,upstream,G5,G0005007
-14576,2072.149,2071.862,upstream,G5,G0005007
-15444,2072.149,2070.305,upstream,G5,G0005007
-16692,2072.149,2072.040,upstream,G5,G0005007
-2180,2072.149,2071.811,upstream,G5,G0005007
-2642,2072.149,2072.104,upstream,G5,G0005007
-4048,2072.149,2071.964,upstream,G5,G0005007
-5156,2072.149,2071.148,upstream,G5,G0005007
-6736,2072.149,2069.986,upstream,G5,G0005007
-6984,2072.149,2069.554,upstream,G5,G0005007
-7448,2072.149,2071.465,upstream,G5,G0005007
-8132,2072.149,2072.431,downstream,G5,G0005007
-8484,2072.149,2072.024,upstream,G5,G0005007
-9442,2072.149,2072.044,upstream,G5,G0005007
-1680,2072.431,2074.242,downstream,G5,G0005007
-8206,2074.242,2075.477,downstream,G5,G0005007
-16378,2074.280,2074.509,downstream,G5,G0005007
-5482,2074.458,2076.054,downstream,G5,G0005007
-9310,2074.509,2074.650,downstream,G5,G0005007
-9322,2074.650,2075.332,downstream,G5,G0005007
-12676,2075.332,2075.405,downstream,G5,G0005007
-13798,2075.405,2078.069,downstream,G5,G0005007
-9936,2075.477,2077.228,downstream,G5,G0005007
-8866,2076.054,2079.572,downstream,G5,G0005007
-15370,2078.069,2078.326,downstream,G5,G0005007
-13778,2078.326,2078.481,downstream,G5,G0005007
-10414,2078.481,2078.588,downstream,G5,G0005007
-8380,2078.588,2078.782,downstream,G5,G0005007
-4942,2078.782,2078.875,downstream,G5,G0005007
-5926,2078.875,2080.776,downstream,G5,G0005007
-9340,2079.572,2081.588,downstream,G5,G0005007
-13488,2080.776,2081.024,downstream,G5,G0005007
-11712,2081.024,2081.397,downstream,G5,G0005007
-16146,2081.397,2081.475,downstream,G5,G0005007
-12274,2094.342,2094.073,upstream,G5,G0005007
-12294,2094.342,2094.142,upstream,G5,G0005007
-12688,2094.342,2094.120,upstream,G5,G0005007
-13088,2094.342,2094.059,upstream,G5,G0005007
-13110,2094.342,2094.055,upstream,G5,G0005007
-13214,2094.342,2093.389,upstream,G5,G0005007
-13482,2094.342,2092.859,upstream,G5,G0005007
-13574,2094.342,2093.477,upstream,G5,G0005007
-14492,2094.342,2094.406,downstream,G5,G0005007
-14974,2094.342,2093.468,upstream,G5,G0005007
-15226,2094.342,2094.138,upstream,G5,G0005007
-15558,2094.342,2094.281,upstream,G5,G0005007
-16342,2094.342,2094.142,upstream,G5,G0005007
-3416,2094.342,2094.257,upstream,G5,G0005007
-3654,2094.342,2092.915,upstream,G5,G0005007
-5782,2094.342,2094.025,upstream,G5,G0005007
-5790,2094.342,2094.109,upstream,G5,G0005007
-5952,2094.342,2093.565,upstream,G5,G0005007
-6396,2094.342,2094.176,upstream,G5,G0005007
-6842,2094.342,2092.690,upstream,G5,G0005007
-7424,2094.342,2094.081,upstream,G5,G0005007
-8876,2094.342,2093.754,upstream,G5,G0005007
-15938,2094.406,2094.710,downstream,G5,G0005007
-9186,2094.727,2095.092,downstream,G5,G0005007
-6214,2095.092,2095.480,downstream,G5,G0005007
-9524,2095.480,2096.061,downstream,G5,G0005007
-15870,2096.061,2096.437,downstream,G5,G0005007
-7710,2096.437,2096.480,downstream,G5,G0005007
-10360,2114.293,2114.119,upstream,G5,G0005007
-11328,2114.293,2113.982,upstream,G5,G0005007
-12374,2114.293,2113.056,upstream,G5,G0005007
-12584,2114.293,2114.116,upstream,G5,G0005007
-12816,2114.293,2113.660,upstream,G5,G0005007
-13628,2114.293,2114.214,upstream,G5,G0005007
-15054,2114.293,2113.573,upstream,G5,G0005007
-16222,2114.293,2114.231,upstream,G5,G0005007
-2148,2114.293,2113.849,upstream,G5,G0005007
-3236,2114.293,2112.434,upstream,G5,G0005007
-3708,2114.293,2114.110,upstream,G5,G0005007
-4934,2114.293,2114.212,upstream,G5,G0005007
-5020,2114.293,2114.188,upstream,G5,G0005007
-5510,2114.293,2114.146,upstream,G5,G0005007
-7582,2114.293,2115.004,downstream,G5,G0005007
-7672,2114.293,2114.189,upstream,G5,G0005007
-778,2114.293,2113.302,upstream,G5,G0005007
-8458,2114.293,2114.023,upstream,G5,G0005007
-9116,2114.293,2113.709,upstream,G5,G0005007
-9402,2114.293,2111.396,upstream,G5,G0005007
-9584,2114.293,2114.078,upstream,G5,G0005007
-9772,2114.293,2112.608,upstream,G5,G0005007
-11250,2115.004,2115.399,downstream,G5,G0005007
-13338,2115.399,2115.429,downstream,G5,G0005007
-13710,2115.429,2115.514,downstream,G5,G0005007
-1636,2115.514,2118.520,downstream,G5,G0005007
-10072,2118.520,2122.188,downstream,G5,G0005007
-9072,2122.188,2122.303,downstream,G5,G0005007
-6852,2122.303,2122.509,downstream,G5,G0005007
-2278,2122.509,2122.546,downstream,G5,G0005007
-6268,2122.546,2123.348,downstream,G5,G0005007
-1018,2123.348,2123.412,downstream,G5,G0005007
-10842,2123.412,2123.904,downstream,G5,G0005007
-1404,2123.904,2124.003,downstream,G5,G0005007
-622,2124.003,2124.059,downstream,G5,G0005007
-16944,2124.059,2124.442,downstream,G5,G0005007
-10914,2131.340,2130.294,upstream,G5,G0005007
-11056,2131.340,2131.266,upstream,G5,G0005007
-11284,2131.340,2129.812,upstream,G5,G0005007
-11354,2131.340,2130.281,upstream,G5,G0005007
-11998,2131.340,2131.313,upstream,G5,G0005007
-12908,2131.340,2131.221,upstream,G5,G0005007
-14346,2131.340,2131.282,upstream,G5,G0005007
-16718,2131.340,2131.913,downstream,G5,G0005007
-2190,2131.340,2131.206,upstream,G5,G0005007
-5640,2131.340,2130.355,upstream,G5,G0005007
-6230,2131.340,2130.429,upstream,G5,G0005007
-6818,2131.340,2131.196,upstream,G5,G0005007
-7224,2131.340,2131.226,upstream,G5,G0005007
-9158,2131.340,2131.018,upstream,G5,G0005007
-9300,2131.340,2130.839,upstream,G5,G0005007
-6078,2131.913,2131.992,downstream,G5,G0005007
-3612,2132.000,2132.132,downstream,G5,G0005007
-14422,2132.132,2132.464,downstream,G5,G0005007
-12122,2132.464,2132.662,downstream,G5,G0005007
-13382,2132.662,2132.985,downstream,G5,G0005007
-5174,2132.985,2133.019,downstream,G5,G0005007
-16092,2133.019,2133.076,downstream,G5,G0005007
-10040,2133.062,2133.124,downstream,G5,G0005007
-11218,2133.062,2132.267,upstream,G5,G0005007
-13822,2133.062,2132.189,upstream,G5,G0005007
-14368,2133.062,2131.213,upstream,G5,G0005007
-14896,2133.062,2132.585,upstream,G5,G0005007
-16750,2133.062,2132.982,upstream,G5,G0005007
-2042,2133.062,2132.439,upstream,G5,G0005007
-2160,2133.062,2132.913,upstream,G5,G0005007
-3176,2133.062,2132.961,upstream,G5,G0005007
-4358,2133.062,2131.263,upstream,G5,G0005007
-4836,2133.062,2133.031,upstream,G5,G0005007
-5868,2133.062,2132.853,upstream,G5,G0005007
-6234,2133.062,2133.029,upstream,G5,G0005007
-7986,2133.062,2130.676,upstream,G5,G0005007
-9764,2133.062,2133.010,upstream,G5,G0005007
-8766,2133.076,2133.133,downstream,G5,G0005007
-6570,2133.124,2133.183,downstream,G5,G0005007
-16710,2133.133,2133.281,downstream,G5,G0005007
-8572,2133.183,2133.710,downstream,G5,G0005007
-10724,2133.281,2133.915,downstream,G5,G0005007
-2628,2133.710,2133.759,downstream,G5,G0005007
-15710,2133.759,2134.118,downstream,G5,G0005007
-16176,2133.915,2134.398,downstream,G5,G0005007
-7794,2134.118,2134.220,downstream,G5,G0005007
-6686,2134.220,2134.298,downstream,G5,G0005007
-10642,2134.298,2134.864,downstream,G5,G0005007
-13796,2134.398,2135.257,downstream,G5,G0005007
-830,2134.864,2134.895,downstream,G5,G0005007
-16000,2134.895,2134.938,downstream,G5,G0005007
-1970,2134.938,2136.053,downstream,G5,G0005007
-14444,2135.257,2135.290,downstream,G5,G0005007
-5334,2135.290,2135.341,downstream,G5,G0005007
-4508,2135.341,2135.422,downstream,G5,G0005007
-3862,2135.422,2137.802,downstream,G5,G0005007
-11402,2136.053,2136.137,downstream,G5,G0005007
-4342,2136.137,2137.076,downstream,G5,G0005007
-7664,2137.076,2137.531,downstream,G5,G0005007
-2336,2137.531,2139.075,downstream,G5,G0005007
-3432,2137.802,2137.835,downstream,G5,G0005007
-2904,2137.835,2138.627,downstream,G5,G0005007
-6212,2138.627,2138.724,downstream,G5,G0005007
-10720,2139.075,2140.062,downstream,G5,G0005007
-11352,2140.062,2140.203,downstream,G5,G0005007
-5018,2140.203,2140.324,downstream,G5,G0005007
-4734,2140.324,2140.384,downstream,G5,G0005007
-5330,2140.384,2141.440,downstream,G5,G0005007
-1052,2141.440,2141.571,downstream,G5,G0005007
-13692,2141.571,2141.896,downstream,G5,G0005007
-11874,2149.397,2149.246,upstream,G5,G0005007
-15068,2149.397,2149.132,upstream,G5,G0005007
-16608,2149.397,2147.157,upstream,G5,G0005007
-5724,2149.397,2147.660,upstream,G5,G0005007
-6936,2149.397,2150.187,downstream,G5,G0005007
-10554,2149.809,2150.556,downstream,G5,G0005007
-10686,2149.809,2147.958,upstream,G5,G0005007
-11286,2149.809,2147.695,upstream,G5,G0005007
-12482,2149.809,2149.419,upstream,G5,G0005007
-12876,2149.809,2149.747,upstream,G5,G0005007
-13924,2149.809,2149.767,upstream,G5,G0005007
-15108,2149.809,2149.618,upstream,G5,G0005007
-15872,2149.809,2149.455,upstream,G5,G0005007
-2162,2149.809,2149.068,upstream,G5,G0005007
-2974,2149.809,2149.352,upstream,G5,G0005007
-5168,2149.809,2148.943,upstream,G5,G0005007
-5994,2149.809,2149.729,upstream,G5,G0005007
-6034,2149.809,2148.030,upstream,G5,G0005007
-7220,2149.809,2149.718,upstream,G5,G0005007
-7450,2149.809,2148.740,upstream,G5,G0005007
-7890,2149.809,2149.721,upstream,G5,G0005007
-8134,2149.809,2149.659,upstream,G5,G0005007
-9520,2149.809,2149.127,upstream,G5,G0005007
-16880,2150.187,2150.266,downstream,G5,G0005007
-3814,2150.266,2152.379,downstream,G5,G0005007
-15534,2150.556,2152.796,downstream,G5,G0005007
-8908,2152.379,2152.440,downstream,G5,G0005007
-17260,2152.440,2153.184,downstream,G5,G0005007
-3742,2152.796,2153.048,downstream,G5,G0005007
-4522,2153.048,2153.197,downstream,G5,G0005007
-2210,2153.184,2154.248,downstream,G5,G0005007
-11798,2154.248,2154.948,downstream,G5,G0005007
-6226,2154.948,2155.388,downstream,G5,G0005007
-1004,2155.039,2150.851,upstream,G5,G0005007
-11168,2155.039,2154.939,upstream,G5,G0005007
-11336,2155.039,2154.247,upstream,G5,G0005007
-13758,2155.039,2154.657,upstream,G5,G0005007
-14044,2155.039,2155.017,upstream,G5,G0005007
-14702,2155.039,2152.157,upstream,G5,G0005007
-16384,2155.039,2154.435,upstream,G5,G0005007
-16840,2155.039,2155.013,upstream,G5,G0005007
-16862,2155.039,2154.994,upstream,G5,G0005007
-2972,2155.039,2155.016,upstream,G5,G0005007
-4012,2155.039,2154.989,upstream,G5,G0005007
-4092,2155.039,2154.847,upstream,G5,G0005007
-4966,2155.039,2154.992,upstream,G5,G0005007
-6642,2155.039,2154.986,upstream,G5,G0005007
-7994,2155.039,2154.916,upstream,G5,G0005007
-8182,2155.039,2154.541,upstream,G5,G0005007
-9068,2155.039,2159.461,downstream,G5,G0005007
-10582,2155.266,2156.987,downstream,G5,G0005007
-3286,2155.266,2155.197,upstream,G5,G0005007
-9232,2155.266,2155.211,upstream,G5,G0005007
-1100,2155.388,2155.476,downstream,G5,G0005007
-9422,2155.476,2156.347,downstream,G5,G0005007
-2392,2155.817,2156.253,downstream,G5,G0005007
-3812,2155.817,2155.376,upstream,G5,G0005007
-5378,2155.817,2154.042,upstream,G5,G0005007
-7404,2155.996,2157.266,downstream,G5,G0005007
-8520,2155.996,2155.940,upstream,G5,G0005007
-14130,2156.253,2156.291,downstream,G5,G0005007
-5548,2156.347,2156.433,downstream,G5,G0005007
-1258,2156.433,2156.826,downstream,G5,G0005007
-10364,2156.826,2156.867,downstream,G5,G0005007
-2892,2156.867,2157.200,downstream,G5,G0005007
-8672,2156.987,2157.078,downstream,G5,G0005007
-4184,2157.078,2157.115,downstream,G5,G0005007
-734,2157.115,2157.562,downstream,G5,G0005007
-10426,2157.200,2157.351,downstream,G5,G0005007
-12334,2157.266,2157.712,downstream,G5,G0005007
-8574,2157.562,2157.995,downstream,G5,G0005007
-10234,2157.639,2157.569,upstream,G5,G0005007
-1342,2157.639,2158.388,downstream,G5,G0005007
-4178,2158.388,2158.416,downstream,G5,G0005007
-12230,2158.631,2163.056,downstream,G5,G0005007
-13780,2158.631,2158.583,upstream,G5,G0005007
-12902,2159.461,2159.510,downstream,G5,G0005007
-13616,2159.510,2159.716,downstream,G5,G0005007
-11420,2159.716,2160.207,downstream,G5,G0005007
-16446,2163.056,2163.100,downstream,G5,G0005007
-16580,2163.100,2165.989,downstream,G5,G0005007
-10282,2165.989,2166.039,downstream,G5,G0005007
-5302,2166.039,2166.535,downstream,G5,G0005007
-4164,2166.535,2166.558,downstream,G5,G0005007
-5760,2166.558,2166.679,downstream,G5,G0005007
-1818,2166.679,2166.703,downstream,G5,G0005007
-5014,2166.703,2166.893,downstream,G5,G0005007
-1398,2166.893,2166.919,downstream,G5,G0005007
-9760,2166.919,2166.973,downstream,G5,G0005007
-12618,2166.973,2167.335,downstream,G5,G0005007
-11896,2167.335,2171.543,downstream,G5,G0005007
-9358,2171.543,2171.643,downstream,G5,G0005007
-1324,2171.643,2172.243,downstream,G5,G0005007
-16080,2172.243,2172.292,downstream,G5,G0005007
-11144,2172.292,2173.089,downstream,G5,G0005007
-9716,2173.089,2173.563,downstream,G5,G0005007
-16386,2173.563,2173.884,downstream,G5,G0005007
-10016,2173.884,2173.932,downstream,G5,G0005007
-4758,2173.932,2174.675,downstream,G5,G0005007
-11196,2211.352,2211.623,downstream,G5,G0005008
-1186,2211.352,2211.274,upstream,G5,G0005008
-12006,2211.352,2211.306,upstream,G5,G0005008
-16260,2211.352,2210.493,upstream,G5,G0005008
-7780,2211.352,2211.325,upstream,G5,G0005008
-16362,2211.623,2211.651,downstream,G5,G0005008
-6680,2211.651,2211.781,downstream,G5,G0005008
-8254,2211.781,2215.947,downstream,G5,G0005008
-12118,2215.947,2216.811,downstream,G5,G0005008
-15030,2216.811,2218.019,downstream,G5,G0005008
-12830,2218.019,2218.078,downstream,G5,G0005008
-10840,2218.078,2218.697,downstream,G5,G0005008
-3488,2218.697,2218.826,downstream,G5,G0005008
-17420,2218.826,2221.098,downstream,G5,G0005008
-10382,2219.128,2215.865,upstream,G5,G0005008
-1156,2219.128,2219.006,upstream,G5,G0005008
-1206,2219.128,2218.175,upstream,G5,G0005008
-12078,2219.128,2218.413,upstream,G5,G0005008
-12780,2219.128,2219.008,upstream,G5,G0005008
-14104,2219.128,2218.738,upstream,G5,G0005008
-1516,2219.128,2218.870,upstream,G5,G0005008
-16144,2219.128,2218.019,upstream,G5,G0005008
-2228,2219.128,2219.010,upstream,G5,G0005008
-6850,2219.128,2220.870,downstream,G5,G0005008
-12396,2219.201,2219.624,downstream,G5,G0005008
-10526,2219.624,2215.452,upstream,G5,G0005008
-10542,2219.624,2221.256,downstream,G5,G0005008
-11450,2219.624,2219.596,upstream,G5,G0005008
-11678,2219.624,2219.542,upstream,G5,G0005008
-11774,2219.624,2218.770,upstream,G5,G0005008
-13138,2219.624,2216.388,upstream,G5,G0005008
-13290,2219.624,2218.743,upstream,G5,G0005008
-13838,2219.624,2214.216,upstream,G5,G0005008
-1514,2219.624,2219.497,upstream,G5,G0005008
-16712,2219.624,2219.523,upstream,G5,G0005008
-4124,2219.624,2219.433,upstream,G5,G0005008
-4372,2219.624,2219.564,upstream,G5,G0005008
-6250,2219.624,2219.001,upstream,G5,G0005008
-6302,2219.624,2219.355,upstream,G5,G0005008
-7042,2219.624,2219.494,upstream,G5,G0005008
-718,2219.624,2218.439,upstream,G5,G0005008
-7920,2219.624,2219.598,upstream,G5,G0005008
-8310,2219.624,2218.987,upstream,G5,G0005008
-9182,2219.624,2219.519,upstream,G5,G0005008
-9192,2219.624,2217.359,upstream,G5,G0005008
-15072,2220.778,2221.250,downstream,G5,G0005008
-4798,2220.870,2221.509,downstream,G5,G0005008
-7272,2221.098,2221.211,downstream,G5,G0005008
-1694,2221.211,2224.425,downstream,G5,G0005008
-15646,2221.250,2224.834,downstream,G5,G0005008
-1528,2221.509,2226.904,downstream,G5,G0005008
-6902,2224.425,2224.853,downstream,G5,G0005008
-1622,2224.834,2224.952,downstream,G5,G0005008
-9612,2224.853,2225.594,downstream,G5,G0005008
-12398,2224.952,2225.358,downstream,G5,G0005008
-14686,2225.358,2226.293,downstream,G5,G0005008
-7178,2225.594,2225.642,downstream,G5,G0005008
-11530,2225.642,2225.963,downstream,G5,G0005008
-11914,2225.963,2226.442,downstream,G5,G0005008
-16916,2226.293,2226.368,downstream,G5,G0005008
-12994,2226.368,2227.501,downstream,G5,G0005008
-12094,2226.904,2227.101,downstream,G5,G0005008
-9922,2227.101,2227.197,downstream,G5,G0005008
-3896,2227.501,2227.638,downstream,G5,G0005008
-6606,2227.638,2227.885,downstream,G5,G0005008
-10890,2235.616,2234.011,upstream,G5,G0005008
-10940,2235.616,2235.560,upstream,G5,G0005008
-11390,2235.616,2235.557,upstream,G5,G0005008
-1458,2235.616,2235.572,upstream,G5,G0005008
-16498,2235.616,2235.583,upstream,G5,G0005008
-16678,2235.616,2235.545,upstream,G5,G0005008
-17092,2235.616,2240.440,downstream,G5,G0005008
-4970,2235.616,2233.727,upstream,G5,G0005008
-9530,2235.616,2233.237,upstream,G5,G0005008
-9704,2235.616,2234.408,upstream,G5,G0005008
-1526,2238.968,2238.688,upstream,G5,G0005008
-5696,2238.968,2238.840,upstream,G5,G0005008
-9698,2238.968,2243.630,downstream,G5,G0005008
-15718,2240.440,2240.660,downstream,G5,G0005008
-6748,2240.660,2240.690,downstream,G5,G0005008
-15548,2240.778,2241.196,downstream,G5,G0005008
-5916,2240.778,2240.747,upstream,G5,G0005008
-14262,2241.196,2245.352,downstream,G5,G0005008
-2418,2241.264,2245.426,downstream,G5,G0005008
-3034,2241.264,2241.140,upstream,G5,G0005008
-3696,2241.264,2241.238,upstream,G5,G0005008
-8402,2241.264,2236.843,upstream,G5,G0005008
-4134,2243.630,2243.683,downstream,G5,G0005008
-7480,2243.683,2244.901,downstream,G5,G0005008
-15138,2244.901,2244.931,downstream,G5,G0005008
-13532,2244.931,2247.310,downstream,G5,G0005008
-768,2245.352,2245.378,downstream,G5,G0005008
-9636,2245.378,2249.803,downstream,G5,G0005008
-11050,2245.426,2245.834,downstream,G5,G0005008
-5010,2245.834,2245.866,downstream,G5,G0005008
-12880,2247.310,2247.381,downstream,G5,G0005008
-13050,2247.381,2248.987,downstream,G5,G0005008
-1198,2248.987,2249.040,downstream,G5,G0005008
-1922,2249.040,2250.926,downstream,G5,G0005008
-13858,2249.265,2247.543,upstream,G5,G0005008
-17030,2249.265,2248.849,upstream,G5,G0005008
-4728,2249.265,2254.260,downstream,G5,G0005008
-5910,2249.265,2249.228,upstream,G5,G0005008
-12210,2250.013,2250.165,downstream,G5,G0005008
-14748,2250.013,2249.885,upstream,G5,G0005008
-5624,2250.013,2249.939,upstream,G5,G0005008
-12988,2250.165,2250.166,downstream,G5,G0005008
-11344,2250.429,2250.215,upstream,G5,G0005008
-14290,2250.429,2255.308,downstream,G5,G0005008
-4148,2250.926,2250.969,downstream,G5,G0005008
-3312,2254.260,2254.404,downstream,G5,G0005008
-3018,2254.404,2254.465,downstream,G5,G0005008
-16344,2254.465,2254.567,downstream,G5,G0005008
-4280,2254.567,2254.647,downstream,G5,G0005008
-13134,2255.308,2257.031,downstream,G5,G0005008
-6670,2257.031,2257.459,downstream,G5,G0005008
-17168,2257.459,2257.491,downstream,G5,G0005008
-15034,2257.491,2257.616,downstream,G5,G0005008
-1056,2257.927,2256.769,upstream,G5,G0005008
-16346,2257.927,2258.042,downstream,G5,G0005008
-4024,2257.927,2257.898,upstream,G5,G0005008
-4898,2257.927,2257.405,upstream,G5,G0005008
-11040,2258.042,2258.109,downstream,G5,G0005008
-4724,2258.109,2258.234,downstream,G5,G0005008
-8516,2258.234,2258.356,downstream,G5,G0005008
-10972,2258.282,2258.157,upstream,G5,G0005008
-13346,2258.282,2258.218,upstream,G5,G0005008
-14034,2258.282,2258.165,upstream,G5,G0005008
-3372,2258.282,2259.723,downstream,G5,G0005008
-9710,2258.282,2258.043,upstream,G5,G0005008
-7204,2259.723,2259.752,downstream,G5,G0005008
-16364,2259.752,2261.600,downstream,G5,G0005008
-3870,2261.600,2261.664,downstream,G5,G0005008
-3518,2261.664,2262.432,downstream,G5,G0005008
-16764,2262.432,2262.923,downstream,G5,G0005008
-11716,2262.573,2263.313,downstream,G5,G0005008
-12714,2262.573,2260.965,upstream,G5,G0005008
-14408,2262.573,2262.563,upstream,G5,G0005008
-17076,2262.573,2262.437,upstream,G5,G0005008
-17334,2262.573,2258.861,upstream,G5,G0005008
-16166,2262.923,2263.539,downstream,G5,G0005008
-6042,2263.313,2263.590,downstream,G5,G0005008
-13680,2263.539,2265.146,downstream,G5,G0005008
-7070,2263.590,2264.362,downstream,G5,G0005008
-13752,2264.362,2264.422,downstream,G5,G0005008
-13334,2264.422,2266.275,downstream,G5,G0005008
-10590,2270.514,2270.288,upstream,G5,G0005009
-11824,2270.514,2270.468,upstream,G5,G0005009
-13000,2270.514,2267.068,upstream,G5,G0005009
-13772,2270.514,2268.721,upstream,G5,G0005009
-15658,2270.514,2270.383,upstream,G5,G0005009
-15926,2270.514,2270.413,upstream,G5,G0005009
-16310,2270.514,2270.087,upstream,G5,G0005009
-3080,2270.514,2270.261,upstream,G5,G0005009
-4418,2270.514,2270.179,upstream,G5,G0005009
-4474,2270.514,2270.481,upstream,G5,G0005009
-4732,2270.514,2275.982,downstream,G5,G0005009
-5676,2270.514,2270.154,upstream,G5,G0005009
-5878,2270.514,2266.314,upstream,G5,G0005009
-6240,2270.514,2270.510,upstream,G5,G0005009
-6760,2270.514,2270.425,upstream,G5,G0005009
-8730,2270.514,2270.472,upstream,G5,G0005009
-1378,2271.628,2271.616,upstream,G5,G0005008
-15114,2271.628,2274.508,downstream,G5,G0005008
-16004,2271.628,2271.496,upstream,G5,G0005008
-1616,2271.628,2267.916,upstream,G5,G0005008
-16252,2271.628,2271.615,upstream,G5,G0005008
-16898,2271.628,2271.616,upstream,G5,G0005008
-4648,2271.628,2270.105,upstream,G5,G0005008
-8962,2271.628,2270.603,upstream,G5,G0005008
-3404,2272.900,2275.705,downstream,G5,G0005008
-5356,2272.900,2272.639,upstream,G5,G0005008
-1188,2274.076,2274.916,downstream,G5,G0005008
-16122,2274.508,2274.720,downstream,G5,G0005008
-1108,2274.720,2274.805,downstream,G5,G0005008
-13344,2274.916,2274.952,downstream,G5,G0005008
-13360,2275.024,2274.524,upstream,G5,G0005009
-15458,2275.024,2274.728,upstream,G5,G0005009
-6440,2275.024,2280.505,downstream,G5,G0005009
-12728,2275.705,2277.227,downstream,G5,G0005008
-5820,2277.227,2277.240,downstream,G5,G0005008
-12932,2277.240,2278.265,downstream,G5,G0005008
-17378,2278.265,2278.277,downstream,G5,G0005008
-11166,2280.505,2280.596,downstream,G5,G0005009
-14208,2280.596,2280.952,downstream,G5,G0005009
-11370,2280.952,2281.169,downstream,G5,G0005009
-1468,2281.169,2284.613,downstream,G5,G0005009
-17172,2290.331,2290.611,downstream,G5,G0005009
-17450,2290.331,2289.900,upstream,G5,G0005009
-2216,2290.331,2290.199,upstream,G5,G0005009
-5496,2290.331,2290.285,upstream,G5,G0005009
-6290,2290.331,2286.077,upstream,G5,G0005009
-2320,2290.611,2290.646,downstream,G5,G0005009
-7378,2290.646,2291.125,downstream,G5,G0005009
-9414,2291.125,2292.460,downstream,G5,G0005009
-5644,2292.460,2292.502,downstream,G5,G0005009
-6978,2292.502,2292.754,downstream,G5,G0005009
-16440,2292.754,2292.855,downstream,G5,G0005009
-6888,2292.855,2293.523,downstream,G5,G0005009
-17238,2293.523,2293.613,downstream,G5,G0005009
-1534,2293.613,2296.345,downstream,G5,G0005009
-2464,2296.345,2296.424,downstream,G5,G0005009
-13130,2296.424,2297.314,downstream,G5,G0005009
-11488,2310.533,2308.713,upstream,G5,G0005009
-12516,2310.533,2310.467,upstream,G5,G0005009
-14514,2310.533,2306.453,upstream,G5,G0005009
-14920,2310.533,2311.816,downstream,G5,G0005009
-15264,2310.533,2309.743,upstream,G5,G0005009
-2452,2310.533,2310.430,upstream,G5,G0005009
-3464,2310.533,2310.134,upstream,G5,G0005009
-3482,2310.533,2310.452,upstream,G5,G0005009
-4818,2310.533,2308.776,upstream,G5,G0005009
-614,2310.533,2310.477,upstream,G5,G0005009
-8196,2310.533,2310.507,upstream,G5,G0005009
-8266,2310.533,2306.430,upstream,G5,G0005009
-10556,2311.765,2313.054,downstream,G5,G0005009
-11454,2311.765,2311.113,upstream,G5,G0005009
-13206,2311.765,2311.718,upstream,G5,G0005009
-13062,2311.816,2311.862,downstream,G5,G0005009
-13660,2311.862,2312.518,downstream,G5,G0005009
-14108,2313.054,2313.121,downstream,G5,G0005009
-10290,2313.121,2313.912,downstream,G5,G0005009
-10066,2313.508,2313.453,upstream,G5,G0005009
-10434,2313.508,2313.214,upstream,G5,G0005009
-10490,2313.508,2312.942,upstream,G5,G0005009
-10742,2313.508,2312.664,upstream,G5,G0005009
-11220,2313.508,2313.451,upstream,G5,G0005009
-11858,2313.508,2312.911,upstream,G5,G0005009
-12686,2313.508,2313.409,upstream,G5,G0005009
-13766,2313.508,2313.464,upstream,G5,G0005009
-15538,2313.508,2312.129,upstream,G5,G0005009
-2302,2313.508,2313.335,upstream,G5,G0005009
-3254,2313.508,2313.139,upstream,G5,G0005009
-5086,2313.508,2312.826,upstream,G5,G0005009
-5294,2313.508,2315.607,downstream,G5,G0005009
-5508,2313.508,2312.046,upstream,G5,G0005009
-6328,2313.508,2313.483,upstream,G5,G0005009
-6442,2313.508,2313.446,upstream,G5,G0005009
-7458,2313.508,2313.468,upstream,G5,G0005009
-7584,2313.508,2313.022,upstream,G5,G0005009
-7792,2313.508,2313.179,upstream,G5,G0005009
-8618,2313.508,2313.295,upstream,G5,G0005009
-9868,2313.508,2313.475,upstream,G5,G0005009
-9878,2313.508,2313.409,upstream,G5,G0005009
-5798,2313.882,2314.411,downstream,G5,G0005009
-8528,2313.912,2313.940,downstream,G5,G0005009
-11060,2313.940,2315.691,downstream,G5,G0005009
-6696,2314.411,2314.888,downstream,G5,G0005009
-3564,2314.888,2315.322,downstream,G5,G0005009
-13060,2314.918,2314.479,upstream,G5,G0005009
-14880,2314.918,2315.472,downstream,G5,G0005009
-6436,2314.918,2314.124,upstream,G5,G0005009
-15304,2315.472,2317.320,downstream,G5,G0005009
-11414,2315.691,2315.745,downstream,G5,G0005009
-11556,2315.745,2317.561,downstream,G5,G0005009
-7134,2317.320,2317.347,downstream,G5,G0005009
-12254,2317.347,2317.498,downstream,G5,G0005009
-1064,2317.498,2317.948,downstream,G5,G0005009
-3690,2317.561,2317.643,downstream,G5,G0005009
-16514,2317.643,2321.733,downstream,G5,G0005009
-12678,2317.948,2317.980,downstream,G5,G0005009
-7822,2317.980,2318.274,downstream,G5,G0005009
-6022,2318.274,2318.333,downstream,G5,G0005009
-11142,2318.333,2319.697,downstream,G5,G0005009
-8496,2319.697,2319.738,downstream,G5,G0005009
-16572,2319.738,2320.067,downstream,G5,G0005009
-2510,2320.067,2320.166,downstream,G5,G0005009
-13650,2320.166,2321.645,downstream,G5,G0005009
-6892,2321.645,2321.703,downstream,G5,G0005009
-5854,2321.703,2321.912,downstream,G5,G0005009
-15732,2321.733,2322.123,downstream,G5,G0005009
-1332,2321.912,2322.012,downstream,G5,G0005009
-2424,2322.012,2322.385,downstream,G5,G0005009
-12920,2322.123,2326.223,downstream,G5,G0005009
-14624,2322.385,2322.425,downstream,G5,G0005009
-6810,2322.425,2323.275,downstream,G5,G0005009
-11512,2323.275,2323.937,downstream,G5,G0005009
-10600,2323.937,2324.120,downstream,G5,G0005009
-4374,2324.120,2324.610,downstream,G5,G0005009
-9460,2326.223,2326.325,downstream,G5,G0005009
-6006,2326.325,2327.205,downstream,G5,G0005009
-10504,2327.205,2327.285,downstream,G5,G0005009
-16978,2327.285,2330.031,downstream,G5,G0005009
-12738,2330.031,2330.121,downstream,G5,G0005009
-12954,2330.121,2330.789,downstream,G5,G0005009
-1212,2337.499,2337.154,upstream,G5,G0005009
-12126,2337.499,2337.434,upstream,G5,G0005009
-13234,2337.499,2336.380,upstream,G5,G0005009
-13644,2337.499,2337.399,upstream,G5,G0005009
-14224,2337.499,2335.002,upstream,G5,G0005009
-1432,2337.499,2337.831,downstream,G5,G0005009
-15076,2337.499,2336.739,upstream,G5,G0005009
-16064,2337.499,2336.748,upstream,G5,G0005009
-16730,2337.499,2337.213,upstream,G5,G0005009
-2550,2337.499,2337.475,upstream,G5,G0005009
-2988,2337.499,2336.890,upstream,G5,G0005009
-4468,2337.499,2334.091,upstream,G5,G0005009
-6644,2337.499,2337.436,upstream,G5,G0005009
-7618,2337.499,2336.991,upstream,G5,G0005009
-7628,2337.499,2337.182,upstream,G5,G0005009
-8798,2337.499,2336.903,upstream,G5,G0005009
-9010,2337.499,2337.460,upstream,G5,G0005009
-9026,2337.499,2337.421,upstream,G5,G0005009
-9028,2337.499,2337.153,upstream,G5,G0005009
-956,2337.499,2336.870,upstream,G5,G0005009
-976,2337.499,2336.779,upstream,G5,G0005009
-9856,2337.499,2336.706,upstream,G5,G0005009
-16032,2337.831,2337.890,downstream,G5,G0005009
-13676,2337.890,2337.908,downstream,G5,G0005009
-3932,2337.908,2338.802,downstream,G5,G0005009
-10572,2340.378,2339.746,upstream,G5,G0005009
-1986,2340.378,2340.134,upstream,G5,G0005009
-2508,2340.378,2338.795,upstream,G5,G0005009
-3484,2340.378,2340.883,downstream,G5,G0005009
-14058,2340.875,2340.499,upstream,G5,G0005009
-2248,2340.875,2340.790,upstream,G5,G0005009
-6826,2340.875,2340.932,downstream,G5,G0005009
-10374,2340.932,2342.081,downstream,G5,G0005009
-3398,2342.081,2342.356,downstream,G5,G0005009
-4904,2342.356,2342.635,downstream,G5,G0005009
-16502,2342.635,2342.888,downstream,G5,G0005009
-1308,2342.888,2343.912,downstream,G5,G0005009
-16650,2343.912,2344.160,downstream,G5,G0005009
-4000000505,2344.160,2344.738,downstream,G5,G0005009
-4000000508,2344.738,2345.241,downstream,G5,G0005009
-4000000509,2345.241,2345.538,downstream,G5,G0005009
-14876,2345.274,2344.242,upstream,G5,G0005009
-1502,2345.274,2345.019,upstream,G5,G0005009
-15946,2345.274,2344.997,upstream,G5,G0005009
-2754,2345.274,2345.031,upstream,G5,G0005009
-4000000176,2345.274,2342.982,upstream,G5,G0005009
-4000000182,2345.274,2342.857,upstream,G5,G0005009
-4000000183,2345.274,2344.970,upstream,G5,G0005009
-4000000186,2345.274,2345.013,upstream,G5,G0005009
-4000000221,2345.274,2345.149,upstream,G5,G0005009
-4000000223,2345.274,2345.215,upstream,G5,G0005009
-4000000229,2345.274,2345.246,upstream,G5,G0005009
-4000000504,2345.274,2344.689,upstream,G5,G0005009
-4000000506,2345.274,2345.061,upstream,G5,G0005009
-4000000507,2345.274,2344.721,upstream,G5,G0005009
-4000000512,2345.274,2344.837,upstream,G5,G0005009
-4000000514,2345.274,2345.176,upstream,G5,G0005009
-4000000516,2345.274,2345.100,upstream,G5,G0005009
-5666,2345.274,2344.991,upstream,G5,G0005009
-7894,2345.274,2346.411,downstream,G5,G0005009
-4000000227,2345.538,2345.566,downstream,G5,G0005009
-4000000230,2345.566,2345.621,downstream,G5,G0005009
-4000000222,2345.621,2345.743,downstream,G5,G0005009
-4000000220,2345.743,2348.515,downstream,G5,G0005009
-12082,2346.178,2347.078,downstream,G5,G0005009
-2236,2346.411,2346.610,downstream,G5,G0005009
-9866,2346.610,2346.636,downstream,G5,G0005009
-15584,2346.636,2346.976,downstream,G5,G0005009
-12864,2346.976,2347.210,downstream,G5,G0005009
-3326,2347.078,2347.472,downstream,G5,G0005009
-9724,2347.210,2347.497,downstream,G5,G0005009
-11368,2347.472,2347.766,downstream,G5,G0005009
-2384,2347.497,2347.889,downstream,G5,G0005009
-15022,2347.766,2348.004,downstream,G5,G0005009
-5362,2347.889,2348.791,downstream,G5,G0005009
-4000000185,2348.515,2348.774,downstream,G5,G0005009
-4000000517,2348.774,2348.952,downstream,G5,G0005009
-12462,2348.791,2349.319,downstream,G5,G0005009
-4000000515,2348.952,2349.052,downstream,G5,G0005009
-4000000184,2349.052,2351.344,downstream,G5,G0005009
-8374,2349.319,2349.563,downstream,G5,G0005009
-1442,2349.563,2351.148,downstream,G5,G0005009
-13128,2351.148,2351.794,downstream,G5,G0005009
-4000000513,2351.344,2351.762,downstream,G5,G0005009
-4000000511,2351.762,2351.906,downstream,G5,G0005009
-15148,2351.794,2352.430,downstream,G5,G0005009
-4000000002,2351.906,2352.204,downstream,G5,G0005009
-4000000001,2352.204,2352.245,downstream,G5,G0005009
-13148,2352.430,2352.724,downstream,G5,G0005009
-11434,2352.724,2352.784,downstream,G5,G0005009
-1406,2352.784,2353.022,downstream,G5,G0005009
-7194,2353.022,2355.619,downstream,G5,G0005009
-2760,2355.619,2355.718,downstream,G5,G0005009
-14110,2355.718,2359.150,downstream,G5,G0005009
-12806,2359.150,2359.733,downstream,G5,G0005009
-14796,2359.733,2359.811,downstream,G5,G0005009
-2282,2359.811,2359.872,downstream,G5,G0005009
-4000000021,2373.143,2371.928,upstream,G5,G0005009
-4000000024,2373.143,2372.816,upstream,G5,G0005009
-4000000025,2373.143,2372.995,upstream,G5,G0005009
-4000000026,2373.143,2371.998,upstream,G5,G0005009
-4000000032,2373.143,2373.118,upstream,G5,G0005009
-4000000033,2373.143,2373.134,upstream,G5,G0005009
-4000000035,2373.143,2372.764,upstream,G5,G0005009
-4000000036,2373.143,2373.126,upstream,G5,G0005009
-4000000040,2373.143,2372.990,upstream,G5,G0005009
-4000000041,2373.143,2373.079,upstream,G5,G0005009
-4000000043,2373.143,2373.084,upstream,G5,G0005009
-4000000054,2373.143,2372.984,upstream,G5,G0005009
-4000000055,2373.143,2373.024,upstream,G5,G0005009
-4000000056,2373.143,2372.982,upstream,G5,G0005009
-4000000058,2373.143,2372.598,upstream,G5,G0005009
-4000000063,2373.143,2372.888,upstream,G5,G0005009
-4000000065,2373.143,2372.488,upstream,G5,G0005009
-4000000067,2373.143,2372.608,upstream,G5,G0005009
-4000000068,2373.143,2372.244,upstream,G5,G0005009
-4000000070,2373.143,2372.395,upstream,G5,G0005009
-4000000172,2373.143,2373.108,upstream,G5,G0005009
-4000000173,2373.143,2373.294,downstream,G5,G0005009
-4000000247,2373.294,2373.423,downstream,G5,G0005009
-4000000178,2373.423,2374.039,downstream,G5,G0005009
-4000000209,2374.039,2374.285,downstream,G5,G0005009
-4000000216,2374.285,2374.747,downstream,G5,G0005009
-4000000207,2374.747,2374.876,downstream,G5,G0005009
-4000000249,2374.876,2377.998,downstream,G5,G0005009
-4000000250,2377.998,2378.016,downstream,G5,G0005009
-4000000251,2378.016,2379.641,downstream,G5,G0005009
-4000000252,2379.641,2379.758,downstream,G5,G0005009
-4000000214,2379.758,2381.960,downstream,G5,G0005009
-4000000210,2381.960,2382.060,downstream,G5,G0005009
-4000000206,2382.060,2387.058,downstream,G5,G0005009
-4000000004,2384.462,2384.342,upstream,G5,G0005009
-4000000009,2384.462,2383.566,upstream,G5,G0005009
-4000000022,2384.462,2383.239,upstream,G5,G0005009
-4000000027,2384.462,2384.448,upstream,G5,G0005009
-4000000034,2384.462,2384.437,upstream,G5,G0005009
-4000000038,2384.462,2384.082,upstream,G5,G0005009
-4000000039,2384.462,2383.918,upstream,G5,G0005009
-4000000042,2384.462,2384.307,upstream,G5,G0005009
-4000000044,2384.462,2384.394,upstream,G5,G0005009
-4000000045,2384.462,2384.452,upstream,G5,G0005009
-4000000046,2384.462,2384.307,upstream,G5,G0005009
-4000000047,2384.462,2384.419,upstream,G5,G0005009
-4000000048,2384.462,2383.324,upstream,G5,G0005009
-4000000049,2384.462,2383.633,upstream,G5,G0005009
-4000000050,2384.462,2384.880,downstream,G5,G0005009
-4000000053,2384.462,2384.299,upstream,G5,G0005009
-4000000059,2384.462,2383.345,upstream,G5,G0005009
-4000000062,2384.462,2384.209,upstream,G5,G0005009
-4000000064,2384.462,2384.016,upstream,G5,G0005009
-4000000066,2384.462,2383.747,upstream,G5,G0005009
-4000000069,2384.462,2383.754,upstream,G5,G0005009
-4000000072,2384.462,2383.828,upstream,G5,G0005009
-4000000051,2384.880,2385.321,downstream,G5,G0005009
-4000000091,2385.321,2385.427,downstream,G5,G0005009
-4000000118,2385.427,2385.647,downstream,G5,G0005009
-4000000086,2385.647,2385.679,downstream,G5,G0005009
-4000000127,2385.679,2386.072,downstream,G5,G0005009
-4000000119,2386.072,2386.345,downstream,G5,G0005009
-4000000109,2386.345,2386.360,downstream,G5,G0005009
-4000000006,2386.360,2386.877,downstream,G5,G0005009
-4000000007,2386.877,2387.139,downstream,G5,G0005009
-4000000180,2387.058,2387.780,downstream,G5,G0005009
-4000000131,2387.139,2387.383,downstream,G5,G0005009
-4000000008,2387.383,2387.488,downstream,G5,G0005009
-4000000126,2387.488,2387.606,downstream,G5,G0005009
-4000000135,2387.606,2387.747,downstream,G5,G0005009
-4000000107,2387.747,2387.807,downstream,G5,G0005009
-4000000179,2387.780,2389.302,downstream,G5,G0005009
-4000000102,2387.807,2387.990,downstream,G5,G0005009
-4000000148,2387.990,2388.294,downstream,G5,G0005009
-4000000159,2388.294,2388.988,downstream,G5,G0005009
-4000000097,2388.988,2389.171,downstream,G5,G0005009
-4000000156,2389.171,2389.738,downstream,G5,G0005009
-4000000259,2389.302,2389.514,downstream,G5,G0005009
-4000000205,2389.514,2390.365,downstream,G5,G0005009
-4000000100,2389.738,2389.762,downstream,G5,G0005009
-4000000079,2389.762,2390.880,downstream,G5,G0005009
-4000000203,2390.365,2390.409,downstream,G5,G0005009
-4000000181,2390.409,2390.707,downstream,G5,G0005009
-4000000510,2390.707,2390.838,downstream,G5,G0005009
