junction_id,inc_lanes,int_lanes,stake_number,route_direction,route_code,section_code
-50969,-16182_0 -16182_1 -16182_2,:-50969_0_0 :-50969_0_1 :-50969_0_2,0.000,upstream,G4202,G4202002
J67,-11116_0 -11116_1 -11116_2,:J67_0_0 :J67_0_1 :J67_0_2 :J67_0_3,0.000,upstream,G4202,G4202002
-33550,-16082_0 -16082_1 -3094_0 -3094_1 -3094_2 -3094_3,:-33550_0_0 :-33550_0_1 :-33550_2_0 :-33550_2_1 :-33550_2_2,0.000,upstream,G4202,G4202001
-28912,-1606.126_0 -1606.126_1 -1606.126_2,:-28912_0_0 :-28912_0_1 :-28912_0_2,0.000,upstream,G4202,G4202002
J110,-9648_0 -9648_1 -9648_2,:J110_0_0 :J110_0_1 :J110_0_2 :J110_0_3,0.000,upstream,G4202,G4202001
-25981,-10810.142_0 -10810.142_1 -10810.142_2,:-25981_0_0 :-25981_0_1 :-25981_0_2,0.000,upstream,G4202,G4202002
-33560,-3262_0 -3262_1 -13500_0 -13500_1 -13500_2,:-33560_0_0 :-33560_0_1 :-33560_2_0 :-33560_2_1 :-33560_2_2,0.000,upstream,G4202,G4202001
-55391,-11236_0 -11236_1 -11236_2,:-55391_0_0 :-55391_0_1 :-55391_0_2,0.000,upstream,G4202,G4202001
-29360,-1732_0 -1732_1,:-29360_0_0 :-29360_0_1,0.000,upstream,G4215,G4215蓉遵高速（成仁段）
-54795,-14838_0 -14838_1,:-54795_0_0 :-54795_1_0 :-54795_1_1,0.000,upstream,G4215,G4215蓉遵高速（成仁段）
-43744,-13064_0 -13064_1,:-43744_0_0 :-43744_0_1,0.000,upstream,G4215,G4215蓉遵高速（成仁段）
-35631,-5378_0 -5378_1,:-35631_0_0 :-35631_0_1,0.000,upstream,G5,G5京昆高速（雅泸段）
-33176,-2958_0 -2958_1,:-33176_0_0 :-33176_0_1,0.000,upstream,G5,G0005002
-35841,-3884_0 -3884_1 -3884_2,:-35841_0_0 :-35841_0_1 :-35841_0_2,0.000,upstream,G5,G0005005
-41715,-11286_0 -11286_1,:-41715_0_0 :-41715_0_1,0.000,upstream,G5,G0005007
-33728,-14368_0 -14368_1,:-33728_0_0 :-33728_0_1,0.000,upstream,G5,G5京昆高速（雅泸段）
-28973,-1616_0 -1616_1,:-28973_0_0 :-28973_0_1,0.000,upstream,G5,G0005008
-33876,-3236_0 -3236_1,:-33876_0_0 :-33876_0_1,0.000,upstream,G5,G5京昆高速（雅泸段）
-53758,-13000_0 -13000_1,:-53758_0_0 :-53758_0_1,0.000,upstream,G5,G0005009
-54116,-15606_0 -15606_1 -15606_2 -15606_3,:-54116_0_0 :-54116_0_1 :-54116_0_2 :-54116_0_3,0.000,upstream,G5,G0005005
-27645,-1200_0 -1200_1,:-27645_0_0 :-27645_0_1,0.000,upstream,G5,G0005003
-35433,-3800_0 -3800_1 -3800_2 -3800_3,:-35433_0_0 :-35433_0_1 :-35433_0_2 :-35433_0_3,0.000,upstream,G5,G0005005
-34658,-14514_0 -14514_1,:-34658_0_0 :-34658_0_1,0.000,upstream,G5,G0005009
-62033,-16600_0 -16600_1,:-62033_0_0 :-62033_0_1,0.000,upstream,G5,G5京昆高速（雅泸段）
-54582,-10890_0 -10890_1,:-54582_0_0 :-54582_0_1,0.000,upstream,G5,G0005008
-54617,-10914_0 -10914_1,:-54617_0_0 :-54617_0_1,0.000,upstream,G5,G0005007
-53167,-10382_0 -10382_1,:-53167_0_0 :-53167_1_0 :-53167_1_1,0.000,upstream,G5,G0005008
-55286,-13956_0 -13956_1,:-55286_0_0 :-55286_0_1,0.000,upstream,G5,G0005006
-55290,-11158_0 -11158_1,:-55290_0_0 :-55290_0_1,0.000,upstream,G5,G0005006
-55370,-15538_0 -15538_1,:-55370_0_0 :-55370_0_1,0.000,upstream,G5,G0005009
-52771,-10242_0 -10242_1 -10242_2,:-52771_0_0 :-52771_0_1 :-52771_0_2,0.000,upstream,G5,G0005005
-30073,-12628_0 -12628_1,:-30073_0_0 :-30073_0_1,0.000,upstream,G5,G0005003
-26983,-1004_0 -1004_1,:-26983_0_0 :-26983_0_1,0.000,upstream,G5,G0005007
-55631,-11354_0 -11354_1,:-55631_0_0 :-55631_0_1,0.000,upstream,G5,G0005007
-30074,-1958_0 -1958_1,:-30074_0_0 :-30074_0_1,0.000,upstream,G5,G0005003
-36588,-4190_0 -4190_1,:-36588_0_0 :-36588_0_1,0.000,upstream,G5,G0005003
-30196,-2508_0 -2508_1,:-30196_0_0 :-30196_0_1,0.000,upstream,G5,G0005009
-34188,-8348_0 -8348_1,:-34188_0_0 :-34188_0_1,0.000,upstream,G5,G0005007
-36768,-4250_0 -4250_1,:-36768_0_0 :-36768_0_1,0.000,upstream,G5,G0005003
-36855,-4298_0 -4298_1,:-36855_0_0 :-36855_0_1,0.000,upstream,G5,G5京昆高速公路绵广沙陵段
-36980,-4358_0 -4358_1,:-36980_0_0 :-36980_0_1,0.000,upstream,G5,G5京昆高速（雅泸段）
-30398,-5552_0 -5552_1 -5552_2 -5552_3,:-30398_0_0 :-30398_1_0 :-30398_1_1 :-30398_1_2 :-30398_1_3,0.000,upstream,G5,G0005005
-51636,-9740_0 -9740_1,:-51636_0_0 :-51636_0_1,0.000,upstream,G5,G0005007
-37248,-6628_0 -6628_1,:-37248_0_0 :-37248_0_1,0.000,upstream,G5,G0005007
-37255,-4452_0 -4452_1,:-37255_0_0 :-37255_0_1,0.000,upstream,G5,G0005007
-37301,-4468_0 -4468_1,:-37301_0_0 :-37301_0_1,0.000,upstream,G5,G5京昆高速（西攀段）
-37543,-4564_0 -4564_1,:-37543_0_0 :-37543_0_1,0.000,upstream,G5,G0005006
-55943,-15308_0 -15308_1,:-55943_0_0 :-55943_0_1,0.000,upstream,G5,G5京昆高速公路绵广沙陵段
3329908362,-4000000182_0 -4000000182_1,:3329908362_0_0 :3329908362_1_0 :3329908362_1_1,0.000,upstream,G5,G0005009
-51635,-13586_0 -13586_1,:-51635_0_0 :-51635_0_1,0.000,upstream,G5,G0005007
-37569,-4572_0 -4572_1 -4572_2 -4572_3,:-37569_0_0 :-37569_0_1 :-37569_0_2 :-37569_0_3,0.000,upstream,G5,G5京昆高速（成绵段）
-59954,-13234_0 -13234_1,:-59954_0_0 :-59954_0_1,0.000,upstream,G5,G5京昆高速（西攀段）
-28547,-9192_0 -9192_1,:-28547_0_0 :-28547_0_1,0.000,upstream,G5,G0005008
-37811,-11954_0 -11954_1,:-37811_0_0 :-37811_0_1,0.000,upstream,G5,G5京昆高速（雅泸段）
-51531,-9704_0 -9704_1,:-51531_0_0 :-51531_0_1,0.000,upstream,G5,G0005008
-30807,-7450_0 -7450_1,:-30807_0_0 :-30807_0_1,0.000,upstream,G5,G0005007
-51111,-9530_0 -9530_1,:-51111_0_0 :-51111_0_1,0.000,upstream,G5,G0005008
3329908886,-4000000176_0 -4000000176_1,:3329908886_0_0 :3329908886_0_1,0.000,upstream,G5,G0005009
-59757,-14406_0 -14406_1,:-59757_0_0 :-59757_0_1,0.000,upstream,G5,G0005007
-31025,-2232_0 -2232_1,:-31025_0_0 :-31025_0_1,0.000,upstream,G5,G0005007
-38051,-9144_0 -9144_1 -12544_0 -12544_1,:-38051_0_0 :-38051_0_1 :-38051_2_0 :-38051_2_1,0.000,upstream,G5,G0005002
-31274,-2322_0 -2322_1,:-31274_0_0 :-31274_0_1,0.000,upstream,G5,G0005002
-38363,-4818_0 -4818_1,:-38363_0_0 :-38363_0_1,0.000,upstream,G5,G0005009
-31422,-2346_0 -2346_1,:-31422_0_0 :-31422_0_1,0.000,upstream,G5,G0005007
-29300,-1720_0 -1720_1 -1720_2,:-29300_0_0 :-29300_0_1 :-29300_0_2,0.000,upstream,G5,G0005005
-28513,-14876_0 -14876_1,:-28513_0_0 :-28513_0_1,0.000,upstream,G5,G0005009
-56677,-13136_0 -13136_1,:-56677_0_0 :-56677_0_1,0.000,upstream,G5,G0005007
-56684,-11850_0 -11850_1,:-56684_0_0 :-56684_0_1,0.000,upstream,G5,G0005007
-56694,-12858_0 -12858_1,:-56694_0_0 :-56694_0_1,0.000,upstream,G5,G0005006
-60019,-13272_0 -13272_1,:-60019_0_0 :-60019_0_1,0.000,upstream,G5,G5京昆高速（绵广段）
-26836,-7488_0 -7488_1 -7488_2 -7488_3,:-26836_0_0 :-26836_0_1 :-26836_0_2 :-26836_0_3,0.000,upstream,G5,G0005005
-38637,-8756_0 -8756_1,:-38637_0_0 :-38637_0_1,0.000,upstream,G5,G0005005
-38785,-14702_0 -14702_1,:-38785_0_0 :-38785_0_1,0.000,upstream,G5,G0005007
-38791,-4970_0 -4970_1,:-38791_0_0 :-38791_0_1,0.000,upstream,G5,G0005008
-38819,-16098_0 -16098_1,:-38819_0_0 :-38819_0_1,0.000,upstream,G5,G0005002
-50574,-11284_0 -11284_1,:-50574_0_0 :-50574_0_1,0.000,upstream,G5,G0005007
-56787,-14992_0 -14992_1,:-56787_0_0 :-56787_0_1,0.000,upstream,G5,G0005003
-50218,-10526_0 -10526_1,:-50218_0_0 :-50218_1_0 :-50218_1_1,0.000,upstream,G5,G0005008
-50016,-9402_0 -9402_1,:-50016_0_0 :-50016_0_1,0.000,upstream,G5,G5京昆高速（雅泸段）
-49871,-9066_0 -9066_1,:-49871_0_0 :-49871_0_1,0.000,upstream,G5,G5京昆高速（雅泸段）
-49499,-8962_0 -8962_1,:-49499_0_0 :-49499_0_1,0.000,upstream,G5,G0005008
-49424,-9180_0 -9180_1,:-49424_0_0 :-49424_0_1,0.000,upstream,G5,G0005006
-25941,-718_0 -718_1,:-25941_0_0 :-25941_0_1,0.000,upstream,G5,G0005008
-49208,-8856_0 -8856_1 -8856_2 -8856_3,:-49208_0_0 :-49208_0_1 :-49208_0_2 :-49208_0_3,0.000,upstream,G5,G0005005
-38895,-9772_0 -9772_1,:-38895_0_0 :-38895_0_1,0.000,upstream,G5,G5京昆高速（雅泸段）
-38949,-5028_0 -5028_1,:-38949_0_0 :-38949_0_1,0.000,upstream,G5,G0005003
-34428,-16558_0 -16558_1,:-34428_0_0 :-34428_0_1,0.000,upstream,G5,G0005006
-57663,-12288_0 -12288_1,:-57663_0_0 :-57663_0_1,0.000,upstream,G5,G0005007
-57920,-12374_0 -12374_1,:-57920_0_0 :-57920_0_1,0.000,upstream,G5,G5京昆高速（雅泸段）
-25895,-5922_0 -3834_0 -3834_1,:-25895_0_0 :-25895_1_0 :-25895_1_1,0.000,upstream,G5,G0005006
-58128,-12468_0 -12468_1,:-58128_0_0 :-58128_1_0 :-58128_1_1,0.000,upstream,G5,G0005007
-28380,-15842_0 -15842_1,:-28380_0_0 :-28380_0_1,0.000,upstream,G5,G0005003
-39280,-5156_0 -5156_1,:-39280_0_0 :-39280_0_1,0.000,upstream,G5,G0005007
-25847,-702_0 -702_1 -702_2,:-25847_0_0 :-25847_0_1 :-25847_0_2,0.000,upstream,G5,G0005005
-29221,-1696_0 -1696_1 -1696_2 -1696_3,:-29221_0_0 :-29221_0_1 :-29221_0_2 :-29221_0_3,0.000,upstream,G5,G0005005
-48599,-8612_0 -8612_1,:-48599_0_0 :-48599_0_1,0.000,upstream,G5,G0005003
-47820,-8370_0 -8370_1,:-47820_0_0 :-47820_0_1,0.000,upstream,G5,G0005007
-58634,-16548_0 -16548_1,:-58634_0_0 :-58634_0_1,0.000,upstream,G5,G0005003
-47814,-11618_0 -11618_1,:-47814_0_0 :-47814_0_1,0.000,upstream,G5,G0005007
-47676,-13838_0 -13838_1,:-47676_0_0 :-47676_0_1,0.000,upstream,G5,G0005008
-58757,-16144_0 -16144_1,:-58757_0_0 :-58757_0_1,0.000,upstream,G5,G0005008
-47080,-11428_0 -11428_1 -11428_2,:-47080_0_0 :-47080_0_1 :-47080_0_2,0.000,upstream,G5,G0005006
-34290,-3384#0_0 -3384#0_1 -4232#12_0 -4232#12_1,:-34290_0_0 :-34290_0_1 :-34290_2_0 :-34290_3_0 :-34290_3_1 :-34290_5_0,0.000,upstream,G5,G0005003
2390028601,-4000000059_0 -4000000059_1,:2390028601_0_0 :2390028601_0_1,0.000,upstream,G5,G5京昆高速（西攀段）
-46814,-7986_0 -7986_1,:-46814_0_0 :-46814_0_1,0.000,upstream,G5,G5京昆高速（雅泸段）
-39322,-8650_0 -8650_1,:-39322_0_0 :-39322_0_1,0.000,upstream,G5,G0005003
-61294,-16432_0 -16432_1,:-61294_0_0 :-61294_0_1,0.000,upstream,G5,G5京昆高速（绵广段）
456820723,-4000000022_0 -4000000022_1,:456820723_0_0 :456820723_0_1,0.000,upstream,G5,G5京昆高速（西攀段）
-45336,-7398_0 -7398_1 -7398_2 -7398_3,:-45336_0_0 :-45336_0_1 :-45336_0_2 :-45336_0_3,0.000,upstream,G5,G5京昆高速（成绵段）
-44921,-9626_0 -9626_1,:-44921_0_0 :-44921_0_1,0.000,upstream,G5,G0005003
-39747,-5396_0 -5396_1,:-39747_0_0 :-39747_0_1,0.000,upstream,G5,G0005006
-32947,-10460_0 -10460_1,:-32947_0_0 :-32947_0_1,0.000,upstream,G5,G0005003
-44477,-7566_0 -7566_1,:-44477_0_0 :-44477_0_1,0.000,upstream,G5,G5京昆高速公路绵广沙陵段
-32164,-16964_0 -16964_1,:-32164_0_0 :-32164_1_0 :-32164_1_1,0.000,upstream,G5,G0005002
-35319,-8402_0 -8402_1 -8402_2,:-35319_0_0 :-35319_0_1 :-35319_0_2,0.000,upstream,G5,G0005008
-44385,-6984_0 -6984_1,:-44385_0_0 :-44385_0_1,0.000,upstream,G5,G0005007
-27155,-1056_0 -1056_1,:-27155_0_0 :-27155_1_0 :-27155_1_1,0.000,upstream,G5,G5京昆高速（泸黄段）
-34563,-8266_0 -8266_1,:-34563_0_0 :-34563_0_1,0.000,upstream,G5,G0005009
-65432,-15444_0 -15444_1,:-65432_0_0 :-65432_0_1,0.000,upstream,G5,G0005007
-41931,-6102_0 -6102_1,:-41931_0_0 :-41931_0_1,0.000,upstream,G5,G0005002
-27191,-3246_0 -3246_1,:-27191_0_0 :-27191_0_1,0.000,upstream,G5,G0005005
-29468,-1752_0 -1752_1,:-29468_0_0 :-29468_0_1,0.000,upstream,G5,G0005003
-41033,-6842_0 -6842_1,:-41033_0_0 :-41033_0_1,0.000,upstream,G5,G5京昆高速（雅泸段）
-41763,-6034_0 -6034_1,:-41763_0_0 :-41763_0_1,0.000,upstream,G5,G0005007
-41240,-13654_0 -13654_1 -13654_2 -13654_3,:-41240_0_0 :-41240_0_1 :-41240_0_2 :-41240_0_3,0.000,upstream,G5,G5京昆高速（成绵段）
-59733,-13138_0 -13138_1,:-59733_0_0 :-59733_0_1,0.000,upstream,G5,G0005008
-35040,-7356_0 -7356_1,:-35040_0_0 :-35040_0_1,0.000,upstream,G5,G0005006
-41757,-10686_0 -10686_1,:-41757_0_0 :-41757_0_1,0.000,upstream,G5,G0005007
-41322,-5878_0 -5878_1,:-41322_0_0 :-41322_0_1,0.000,upstream,G5,G0005009
-29504,-2486_0 -2486_1,:-29504_0_0 :-29504_0_1,0.000,upstream,G5,G0005003
-41896,-6080_0 -6080_1,:-41896_0_0 :-41896_0_1,0.000,upstream,G5,G0005003
-35224,-10696_0 -10696_1 -10696_2,:-35224_0_0 :-35224_0_1 :-35224_0_2,0.000,upstream,G5,G0005006
-35218,-3654_0 -3654_1,:-35218_0_0 :-35218_0_1,0.000,upstream,G5,G5京昆高速（雅泸段）
-25628,-636_0 -636_1 -636_2,:-25628_0_0 :-25628_0_1 :-25628_0_2,0.000,upstream,G5,G0005005
-35188,-4136_0 -4136_1 -4136_2,:-35188_0_0 :-35188_0_1 :-35188_0_2 :-35188_3_0 :-35188_3_1 :-35188_3_2,0.000,upstream,G5,G0005006
-40276,-5508_0 -5508_1,:-40276_0_0 :-40276_0_1,0.000,upstream,G5,G0005009
2390028715,-4000000021_0 -4000000021_1,:2390028715_0_0 :2390028715_0_1,0.000,upstream,G5,G5京昆高速（西攀段）
2390028716,-4000000048_0 -4000000048_1,:2390028716_0_0 :2390028716_0_1,0.000,upstream,G5,G5京昆高速（西攀段）
2390028751,-4000000026_0 -4000000026_1,:2390028751_0_0 :2390028751_0_1,0.000,upstream,G5,G5京昆高速（西攀段）
-43222,-10350_0 -10350_1,:-43222_0_0 :-43222_0_1,0.000,upstream,G5,G0005007
-42723,-13482_0 -13482_1,:-42723_0_0 :-42723_0_1,0.000,upstream,G5,G5京昆高速（雅泸段）
-25541,-11488_0 -11488_1,:-25541_0_0 :-25541_0_1,0.000,upstream,G5,G0005009
-67905,-16930_0 -16930_1,:-67905_0_0 :-67905_0_1,0.000,upstream,G5,G5京昆高速（雅泸段）
-42582,-9062_0 -9062_1,:-42582_0_0 :-42582_0_1,0.000,upstream,G5,G0005005
-40574,-12362_0 -12362_1,:-40574_0_0 :-40574_1_0 :-40574_1_1,0.000,upstream,G5,G0005006
-33204,-2962_0 -2962_1,:-33204_0_0 :-33204_0_1,0.000,upstream,G5,G0005003
-68921,-17334_0 -17334_1,:-68921_0_0 :-68921_0_1,0.000,upstream,G5,G5京昆高速（泸黄段）
-25422,-588_0 -588_1,:-25422_0_0 :-25422_0_1,0.000,upstream,G5,G0005005
-25395,-584_0 -584_1,:-25395_0_0 :-25395_0_1,0.000,upstream,G5,G0005007
-42249,-13772_0 -13772_1,:-42249_0_0 :-42249_1_0 :-42249_1_1,0.000,upstream,G5,G0005009
-40859,-5724_0 -5724_1,:-40859_0_0 :-40859_0_1,0.000,upstream,G5,G0005007
-36321,-4082_0 -4082_1 -4082_2,:-36321_0_0 :-36321_0_1 :-36321_0_2,0.000,upstream,G5013,G5013001
4062089879,-2000000148_0 -2000000148_1,:4062089879_0_0 :4062089879_0_1,0.000,upstream,G76,G76厦蓉高速（隆纳段）
3544529339,-2000000400_0 -2000000400_1,:3544529339_0_0 :3544529339_0_1,0.000,upstream,G76,G76厦蓉高速（隆纳段）
3538591870,-2000000089_0 -2000000089_1,:3538591870_0_0 :3538591870_0_1,0.000,upstream,G76,G76厦蓉高速（纳黔段）
1931049593,-2000000249_0 -2000000249_1,:1931049593_0_0 :1931049593_0_1,0.000,upstream,G76,G0076001
1931049743,-2000000097_0 -2000000097_1,:1931049743_0_0 :1931049743_0_1,0.000,upstream,G76,G0076001
1931049758,-2000000051_0 -2000000051_1,:1931049758_0_0 :1931049758_0_1,0.000,upstream,G76,G0076001
3976561441,-3000000127_0 -3000000127_1,:3976561441_0_0 :3976561441_0_1,0.000,upstream,G76,G0076001
3538592092,-2000000100_0 -2000000100_1,:3538592092_0_0 :3538592092_0_1,0.000,upstream,G76,G76厦蓉高速（纳黔段）
9842540870,-2000000376_0 -2000000376_1,:9842540870_0_0 :9842540870_0_1,0.000,upstream,G76,G0076001
9803798958,-2000000186_0 -2000000186_1,:9803798958_0_0 :9803798958_1_0 :9803798958_1_1,0.000,upstream,G76,G76厦蓉高速（隆纳段）
9801708949,-2000000000_0 -2000000000_1,:9801708949_0_0 :9801708949_0_1,0.000,upstream,G76,G76厦蓉高速（隆纳段）
7515616359,-2000000292_0 -2000000028_0 -2000000028_1,:7515616359_0_0 :7515616359_1_0 :7515616359_1_1,0.000,upstream,G76,G0076001
7513094082,-3000000003_0 -3000000003_1,:7513094082_0_0 :7513094082_0_1,0.000,upstream,G76,G0076001
6837344518,-2000000185_0 -2000000185_1,:6837344518_0_0 :6837344518_0_1,0.000,upstream,G76,G76厦蓉高速（隆纳段）
-67267,-16264_0 -16264_1,:-67267_0_0 :-67267_0_1,0.000,upstream,G76,G0076001
6566575201,-3000000108_0 -3000000108_1,:6566575201_0_0 :6566575201_0_1,0.000,upstream,G76,G0076001
6564540233,-2000000058_0 -2000000058_1,:6564540233_0_0 :6564540233_0_1,0.000,upstream,G76,G0076001
3426565855,-2000000198_0 -2000000198_1,:3426565855_0_0 :3426565855_0_1,0.000,upstream,G76,G0076001
4834374289,-2000000351_0 -2000000351_1,:4834374289_0_0 :4834374289_0_1,0.000,upstream,G76,G76厦蓉高速（隆纳段）
4834374290,-2000000182_0 -2000000182_1,:4834374290_0_0 :4834374290_0_1,0.000,upstream,G76,G76厦蓉高速（隆纳段）
4834374292,-2000000232_0 -2000000232_1,:4834374292_0_0 :4834374292_0_1,0.000,upstream,G76,G76厦蓉高速（隆纳段）
4834374295,-2000000179_0 -2000000179_1,:4834374295_0_0 :4834374295_0_1,0.000,upstream,G76,G76厦蓉高速（隆纳段）
5813973882,-2000000253_0 -2000000253_1,:5813973882_0_0 :5813973882_1_0 :5813973882_1_1,0.000,upstream,G76,G76厦蓉高速（隆纳段）
3426565806,-2000000118_0 -2000000118_1,:3426565806_0_0 :3426565806_0_1,0.000,upstream,G76,G0076001
3426565779,-2000000104_0 -2000000104_1,:3426565779_0_0 :3426565779_1_0 :3426565779_1_1,0.000,upstream,G76,G0076001
3426565763,-3000000065_0 -3000000065_1,:3426565763_0_0 :3426565763_0_1,0.000,upstream,G76,G0076001
-64301,-14934_0 -14934_1,:-64301_0_0 :-64301_0_1,0.000,upstream,S4,S4成宜昭高速（成宜段）
-35859,-3890_0 -3890_1,:-35859_0_0 :-35859_0_1,0.000,upstream,S4,S4成宜昭高速（成宜段）
-27433,-1148_0 -1148_1,:-27433_0_0 :-27433_0_1,0.000,upstream,S4,S4成宜昭高速（成宜段）
-44661,-13552_0 -13552_1,:-44661_0_0 :-44661_0_1,0.000,upstream,S4,S4成宜昭高速（成宜段）
-63807,-14692_0 -14692_1,:-63807_0_0 :-63807_0_1,0.000,upstream,S4,S4成宜昭高速（成宜段）
-46538,-7888_0 -7888_1 -7888_2 -7888_3,:-46538_0_0 :-46538_0_1 :-46538_0_2 :-46538_0_3,0.000,upstream,S4,S4成宜昭高速（成宜段）
-26144,-782_0 -782_1 -782_2 -782_3,:-26144_0_0 :-26144_1_0 :-26144_1_1 :-26144_1_2 :-26144_1_3,0.000,upstream,S4,S4成宜昭高速（成宜段）
-48336,-8510_0 -8510_1,:-48336_0_0 :-48336_0_1,0.000,upstream,S4,S4成宜昭高速（成宜段）
-32191,-2590_0 -2590_1,:-32191_0_0 :-32191_0_1,0.000,upstream,S4,S4成宜昭高速（成宜段）
-34593,-16786_0 -16786_1,:-34593_0_0 :-34593_0_1,0.000,upstream,S4,S4成宜昭高速（成宜段）
-34103,-4422_0 -4422_1,:-34103_0_0 :-34103_0_1,0.000,upstream,S4,S4成宜昭高速（成宜段）
-65658,-16162_0 -16162_1,:-65658_0_0 :-65658_1_0 :-65658_1_1,0.000,upstream,S4,S4成宜昭高速（成宜段）
-28836,-8184_0 -8184_1 -8184_2,:-28836_0_0 :-28836_1_0 :-28836_1_1 :-28836_1_2,0.000,upstream,S4,S4成宜昭高速（成宜段）
-32913,-4258_0 -4258_1 -4258_2 -4258_3,:-32913_0_0 :-32913_0_1 :-32913_0_2 :-32913_0_3,0.000,upstream,S4,S4成宜昭高速（成宜段）
-47577,-11820_0 -11820_1 -11820_2 -11820_3,:-47577_0_0 :-47577_0_1 :-47577_0_2 :-47577_0_3,0.000,upstream,S4,S4成宜昭高速（成宜段）
-43905,-6828_0 -6828_1,:-43905_0_0 :-43905_0_1,0.000,upstream,S4,S4成宜昭高速（成宜段）
-58989,-12878_0 -12878_1,:-58989_0_0 :-58989_1_0 :-58989_1_1,0.000,upstream,S4,S4成宜昭高速（成宜段）
-36425,-15616_0 -15616_1,:-36425_0_0 :-36425_0_1,0.000,upstream,S4,S4成宜昭高速（成宜段）
-49492,-8956_0 -8956_1,:-49492_0_0 :-49492_1_0 :-49492_1_1,0.000,upstream,S4,S4成宜昭高速（成宜段）
-27753,-2468_0 -2468_1 -2468_2 -2468_3,:-27753_0_0 :-27753_0_1 :-27753_0_2 :-27753_0_3,0.000,upstream,S4,S4成宜昭高速（成宜段）
-49345,-10630_0 -10630_1 -10630_2 -10630_3,:-49345_0_0 :-49345_0_1 :-49345_0_2 :-49345_0_3,0.000,upstream,S4,S4成宜昭高速（成宜段）
-31426,-5298_0 -5298_1,:-31426_0_0 :-31426_1_0 :-31426_1_1,0.000,upstream,S4,S4成宜昭高速（成宜段）
-35447,-12242_0 -12242_1,:-35447_0_0 :-35447_0_1,0.000,upstream,S4,S4成宜昭高速（成宜段）
-27591,-14118_0 -14118_1 -14118_2 -14118_3,:-27591_0_0 :-27591_0_1 :-27591_0_2 :-27591_0_3,0.000,upstream,S4,S4成宜昭高速（成宜段）
8721830509,-4000000361_0 -4000000361_1,:8721830509_0_0 :8721830509_0_1,0.000,upstream,S81,S81德会高速
8721830352,-4000000449_0 -4000000449_1,:8721830352_0_0 :8721830352_0_1,0.000,upstream,S81,S0081001
8721830521,-4000000358_0 -4000000358_1,:8721830521_0_0 :8721830521_0_1,0.000,upstream,S81,S81德会高速
9868917854,-4000000429_0 -4000000429_1,:9868917854_0_0 :9868917854_0_1,0.000,upstream,S81,S0081001
8721830805,-4000000238_0 -4000000238_1,:8721830805_0_0 :8721830805_0_1,0.000,upstream,S81,S81德会高速
8721830344,-4000000240_0 -4000000240_1,:8721830344_0_0 :8721830344_0_1,0.000,upstream,S81,S0081001
9868917873,-4000000418_0 -4000000418_1,:9868917873_0_0 :9868917873_0_1,0.000,upstream,S81,S0081001
10554772703,-4000000374_0 -4000000374_1,:10554772703_0_0 :10554772703_0_1,0.000,upstream,S81,S81德会高速
9868917866,-4000000421_0 -4000000421_1,:9868917866_0_0 :9868917866_0_1,0.000,upstream,S81,S0081001
9868918043,-4000000305_0 -4000000305_1,:9868918043_0_0 :9868918043_0_1,0.000,upstream,S81,S81德会高速
10554772723,-4000000443_0 -4000000443_1,:10554772723_0_0 :10554772723_0_1,0.000,upstream,S81,S0081001
10554772718,-4000000423_0 -4000000423_1,:10554772718_0_0 :10554772718_0_1,0.000,upstream,S81,S0081001
-37781,-4628_0 -4628_1 -4628_2,:-37781_0_0 :-37781_0_1 :-37781_0_2,0.000,upstream,SA2,SA002002
4050857717,-1000000126_0 -1000000126_1 -1000000126_2,:4050857717_0_0 :4050857717_0_1 :4050857717_0_2,0.000,upstream,SA2,SA002002
-32212,-2600_0 -2600_1 -2600_2,:-32212_0_0 :-32212_0_1 :-32212_0_2,0.000,upstream,SA2,SA002002
-34484,-9706_0 -9706_1 -9706_2,:-34484_0_0 :-34484_0_1 :-34484_0_2,0.000,upstream,SA2,SA002002
-41000,-5764_0 -6876_0 -6876_1 -6876_2,:-41000_0_0 :-41000_1_0 :-41000_1_1 :-41000_1_2,0.000,upstream,SA2,SA002002
-41687,-7270_0 -7270_1 -7270_2,:-41687_0_0 :-41687_0_1 :-41687_0_2,0.000,upstream,SA2,SA002002
-39614,-9824_0 -9824_1 -9824_2,:-39614_0_0 :-39614_0_1 :-39614_0_2,0.000,upstream,SA2,SA002002
-32049,-2552_0 -2552_1 -2552_2,:-32049_0_0 :-32049_0_1 :-32049_0_2,0.000,upstream,SA2,SA002002
-32040,-9370_0 -9370_1 -9370_2,:-32040_0_0 :-32040_0_1 :-32040_0_2,0.000,upstream,SA2,SA002002
-44575,-7074_0 -7074_1 -7074_2,:-44575_0_0 :-44575_0_1 :-44575_0_2,0.000,upstream,SA2,SA002002
-60142,-13306_0 -13306_1 -13306_2,:-60142_0_0 :-60142_0_1 :-60142_0_2,0.000,upstream,SA2,SA002002
-48496,-8576_0 -8576_1 -8576_2,:-48496_0_0 :-48496_0_1 :-48496_0_2,0.000,upstream,SA2,SA2成都第二绕城高速（西段）
-49816,-9052_0 -9052_1 -9052_2,:-49816_0_0 :-49816_1_0 :-49816_1_1 :-49816_1_2,0.000,upstream,SA2,SA002002
-60865,-13598_0 -13598_1 -13598_2,:-60865_0_0 :-60865_1_0 :-60865_1_1 :-60865_1_2,0.000,upstream,SA2,SA002002
-65253,-16084_0 -16084_1 -16084_2,:-65253_0_0 :-65253_0_1 :-65253_0_2,0.000,upstream,SA2,SA002002
-30176,-1976_0 -1976_1 -1976_2,:-30176_0_0 :-30176_0_1 :-30176_0_2,0.000,upstream,SA2,SA002002
-25366,-580_0 -580_1 -580_2,:-25366_0_0 :-25366_0_1 :-25366_0_2,0.000,upstream,SA2,SA002002
-30680,-2122_0 -2122_1 -2122_2,:-30680_0_0 :-30680_0_1 :-30680_0_2,0.000,upstream,SA2,SA002002
-30687,-9020_0 -9020_1 -9020_2,:-30687_0_0 :-30687_1_0 :-30687_1_1 :-30687_1_2,0.000,upstream,SA2,SA2成都第二绕城高速（西段）
-42609,-7812_0 -7812_1 -7812_2,:-42609_0_0 :-42609_0_1 :-42609_0_2,0.983,upstream,G4202,G4202001
-38872,-13154_0 -13154_1 -13154_2,:-38872_0_0 :-38872_0_1 :-38872_0_2,1.131,clockwise,G4202,G4202001
-54389,-10824.80_0 -10824.80_1 -10824.80_2,:-54389_0_0 :-54389_0_1 :-54389_0_2,1.131,upstream,G4202,G4202001
-42611,-6590_0 -6590_1 -6358_0 -6358_1 -6358_2,:-42611_0_0 :-42611_0_1 :-42611_2_0 :-42611_2_1 :-42611_2_2,1.167,upstream,G4202,G4202001
-30798,-2154_0 -2154_1 -9984_0 -9984_1,:-30798_0_0 :-30798_0_1 :-30798_2_0 :-30798_2_1,1.240,counterclockwise,G4202,G4202001
-42070,-6156_0 -6156_1 -7278_0 -7278_1,:-42070_0_0 :-42070_0_1 :-42070_2_0 :-42070_2_1,1.240,counterclockwise,G4202,G4202001
-38121,-14596_0 -14596_1,:-38121_0_0 :-38121_0_1 :-38121_2_0 :-38121_2_1,1.240,counterclockwise,G4202,G4202001
-30792,-4740_0 -4740_1,:-30792_0_0 :-30792_0_1,1.240,counterclockwise,G4202,G4202001
-38127,-15996_0 -15996_1 -4742_0 -4742_1,:-38127_0_0 :-38127_0_1 :-38127_2_0 :-38127_2_1,1.240,counterclockwise,G4202,G4202001
-52126,-9982_0 -9982_1,:-52126_0_0 :-52126_0_1,1.240,counterclockwise,G4202,G4202001
-52121,E2.144_0 E2.144_1,:-52121_0_0 :-52121_1_0 :-52121_1_1,1.240,counterclockwise,G4202,G4202001
J17,-11324_0 -11324_1 -11324_2 -11324_3,:J17_0_0 :J17_0_1 :J17_0_2 :J17_0_3,1.240,clockwise,G4202,G4202001
J18,-5004_0 -5004_1 -5004_2,:J18_0_0 :J18_0_1 :J18_0_2 :J18_0_3,1.281,clockwise,G4202,G4202001
-50565,-11324.141_0 -11324.141_1 -11324.141_2,:-50565_0_0 :-50565_0_1 :-50565_0_2,1.384,clockwise,G4202,G4202001
-33671,-5004.153_0 -5004.153_1 -5004.153_2 -5004.153_3,:-33671_0_0 :-33671_0_1 :-33671_2_0 :-33671_2_1 :-33671_2_2,1.463,downstream,G4202,G4202001
-57437,-14350_0 -14350_1,:-57437_0_0 :-57437_0_1,1.713,clockwise,G4202,G4202001
-33674,-3166_0 -3166_1,:-33674_0_0 :-33674_0_1 :-33674_2_0 :-33674_2_1,1.713,clockwise,G4202,G4202001
-28268,-16796_0 -16796_1,:-28268_0_0 :-28268_0_1 :-28268_2_0 :-28268_2_1,1.713,clockwise,G4202,G4202001
J4,-1436_0 -1436_1,:J4_0_0 :J4_0_1,1.713,clockwise,G4202,G4202001
-28274,-1434_0 -1434_1,:-28274_0_0 :-28274_0_1,1.713,clockwise,G4202,G4202001
J5,-12202_0 -12202_1,:J5_0_0 :J5_0_1,1.713,clockwise,G4202,G4202001
-42420,-6296_0 -6296_1 -14348_0 -14348_1,:-42420_0_0 :-42420_0_1 :-42420_2_0 :-42420_2_1,1.713,clockwise,G4202,G4202001
-33672,-3164_0 -3164_1 -3164_2,:-33672_0_0 :-33672_0_1 :-33672_0_2,1.713,clockwise,G4202,G4202001
-50566,-9292_0 -9292_1 -9292_2,:-50566_0_0 :-50566_0_1 :-50566_0_2 :-50566_0_3,2.187,downstream,G4202,G4202001
-46845,-8014_0 -8014_1 -8014_2,:-46845_0_0 :-46845_0_1 :-46845_0_2,2.225,clockwise,G4202,G4202001
-68012,-16654_0 -16654_1,,2.432,counterclockwise,G4202,G4202002
-59963,-13546_0 -13546_1 -13242_0 -13242_1,:-59963_0_0 :-59963_0_1 :-59963_2_0 :-59963_2_1,2.432,counterclockwise,G4202,G4202001
-60700,-16216_0 -16216_1 -16216_2 -16216_3,:-60700_0_0 :-60700_0_1 :-60700_2_0 :-60700_2_1 :-60700_2_2,2.432,downstream,G4202,G4202001
J7,-1892_0 -1892_1,:J7_0_0 :J7_0_1,2.494,clockwise,G4202,G4202001
J6,-1890_0 -1890_1,:J6_0_0 :J6_0_1,2.494,clockwise,G4202,G4202001
-29874,E5_0 E5_1 E5_2,:-29874_0_0 :-29874_0_1 :-29874_2_0 :-29874_2_1,2.494,clockwise,G4202,G4202001
-34327,-5538_0 -5538_1,:-34327_0_0 :-34327_0_1,2.494,clockwise,G4202,G4202001
-54058,-11782_0 -11782_1 -11782_2 -10702_0 -10702_1 -10702_2,:-54058_0_0 :-54058_0_1 :-54058_0_2 :-54058_0_3 :-54058_4_0 :-54058_4_1 :-54058_4_2,2.494,downstream,G4202,G4202001
-29885,-1892.31_0 -1892.31_1 -8732_0 -8732_1,:-29885_0_0 :-29885_0_1 :-29885_2_0 :-29885_2_1,2.494,clockwise,G4202,G4202001
-40333,-8778_0 -8778_1,:-40333_0_0 :-40333_0_1 :-40333_2_0 :-40333_2_1,2.494,clockwise,G4202,G4202001
-40339,-5540_0 -5540_1,:-40339_0_0 :-40339_0_1,2.494,clockwise,G4202,G4202001
J134,-12898_0 -12898_1 -12898_2 -12898_3 -12898_4,:J134_0_0 :J134_0_1 :J134_0_2 :J134_0_3 :J134_0_4,2.555,downstream,G4202,G4202001
-32673,,,3.022,counterclockwise,G4202,G4202002
-32674,-2766_0 -2766_1,:-32674_0_0 :-32674_0_1 :-32674_2_0 :-32674_2_1,3.022,counterclockwise,G4202,G4202002
-38578,-7328_0 -7328_1 -13544_0 -13544_1 -13544_2,:-38578_0_0 :-38578_0_1 :-38578_2_0 :-38578_2_1 :-38578_2_2,3.022,downstream,G4202,G4202001
-31486,-2360_0 -2360_1 -2360_2,:-31486_0_0 :-31486_0_1 :-31486_0_2,4.075,upstream,G4202,G4202001
-55307,-11170_0 -11170_1 -11170_2,:-55307_0_0 :-55307_0_1 :-55307_0_2,4.153,upstream,G4202,G4202001
-55305,-12898.43_0 -12898.43_1 -12898.43_2 -12898.43_3,:-55305_0_0 :-55305_0_1 :-55305_0_2 :-55305_0_3,4.354,upstream,G4202,G4202001
-34678,-17176_0 -17176_1 -17176_2,:-34678_0_0 :-34678_0_1 :-34678_0_2,4.393,clockwise,G4202,G4202001
-41244,-8022_0 -8022_1 -8022_2 -8022_3,:-41244_0_0 :-41244_0_1 :-41244_0_2 :-41244_0_3,4.398,upstream,G4202,G4202001
-31481,-5848_0 -5848_1 -5848_2,:-31481_0_0 :-31481_0_1 :-31481_0_2,4.451,upstream,G4202,G4202001
-33668,-12652_0 -12652_1 -12652_2,:-33668_0_0 :-33668_0_1 :-33668_0_2,4.465,clockwise,G4202,G4202001
-34680,-3492_0 -3492_1 -3492_2,:-34680_0_0 :-34680_0_1 :-34680_0_2,4.544,clockwise,G4202,G4202001
-33670,-3162_0 -3162_1 -3162_2,:-33670_0_0 :-33670_0_1 :-33670_0_2,4.642,clockwise,G4202,G4202001
-47198,-8118_0 -8118_1 -8118_2,:-47198_0_0 :-47198_0_1 :-47198_0_2,4.654,downstream,G4202,G4202001
-52398,-10120_0 -10120_1 -10120_2,:-52398_0_0 :-52398_0_1 :-52398_0_2,5.448,downstream,G4202,G4202001
-42198,-10634_0 -10634_1 -10634_2,:-42198_0_0 :-42198_0_1 :-42198_0_2,5.480,downstream,G4202,G4202001
J105,-6210_0 -6210_1 -6210_2,:J105_0_0 :J105_0_1 :J105_0_2 :J105_0_3,5.720,downstream,G4202,G4202001
-54379,-10820_0 -10820_1 -10820_2,:-54379_0_0 :-54379_0_1 :-54379_0_2,5.874,downstream,G4202,G4202001
-35926,-6210.244_0 -6210.244_1 -6210.244_2 -6210.244_3,:-35926_0_0 :-35926_0_1 :-35926_2_0 :-35926_2_1 :-35926_2_2,5.882,downstream,G4202,G4202001
-31133,-3922_0 -3922_1 -2272_0 -2272_1,:-31133_0_0 :-31133_0_1 :-31133_2_0 :-31133_2_1,5.882,clockwise,G4202,G4202001
-57277,-12152_0 -12152_1 -12152_2,:-57277_0_0 :-57277_0_1 :-57277_0_2 :-57277_0_3,6.354,downstream,G4202,G4202001
-35948,-3924_0 -3924_1 -3924_2,:-35948_0_0 :-35948_0_1 :-35948_2_0 :-35948_2_1 :-35948_2_2,6.406,downstream,G4202,G4202001
-29714,-11000_0 -11000_1,:-29714_0_0 :-29714_0_1 :-29714_2_0 :-29714_2_1,6.517,counterclockwise,G4202,G4202001
-29720,-1844_0 -1844_1,:-29720_0_0 :-29720_0_1,6.517,counterclockwise,G4202,G4202001
-29721,-6496_0 -6496_1 -1846_0 -1846_1,:-29721_0_0 :-29721_0_1 :-29721_2_0 :-29721_2_1,6.517,counterclockwise,G4202,G4202001
-42981,-12756_0 -12756_1,:-42981_0_0 :-42981_0_1 :-42981_2_0 :-42981_2_1,6.517,counterclockwise,G4202,G4202001
-58712,-14846_0 -14846_1 -14846_2 -14846_3,:-58712_0_0 :-58712_0_1 :-58712_2_0 :-58712_2_1 :-58712_2_2,6.517,downstream,G4202,G4202001
-29875,-3392_0 -3392_1 -1890.33_0 -1890.33_1,:-29875_0_0 :-29875_0_1 :-29875_2_0 :-29875_2_1,6.517,counterclockwise,G4202,G4202001
-42982,-6494_0 -6494_1,:-42982_0_0 :-42982_0_1,6.517,counterclockwise,G4202,G4202001
-62327,-14112_0 -14112_1 -14112_2 -14112_3,:-62327_0_0 :-62327_0_1 :-62327_2_0 :-62327_2_1,6.531,counterclockwise,G4202,G4202001
-62325,,,6.531,counterclockwise,G4202,G4202001
-46338,-12758_0 -12758_1 -12758_2,:-46338_0_0 :-46338_0_1 :-46338_0_2,6.756,downstream,G4202,G4202001
-41333,-15564_0 -15564_1 -10658_0 -10658_1 -10658_2,:-41333_0_0 :-41333_0_1 :-41333_2_0 :-41333_2_1 :-41333_2_2,6.850,upstream,G4202,G4202001
-53452,-15750_0 -15750_1,:-53452_0_0 :-53452_0_1,7.168,counterclockwise,G4202,G4202001
J111,-5882_0 -5882_1 -5882_2 -5882_3,:J111_0_0 :J111_0_1 :J111_0_2 :J111_0_3,7.168,clockwise,G4202,G4202001
-30838,-10656_0 -10656_1 -10496_0 -10496_1,:-30838_0_0 :-30838_0_1 :-30838_2_0 :-30838_2_1,7.168,counterclockwise,G4202,G4202001
-30840,-2168_0 -2168_1 -2168_2,,7.168,counterclockwise,G4202,G4202001
-33976,-15016_0 -15016_1 -8816_0 -8816_1,:-33976_0_0 :-33976_0_1 :-33976_2_0 :-33976_2_1,8.298,clockwise,G4202,G4202001
-34537,-3454_0 -3454_1,:-34537_0_0 :-34537_0_1,8.298,clockwise,G4202,G4202001
-40803,-5882.98_0 -5882.98_1 -5882.98_2,:-40803_0_0 :-40803_0_1 :-40803_0_2,8.333,clockwise,G4202,G4202001
-40804,-5716_0 -5716_1 -5716_2,:-40804_0_0 :-40804_0_1 :-40804_0_2,8.360,downstream,G4202,G4202001
J108,-7192_0 -7192_1 -7192_2,:J108_0_0 :J108_0_1 :J108_0_2 :J108_0_3,8.953,downstream,G4202,G4202001
-39127,-7192.596_0 -7192.596_1 -7192.596_2 -7192.596_3,:-39127_0_0 :-39127_0_1 :-39127_0_2 :-39127_3_0 :-39127_3_1 :-39127_3_2,9.068,downstream,G4202,G4202001
-39144,-5100_0 -5100_1,:-39144_0_0 :-39144_0_1,9.068,counterclockwise,G4202,G4202001
-33561,-3100.145_0 -3100.145_1 -3100.145_2,:-33561_0_0 :-33561_0_1 :-33561_0_2,9.228,upstream,G4202,G4202001
J109,-3100_0 -3100_1 -3100_2 -3100_3,:J109_0_0 :J109_0_1 :J109_0_2 :J109_0_3,9.231,upstream,G4202,G4202001
-49011,-8760_0 -8760_1 -8760_2,:-49011_0_0 :-49011_0_1 :-49011_0_2,9.291,upstream,G4202,G4202001
-53294,-13502_0 -13502_1,:-53294_0_0 :-53294_0_1,9.304,clockwise,G4202,G4202001
-64889,-15176_0 -15176_1,:-64889_0_0 :-64889_0_1,9.304,clockwise,G4202,G4202001
-51394,-9648.1279_0 -9648.1279_1 -9648.1279_2 -9648.1279_3,:-51394_0_0 :-51394_0_1 :-51394_2_0 :-51394_2_1 :-51394_2_2,9.304,clockwise,G4202,G4202001
-38902,-16856_0 -16856_1,:-38902_0_0 :-38902_0_1,9.593,counterclockwise,G4202,G4202001
-39146,-5102_0 -5102_1 -5102_2,:-39146_0_0 :-39146_0_1 :-39146_2_0 :-39146_2_1 :-39146_2_2,9.593,downstream,G4202,G4202001
-66894,-16114_0 -16114_1,:-66894_0_0 :-66894_0_1,9.725,upstream,S81,S0081001
8721830346,-4000000236_0 -4000000236_1,:8721830346_0_0 :8721830346_0_1,9.799,upstream,S81,S0081001
-63533,-14972_0 -14972_1,:-63533_0_0 :-63533_0_1,9.801,clockwise,G4202,G4202001
-63551,-14626_0 -14626_1 -15178_0 -15178_1 -15178_2,:-63551_0_0 :-63551_0_1 :-63551_2_0 :-63551_2_1 :-63551_2_2,9.801,clockwise,G4202,G4202001
-64402,-15566_0 -15566_1,:-64402_0_0 :-64402_0_1,9.801,clockwise,G4202,G4202001
8721830375,-4000000500_0 -4000000500_1,:8721830375_0_0 :8721830375_0_1,9.827,upstream,S81,S0081001
8721830348,-4000000450_0 -4000000450_1,:8721830348_0_0 :8721830348_0_1,9.852,upstream,S81,S0081001
10554772748,-4000000495_0 -4000000495_1,:10554772748_0_0 :10554772748_0_1,9.857,upstream,S81,S0081001
10554772750,-4000000452_0 -4000000452_1,:10554772750_0_0 :10554772750_0_1,9.869,upstream,S81,S0081001
8721830345,-4000000455_0 -4000000455_1,:8721830345_0_0 :8721830345_0_1,9.877,upstream,S81,S0081001
-44483,-7438_0 -7438_1,:-44483_0_0 :-44483_0_1,9.908,upstream,S81,S0081001
10554772745,-4000000446_0 -4000000446_1,:10554772745_0_0 :10554772745_0_1,9.921,upstream,S81,S0081001
12178168675,-4000000503_0 -4000000503_1,:12178168675_0_0 :12178168675_0_1,9.946,upstream,S81,S0081001
-27589,-16768_0 -16768_1 -16768_2 -16768_3,:-27589_0_0 :-27589_0_1 :-27589_0_2 :-27589_0_3,9.954,downstream,G4202,G4202001
-28746,-1568_0 -5578_0 -5578_1,:-28746_0_0 :-28746_1_0 :-28746_1_1,9.958,upstream,S81,S0081001
8721830412,-4000000442_0 -4000000442_1,:8721830412_0_0 :8721830412_0_1,9.980,upstream,S81,S0081001
-45420,-13974_0 -13974_1,:-45420_0_0 :-45420_0_1,9.987,upstream,S81,S0081001
-44484,-7036_0 -7036_1,:-44484_0_0 :-44484_0_1,10.011,upstream,S81,S0081001
-27590,-1180_0 -1180_1 -1180_2,:-27590_0_0 :-27590_0_1 :-27590_0_2,10.012,clockwise,G4202,G4202001
-40454,-7942_0,:-40454_0_0 :-40454_0_1,10.047,upstream,S81,S0081001
8721830386,-4000000440_0 -4000000440_1,:8721830386_0_0 :8721830386_0_1,10.047,downstream,S81,S0081001
-49134,-8818_0 -8818_1,:-49134_0_0 :-49134_0_1,10.448,counterclockwise,G4202,G4202001
-38026,-10860_0 -10860_1,:-38026_0_0 :-38026_0_1,10.448,counterclockwise,G4202,G4202001
-46851,-13002_0 -13002_1 -16858_0 -16858_1 -16858_2,:-46851_0_0 :-46851_0_1 :-46851_2_0 :-46851_2_1 :-46851_2_2,10.448,downstream,G4202,G4202001
-38037,-14160_0 -14160_1 -4710_0 -4710_1,:-38037_0_0 :-38037_0_1 :-38037_2_0 :-38037_2_1,10.448,counterclockwise,G4202,G4202001
8721830387,-4000000438_0 -4000000438_1,:8721830387_0_0 :8721830387_0_1,10.529,downstream,S81,S0081001
8721830406,-4000000436_0 -4000000436_1,:8721830406_0_0 :8721830406_0_1,11.071,downstream,S81,S0081001
J160,E44_0 E44_1 -15494.1938_0 -15494.1938_1 -15494.1938_2,:J160_0_0 :J160_0_1 :J160_0_2 :J160_3_0 :J160_3_1 :J160_3_2,11.514,upstream,G4202,G4202001
-35242,-15494.2377_0 -15494.2377_1 -15494.2377_2,:-35242_0_0 :-35242_0_1 :-35242_0_2,11.717,clockwise,G4202,G4202001
8721830408,-4000000434_0 -4000000434_1,:8721830408_0_0 :8721830408_0_1,11.760,downstream,S81,S0081001
-53782,-10594_0 -10594_1 -10594_2,:-53782_0_0 :-53782_0_1 :-53782_0_2,12.010,clockwise,G4202,G4202001
12178190769,-4000000432_0 -4000000432_1,:12178190769_0_0 :12178190769_0_1,12.647,downstream,S81,S0081001
8721830411,-4000000496_0 -4000000496_1,:8721830411_0_0 :8721830411_0_1,12.749,downstream,S81,S0081001
J141,-16766_0 -16766_1 -16766_2,:J141_0_0 :J141_1_0 :J141_1_1 :J141_1_2,12.883,downstream,G4202,G4202001
10554772721,-4000000499_0 -4000000499_1,:10554772721_0_0 :10554772721_0_1,13.222,downstream,S81,S0081001
-25703,-3662_0 -3662_1 -3662_2,:-25703_0_0 :-25703_0_1 :-25703_0_2,13.710,clockwise,G4202,G4202001
-25704,-660_0 -660_1 -660_2,:-25704_0_0 :-25704_0_1 :-25704_0_2 :-25704_0_3,13.738,downstream,G4202,G4202001
9868917849,-4000000430_0 -4000000430_1,:9868917849_0_0 :9868917849_0_1,13.740,downstream,S81,S0081001
-53910,-17028_0 -17028_1 -17028_2 -17028_3,:-53910_0_0 :-53910_0_1 :-53910_2_0 :-53910_2_1 :-53910_2_2,13.885,downstream,G4202,G4202001
-28212,-3830.213_0 -3830.213_1 -3830.213_2,:-28212_0_0 :-28212_0_1 :-28212_0_2,14.053,upstream,G4202,G4202001
J113,-3830_0 -3830_1 -3830_2 -3830_3,:J113_0_0 :J113_0_1 :J113_0_2 :J113_0_3,14.184,upstream,G4202,G4202001
-28213,-1410_0 -1410_1 -1410_2,:-28213_0_0 :-28213_0_1 :-28213_0_2,14.289,clockwise,G4202,G4202001
J156,E41_0 -16766.867_0 -16766.867_1 -16766.867_2,:J156_0_0 :J156_1_0 :J156_1_1 :J156_1_2,14.481,clockwise,G4202,G4202001
J168,-15494_0 -15494_1 -15494_2,:J168_0_0 :J168_0_1 :J168_2_0 :J168_2_1 :J168_2_2,15.376,clockwise,G4202,G4202001
-62002,-16766.2439_0 -16766.2439_1 -16766.2439_2,:-62002_0_0 :-62002_0_1 :-62002_0_2,15.642,clockwise,G4202,G4202001
J158,-15494.1043_0 -15494.1043_1 -15494.1043_2,:J158_0_0 :J158_0_1 :J158_0_2,15.680,downstream,G4202,G4202001
-60274,-13978_0 -13978_1 -13978_2,:-60274_0_0 :-60274_0_1 :-60274_0_2,15.701,downstream,G4202,G4202001
J153,-15494.1445_0 -15494.1445_1 -15494.1445_2,:J153_0_0 :J153_0_1 :J153_0_2,16.012,downstream,G4202,G4202001
J155,-15494.1777_0 -15494.1777_1 -15494.1777_2,:J155_0_0 :J155_0_1 :J155_0_2,16.151,downstream,G4202,G4202001
-60883,-13608_0 -13608_1,:-60883_0_0 :-60883_0_1,16.255,counterclockwise,G4202,G4202001
-34908,-13606_0 -13606_1 -3544_0 -3544_1,:-34908_0_0 :-34908_0_1 :-34908_2_0 :-34908_2_1,16.255,counterclockwise,G4202,G4202001
J112,-13354_0 -13354_1 -13354_2,:J112_0_0 :J112_0_1 :J112_0_2 :J112_0_3,16.350,downstream,G4202,G4202001
-39147,-6976_0 -6976_1 -5260_0 -5260_1 -5260_2,:-39147_0_0 :-39147_0_1 :-39147_2_0 :-39147_2_1 :-39147_2_2,16.515,clockwise,G4202,G4202001
-58846,-12822_0 -12822_1,:-58846_0_0 :-58846_0_1 :-58846_2_0 :-58846_2_1,16.515,clockwise,G4202,G4202001
-41897,-13354.652_0 -13354.652_1 -13354.652_2 -13354.652_3,:-41897_0_0 :-41897_0_1 :-41897_2_0 :-41897_2_1 :-41897_2_2,16.515,downstream,G4202,G4202001
-44347,-9074_0 -9074_1 -14170_0 -14170_1,:-44347_0_0 :-44347_0_1 :-44347_2_0 :-44347_2_1,16.515,clockwise,G4202,G4202001
-41899,-6082_0 -6082_1,:-41899_0_0 :-41899_0_1 :-41899_2_0 :-41899_2_1,16.515,clockwise,G4202,G4202001
-49915,-14172_0 -14172_1 -9076_0 -9076_1,:-49915_0_0 :-49915_0_1 :-49915_2_0 :-49915_2_1,16.515,clockwise,G4202,G4202001
-49031,-8786_0 -8786_1 -11670_0 -11670_1 -11670_2,:-49031_0_0 :-49031_0_1 :-49031_2_0 :-49031_2_1 :-49031_2_2,16.616,upstream,G4202,G4202001
-41901,-6084_0 -6084_1 -6084_2,:-41901_0_0 :-41901_0_1 :-41901_0_2,16.839,downstream,G4202,G4202001
-53202,-15216.52_0 -15216.52_1 -15216.52_2,:-53202_0_0 :-53202_0_1 :-53202_0_2,16.911,upstream,G4202,G4202001
J10,-15216_0 -15216_1 -15216_2 -15216_3,:J10_0_0 :J10_0_1 :J10_0_2 :J10_0_3,16.951,upstream,G4202,G4202001
-53203,-10394_0 -10394_1 -10394_2,:-53203_0_0 :-53203_0_1 :-53203_0_2,16.976,clockwise,G4202,G4202001
-39190,-17448_0 -17448_1 -5108_0 -5108_1 -5108_2,:-39190_0_0 :-39190_0_1 :-39190_2_0 :-39190_2_1 :-39190_2_2,17.283,upstream,G4202,G4202001
-39188,-9632_0 -9632_1 -9632_2,:-39188_0_0 :-39188_0_1 :-39188_0_2,17.380,upstream,G4202,G4202001
-52170,-12328_0 -12328_1,:-52170_0_0 :-52170_0_1,17.432,clockwise,G4202,G4202001
J118,-16228_0 -16228_1 -16228_2 -16228_3,:J118_0_0 :J118_0_1 :J118_0_2 :J118_0_3,17.432,clockwise,G4202,G4202001
-28218,-16640.2152_0 -16640.2152_1 -16640.2152_2 -16640.2152_3,:-28218_0_0 :-28218_0_1 :-28218_2_0 :-28218_2_1 :-28218_2_2,17.432,clockwise,G4202,G4202001
-28221,-1416_0 -1416_1,:-28221_0_0 :-28221_0_1 :-28221_2_0 :-28221_2_1,17.432,clockwise,G4202,G4202001
-63455,-14592_0 -14592_1 -16812_0 -16812_1,:-63455_0_0 :-63455_0_1 :-63455_2_0 :-63455_2_1,17.432,clockwise,G4202,G4202001
-52171,-10004_0 -10004_1,:-52171_0_0 :-52171_0_1 :-52171_2_0 :-52171_2_1,17.432,clockwise,G4202,G4202001
-59878,-16810_0 -16810_1 -14590_0 -14590_1,:-59878_0_0 :-59878_0_1 :-59878_2_0 :-59878_2_1,17.432,clockwise,G4202,G4202001
J119,-16282_0 -16282_1 -16282_2,:J119_0_0 :J119_0_1 :J119_0_2 :J119_0_3,18.021,clockwise,G4202,G4202001
-56931,-16282.1049_0 -16282.1049_1 -16282.1049_2 -16282.1049_3,:-56931_0_0 :-56931_0_1 :-56931_2_0 :-56931_2_1 :-56931_2_2,18.164,downstream,G4202,G4202001
-51479,-13204_0 -13204_1,:-51479_0_0 :-51479_0_1 :-51479_2_0 :-51479_2_1,18.164,counterclockwise,G4202,G4202001
-26327,-15200_0 -15200_1,:-26327_0_0 :-26327_0_1,18.164,counterclockwise,G4202,G4202001
-34450,-11980_0 -11980_1,:-34450_0_0 :-34450_0_1 :-34450_2_0 :-34450_2_1,18.164,counterclockwise,G4202,G4202001
-34464,-3426_0 -3426_1 -9694_0 -9694_1,:-34464_0_0 :-34464_0_1 :-34464_2_0 :-34464_2_1,18.164,counterclockwise,G4202,G4202001
-34452,-9692_0 -9692_1 -3424_0 -3424_1,:-34452_0_0 :-34452_0_1 :-34452_2_0 :-34452_2_1,18.164,counterclockwise,G4202,G4202001
-28228,-15568_0 -15568_1 -1418_0 -1418_1 -1418_2,:-28228_0_0 :-28228_0_1 :-28228_2_0 :-28228_2_1 :-28228_2_2,18.164,counterclockwise,G4202,G4202001
-54293,-11982_0 -11982_1 -11982_2,:-54293_0_0 :-54293_0_1 :-54293_0_2,18.438,downstream,G4202,G4202001
-52196,-16228.95_0 -16228.95_1 -16228.95_2,:-52196_0_0 :-52196_0_1 :-52196_0_2,18.500,clockwise,G4202,G4202001
-54294,-10792_0 -10792_1 -10792_2,:-54294_0_0 :-54294_0_1 :-54294_0_2,18.544,downstream,G4202,G4202001
-52197,-10018_0 -10018_1 -10018_2,:-52197_0_0 :-52197_0_1 :-52197_0_2,18.548,downstream,G4202,G4202001
J9,-15574_0 -15574_1 -15574_2,:J9_0_0 :J9_0_1 :J9_0_2 :J9_0_3,18.764,downstream,G4202,G4202001
-62219,-14082_0 -14082_1,:-62219_0_0 :-62219_0_1 :-62219_2_0 :-62219_2_1,18.853,clockwise,G4202,G4202001
-62218,-15574.220_0 -15574.220_1 -15574.220_2 -15574.220_3,:-62218_0_0 :-62218_0_1 :-62218_2_0 :-62218_2_1 :-62218_2_2,18.853,downstream,G4202,G4202001
-66616,-16024_0 -16024_1,:-66616_0_0 :-66616_0_1,18.853,clockwise,G4202,G4202001
-26328,-836_0 -836_1,:-26328_0_0 :-26328_0_1 :-26328_2_0 :-26328_2_1,18.994,counterclockwise,G4202,G4202001
-39585,-5262_0 -5262_1,:-39585_0_0 :-39585_0_1 :-39585_2_0 :-39585_2_1,18.994,counterclockwise,G4202,G4202001
-39575,-7818.3365_0 -7818.3365_1 -7818.3365_2 -7818.3365_3,:-39575_0_0 :-39575_0_1 :-39575_2_0 :-39575_2_1 :-39575_2_2,18.994,counterclockwise,G4202,G4202001
-34502,-3442_0 -3442_1,:-34502_0_0 :-34502_0_1,18.994,counterclockwise,G4202,G4202001
-34501,-3440_0 -3440_1 -12312_0 -12312_1,:-34501_0_0 :-34501_0_1 :-34501_2_0 :-34501_2_1,18.994,counterclockwise,G4202,G4202001
-35686,-6988_0 -6988_1 -12712_0 -12712_1 -12712_2,:-35686_0_0 :-35686_0_1 :-35686_2_0 :-35686_2_1 :-35686_2_2,18.994,downstream,G4202,G4202001
-44395,-12310_0 -12310_1 -14428_0 -14428_1,:-44395_0_0 :-44395_0_1 :-44395_2_0 :-44395_2_1,18.994,counterclockwise,G4202,G4202001
9868917875,-4000000417_0 -4000000417_1,:9868917875_0_0 :9868917875_0_1,19.180,upstream,S81,S0081001
-25795,-14084_0 -14084_1 -14084_2,:-25795_0_0 :-25795_0_1 :-25795_0_2,19.460,downstream,G4202,G4202001
9868917855,-4000000427_0 -4000000427_1,:9868917855_0_0 :9868917855_0_1,19.576,upstream,S81,S0081001
10554772717,-4000000422_0 -4000000422_1,:10554772717_0_0 :10554772717_0_1,19.662,upstream,S81,S0081001
-33604,-16752_0 -16752_1,:-33604_0_0 :-33604_0_1,19.903,clockwise,G4202,G4202001
-41036,-12316_0 -12316_1 -12316_2 -17390_0 -17390_1 -17390_2,:-41036_0_0 :-41036_0_1 :-41036_0_2 :-41036_3_0 :-41036_3_1 :-41036_3_2,20.279,upstream,G4202,G4202001
-54404,-682_0 -682_1 -682_2,:-54404_0_0 :-54404_0_1 :-54404_0_2,20.597,upstream,G4202,G4202001
-31116,-5784_0 -5784_1 -5784_2 -5784_3,:-31116_0_0 :-31116_0_1 :-31116_0_2 :-31116_0_3,20.654,clockwise,G4202,G4202001
9868917879,-4000000415_0 -4000000415_1,:9868917879_0_0 :9868917879_0_1,20.903,downstream,S81,S0081001
10554772715,-4000000413_0 -4000000413_1,:10554772715_0_0 :10554772715_0_1,21.317,downstream,S81,S0081001
-51542,-9712_0 -9712_1 -9712_2,:-51542_0_0 :-51542_0_1 :-51542_0_2,22.074,upstream,G4202,G4202001
-32532,-2716_0 -2716_1 -2716_2,:-32532_0_0 :-32532_0_1 :-32532_0_2,22.107,upstream,G4202,G4202001
-52211,-11322_0 -11322_1 -11770_0 -11770_1 -11770_2,:-52211_0_0 :-52211_0_1 :-52211_2_0 :-52211_2_1 :-52211_2_2,22.130,upstream,G4202,G4202001
-62794,-17226.262_0 -17226.262_1 -17226.262_2 -17226.262_3,:-62794_0_0 :-62794_0_1 :-62794_2_0 :-62794_2_1 :-62794_2_2,22.131,upstream,G4202,G4202001
-32531,-14284_0 -14284_1 -14284_2,:-32531_0_0 :-32531_0_1 :-32531_0_2,22.139,upstream,G4202,G4202001
-41252,-5852_0 -5852_1,:-41252_0_0 :-41252_0_1,22.174,counterclockwise,G4202,G4202001
-47298,-8178_0 -8178_1,:-47298_0_0 :-47298_0_1,22.174,counterclockwise,G4202,G4202001
-41247,-7558_0 -7558_1,:-41247_0_0 :-41247_0_1,22.174,counterclockwise,G4202,G4202001
-30271,-14282_0 -14282_1,:-30271_0_0 :-30271_0_1,22.174,counterclockwise,G4202,G4202001
-60067,-13292_0 -13292_1,:-60067_0_0 :-60067_0_1 :-60067_2_0 :-60067_2_1,22.174,counterclockwise,G4202,G4202001
J19,-10034_0 -10034_1 -10034_2 -10034_3,:J19_0_0 :J19_0_1 :J19_0_2 :J19_0_3,22.174,clockwise,G4202,G4202001
-30290,-2010_0 -2010_1 -16464_0 -16464_1,:-30290_0_0 :-30290_0_1 :-30290_0_2 :-30290_3_0 :-30290_3_1,22.174,counterclockwise,G4202,G4202001
-26002,-16522_0 -16522_1,:-26002_0_0 :-26002_0_1,22.174,counterclockwise,G4202,G4202001
-26004,-16466_0 -16466_1 -744_0 -744_1,:-26004_0_0 :-26004_0_1 :-26004_2_0 :-26004_2_1,22.174,counterclockwise,G4202,G4202001
-60057,,,22.174,counterclockwise,G4202,G4202001
J13,-2266_0 -2266_1 -2266_2,:J13_0_0 :J13_0_1 :J13_0_2 :J13_0_3,22.520,clockwise,G4202,G4202001
-55700,-15500_0 -15500_1,:-55700_0_0 :-55700_0_1,22.672,clockwise,G4202,G4202001
-37031,-4382_0 -4382_1,:-37031_0_0 :-37031_0_1,22.672,clockwise,G4202,G4202001
-31126,-2266.1874_0 -2266.1874_1 -2266.1874_2 -2266.1874_3,:-31126_0_0 :-31126_0_1 :-31126_2_0 :-31126_2_1 :-31126_2_2,22.672,downstream,G4202,G4202001
J130,-15502_0,:J130_0_0,22.672,clockwise,G4202,G4202001
-47260,-8154_0 -8154_1,:-47260_0_0 :-47260_0_1,22.672,clockwise,G4202,G4202001
-61806,-15502.55_0 -15502.55_1,:-61806_0_0 :-61806_0_1,22.672,clockwise,G4202,G4202001
-47420,-13892_0 -13892_1,:-47420_0_0 :-47420_0_1,22.672,clockwise,G4202,G4202001
-65576,-16496_0 -16496_1,:-65576_0_0 :-65576_0_1 :-65576_2_0,22.672,clockwise,G4202,G4202001
-37030,-4380_0 -4380_1 -4380_2,:-37030_0_0 :-37030_0_1 :-37030_0_2,22.759,downstream,G4202,G4202001
10554772713,-4000000410_0 -4000000410_1,:10554772713_0_0 :10554772713_0_1,23.101,downstream,S81,S0081001
-44167,-7216_0 -7216_1 -7216_2,:-44167_0_0 :-44167_0_1 :-44167_0_2,23.111,upstream,G4202,G4202001
-32838,-6890_0 -6890_1 -6890_2,:-32838_0_0 :-32838_0_1 :-32838_0_2,23.210,clockwise,G4202,G4202001
-26084,-13080_0 -13080_1,:-26084_0_0 :-26084_0_1,23.275,clockwise,G4202,G4202001
-44639,-7098_0 -7098_1,:-44639_0_0 :-44639_1_0 :-44639_5_0 :-44639_2_1 :-44639_4_0,23.275,clockwise,G4202,G4202001
-32699,-2772_0 -2772_1,,23.275,clockwise,G4202,G4202001
-32684,-11404_0 -11404_1 -4824_0 -4824_1,:-32684_0_0 :-32684_0_1 :-32684_2_0,23.275,clockwise,G4202,G4202001
-26086,-2828_0 -2828_1 -2828_2 -772_0 -772_1,:-26086_0_0 :-26086_0_1 :-26086_0_2 :-26086_3_0 :-26086_3_1,23.275,clockwise,G4202,G4202001
-38373,-13082_0 -13082_1,:-38373_0_0 :-38373_0_1,23.275,clockwise,G4202,G4202001
10554772711,-4000000408_0 -4000000408_1,:10554772711_0_0 :10554772711_0_1,23.415,downstream,S81,S0081001
J11,-15486_0 -15486_1 -15486_2 -15486_3,:J11_0_0 :J11_0_1 :J11_0_2 :J11_0_3,23.425,downstream,G4202,G4202001
-27300,-1112_0 -1112_1 -15486.125_0 -15486.125_1 -15486.125_2,:-27300_0_0 :-27300_0_1 :-27300_2_0 :-27300_2_1 :-27300_2_2,23.527,downstream,G4202,G4202001
9868917892,-4000000406_0 -4000000406_1,:9868917892_0_0 :9868917892_0_1,23.892,downstream,S81,S0081001
10554772709,-4000000404_0 -4000000404_1,:10554772709_0_0 :10554772709_0_1,24.007,downstream,S81,S0081001
-34306,-10034.151_0 -10034.151_1 -10034.151_2,:-34306_0_0 :-34306_0_1 :-34306_0_2 :-34306_0_3,24.069,clockwise,G4202,G4202001
9868917893,-4000000402_0 -4000000402_1,:9868917893_0_0 :9868917893_0_1,24.089,downstream,S81,S0081001
-46721,-13114_0 -13114_1,:-46721_0_0 :-46721_0_1,24.272,counterclockwise,G4202,G4202001
-55669,-17154_0 -17154_1,:-55669_0_0 :-55669_0_1,24.272,counterclockwise,G4202,G4202001
-34309,-3386_0 -3386_1 -3386_2 -3386_3,:-34309_0_0 :-34309_0_1 :-34309_2_0 :-34309_2_1 :-34309_2_2,24.272,downstream,G4202,G4202001
-28076,-10854_0 -10854_1,:-28076_0_0 :-28076_0_1 :-28076_2_0 :-28076_2_1,24.272,counterclockwise,G4202,G4202001
-28081,-1362_0 -1362_1 -11382_0 -11382_1,:-28081_0_0 :-28081_0_1 :-28081_2_0 :-28081_2_1,24.272,counterclockwise,G4202,G4202001
9868917898,-4000000400_0 -4000000400_1,:9868917898_0_0 :9868917898_0_1,24.884,downstream,S81,S0081001
-42185,-10856_0 -10856_1 -10856_2,:-42185_0_0 :-42185_0_1 :-42185_0_2,25.025,downstream,G4202,G4202001
-43515,-15530_0 -15530_1 -15530_2,:-43515_0_0 :-43515_0_1 :-43515_0_2,25.141,downstream,G4202,G4202001
-55381,-13352_0 -13352_1 -13352_2 -13352_3,:-55381_0_0 :-55381_0_1 :-55381_0_2 :-55381_0_3,25.142,upstream,G4202,G4202001
-47293,-15334_0 -15334_1,:-47293_0_0 :-47293_0_1,25.188,clockwise,G4202,G4202001
-31106,-13236_0 -13236_1 -13236_2,:-31106_0_0 :-31106_0_1 :-31106_0_2,25.188,clockwise,G4202,G4202001
-31983,-4708_0 -4708_1,:-31983_0_0 :-31983_0_1,25.188,clockwise,G4202,G4202001
-62448,-14156_0 -14156_1,:-62448_0_0 :-62448_0_1,25.188,clockwise,G4202,G4202001
-39759,-5326_0 -5326_1,:-39759_0_0 :-39759_0_1 :-39759_2_0 :-39759_2_1,25.188,clockwise,G4202,G4202001
-31984,-2532_0 -2532_1,:-31984_0_0 :-31984_0_1,25.188,clockwise,G4202,G4202001
-27294,-14154_0 -14154_1,:-27294_0_0 :-27294_0_1,25.188,clockwise,G4202,G4202001
9868917988,-4000000392_0 -4000000392_1,:9868917988_0_0 :9868917988_0_1,25.205,downstream,S81,S0081001
-56144,-15788_0 -15788_1,:-56144_0_0 :-56144_0_1,26.704,counterclockwise,G4202,G4202001
-56145,-11592_0 -11592_1,:-56145_0_0 :-56145_0_1,26.704,counterclockwise,G4202,G4202001
-36290,-17430_0 -17430_1 -11018_0 -11018_1 -11018_2,:-36290_0_0 :-36290_0_1 :-36290_2_0 :-36290_2_1 :-36290_2_2,26.852,upstream,G4202,G4202001
-29706,-4070.156_0 -4070.156_1 -4070.156_2,:-29706_0_0 :-29706_0_1 :-29706_0_2,26.909,upstream,G4202,G4202001
J23,-4070_0 -4070_1 -4070_2 -4070_3,:J23_0_0 :J23_0_1 :J23_0_2 :J23_0_3,26.910,upstream,G4202,G4202001
-36187,-8794_0 -8794_1 -4018_0 -4018_1 -4018_2,:-36187_0_0 :-36187_0_1 :-36187_2_0 :-36187_2_1 :-36187_2_2,26.960,upstream,G4202,G4202001
-35292,-3680_0 -3680_1 -3680_2,:-35292_0_0 :-35292_0_1 :-35292_0_2,26.962,upstream,G4202,G4202001
-52640,-10202_0 -10202_1 -10202_2 -10202_3,:-52640_0_0 :-52640_0_1 :-52640_0_2 :-52640_0_3,26.966,upstream,G4202,G4202001
-38523,-8564_0 -8564_1 -8564_2,:-38523_0_0 :-38523_0_1 :-38523_2_0 :-38523_2_1,27.000,counterclockwise,G4202,G4202001
-48464,,,27.000,counterclockwise,G4202,G4202001
-38530,-4870_0 -4870_1,:-38530_0_0 :-38530_0_1,27.000,counterclockwise,G4202,G4202001
-49055,-14426_0 -14426_1,:-49055_0_0 :-49055_0_1,27.000,upstream,G4202,G4202001
-29707,-1838_0 -1838_1 -1838_2,:-29707_0_0 :-29707_0_1 :-29707_0_2,27.000,clockwise,G4202,G4202001
9868917990,-4000000395_0 -4000000395_1,:9868917990_0_0 :9868917990_0_1,27.598,downstream,S81,S0081001
-31115,-2264_0 -2264_1 -2264_2,:-31115_0_0 :-31115_0_1 :-31115_0_2,27.645,clockwise,G4202,G4202001
-43527,-12044_0 -12044_1 -12044_2,:-43527_0_0 :-43527_0_1 :-43527_0_2,27.658,downstream,G4202,G4202001
-64095,-14840_0 -14840_1 -14840_2,:-64095_0_0 :-64095_0_1 :-64095_0_2,27.663,clockwise,G4202,G4202001
-47964,-15256_0 -15256_1 -15256_2,:-47964_0_0 :-47964_0_1 :-47964_0_2,27.676,downstream,G4202,G4202001
9868917977,-4000000396_0 -4000000396_1,:9868917977_0_0 :9868917977_0_1,27.731,downstream,S81,S0081001
-30026,-6692_0 -6692_1 -6692_2,:-30026_0_0 :-30026_0_1 :-30026_0_2,28.309,downstream,G4202,G4202001
-30027,-1938_0 -1938_1 -1938_2,:-30027_0_0 :-30027_0_1 :-30027_0_2,28.321,downstream,G4202,G4202001
J22,-6652_0 -6652_1 -6652_2,:J22_0_0 :J22_0_1 :J22_0_2 :J22_0_3,28.517,downstream,G4202,G4202001
-36279,-4058_0 -4058_1 -4058_2,,28.680,clockwise,G4202,G4202001
-54667,-10930_0 -10930_1,:-54667_0_0 :-54667_0_1,28.680,clockwise,G4202,G4202001
-32644,-2620_0 -2620_1,:-32644_0_0 :-32644_0_1,28.680,clockwise,G4202,G4202001
-32272,-6652.199_0 -6652.199_1 -6652.199_2 -6652.199_3,:-32272_0_0 :-32272_0_1 :-32272_2_0 :-32272_2_1 :-32272_2_2,28.680,downstream,G4202,G4202001
-36275,-10928_0 -10928_1 -14138_0 -14138_1,:-36275_0_0 :-36275_0_1 :-36275_2_0 :-36275_2_1,28.680,clockwise,G4202,G4202001
-32645,-2752_0 -2752_1,:-32645_0_0 :-32645_0_1 :-32645_2_0 :-32645_2_1,28.680,clockwise,G4202,G4202001
-42428,-14412_0 -14412_1,:-42428_0_0 :-42428_0_1,28.680,clockwise,G4202,G4202001
-29832,-1882_0 -1882_1,:-29832_0_0 :-29832_0_1,28.680,clockwise,G4202,G4202001
-56500,-11744_0 -11744_1,:-56500_0_0 :-56500_1_0,28.857,counterclockwise,G4202,G4202001
-42794,-16912.61_0 -16912.61_1,:-42794_0_0 :-42794_0_1,28.857,counterclockwise,G4202,G4202001
J91,-16912_0,:J91_0_0 :J91_0_1,28.857,counterclockwise,G4202,G4202001
-56492,-15742_0 -15742_1,:-56492_0_0 :-56492_0_1,28.857,counterclockwise,G4202,G4202001
-41986,-6126.4217_0 -6126.4217_1 -6126.4217_2 -6126.4217_3 -6126.4217_4,:-41986_0_0 :-41986_0_1 :-41986_2_0 :-41986_2_1 :-41986_2_2 :-41986_2_3,28.857,counterclockwise,G4202,G4202001
-66833,-16914_0 -16914_1,:-66833_0_0 :-66833_0_1,28.857,counterclockwise,G4202,G4202001
-32280,-2622_0 -2622_1 -2622_2,:-32280_0_0 :-32280_0_1 :-32280_0_2,28.948,downstream,G4202,G4202001
-65051,-16688_0 -16688_1 -16688_2,:-65051_0_0 :-65051_0_1 :-65051_0_2,29.000,downstream,G4202,G4202001
-29469,-15262_0 -15262_1 -15262_2,:-29469_0_0 :-29469_0_1 :-29469_0_2,29.156,downstream,G4202,G4202001
9868917978,-4000000397_0 -4000000397_1,:9868917978_0_0 :9868917978_0_1,29.336,downstream,S81,S0081001
-37211,-11192_0 -11192_1 -4438_0 -4438_1 -4438_2,:-37211_0_0 :-37211_0_1 :-37211_2_0 :-37211_2_1 :-37211_2_2,29.929,upstream,G4202,G4202001
J21,-13402_0 -13402_1 -13402_2 -13402_3,:J21_0_0 :J21_0_1 :J21_0_2 :J21_0_3,29.933,upstream,G4202,G4202001
-29470,-1754_0 -1754_1 -1754_2,:-29470_0_0 :-29470_0_1 :-29470_0_2,29.965,upstream,G4202,G4202001
-67777,-17190_0 -17190_1 -17190_2 -17190_3,:-67777_0_0 :-67777_0_1 :-67777_0_2 :-67777_0_3,29.967,upstream,G4202,G4202001
-50725,-9352_0 -9352_1 -12168_0 -12168_1 -12168_2,:-50725_0_0 :-50725_0_1 :-50725_2_0 :-50725_2_1 :-50725_2_2,29.978,upstream,G4202,G4202001
-37210,-16534_0 -16534_1 -16534_2,:-37210_0_0 :-37210_0_1 :-37210_0_2,29.981,upstream,G4202,G4202001
-37356,-5866_0 -5866_1 -5866_2 -5866_3 -5866_4,:-37356_0_0 :-37356_0_1 :-37356_0_2 :-37356_0_3 :-37356_0_4,29.999,clockwise,G4202,G4202001
-47253,-15786_0 -15786_1,:-47253_0_0 :-47253_0_1,30.004,clockwise,G4202,G4202001
-38533,-4872_0 -4872_1,:-38533_0_0 :-38533_0_1,30.004,clockwise,G4202,G4202001
-53771,-10592_0 -10592_1 -10592_2,:-53771_0_0 :-53771_0_1 :-53771_2_0 :-53771_2_1,30.004,clockwise,G4202,G4202001
-53761,,,30.004,clockwise,G4202,G4202001
-47254,-8152_0 -8152_1,:-47254_0_0 :-47254_0_1,30.004,upstream,G4202,G4202001
-56251,-13402.121_0 -13402.121_1 -13402.121_2,:-56251_0_0 :-56251_0_1 :-56251_0_2,30.004,clockwise,G4202,G4202001
-55334,-15476_0 -15476_1,:-55334_0_0 :-55334_0_1,30.004,clockwise,G4202,G4202001
-47976,-8420_0 -8420_1 -8420_2,:-47976_0_0 :-47976_0_1 :-47976_0_2,30.114,downstream,G4202,G4202001
-37359,-4500_0 -4500_1 -4500_2 -4500_3,:-37359_0_0 :-37359_0_1 :-37359_0_2 :-37359_0_3,30.310,clockwise,G4202,G4202001
-52491,-14078_0 -14078_1 -14078_2,:-52491_0_0 :-52491_0_1 :-52491_0_2,30.356,clockwise,G4202,G4202001
9868917986,-4000000391_0 -4000000391_1,:9868917986_0_0 :9868917986_0_1,30.470,downstream,S81,S0081001
-32766,-16604_0 -16604_1 -16604_2,:-32766_0_0 :-32766_0_1 :-32766_0_2,30.559,downstream,G4202,G4202001
-52494,-10160_0 -10160_1 -10160_2,:-52494_0_0 :-52494_0_1 :-52494_0_2 :-52494_0_3,30.671,downstream,G4202,G4202001
-55963,-7678_0 -7678_1 -7678_2 -7678_3,:-55963_0_0 :-55963_0_1 :-55963_0_2 :-55963_0_3,30.693,downstream,G4202,G4202001
-58872,-16782_0 -16782_1,:-58872_0_0 :-58872_0_1,30.829,clockwise,G4202,G4202001
-34092,-3300.289_0 -3300.289_1,:-34092_0_0 :-34092_0_1,30.829,clockwise,G4202,G4202001
J128,-3300_0,:J128_0_0 :J128_0_1,30.829,clockwise,G4202,G4202001
-34083,-13194_0 -13194_1 -13194_2 -13194_3,:-34083_0_0 :-34083_1_0 :-34083_1_1 :-34083_1_2,30.829,downstream,G4202,G4202001
J20,-11514_0 -11514_1 -11514_2 -11514_3,:J20_0_0 :J20_0_1 :J20_0_2 :J20_0_3 :J20_0_4,30.898,downstream,G4202,G4202001
-55964,-11514.209_0 -11514.209_1 -11514.209_2 -11514.209_3 -11514.209_4,:-55964_0_0 :-55964_0_1 :-55964_2_0 :-55964_2_1 :-55964_2_2,31.027,downstream,G4202,G4202001
-44481,-7032_0 -7032_1,:-44481_0_0 :-44481_0_1 :-44481_2_0 :-44481_2_1,31.027,counterclockwise,G4202,G4202001
-42445,-13648_0 -13648_1 -6304_0 -6304_1,:-42445_0_0 :-42445_0_1 :-42445_2_0 :-42445_2_1,31.027,counterclockwise,G4202,G4202001
-36185,-15736_0 -15736_1,:-36185_0_0 :-36185_0_1,31.027,counterclockwise,G4202,G4202001
-29831,-13646_0 -13646_1,:-29831_0_0 :-29831_0_1,31.027,counterclockwise,G4202,G4202001
-43168,-6572_0 -6572_1 -6572_2,,31.027,counterclockwise,G4202,G4202001
-65546,-15738_0 -15738_1 -15738_2,:-65546_0_0 :-65546_0_1 :-65546_0_2,31.170,downstream,G4202,G4202001
-43579,-15490_0 -15490_1 -15490_2,:-43579_0_0 :-43579_0_1 :-43579_0_2,31.218,downstream,G4202,G4202001
10243423095,-4000000388_0 -4000000388_1,:10243423095_0_0 :10243423095_0_1,31.244,downstream,S81,S0081001
-35291,-6714_0 -6714_1 -6714_2,:-35291_0_0 :-35291_0_1 :-35291_0_2,31.378,downstream,G4202,G4202001
-36669,-4222_0 -4222_1 -11572_0,:-36669_0_0 :-36669_0_1 :-36669_2_0,31.473,counterclockwise,G4202,G4202001
-35377,-10800_0 -10800_1,:-35377_0_0 :-35377_0_1,31.473,counterclockwise,G4202,G4202001
-54327,-10802#1_0 -10802#1_1 -16304#1_0,:-54327_0_0 :-54327_0_1 :-54327_2_0,31.473,counterclockwise,G4202,G4202001
-67359,E0_0 E0_1,:-67359_0_0 :-67359_0_1 :-67359_2_0 :-67359_2_1,31.473,counterclockwise,G4202,G4202001
-35378,-3730_0 -3730_1,:-35378_0_0 :-35378_0_1 :-35378_2_0 :-35378_2_1,31.473,counterclockwise,G4202,G4202001
-37557,-13376_0 -13376_1,:-37557_0_0 :-37557_0_1,31.473,counterclockwise,G4202,G4202001
-25916,-4662_0 -4662_1,:-25916_0_0 :-25916_0_1,31.473,counterclockwise,G4202,G4202001
-37841,-9826_0 -9826_1,:-37841_0_0 :-37841_0_1,31.473,counterclockwise,G4202,G4202001
-37566,-4570_0 -4570_1 -10236_0 -10236_1,:-37566_0_0 :-37566_0_1 :-37566_2_0 :-37566_2_1 :-37566_2_2,31.473,counterclockwise,G4202,G4202001
-36668,-8796_0 -8796_1,:-36668_0_0 :-36668_0_1,31.473,counterclockwise,G4202,G4202001
-54324,-16304#0_0 -16304#0_1,:-54324_0_0 :-54324_1_0 :-54324_1_1,31.473,counterclockwise,G4202,G4202001
-32776,-2804_0 -2804_1 -2804_2,:-32776_0_0 :-32776_0_1 :-32776_0_2 :-32776_0_3,31.597,downstream,G4202,G4202001
-35045,-14924_0 -14924_1 -3600_0 -3600_1 -3600_2 -3600_3,:-35045_0_0 :-35045_0_1 :-35045_0_2 :-35045_3_0 :-35045_3_1 :-35045_3_2 :-35045_3_3,31.628,upstream,G4202,G4202001
-28336,-6916_0 -6916_1 -12528.126_0 -12528.126_1,:-28336_0_0 :-28336_0_1 :-28336_2_0 :-28336_2_1,31.665,counterclockwise,G4202,G4202001
-29158,-1684_0 -1684_1,:-29158_0_0 :-29158_0_1,31.665,counterclockwise,G4202,G4202001
-28352,-1464_0 -1464_1,,31.665,counterclockwise,G4202,G4202001
-44225,-17224_0 -17224_1,:-44225_0_0 :-44225_0_1,31.665,counterclockwise,G4202,G4202001
J131,-12528_0 -12528_1,:J131_0_0 :J131_0_1,31.665,counterclockwise,G4202,G4202001
-29155,-8218_0 -8218_1,:-29155_0_0 :-29155_0_1,31.665,counterclockwise,G4202,G4202001
-55925,-11500_0 -11500_1 -11500_2 -11500_3,:-55925_0_0 :-55925_0_1 :-55925_2_0 :-55925_2_1 :-55925_2_2,31.665,downstream,G4202,G4202001
J25,-6638_0 -6638_1 -6638_2 -6638_3 -6638_4,:J25_0_0 :J25_0_1 :J25_0_2 :J25_0_3 :J25_0_4 :J25_0_5,31.782,clockwise,G4202,G4202001
10243423094,-4000000387_0 -4000000387_1,:10243423094_0_0 :10243423094_0_1,31.837,downstream,S81,S0081001
J12,-17226_0 -17226_1 -17226_2,:J12_0_0 :J12_0_1 :J12_0_2 :J12_0_3,31.888,downstream,G4202,G4202001
-34087,-3298_0 -3298_1 -3298_2,:-34087_0_0 :-34087_0_1 :-34087_0_2,31.901,downstream,G4202,G4202001
J129,-10354_0 -10354_1,:J129_0_0 :J129_0_1,32.127,clockwise,G4202,G4202001
-27954,-6428_0 -6428_1,:-27954_0_0 :-27954_0_1,32.127,clockwise,G4202,G4202001
-27957,-1322_0 -1322_1,:-27957_0_0 :-27957_0_1,32.127,clockwise,G4202,G4202001
-58684,-15988_0 -15988_1 -15988_2,:-58684_0_0 :-58684_0_1 :-58684_0_2,32.434,upstream,G4202,G4202001
-32213,-10354.261_0 -12736_0 -12736_1 -12736_2,:-32213_0_0 :-32213_0_1 :-32213_2_0 :-32213_2_1 :-32213_2_2,32.458,clockwise,G4202,G4202001
10243423090,-4000000384_0 -4000000384_1,:10243423090_0_0 :10243423090_0_1,32.502,downstream,S81,S0081001
J79,-2602_0 -2602_1 -2602_2 -2602_3,:J79_0_0 :J79_0_1 :J79_0_2 :J79_0_3,32.613,clockwise,G4202,G4202001
J80,-6638.218_0 -6638.218_1 -6638.218_2 -6638.218_3,:J80_0_0 :J80_0_1 :J80_0_2 :J80_0_3 :J80_0_4,32.870,clockwise,G4202,G4202001
-35359,-6260_0 -6260_1 -8362_0 -8362_1,:-35359_0_0 :-35359_0_1 :-35359_2_0 :-35359_2_1,32.968,counterclockwise,G4202,G4202001
-31487,-6638.218.1096_0 -6638.218.1096_1 -6638.218.1096_2 -6638.218.1096_3 -6638.218.1096_4,:-31487_0_0 :-31487_0_1 :-31487_2_0 :-31487_2_1 :-31487_2_2,32.968,downstream,G4202,G4202001
-28475,-3722_0 -3722_1,:-28475_0_0 :-28475_0_1,32.968,counterclockwise,G4202,G4202001
-31490,-2362_0 -2362_1,:-31490_0_0 :-31490_0_1,32.968,counterclockwise,G4202,G4202001
-28486,-1490_0 -1490_1 -11576_0 -11576_1 -11576_2 -11576_3,:-28486_0_0 :-28486_0_1 :-28486_2_0 :-28486_2_1 :-28486_2_2 :-28486_2_3,32.968,counterclockwise,G4202,G4202001
-47772,-12832_0 -12832_1,:-47772_0_0 :-47772_0_1,32.968,counterclockwise,G4202,G4202001
9868918016,-4000000383_0 -4000000383_1,:9868918016_0_0 :9868918016_0_1,33.173,downstream,S81,S0081001
10554772704,-4000000382_0 -4000000382_1,:10554772704_0_0 :10554772704_0_1,33.272,downstream,S81,S0081001
-31492,-2364_0 -2364_1 -2364_2 -2364_3,:-31492_0_0 :-31492_0_1 :-31492_0_2 :-31492_0_3,33.351,downstream,G4202,G4202001
-33545,-6404_0 -6404_1 -6404_2 -6404_3,:-33545_0_0 :-33545_0_1 :-33545_0_2 :-33545_0_3,33.400,downstream,G4202,G4202001
J24,-2602.118_0 -2602.118_1 -2602.118_2,:J24_0_0 :J24_0_1 :J24_0_2 :J24_0_3,33.694,downstream,G4202,G4202001
-40327,-6350_0 -6350_1 -5530_0 -5530_1 -5530_2,:-40327_0_0 :-40327_0_1 :-40327_2_0 :-40327_2_1 :-40327_2_2,33.913,clockwise,G4202,G4202001
-48579,-17360_0 -17360_1 -8608_0 -8608_1,:-48579_0_0 :-48579_0_1 :-48579_0_2 :-48579_3_0 :-48579_3_1 :-48579_3_2,33.913,clockwise,G4202,G4202001
-34047,-3290_0 -3290_1,:-34047_0_0 :-34047_0_1,33.913,clockwise,G4202,G4202001
-48575,-16306#0_0 -16306#0_1,:-48575_0_0 :-48575_0_1,33.913,clockwise,G4202,G4202001
-50055,-16140_0 -16140_1 -9130_0 -9130_1,:-50055_0_0 :-50055_0_1 :-50055_2_0 :-50055_2_1,33.913,clockwise,G4202,G4202001
-49494,-15296_0 -15296_1,:-49494_0_0 :-49494_0_1 :-49494_2_0 :-49494_2_1,33.913,clockwise,G4202,G4202001
-34044,-3288_0 -3288_1 -16138_0 -16138_1,:-34044_0_0 :-34044_0_1 :-34044_2_0 :-34044_2_1 :-34044_2_2,33.913,clockwise,G4202,G4202001
-53586,-10530_0 -10530_1,:-53586_0_0 :-53586_0_1 :-53586_2_0 :-53586_2_1,33.913,clockwise,G4202,G4202001
-52199,-10022_0 -10022_1,:-52199_0_0 :-52199_0_1 :-52199_2_0 :-52199_2_1,33.913,clockwise,G4202,G4202001
-36663,-14174_0 -14174_1,:-36663_0_0 :-36663_0_1,33.913,clockwise,G4202,G4202001
-26203,-4220_0 -4220_1,:-26203_0_0 :-26203_0_1,33.913,clockwise,G4202,G4202001
-34036,-12286_0 -12286_1,:-34036_0_0 :-34036_0_1 :-34036_2_0 :-34036_2_1,33.913,clockwise,G4202,G4202001
-58568,-14176_0 -14176_1,:-58568_0_0 :-58568_0_1,33.913,clockwise,G4202,G4202001
-32219,-2602.1207_0 -2602.1207_1 -2602.1207_2 -2602.1207_3,:-32219_0_0 :-32219_0_1 :-32219_2_0 :-32219_2_1 :-32219_2_2,33.913,downstream,G4202,G4202001
-50059,-12682_0 -12682_1,:-50059_0_0 :-50059_0_1,33.913,clockwise,G4202,G4202001
-27695,-10020_0 -10020_1 -10020_2,:-27695_0_0 :-27695_0_1 :-27695_0_2,34.177,downstream,G4202,G4202001
-39210,-1234_0 -1234_1 -1234_2,:-39210_0_0 :-39210_0_1 :-39210_0_2,34.375,downstream,G4202,G4202001
-39211,-5124_0 -5124_1 -5124_2,:-39211_0_0 :-39211_0_1 :-39211_0_2,34.517,downstream,G4202,G4202001
-30242,-2002_0 -2002_1 -8204_0 -8204_1,:-30242_0_0 :-30242_0_1 :-30242_0_2 :-30242_3_0 :-30242_3_1 :-30242_3_2,34.754,counterclockwise,G4202,G4202001
-40984,-13820_0 -13820_1,:-40984_0_0 :-40984_0_1,34.754,counterclockwise,G4202,G4202001
-40995,-13612_0 -13612_1 -5762_0 -5762_1,:-40995_0_0 :-40995_0_1 :-40995_2_0 :-40995_2_1 :-40995_2_2,34.754,counterclockwise,G4202,G4202001
-65526,-16290_0,:-65526_0_0 :-65526_0_1,34.754,counterclockwise,G4202,G4202001
-50487,-17042_0 -17042_1,:-50487_0_0 :-50487_0_1 :-50487_2_0 :-50487_2_1,34.754,counterclockwise,G4202,G4202001
-30224,-4212_0 -4212_1,:-30224_0_0 :-30224_0_1 :-30224_2_0 :-30224_2_1,34.754,counterclockwise,G4202,G4202001
-45205,-2000_0 -2000_1,:-45205_0_0 :-45205_0_1,34.754,counterclockwise,G4202,G4202001
-58450,-12608_0,:-58450_0_0 :-58450_0_1 :-58450_2_0,34.754,counterclockwise,G4202,G4202001
-50448,-11682_0 -11682_1,:-50448_0_0 :-50448_0_1,34.754,counterclockwise,G4202,G4202001
-49438,-9928_0 -9928_1 -8952_0 -8952_1,:-49438_0_0 :-49438_0_1 :-49438_2_0 :-49438_2_1 :-49438_2_2,34.754,counterclockwise,G4202,G4202001
-26332,-9252_0 -9252_1 -6198_0 -6198_1 -6198_2,:-26332_0_0 :-26332_0_1 :-26332_2_0 :-26332_2_1 :-26332_2_2,34.754,counterclockwise,G4202,G4202001
-42800,-15468_0 -15468_1,:-42800_0_0 :-42800_0_1,34.754,counterclockwise,G4202,G4202001
-39653,-17358_0 -17358_1,:-39653_0_0 :-39653_0_1,34.754,counterclockwise,G4202,G4202001
-42839,-16288_0 -16288_1,:-42839_0_0 :-42839_0_1,34.754,counterclockwise,G4202,G4202001
-41738,-13610_0 -13610_1,:-41738_0_0 :-41738_0_1,34.754,counterclockwise,G4202,G4202001
-42843,-6452_0 -6452_1,:-42843_0_0 :-42843_0_1 :-42843_2_0 :-42843_2_1,34.754,counterclockwise,G4202,G4202001
-57610,-13706_0 -13706_1 -13706_2,:-57610_0_0 :-57610_0_1 :-57610_0_2,34.805,downstream,G4202,G4202001
J89,-2680_0 -2680_1 -2680_2 -2680_3,:J89_0_0 :J89_1_0 :J89_1_1 :J89_1_2,34.928,upstream,G4202,G4202001
-25834,-2680.221_0 -2680.221_1 -2680.221_2 -2680.221_3,:-25834_0_0 :-25834_0_1 :-25834_0_2 :-25834_0_3,35.045,upstream,G4202,G4202001
-52386,-690_0 -690_1 -690_2 -690_3,:-52386_0_0 :-52386_0_1 :-52386_0_2 :-52386_0_3,35.101,clockwise,G4202,G4202001
-45480,-7462_0 -7462_1 -7462_2 -7462_3,:-45480_0_0 :-45480_0_1 :-45480_0_2 :-45480_0_3,35.390,clockwise,G4202,G4202001
-37379,-13012_0 -13012_1 -13012_2 -13012_3,:-37379_0_0 :-37379_0_1 :-37379_0_2 :-37379_0_3,35.530,downstream,G4202,G4202001
-35044,-8646_0 -8646_1 -8646_2 -8646_3,:-35044_0_0 :-35044_0_1 :-35044_0_2 :-35044_0_3,35.750,downstream,G4202,G4202001
-40386,-13526_0 -13526_1,:-40386_0_0 :-40386_0_1,36.296,counterclockwise,G4202,G4202001
-38893,-5016.171_0 -5016.171_1 -5016.171_2,:-38893_0_0 :-38893_0_1 :-38893_0_2,36.404,upstream,G4202,G4202001
-39775,-9050_0 -9050_1 -9050_2,:-39775_0_0 :-39775_0_1 :-39775_0_2,36.540,upstream,G4202,G4202001
-49812,-12264_0 -12264_1 -12264_2,:-49812_0_0 :-49812_0_1 :-49812_0_2,36.591,upstream,G4202,G4202001
J29,-5016_0 -5016_1 -5016_2 -5016_3,:J29_0_0 :J29_0_1 :J29_0_2 :J29_0_3,36.605,upstream,G4202,G4202001
-40396,-5560_0 -5560_1 -10000_0 -10000_1 -10000_2 -10000_3,:-40396_0_0 :-40396_0_1 :-40396_0_2 :-40396_3_0 :-40396_3_1 :-40396_3_2 :-40396_3_3,36.614,upstream,G4202,G4202001
-29154,-11584_0 -11584_1,:-29154_0_0 :-29154_0_1,36.648,clockwise,G4202,G4202001
-60743,-17216_0 -17216_1 -17216_2 -17216_3 -17216_4,:-60743_0_0 :-60743_0_1 :-60743_2_0 :-60743_2_1 :-60743_2_2,36.648,clockwise,G4202,G4202001
J31,-9896_0 -9896_1,:J31_0_0 :J31_0_1,36.648,clockwise,G4202,G4202001
-31775,-9896.141_0 -9896.141_1,:-31775_0_0 :-31775_0_1,36.648,clockwise,G4202,G4202001
-43104,-4602_0 -4602_1 -9224_0 -9224_1,:-43104_0_0 :-43104_0_1 :-43104_2_0 :-43104_2_1 :-43104_2_2,36.648,clockwise,G4202,G4202001
-36622,-4600_0 -4600_1 -11586_0 -11586_1,:-36622_0_0 :-36622_0_1 :-36622_0_2 :-36622_3_0 :-36622_3_1,36.648,clockwise,G4202,G4202001
-50352,-15414_0 -15414_1 -662_0 -662_1,:-50352_0_0 :-50352_0_1 :-50352_0_2 :-50352_3_0 :-50352_3_1 :-50352_3_2,36.648,clockwise,G4202,G4202001
-37663,-14068_0 -14068_1,:-37663_0_0 :-37663_0_1 :-37663_2_0 :-37663_2_1,36.648,clockwise,G4202,G4202001
-31776,-13708_0 -13708_1 -13708_2 -2450_0 -2450_1,:-31776_0_0 :-31776_0_1 :-31776_0_2 :-31776_0_3 :-31776_0_4 :-31776_5_0 :-31776_5_1 :-31776_5_2,36.677,upstream,G4202,G4202001
-39257,-5146_0 -5146_1 -5146_2,:-39257_0_0 :-39257_0_1 :-39257_0_2,36.706,clockwise,G4202,G4202001
J34,-12886_0 -12886_1 -12886_2 -12886_3 -12886_4,:J34_0_0 :J34_0_1 :J34_0_2 :J34_0_3 :J34_0_4,36.857,upstream,G4202,G4202001
-41060,-5794_0 -5794_1 -16266_0 -16266_1,:-41060_0_0 :-41060_0_1 :-41060_2_0 :-41060_2_1,36.931,counterclockwise,G4202,G4202001
-48300,-12886.141_0 -12886.141_1 -12886.141_2 -12886.141_3,:-48300_0_0 :-48300_0_1 :-48300_0_2 :-48300_0_3,36.931,clockwise,G4202,G4202001
-52169,-10002_0 -10002_1,:-52169_0_0 :-52169_0_1,36.931,counterclockwise,G4202,G4202001
-55354,-11206_0 -11206_1 -11206_2,,36.931,counterclockwise,G4202,G4202001
-47239,-9142_0 -9142_1 -9142_2,:-47239_0_0 :-47239_0_1 :-47239_0_2,37.297,clockwise,G4202,G4202001
-48302,-8502_0 -8502_1 -8502_2 -8502_3,:-48302_0_0 :-48302_0_1 :-48302_0_2 :-48302_0_3,37.514,clockwise,G4202,G4202001
-49603,-8996_0 -8996_1 -8996_2 -8996_3,:-49603_0_0 :-49603_0_1 :-49603_0_2 :-49603_0_3,37.792,downstream,G4202,G4202001
-41055,-8480_0 -8480_1,:-41055_0_0 :-41055_0_1,37.896,clockwise,G4202,G4202001
J33,-8148_0 -8148_1 -8148_2,:J33_0_0 :J33_0_1 :J33_0_2 :J33_0_3,37.936,downstream,G4202,G4202001
-47242,-8148.643_0 -8148.643_1 -8148.643_2 -8148.643_3,:-47242_0_0 :-47242_0_1 :-47242_2_0 :-47242_2_1 :-47242_2_2,38.047,clockwise,G4202,G4202001
J138,-1982_0 -1982_1 -1982_2 -1982_3,:J138_0_0 :J138_0_1 :J138_0_2,38.288,upstream,G4202,G4202001
-33568,-15896.145_0 -15896.145_1 -15896.145_2 -15896.145_3,:-33568_0_0 :-33568_0_1 :-33568_0_2 :-33568_0_3,38.368,upstream,G4202,G4202001
J30,-12960_0 -12960_1 -12960_2 -12960_3,:J30_0_0 :J30_0_1 :J30_0_2 :J30_0_3 :J30_0_4,38.393,downstream,G4202,G4202001
J37,-15896_0 -15896_1 -15896_2 -15896_3 -15896_4,:J37_0_0 :J37_0_1 :J37_0_2 :J37_0_3 :J37_0_4,38.471,upstream,G4202,G4202001
-30193,-5092_0 -5092_1 -1982.519_0 -1982.519_1 -1982.519_2,:-30193_0_0 :-30193_0_1 :-30193_2_0 :-30193_2_1 :-30193_2_2,38.526,upstream,G4202,G4202001
-31469,-2354_0 -2354_1 -2354_2,:-31469_0_0 :-31469_0_1 :-31469_2_0 :-31469_2_1,38.545,clockwise,G4202,G4202001
-29655,-13524_0 -13524_1,:-29655_0_0 :-29655_0_1,38.545,clockwise,G4202,G4202001
-31467,,,38.545,clockwise,G4202,G4202001
-29665,-1822_0 -1822_1 -8482_0 -8482_1 -8482_2,:-29665_0_0 :-29665_0_1 :-29665_0_2 :-29665_3_0 :-29665_3_1 :-29665_3_2 :-29665_3_3,38.545,clockwise,G4202,G4202001
-33569,-3108_0 -3108_1 -3108_2 -3108_3,:-33569_0_0 :-33569_0_1 :-33569_0_2 :-33569_0_3,38.547,clockwise,G4202,G4202001
-33214,-8214_0 -8214_1 -2966_0 -2966_1,:-33214_0_0 :-33214_0_1 :-33214_0_2 :-33214_3_0 :-33214_3_1 :-33214_3_2,38.547,counterclockwise,G4202,G4202001
-40895,-16404_0 -16404_1 E26_0,:-40895_0_0 :-40895_1_0,38.547,counterclockwise,G4202,G4202001
-33230,-2968_0 -2968_1 -8216_0 -8216_1,:-33230_0_0 :-33230_0_1 :-33230_0_2 :-33230_3_0 :-33230_3_1 :-33230_3_2,38.547,counterclockwise,G4202,G4202001
-33212,-5734_0 -5734_1,:-33212_0_0 :-33212_0_1 :-33212_2_0 :-33212_2_1,38.547,counterclockwise,G4202,G4202001
-43037,-6510_0 -6510_1,:-43037_0_0 :-43037_0_1,38.547,counterclockwise,G4202,G4202001
-50013,,,38.547,counterclockwise,G4202,G4202001
-47404,-9110_0 -9110_1 -9110_2 -9110_3,:-47404_0_0 :-47404_1_0 :-47404_1_1,38.547,counterclockwise,G4202,G4202001
-58369,-12960.605_0 -12960.605_1 -12960.605_2 -12960.605_3 -12960.605_4,:-58369_0_0 :-58369_0_1 :-58369_0_2 :-58369_0_3 :-58369_0_4,38.557,downstream,G4202,G4202001
-40639,-16442_0 -16442_1 -16442_2 -16442_3,:-40639_0_0 :-40639_0_1 :-40639_0_2 :-40639_0_3,38.820,clockwise,G4202,G4202001
-26866,-15344_0 -15344_1 -15344_2 -15344_3,:-26866_0_0 :-26866_0_1 :-26866_0_2 :-26866_0_3,39.491,clockwise,G4202,G4202001
J36,-992_0 -992_1 -992_2 -992_3,:J36_0_0 :J36_0_1 :J36_0_2 :J36_0_3 :J36_0_4,39.629,downstream,G4202,G4202001
-26868,-992.141_0 -992.141_1 -992.141_2 -992.141_3 -992.141_4,:-26868_0_0 :-26868_0_1 :-26868_2_0 :-26868_2_1 :-26868_2_2,39.748,downstream,G4202,G4202001
-40650,-5664_0 -5664_1 -5664_2,:-40650_0_0 :-40650_0_1 :-40650_0_2,39.755,clockwise,G4202,G4202001
-46322,-11918_0 -11918_1 -11918_2,:-46322_0_0 :-46322_0_1 :-46322_0_2,39.807,downstream,G4202,G4202001
J38,-7798_0 -7798_1 -7798_2,:J38_0_0 :J38_0_1 :J38_0_2 :J38_0_3,40.263,downstream,G4202,G4202001
-39510,-10536_0 -10536_1 -5222_0 -5222_1,:-39510_0_0 :-39510_0_1 :-39510_0_2 :-39510_3_0 :-39510_3_1,40.300,clockwise,G4202,G4202001
-51923,-16040_0 -16040_1,:-51923_0_0 :-51923_0_1,40.300,clockwise,G4202,G4202001
-66626,-16424_0 -16424_1,:-66626_0_0 :-66626_1_0,40.300,clockwise,G4202,G4202001
-47079,-8076_0 -8076_1,:-47079_0_0 :-47079_0_1 :-47079_2_0 :-47079_2_1,40.300,clockwise,G4202,G4202001
-39507,-13928_0 -13928_1 -13928_2,:-39507_0_0 :-39507_0_1 :-39507_2_0 :-39507_2_1 :-39507_2_2,40.449,upstream,G4202,G4202001
-46324,-7798.460_0 -7798.460_1 -7798.460_2 -7798.460_3,:-46324_0_0 :-46324_0_1 :-46324_2_0 :-46324_2_1 :-46324_2_2,40.522,upstream,G4202,G4202001
-53613,-10544_0 -10544_1 -10544_2 -10544_3,,40.597,clockwise,G4202,G4202001
-31026,-13926_0 -13926_1,:-31026_0_0 :-31026_0_1,40.597,clockwise,G4202,G4202001
-39508,-5220_0 -5220_1 -5220_2,:-39508_0_0 :-39508_0_1 :-39508_0_2,40.597,clockwise,G4202,G4202001
-31051,-2234_0 -2234_1 -10534_0 -10534_1,:-31051_0_0 :-31051_0_1 :-31051_0_2 :-31051_3_0 :-31051_3_1,40.597,clockwise,G4202,G4202001
J137,E27_0 -7790_0 -7790_1 -7790_2,:J137_0_0 :J137_1_0 :J137_1_1 :J137_1_2,40.923,clockwise,G4202,G4202001
-43033,-11362_0 -11362_1,:-43033_0_0 :-43033_0_1 :-43033_2_0 :-43033_2_1,41.222,clockwise,G4202,G4202001
-35379,,,41.222,clockwise,G4202,G4202001
-35789,-6582_0 -6582_1,:-35789_0_0 :-35789_0_1,41.222,clockwise,G4202,G4202001
-29710,-12250_0 -12250_1 -7790.354_0 -7790.354_1 -7790.354_2,:-29710_0_0 :-29710_0_1 :-29710_2_0 :-29710_2_1 :-29710_2_2,41.222,downstream,G4202,G4202001
-35797,-3860_0 -3860_1,:-35797_0_0 :-35797_0_1 :-35797_0_2,41.222,clockwise,G4202,G4202001
-35380,-3732_0 -3732_1 -3732_2 -3732_3,:-35380_0_0 :-35380_1_0 :-35380_1_1,41.222,clockwise,G4202,G4202001
-43199,-6584_0 -6584_1 -9914_0 -9914_1,:-43199_0_0 :-43199_0_1 :-43199_0_2 :-43199_3_0 :-43199_3_1,41.222,clockwise,G4202,G4202001
J39,-1842_0 -1842_1 -1842_2 -1842_3,:J39_0_0 :J39_0_1 :J39_0_2 :J39_0_3,41.356,downstream,G4202,G4202001
J93,-6118_0,:J93_0_0,41.410,counterclockwise,G4202,G4202001
-31917,-11524_0 -11524_1,:-31917_0_0 :-31917_0_1 :-31917_2_0 :-31917_2_1,41.410,counterclockwise,G4202,G4202001
-31918,-2502_0 -2502_1,:-31918_0_0 :-31918_1_0 :-31918_1_1,41.410,counterclockwise,G4202,G4202001
-31920,-2504_0 -2504_1,:-31920_0_0 :-31920_0_1,41.410,counterclockwise,G4202,G4202001
-41959,-6116_0 -6116_1,:-41959_0_0 :-41959_0_1,41.410,counterclockwise,G4202,G4202001
-65985,-15740_0 -15740_1,:-65985_0_0 :-65985_0_1,41.410,counterclockwise,G4202,G4202001
-55974,-13696_0 -13696_1 -13696_2 -13696_3 -13696_4 -13696_5,:-55974_0_0 :-55974_0_1 :-55974_2_0 :-55974_2_1 :-55974_2_2,41.410,clockwise,G4202,G4202001
-53841,-10612_0 -10612_1,:-53841_0_0 :-53841_1_0 :-53841_1_1,41.754,clockwise,G4202,G4202001
-53407,-10472_0,:-53407_0_0,41.754,clockwise,G4202,G4202001
-29713,-1842.115_0 -1842.115_1 -1842.115_2 -1842.115_3,:-29713_0_0 :-29713_0_1 :-29713_2_0 :-29713_2_1 :-29713_2_2,41.754,downstream,G4202,G4202001
-31000,-15128_0,:-31000_0_0,41.754,clockwise,G4202,G4202001
-53397,-15130_0 -15130_1,:-53397_0_0 :-53397_1_0 :-53397_1_1,41.754,clockwise,G4202,G4202001
-32418,-9024_0 -9024_1 -11526_0 -11526_1 -11526_2 -11526_3,:-32418_0_0 :-32418_0_1 :-32418_0_2 :-32418_3_0 :-32418_3_1 :-32418_3_2,42.457,clockwise,G4202,G4202001
J43,,,42.457,counterclockwise,G4202,G4202001
J46,-6438.221_0 -6438.221_1,:J46_0_0 :J46_0_1,42.457,counterclockwise,G4202,G4202001
-42820,-6438.272_0 -6438.272_1 -7846_0 -7846_1,:-42820_0_0 :-42820_0_1 :-42820_0_2 :-42820_3_0 :-42820_3_1,42.457,counterclockwise,G4202,G4202001
-43417,-12346_0 -6646_0 -6646_1,:-43417_0_0 :-43417_1_0 :-43417_1_1,42.457,counterclockwise,G4202,G4202001
J40,-15156_0 -15156_1 -15156_2 -15156_3 -15156_4,:J40_0_0 :J40_0_1 :J40_0_2 :J40_0_3 :J40_0_4,42.783,downstream,G4202,G4202001
-40440,-7984_0 -7984_1,:-40440_0_0 :-40440_0_1,42.923,counterclockwise,G4202,G4202001
-40052,-5434_0 -5434_1 -5434_2,,42.923,counterclockwise,G4202,G4202001
-40441,-5570_0 -5570_1,:-40441_0_0 :-40441_0_1,42.923,counterclockwise,G4202,G4202001
-45987,-7682_0 -7682_1,:-45987_0_0,42.923,counterclockwise,G4202,G4202001
-40050,-6508_0 -6508_1 -7418_0 -7418_1,:-40050_0_0 :-40050_0_1 :-40050_0_2 :-40050_3_0 :-40050_3_1 :-40050_3_2,42.923,counterclockwise,G4202,G4202001
-45389,-9502_0 -9502_1,:-45389_0_0 :-45389_0_1,42.923,counterclockwise,G4202,G4202001
-46793,-15156.326_0 -15156.326_1 -15156.326_2 -15156.326_3 -15156.326_4,:-46793_0_0 :-46793_0_1 :-46793_2_0 :-46793_2_1 :-46793_2_2,42.923,downstream,G4202,G4202001
J49,-13458_0 -13458_1 -13458_2,:J49_0_0 :J49_0_1 :J49_0_2 :J49_0_3,43.047,upstream,G4202,G4202001
-57443,-17118_0 -17118_1 -17118_2,:-57443_0_0 :-57443_0_1 :-57443_0_2,43.204,upstream,G4202,G4202001
-61335,-13726_0,:-61335_0_0,43.247,counterclockwise,G4202,G4202001
-61333,--13726_0 -16012_0,:-61333_0_0 :-61333_4_0 :-61333_2_0 :-61333_5_0,43.247,counterclockwise,G4202,G4202001
-33087,-3140_0 -7756_0,:-33087_0_0 :-33087_1_0,43.260,counterclockwise,G4202,G4202001
-33090,-2930_0 -2930_1 -5436_0 -5436_1,:-33090_0_0 :-33090_0_1 :-33090_2_0 :-33090_2_1,43.260,counterclockwise,G4202,G4202001
-33622,-7232_0,:-33622_0_0,43.260,counterclockwise,G4202,G4202001
-34255,-3366_0,:-34255_0_0,43.260,counterclockwise,G4202,G4202001
-57446,-13728_0 -12206_0 -12206_1 -12206_2,:-57446_0_0 :-57446_1_0 :-57446_1_1 :-57446_1_2,43.314,upstream,G4202,G4202001
J135,-7982_0 -7982_1 -7982_2 -7982_3,:J135_0_0 :J135_1_0 :J135_1_1 :J135_1_2,43.319,downstream,G4202,G4202001
-34252,-13458.659_0 -13458.659_1 -13458.659_2 -13458.659_3,:-34252_0_0 :-34252_1_0 :-34252_1_1 :-34252_1_2,43.320,upstream,G4202,G4202001
J136,-7982.425_0 -7982.425_1 -7982.425_2,:J136_0_0 :J136_0_1 :J136_0_2,43.363,downstream,G4202,G4202001
-45861,-15146_0,:-45861_0_0,43.369,clockwise,G4202,G4202001
-26052,-3158_0 -3158_1 -760_0 -760_1 -760_2,:-26052_0_0 :-26052_0_1 :-26052_2_0 :-26052_2_1 :-26052_2_2,43.369,clockwise,G4202,G4202001
-26043,-8330_0 -8330_1 -8330_2,:-26043_0_0 :-26043_0_1 :-26043_0_2,43.369,upstream,G4202,G4202001
-45862,-7632_0,:-45862_0_0,43.369,clockwise,G4202,G4202001
-28300,-16690_0 -16690_1 -10470_0 -10470_1,:-28300_0_0 :-28300_0_1 :-28300_2_0 :-28300_2_1,43.369,clockwise,G4202,G4202001
-28303,-11288_0 -1446_0 -1446_1,:-28303_0_0 :-28303_1_0 :-28303_1_1,43.369,clockwise,G4202,G4202001
-29598,-1782_0,:-29598_0_0,43.380,counterclockwise,G4202,G4202001
-44542,-7068_0,:-44542_0_0,43.380,counterclockwise,G4202,G4202001
-63966,-14746_0 -14746_1 -14746_2,:-63966_0_0 :-63966_0_1 :-63966_0_2,43.380,upstream,G4202,G4202001
-34259,-14776_0 -3368_0 -3368_1 -3368_2,:-34259_0_0 :-34259_0_1 :-34259_2_0 :-34259_2_1 :-34259_2_2 :-34259_2_3,43.380,clockwise,G4202,G4202001
-36362,-7998_0 -7998_1,:-36362_0_0 :-36362_0_1 :-36362_2_0 :-36362_2_1,43.380,counterclockwise,G4202,G4202001
-29596,-4094_0 -4094_1,:-29596_0_0 :-29596_1_0,43.380,counterclockwise,G4202,G4202001
-30190,-7982.512_0 -7982.512_1 -7982.512_2 -7982.512_3,:-30190_0_0 :-30190_0_1 :-30190_0_2 :-30190_0_3,43.630,downstream,G4202,G4202001
-42025,-6140_0 -6140_1 -6140_2 -6140_3 -6140_4,:-42025_0_0 :-42025_0_1 :-42025_2_0 :-42025_2_1 :-42025_2_2,43.631,clockwise,G4202,G4202001
J47,-9840_0 -9840_1,:J47_0_0 :J47_0_1,43.633,clockwise,G4202,G4202001
-37418,-13594_0 -9840.169_0 -9840.169_1,:-37418_0_0 :-37418_1_0 :-37418_1_1,44.292,clockwise,G4202,G4202001
-37419,-4520_0 -4520_1,:-37419_0_0 :-37419_1_0 :-37419_1_1,44.292,clockwise,G4202,G4202001
-46217,-9308_0,:-46217_0_0,44.292,clockwise,G4202,G4202001
-44220,-9306_0 -9306_1 -9842_0 -9842_1 -9842_2,:-44220_0_0 :-44220_0_1 :-44220_0_2 :-44220_3_0 :-44220_3_1 :-44220_3_2,44.292,clockwise,G4202,G4202001
-29602,-1784_0,:-29602_0_0,44.292,clockwise,G4202,G4202001
J48,-6914_0 -6914_1 -6914_2 -6914_3,:J48_0_0 :J48_0_1 :J48_0_2 :J48_0_3,44.446,downstream,G4202,G4202001
-44224,-6914.155_0 -6914.155_1 -6914.155_2,:-44224_0_0 :-44224_1_0 :-44224_1_1 :-44224_1_2,45.190,downstream,G4202,G4202001
-33001,-16010_0 -16010_1 -16010_2,:-33001_0_0 :-33001_0_1 :-33001_0_2,45.326,downstream,G4202,G4202001
-33004,-2894_0 -2894_1 -2894_2,:-33004_0_0 :-33004_0_1 :-33004_0_2,45.678,downstream,G4202,G4202001
8721830485,-4000000363_0 -4000000363_1,:8721830485_0_0 :8721830485_0_1,45.797,upstream,S81,S81德会高速
8721830527,-4000000372_0 -4000000372_1,:8721830527_0_0 :8721830527_0_1,45.888,upstream,S81,S81德会高速
8721830524,-4000000357_0 -4000000357_1,:8721830524_0_0 :8721830524_0_1,45.984,upstream,S81,S81德会高速
9868918002,-4000000376_0 -4000000376_1,:9868918002_0_0 :9868918002_0_1,45.993,upstream,S81,S81德会高速
9868918011,-4000000378_0 -4000000378_1,:9868918011_0_0 :9868918011_0_1,46.065,upstream,S81,S81德会高速
8721830456,-4000000368_0 -4000000368_1,:8721830456_0_0 :8721830456_0_1,46.120,upstream,S81,S81德会高速
12172506218,-4000000493_0 -4000000493_1,:12172506218_0_0 :12172506218_0_1,46.120,upstream,S81,S81德会高速
12172506219,-4000000490_0 -4000000490_1,:12172506219_0_0 :12172506219_0_1,46.122,upstream,S81,S81德会高速
10554772701,-4000000369_0 -4000000369_1,:10554772701_0_0 :10554772701_0_1,46.135,upstream,S81,S81德会高速
8721830462,-4000000366_0 -4000000366_1,:8721830462_0_0 :8721830462_0_1,46.141,upstream,S81,S81德会高速
8721830466,-4000000365_0 -4000000365_1,:8721830466_0_0 :8721830466_0_1,46.176,upstream,S81,S81德会高速
8721830818,-4000000245_0 -4000000245_1,:8721830818_0_0 :8721830818_0_1,46.252,downstream,S81,S81德会高速
J52,-7444_0 -7444_1 -7444_2 -7444_3,:J52_0_0 :J52_0_1 :J52_0_2 :J52_0_3,49.242,clockwise,G4202,G4202002
-33630,-9446_0 -9446_1 -9446_2,:-33630_0_0 :-33630_0_1 :-33630_0_2,49.321,upstream,G4202,G4202002
-33636,-3144_0 -3144_1 -3144_2,:-33636_0_0 :-33636_0_1 :-33636_0_2,49.349,clockwise,G4202,G4202002
-54893,-11012_0 -11012_1 -11012_2,:-54893_0_0 :-54893_0_1 :-54893_0_2,49.807,clockwise,G4202,G4202002
-45433,-7444.135_0 -7444.135_1 -7444.135_2,:-45433_0_0 :-45433_0_1 :-45433_0_2,49.915,clockwise,G4202,G4202002
-48872,-14706_0 -14706_1 -14706_2,:-48872_0_0 :-48872_0_1 :-48872_0_2,50.370,downstream,G4202,G4202002
J51,-15452_0 -15452_1 -15452_2,:J51_0_0 :J51_0_1 :J51_0_2 :J51_0_3,50.430,downstream,G4202,G4202002
-34861,-3528.220_0 -3528.220_1,:-34861_0_0 :-34861_0_1,50.537,clockwise,G4202,G4202002
-34847,-9348_0 -9348_1,:-34847_0_0 :-34847_0_1 :-34847_2_0 :-34847_2_1,50.537,clockwise,G4202,G4202002
-34851,-15516_0 -15516_1 -3526_0 -3526_1,:-34851_0_0 :-34851_0_1 :-34851_0_2 :-34851_3_0 :-34851_3_1 :-34851_3_2 :-34851_3_3,50.537,clockwise,G4202,G4202002
-50717,-15452.627_0 -15452.627_1 -15452.627_2 -15452.627_3,:-50717_0_0 :-50717_0_1 :-50717_2_0 :-50717_2_1 :-50717_2_2,50.537,downstream,G4202,G4202002
-65618,E23_0 E23_1 -15518_0 -15518_1,,50.537,clockwise,G4202,G4202002
-61575,-13816_0 -13816_1,:-61575_0_0 :-61575_0_1 :-61575_2_0 :-61575_2_1,50.537,clockwise,G4202,G4202002
-46336,-7808_0 -7808_1,:-46336_0_0 :-46336_0_1,50.537,clockwise,G4202,G4202002
J53,-3528_0 -3528_1,:J53_0_0 :J53_0_1,50.537,clockwise,G4202,G4202002
-30351,-2038_0 -2038_1,:-30351_0_0 :-30351_0_1 :-30351_2_0 :-30351_2_1,50.888,counterclockwise,G4202,G4202002
-55536,-11306_0 -11306_1,:-55536_0_0 :-55536_0_1,50.888,counterclockwise,G4202,G4202002
-51327,-9610_0 -9610_1 -9610_2,:-51327_0_0 :-51327_1_0 :-51327_1_1,50.888,counterclockwise,G4202,G4202002
-57256,-12134_0 -12134_1 -12134_2 E24_0 E24_1,:-57256_0_0 :-57256_0_1 :-57256_2_0 :-57256_2_1,50.888,counterclockwise,G4202,G4202002
-30349,-6906.1080_0 -6906.1080_1 -6906.1080_2 -6906.1080_3,:-30349_0_0 :-30349_0_1 :-30349_2_0 :-30349_2_1 :-30349_2_2,50.888,clockwise,G4202,G4202002
-26995,-11304_0 -11304_1 -12132_0 -12132_1,:-26995_0_0 :-26995_0_1 :-26995_0_2 :-26995_3_0 :-26995_3_1 :-26995_3_2,50.888,counterclockwise,G4202,G4202002
-50724,-9350_0 -9350_1 -9350_2,:-50724_0_0 :-50724_0_1 :-50724_0_2,51.032,downstream,G4202,G4202002
9868918130,-4000000348_0 -4000000348_1,:9868918130_0_0 :9868918130_0_1,51.222,downstream,S81,S81德会高速
-30357,-2040_0 -2040_1 -2040_2,:-30357_0_0 :-30357_0_1 :-30357_0_2,51.296,clockwise,G4202,G4202002
-59256,-13636_0 -13636_1 -13636_2,:-59256_0_0 :-59256_0_1 :-59256_0_2,51.366,downstream,G4202,G4202002
-53129,-13198_0 -13198_1 -12680_0 -12680_1 -12680_2,:-53129_0_0 :-53129_0_1 :-53129_2_0 :-53129_2_1 :-53129_2_2,51.623,upstream,G4202,G4202002
-28277,-10188_0 -10188_1 -10188_2,:-28277_0_0 :-28277_0_1 :-28277_0_2,51.655,upstream,G4202,G4202002
-34138,-3324_0 -3324_1 -3324_2 -3324_3,:-34138_0_0 :-34138_0_1 :-34138_0_2 :-34138_0_3,51.729,upstream,G4202,G4202002
-58562,-15488_0 -15488_1 -15488_2,:-58562_0_0 :-58562_0_1 :-58562_0_2,51.779,upstream,G4202,G4202002
-38679,-14640_0 -14640_1 -4926_0 -4926_1 -4926_2,:-38679_0_0 :-38679_1_0 :-38679_1_1,51.805,counterclockwise,G4202,G4202002
-45429,-15008_0 -12970_0 -12970_1 -12970_2,:-45429_0_0 :-45429_1_0 :-45429_1_1 :-45429_1_2,51.805,downstream,G4202,G4202002
-38662,-13814_0 -13814_1 -4924_0 -4924_1,:-38662_0_0 :-38662_0_1 :-38662_2_0 :-38662_2_1 :-38662_2_2,51.805,counterclockwise,G4202,G4202002
-38659,E6_0 E6_1 E6_2 E6_3,:-38659_0_0 :-38659_0_1 :-38659_2_0,51.805,counterclockwise,G4202,G4202002
-59772,-1014_0 -1014_1,:-59772_0_0 :-59772_0_1 :-59772_2_0 :-59772_2_1 :-59772_2_2,51.805,counterclockwise,G4202,G4202002
-36981,-4360_0 -4360_1 -4360_2,:-36981_0_0 :-36981_0_1 :-36981_0_2,51.812,upstream,G4202,G4202002
-30466,-16038_0 -16038_1,:-30466_0_0 :-30466_0_1,51.813,clockwise,G4202,G4202002
-30467,-2074_0 -2074_1,:-30467_0_0 :-30467_1_0 :-30467_1_1,51.813,clockwise,G4202,G4202002
-41625,-17344_0 -17344_1 -5978_0 -5978_1,:-41625_0_0 :-41625_1_0 :-41625_1_1,51.813,clockwise,G4202,G4202002
J55,-10376_0 -10376_1 -10376_2 -10376_3,:J55_0_0 :J55_0_1 :J55_0_2 :J55_0_3,51.813,clockwise,G4202,G4202002
-41621,-5976_0 -5976_1 -17342_0 -17342_1,:-41621_0_0 :-41621_1_0 :-41621_1_1,51.813,clockwise,G4202,G4202002
-39770,,,51.813,clockwise,G4202,G4202002
-39771,-5336_0 -5336_1 -5336_2,:-39771_0_0 :-39771_1_0 :-39771_1_1,51.813,clockwise,G4202,G4202002
-28278,-1438_0 -1438_1 -1438_2,:-28278_0_0 :-28278_0_1 :-28278_0_2,51.834,clockwise,G4202,G4202002
-40059,-8712_0 -8712_1 -8712_2,:-40059_0_0 :-40059_0_1 :-40059_0_2,51.911,downstream,G4202,G4202002
-40060,-5438_0 -5438_1 -5438_2,:-40060_0_0 :-40060_0_1 :-40060_0_2,51.974,downstream,G4202,G4202002
J54,-6906_0 -6906_1 -6906_2,:J54_0_0 :J54_0_1 :J54_0_2 :J54_0_3,52.911,clockwise,G4202,G4202002
-37647,-10376.203_0 -10376.203_1 -10376.203_2,:-37647_0_0 :-37647_0_1 :-37647_0_2,52.961,clockwise,G4202,G4202002
-37648,-4592_0 -4592_1 -4592_2,:-37648_0_0 :-37648_0_1 :-37648_0_2,53.009,downstream,G4202,G4202002
9868918137,-4000000346_0 -4000000346_1,:9868918137_0_0 :9868918137_0_1,53.194,downstream,S81,S81德会高速
-38349,-12612_0 -12612_1 -12612_2,:-38349_0_0 :-38349_0_1 :-38349_0_2,53.386,downstream,G4202,G4202002
-38350,-4814_0 -4814_1 -4814_2,:-38350_0_0 :-38350_0_1 :-38350_0_2 :-38350_0_3,53.825,upstream,G4202,G4202002
-26103,-12648_0 -12648_1 -776_0 -776_1,:-26103_0_0 :-26103_0_1 :-26103_2_0 :-26103_2_1,53.847,clockwise,G4202,G4202002
-49021,-8770_0 -8770_1 -8770_2 -8770_3,:-49021_0_0 :-49021_0_1 :-49021_2_0 :-49021_2_1 :-49021_2_2,53.847,clockwise,G4202,G4202002
-26087,-15456_0 -15456_1 -15456_2,:-26087_0_0 :-26087_0_1 :-26087_2_0 :-26087_2_1,53.847,clockwise,G4202,G4202002
-54722,-10938_0 -10938_1,:-54722_0_0 :-54722_0_1 :-54722_2_0 :-54722_2_1,53.847,clockwise,G4202,G4202002
-26101,-774_0 -774_1 -12646_0 -12646_1,:-26101_0_0 :-26101_0_1 :-26101_2_0 :-26101_2_1,53.847,clockwise,G4202,G4202002
-30530,-11664_0 -11664_1,:-30530_0_0 :-30530_0_1,53.847,clockwise,G4202,G4202002
-58317,-12520_0 -12520_1 -12520_2 -12520_3,,53.847,clockwise,G4202,G4202002
-54719,-10936_0 -10936_1 -10936_2,:-54719_0_0 :-54719_0_1 :-54719_0_2,54.367,clockwise,G4202,G4202002
-40564,-11244_0 -11244_1 -11244_2,:-40564_0_0 :-40564_0_1 :-40564_0_2,54.485,downstream,G4202,G4202002
-59735,-13142_0 -13142_1,:-59735_0_0 :-59735_0_1 :-59735_2_0 :-59735_2_1,55.120,clockwise,G4202,G4202002
-29697,,,55.120,clockwise,G4202,G4202002
-27796,-1830_0 -1830_1 -1830_2 -1830_3,:-27796_0_0 :-27796_0_1 :-27796_2_0 :-27796_2_1,55.120,clockwise,G4202,G4202002
-30531,-2096_0 -2096_1,:-30531_0_0 :-30531_0_1,55.120,clockwise,G4202,G4202002
-33786,-3210.170_0 -3210.170_1 -5626_0 -5626_1 -5626_2,:-33786_0_0 :-33786_0_1 :-33786_2_0 :-33786_2_1 :-33786_2_2,55.120,downstream,G4202,G4202002
-27803,-1286_0 -1286_1 -15898_0 -15898_1,:-27803_0_0 :-27803_0_1 :-27803_2_0 :-27803_2_1,55.120,clockwise,G4202,G4202002
-27805,-15900_0 -15900_1 -1288_0 -1288_1,:-27805_0_0 :-27805_0_1 :-27805_2_0 :-27805_2_1,55.120,clockwise,G4202,G4202002
J57,-3210_0 -3210_1 -3210_2,:J57_0_0 :J57_0_1 :J57_0_2,55.120,clockwise,G4202,G4202002
-31244,-9674_0 -9674_1 -9674_2 -9674_3,:-31244_0_0 :-31244_0_1 :-31244_0_2 :-31244_0_3,55.180,upstream,G4202,G4202002
-31245,-2316_0 -2316_1 -2316_2,:-31245_0_0 :-31245_0_1 :-31245_0_2,55.302,clockwise,G4202,G4202002
-44959,-7226_0 -7226_1 -7226_2 -7226_3,:-44959_0_0 :-44959_0_1 :-44959_0_2 :-44959_0_3,55.711,upstream,G4202,G4202002
-63188,-14438_0 -14438_1 -14438_2,:-63188_0_0 :-63188_0_1 :-63188_2_0 :-63188_2_1,55.736,counterclockwise,G4202,G4202002
-63184,,,55.736,counterclockwise,G4202,G4202002
-29803,-1864_0 -1864_1,:-29803_0_0 :-29803_0_1 :-29803_2_0 :-29803_2_1,55.736,counterclockwise,G4202,G4202002
-30510,-15066_0 -15066_1 -16794_0 -16794_1,:-30510_0_0 :-30510_0_1 :-30510_2_0 :-30510_2_1,55.736,counterclockwise,G4202,G4202002
-58992,-16642_0 -16642_1,:-58992_0_0 :-58992_0_1,55.736,counterclockwise,G4202,G4202002
-29802,-12882_0 -12882_1,:-29802_0_0 :-29802_0_1,55.736,counterclockwise,G4202,G4202002
-30471,-16792_0 -16792_1 -15064_0 -15064_1,:-30471_0_0 :-30471_0_1 :-30471_2_0 :-30471_2_1,55.736,counterclockwise,G4202,G4202002
-68470,-17198_0 -17198_1 -17198_2,:-68470_0_0 :-68470_0_1 :-68470_0_2,55.763,upstream,G4202,G4202002
-30514,-2088_0 -2088_1 -3192_0 -3192_1 -3192_2,:-30514_0_0 :-30514_0_1 :-30514_2_0 :-30514_2_1 :-30514_2_2,55.792,upstream,G4202,G4202002
-46088,-7716_0 -7716_1 -7716_2,:-46088_0_0 :-46088_0_1 :-46088_0_2,55.842,upstream,G4202,G4202002
-55411,-16884_0 -16884_1 -16884_2,:-55411_0_0 :-55411_0_1 :-55411_0_2,55.848,clockwise,G4202,G4202002
8721830744,-4000000335_0 -4000000335_1,:8721830744_0_0 :8721830744_0_1,56.128,downstream,S81,S81德会高速
12161976962,-4000000487_0 -4000000487_1,:12161976962_0_0 :12161976962_0_1,56.404,downstream,S81,S81德会高速
-44352,-7022_0 -7022_1 -7022_2,:-44352_0_0 :-44352_0_1 :-44352_0_2,56.808,clockwise,G4202,G4202002
12161976964,-4000000489_0 -4000000489_1,:12161976964_0_0 :12161976964_0_1,57.218,downstream,S81,S81德会高速
-44359,-6982_0 -6982_1 -6982_2,:-44359_0_0 :-44359_0_1 :-44359_0_2,57.343,downstream,G4202,G4202002
-45040,-11256_0 -11256_1 -11256_2,:-45040_0_0 :-45040_0_1 :-45040_0_2,57.366,clockwise,G4202,G4202002
-45041,-7268_0 -7268_1 -7268_2,:-45041_0_0 :-45041_0_1 :-45041_0_2 :-45041_0_3,57.398,downstream,G4202,G4202002
-32702,-8050_0 -8050_1 -8050_2,:-32702_0_0 :-32702_0_1 :-32702_0_2,57.525,downstream,G4202,G4202002
-32703,-2776_0 -2776_1 -2776_2,:-32703_0_0 :-32703_0_1 :-32703_0_2 :-32703_0_3,57.537,downstream,G4202,G4202002
-56855,-11912_0 -11912_1 -12912_0 -12912_1,:-56855_0_0 :-56855_0_1 :-56855_2_0 :-56855_2_1,57.545,counterclockwise,G4202,G4202002
-62022,-13994_0 -13994_1 -13994_2 -13994_3,,57.545,counterclockwise,G4202,G4202002
-27107,-15332_0 -15332_1 -15332_2 -15332_3,:-27107_0_0 :-27107_0_1 :-27107_2_0 :-27107_2_1 :-27107_2_2,57.545,downstream,G4202,G4202002
-27111,-1042.270_0 -1042.270_1 -1042.270_2,:-27111_0_0 :-27111_0_1 :-27111_2_0 :-27111_2_1,57.545,counterclockwise,G4202,G4202002
-44107,-6880_0 -6880_1,:-44107_0_0 :-44107_0_1 :-44107_2_0 :-44107_2_1,57.545,counterclockwise,G4202,G4202002
-56730,-12910_0 -12910_1 -11910_0 -11910_1,:-56730_0_0 :-56730_0_1 :-56730_2_0 :-56730_2_1,57.545,counterclockwise,G4202,G4202002
J56,-1042_0 -1042_1,:J56_0_0 :J56_0_1 :J56_0_2,57.545,counterclockwise,G4202,G4202002
-35435,-11884_0 -11884_1,:-35435_0_0 :-35435_0_1,57.545,counterclockwise,G4202,G4202002
-26893,-994_0 -1576_0 -1576_1 -1576_2 -6752_0 -6752_1 -6752_2 -6752_3,:-26893_0_0 :-26893_1_0 :-26893_2_0 :-26893_2_1 :-26893_4_0 :-26893_4_1 :-26893_4_2 :-26893_7_0 :-26893_7_1 :-26893_11_0 :-26893_11_1,57.876,downstream,S4,S4成宜昭高速（成宜段）
-36825,-16450_0 -16450_1 -16450_2 -16450_3,:-36825_0_0 :-36825_0_1 :-36825_0_2 :-36825_0_3,58.071,upstream,S4,S4成宜昭高速（成宜段）
-32507,-4286_0 -4286_1 -4286_2 -4286_3,:-32507_0_0 :-32507_0_1 :-32507_0_2 :-32507_0_3,58.083,upstream,S4,S4成宜昭高速（成宜段）
-57214,-12114_0 -12114_1 -12114_2 -12114_3,:-57214_0_0 :-57214_0_1 :-57214_0_2 :-57214_0_3,58.122,upstream,S4,S4成宜昭高速（成宜段）
-36782,-4390_0 -4390_1 -4390_2 -4390_3,:-36782_0_0 :-36782_0_1 :-36782_0_2 :-36782_0_3,58.153,upstream,S4,S4成宜昭高速（成宜段）
-51770,-10390_0 -14012_0 -14012_1 -14012_2 -14012_3,:-51770_0_0 :-51770_0_1 :-51770_2_0 :-51770_2_1 :-51770_2_2 :-51770_2_3,58.210,upstream,S4,S4成宜昭高速（成宜段）
-32509,-2704_0 -2704_1 -2704_2 -2704_3,:-32509_0_0 :-32509_0_1 :-32509_0_2 :-32509_0_3,58.216,upstream,S4,S4成宜昭高速（成宜段）
-34837,-3516_0 -3516_1 -3516_2 -3516_3,:-34837_0_0 :-34837_1_0 :-34837_1_1 :-34837_1_2 :-34837_1_3,58.228,upstream,S4,S4成宜昭高速（成宜段）
-32914,-2844_0 -2844_1 -2844_2 -2844_3,:-32914_0_0 :-32914_0_1 :-32914_0_2 :-32914_0_3,58.240,upstream,S4,S4成宜昭高速（成宜段）
-47304,-11574_0 -11574_1 -11574_2,:-47304_0_0 :-47304_0_1 :-47304_0_2,58.267,upstream,S4,S4成宜昭高速（成宜段）
-43345,-14188_0 -6624_0 -6624_1 -6624_2 -6624_3,:-43345_0_0 :-43345_0_1 :-43345_2_0 :-43345_2_1 :-43345_2_2 :-43345_2_3,58.268,upstream,S4,S4成宜昭高速（成宜段）
-34836,-8690_0 -8690_1 -8690_2 -8690_3,:-34836_0_0 :-34836_0_1 :-34836_0_2 :-34836_0_3,58.270,upstream,S4,S4成宜昭高速（成宜段）
-27118,-1044_0 -1044_1 -1044_2,:-27118_0_0 :-27118_0_1 :-27118_0_2,58.279,downstream,G4202,G4202002
-37059,-16236_0 -16236_1 -16236_2 -16236_3,:-37059_0_0 :-37059_0_1 :-37059_0_2 :-37059_0_3,58.297,upstream,S4,S4成宜昭高速（成宜段）
-45715,-7874_0 -7874_1 -7874_2 -7874_3,:-45715_0_0 :-45715_0_1 :-45715_0_2 :-45715_0_3,58.300,upstream,S4,S4成宜昭高速（成宜段）
-45284,-7572_0 -7572_1 -7572_2 -7572_3,:-45284_0_0 :-45284_0_1 :-45284_0_2 :-45284_0_3,58.324,upstream,S4,S4成宜昭高速（成宜段）
-43703,-8270_0 -8270_1 -8270_2 -8270_3,:-43703_0_0 :-43703_1_0 :-43703_1_1 :-43703_1_2 :-43703_1_3,58.327,upstream,S4,S4成宜昭高速（成宜段）
-46075,-8872_0 -8872_1 -10712_0 -10712_1,:-46075_0_0 :-46075_0_1 :-46075_2_0 :-46075_2_1,58.342,clockwise,G4202,G4202002
-51606,-9730_0 -9730_1,:-51606_0_0 :-51606_0_1,58.342,clockwise,G4202,G4202002
-46077,-7706_0 -7706_1 -7706_2,,58.342,clockwise,G4202,G4202002
-30472,-2078_0 -2078_1,:-30472_0_0 :-30472_0_1 :-30472_2_0 :-30472_2_1,58.342,clockwise,G4202,G4202002
-51605,-13810_0 -13810_1,:-51605_0_0 :-51605_0_1,58.342,clockwise,G4202,G4202002
-49244,-16948_0 -16948_1,:-49244_0_0 :-49244_0_1 :-49244_2_0 :-49244_2_1,58.342,clockwise,G4202,G4202002
-49257,-10714_0 -10714_1 -8874_0 -8874_1,:-49257_0_0 :-49257_0_1 :-49257_2_0 :-49257_2_1,58.342,clockwise,G4202,G4202002
-42979,-6488_0 -7876_0 -7876_1 -7876_2,:-42979_0_0 :-42979_1_0 :-42979_1_1 :-42979_1_2,58.346,downstream,S4,S4成宜昭高速（成宜段）
-43344,-12404_0 -14244_0 -14244_1 -14244_2 -14244_3,:-43344_0_0 :-43344_0_1 :-43344_2_0 :-43344_2_1 :-43344_2_2 :-43344_2_3,58.362,upstream,S4,S4成宜昭高速（成宜段）
-45285,-7386_0 -7386_1 -7386_2 -7386_3,:-45285_0_0 :-45285_0_1 :-45285_0_2 :-45285_0_3,58.363,upstream,S4,S4成宜昭高速（成宜段）
-37653,-16946_0 -16946_1 -16946_2,:-37653_0_0 :-37653_0_1 :-37653_0_2,58.371,upstream,G4202,G4202002
-33843,-3232_0 -3232_1 -3232_2 -3232_3,:-33843_0_0 :-33843_0_1 :-33843_0_2 :-33843_0_3,58.378,upstream,S4,S4成宜昭高速（成宜段）
-43085,-9806_0 -9806_1 -9806_2 -9806_3,:-43085_0_0 :-43085_0_1 :-43085_0_2 :-43085_0_3,58.378,downstream,S4,S4成宜昭高速（成宜段）
-31798,-2460_0 -2460_1 -2460_2,:-31798_0_0 :-31798_0_1 :-31798_0_2,58.378,upstream,S4,S4成宜昭高速（成宜段）
-58588,-12696_0 -12696_1 -12696_2,:-58588_0_0 :-58588_0_1 :-58588_0_2,58.399,downstream,G4202,G4202002
-58053,-12446_0 -12446_1 -12446_2 -12446_3,:-58053_0_0 :-58053_0_1 :-58053_2_0 :-58053_2_1 :-58053_2_2,58.412,upstream,G4202,G4202002
-43086,-6542_0 -6542_1 -6542_2 -6542_3,:-43086_0_0 :-43086_0_1 :-43086_0_2 :-43086_0_3,58.415,downstream,S4,S4成宜昭高速（成宜段）
-37657,-4596_0 -4596_1 -4596_2,:-37657_0_0 :-37657_0_1 :-37657_0_2,58.481,clockwise,G4202,G4202002
-46844,-8012_0 -8012_1 -8012_2,:-46844_0_0 :-46844_0_1 :-46844_0_2,58.559,clockwise,G4202,G4202002
-45651,-13438_0 -13438_1 -13438_2,:-45651_0_0 :-45651_0_1 :-45651_0_2,58.844,downstream,G4202,G4202002
-47759,-8352_0 -8352_1 -8352_2 -8352_3,:-47759_0_0 :-47759_0_1 :-47759_2_0 :-47759_2_1,58.952,counterclockwise,G4202,G4202002
-35436,-3752_0 -3752_1,:-35436_0_0 :-35436_0_1,58.952,counterclockwise,G4202,G4202002
-47757,,,58.952,counterclockwise,G4202,G4202002
-31425,-2348_0 -2348_1 -16554_0 -16554_1 -16554_2,:-31425_0_0 :-31425_0_1 :-31425_0_2 :-31425_3_0 :-31425_3_1 :-31425_3_2 :-31425_3_3 :-31425_3_4,58.952,downstream,G4202,G4202002
-25607,-17416_0 -17416_1 -632_0 -632_1,:-25607_0_0 :-25607_0_1 :-25607_2_0 :-25607_2_1,58.952,counterclockwise,G4202,G4202002
-25620,-634_0 -634_1 -17418_0 -17418_1,:-25620_0_0 :-25620_0_1 :-25620_2_0 :-25620_2_1,58.952,counterclockwise,G4202,G4202002
-25605,-6030_0 -6030_1,:-25605_0_0 :-25605_0_1 :-25605_2_0 :-25605_2_1,58.952,counterclockwise,G4202,G4202002
-45655,-7542_0 -7542_1 -7542_2,:-45655_0_0 :-45655_0_1 :-45655_0_2,59.133,upstream,G4202,G4202002
-46181,-7742_0 -7742_1 -10446_0 -10446_1,:-46181_0_0 :-46181_0_1 :-46181_2_0 :-46181_2_1,59.290,clockwise,G4202,G4202002
-42872,-10444_0 -10444_1 -7740_0 -7740_1,:-42872_0_0 :-42872_0_1 :-42872_2_0 :-42872_2_1,59.290,clockwise,G4202,G4202002
-42873,-6470_0 -6470_1,:-42873_0_0 :-42873_0_1,59.290,clockwise,G4202,G4202002
-48735,-8654_0 -8654_1 -12470_0 -12470_1 -12470_2,:-48735_0_0 :-48735_0_1 :-48735_2_0 :-48735_2_1 :-48735_2_2,59.290,clockwise,G4202,G4202002
-51639,,,59.290,clockwise,G4202,G4202002
-46163,-15672_0 -15672_1,:-46163_0_0 :-46163_0_1 :-46163_2_0 :-46163_2_1,59.290,clockwise,G4202,G4202002
-46786,-7976_0 -7976_1,:-46786_0_0 :-46786_0_1,59.290,clockwise,G4202,G4202002
-51642,-9744_0 -9744_1 -9744_2,:-51642_0_0 :-51642_0_1 :-51642_2_0 :-51642_2_1,59.290,clockwise,G4202,G4202002
J140,-8494_0 -8494_1 -8494_2,:J140_0_0 :J140_0_1 :J140_0_2,59.537,counterclockwise,G4202,G4202002
-34127,-15360_0 -15360_1,:-34127_0_0 :-34127_0_1,59.537,counterclockwise,G4202,G4202002
-48293,-8494.95_0 -8494.95_1,:-48293_0_0 :-48293_1_0,59.537,counterclockwise,G4202,G4202002
-33562,-15358_0 -15358_1,:-33562_0_0 :-33562_0_1,59.537,counterclockwise,G4202,G4202002
-33598,-3124_0 -3124_1,:-33598_0_0 :-33598_0_1 :-33598_0_2 :-33598_0_3 :-33598_0_4,59.537,counterclockwise,G4202,G4202002
-33306,-2996.1981_0 -2996.1981_1 -2996.1981_2 -2996.1981_3,:-33306_0_0 :-33306_0_1 :-33306_2_0 :-33306_2_1 :-33306_2_2,59.537,counterclockwise,G4202,G4202002
-33563,-3102_0 -3102_1,:-33563_0_0 :-33563_0_1,59.537,counterclockwise,G4202,G4202002
-27555,-1172_0 -1172_1 -1172_2,:-27555_0_0 :-27555_0_1 :-27555_0_2,59.629,upstream,G4202,G4202002
-28525,-1506_0 -1506_1 -3630_0 -3630_1 -3630_2,:-28525_0_0 :-28525_0_1 :-28525_2_0 :-28525_2_1 :-28525_2_2,59.661,upstream,G4202,G4202002
-32735,-2788_0 -2788_1 -2788_2 -2788_3,:-32735_0_0 :-32735_0_1 :-32735_0_2 :-32735_0_3,59.724,upstream,G4202,G4202002
-27566,-1174_0 -1174_1,:-27566_0_0 :-27566_0_1 :-27566_2_0 :-27566_2_1,59.828,counterclockwise,G4202,G4202002
-48557,-12340_0 -12340_1 -8588_0 -8588_1 -8588_2,:-48557_0_0 :-48557_0_1 :-48557_2_0 :-48557_2_1 :-48557_2_2,59.828,counterclockwise,G4202,G4202002
-28981,-1620_0 -1620_1 -10320_0 -10320_1,:-28981_0_0 :-28981_0_1 :-28981_2_0 :-28981_2_1,59.828,counterclockwise,G4202,G4202002
-28976,-3156_0 -3156_1,:-28976_0_0 :-28976_0_1,59.828,counterclockwise,G4202,G4202002
-36081,-12192_0 -12192_1,:-36081_0_0 :-36081_0_1 :-36081_2_0 :-36081_2_1,59.828,counterclockwise,G4202,G4202002
-28517,-3982_0 -3982_1,:-28517_0_0 :-28517_0_1,59.828,counterclockwise,G4202,G4202002
-36098,-3984_0 -3984_1 -12060_0 -12060_1,:-36098_0_0 :-36098_0_1 :-36098_2_0 :-36098_2_1,59.828,counterclockwise,G4202,G4202002
-47050,-8056_0 -8056_1 -10322_0 -10322_1,:-47050_0_0 :-47050_0_1 :-47050_2_0 :-47050_2_1,59.828,counterclockwise,G4202,G4202002
-29222,-8676_0 -8676_1 -10980_0 -10980_1 -10980_2,:-29222_0_0 :-29222_0_1 :-29222_2_0 :-29222_2_1 :-29222_2_2,59.828,clockwise,G4202,G4202002
-33652,-6482_0 -6482_1,:-33652_0_0 :-33652_0_1,59.828,counterclockwise,G4202,G4202002
-33603,-3126_0 -3126_1 -3126_2,:-33603_0_0 :-33603_1_0 :-33603_1_1,59.828,counterclockwise,G4202,G4202002
-42963,-6484_0 -6484_1,:-42963_0_0 :-42963_0_1,59.828,counterclockwise,G4202,G4202002
-28987,-11964_0 -11964_1,:-28987_0_0 :-28987_0_1,60.116,clockwise,G4202,G4202002
-27199,-1074_0 -1074_1,:-27199_0_0 :-27199_0_1,60.116,clockwise,G4202,G4202002
-27195,-10892_0 -10892_1 -10892_2 -10892_3,:-27195_0_0 :-27195_0_1 :-27195_2_0 :-27195_2_1 :-27195_2_2,60.116,clockwise,G4202,G4202002
-48382,-10944_0 -10944_1 -8544_0 -8544_1 -8544_2 -8544_3,:-48382_0_0 :-48382_0_1 :-48382_2_0 :-48382_2_1 :-48382_2_2 :-48382_2_3,60.116,clockwise,G4202,G4202002
-28994,-1626_0 -1626_1,:-28994_0_0 :-28994_0_1,60.116,clockwise,G4202,G4202002
-27197,-1072_0 -1072_1 -1072_2,:-27197_0_0 :-27197_0_1 :-27197_0_2,60.322,downstream,G4202,G4202002
-34966,-11172_0 -11172_1 -11172_2,:-34966_0_0 :-34966_0_1,60.422,downstream,S4,S4成宜昭高速（成宜段）
-26718,-10882_0 -10882_1,:-26718_0_0 :-26718_0_1,60.535,counterclockwise,G4202,G4202002
-28578,-1572_0 -1572_1 -1756_0 -1756_1,:-28578_0_0 :-28578_0_1 :-28578_2_0 :-28578_2_1,60.535,counterclockwise,G4202,G4202002
-35542,-5464_0 -5464_1,:-35542_0_0 :-35542_0_1,60.535,counterclockwise,G4202,G4202002
-28749,-3778_0 -3778_1,:-28749_0_0 :-28749_0_1,60.535,counterclockwise,G4202,G4202002
-35843,-3886_0 -3886_1,:-35843_0_0 :-35843_0_1,60.535,counterclockwise,G4202,G4202002
-29487,-1758_0 -1758_1 -8642_0 -8642_1,:-29487_0_0 :-29487_0_1 :-29487_2_0 :-29487_2_1,60.535,counterclockwise,G4202,G4202002
-35844,-3888_0 -3888_1,:-35844_0_0 :-35844_0_1,60.535,counterclockwise,G4202,G4202002
-29471,-15104_0 -15104_1,:-29471_0_0 :-29471_0_1 :-29471_2_0 :-29471_2_1,60.535,counterclockwise,G4202,G4202002
-28580,-1522_0 -1522_1 -1522_2,,60.535,counterclockwise,G4202,G4202002
-29225,-1698_0 -1698_1 -1698_2 -1698_3,:-29225_0_0 :-29225_0_1 :-29225_2_0 :-29225_2_1 :-29225_2_2,60.535,clockwise,G4202,G4202002
-26721,-932_0 -932_1,:-26721_0_0 :-26721_0_1 :-26721_2_0 :-26721_2_1,60.535,counterclockwise,G4202,G4202002
-57098,-14264_0 -14264_1 -12062_0 -12062_1,:-57098_0_0 :-57098_0_1 :-57098_2_0 :-57098_2_1,60.578,clockwise,G4202,G4202002
-45957,-7668_0 -7668_1 -7668_2,:-45957_0_0 :-45957_0_1 :-45957_2_0 :-45957_2_1 :-45957_2_2,60.578,downstream,G4202,G4202002
-57094,-16888_0 -16888_1 -16888_2 -16888_3,:-57094_0_0 :-57094_0_1 :-57094_2_0 :-57094_2_1,60.578,clockwise,G4202,G4202002
-61445,-13774_0 -13774_1,:-61445_0_0 :-61445_0_1,60.578,clockwise,G4202,G4202002
-53926,-10884_0 -10884_1 -10884_2,:-53926_0_0 :-53926_0_1 :-53926_0_2,60.751,downstream,G4202,G4202002
-61447,-13776_0 -13776_1 -13776_2,:-61447_0_0 :-61447_0_1 :-61447_0_2,60.858,downstream,G4202,G4202002
-37981,-10666_0 -10666_1 -10666_2,:-37981_0_0 :-37981_0_1 :-37981_0_2,61.100,downstream,G4202,G4202002
8721830711,-4000000339_0 -4000000339_1,:8721830711_0_0 :8721830711_0_1,61.211,downstream,S81,S81德会高速
-41902,-7156_0 -7156_1 -15724_0 -15724_1 -15724_2,:-41902_0_0 :-41902_0_1 :-41902_2_0 :-41902_2_1 :-41902_2_2,61.235,downstream,G4202,G4202002
-36536,-4168_0 -4168_1 -4168_2 -4168_3 -4168_4,:-36536_0_0 :-36536_0_1 :-36536_2_0 :-36536_2_1 :-36536_2_2 :-36536_2_3,61.235,clockwise,G4202,G4202002
-29361,-14306_0 -14306_1,:-29361_0_0 :-29361_0_1,61.235,clockwise,G4202,G4202002
-34424,-16886_0 -16886_1 -16500_0 -16500_1,:-34424_0_0 :-34424_0_1 :-34424_2_0 :-34424_2_1,61.235,clockwise,G4202,G4202002
-29364,-1734_0 -1734_1,:-29364_0_0 :-29364_0_1,61.235,clockwise,G4202,G4202002
-34134,-3320_0 -3320_1,:-34134_0_0 :-34134_0_1,61.235,clockwise,G4202,G4202002
-36948,-4344_0 -4344_1,:-36948_0_0 :-36948_0_1,61.235,clockwise,G4202,G4202002
-37984,-4692_0 -4692_1 -4692_2,:-37984_0_0 :-37984_0_1 :-37984_0_2,61.361,downstream,G4202,G4202002
-61371,-13736_0 -13736_1 -13736_2,:-61371_0_0 :-61371_0_1 :-61371_0_2,61.430,downstream,G4202,G4202002
-41907,-6086.247_0 -6086.247_1 -6086.247_2,:-41907_0_0 :-41907_0_1 :-41907_0_2,61.781,upstream,G4202,G4202002
-33757,-15770_0 -15770_1 -15770_2,:-33757_0_0 :-33757_0_1 :-33757_0_2,61.842,downstream,G4202,G4202002
J61,-6086_0 -6086_1 -6086_2 -6086_3,:J61_0_0 :J61_0_1 :J61_0_2 :J61_0_3,61.862,upstream,G4202,G4202002
-29365,-7692_0 -7692_1 -7692_2,:-29365_0_0 :-29365_0_1 :-29365_0_2,61.985,clockwise,G4202,G4202002
10554772427,-4000000485_0 -4000000485_1,:10554772427_0_0 :10554772427_0_1,62.087,upstream,S81,S81德会高速
10554772421,-4000000333_0 -4000000333_1,:10554772421_0_0 :10554772421_1_0 :10554772421_1_1,62.185,upstream,S81,S81德会高速
8721830710,-4000000482_0 -4000000482_1,:8721830710_0_0 :8721830710_0_1,62.210,upstream,S81,S81德会高速
8721830709,-4000000337_0 -4000000337_1,:8721830709_0_0 :8721830709_0_1,62.223,upstream,S81,S81德会高速
8721830707,-4000000334_0 -4000000334_1,:8721830707_0_0 :8721830707_0_1,62.253,downstream,S81,S81德会高速
8721830696,-4000000331_0 -4000000331_1,:8721830696_0_0 :8721830696_0_1,62.350,downstream,S81,S81德会高速
-35988,-3934_0 -3934_1 -3934_2,:-35988_0_0 :-35988_0_1 :-35988_0_2,62.645,upstream,G4202,G4202002
-48247,E13_0 E13_1 E13_2 E13_3,:-48247_0_0 :-48247_0_1 :-48247_2_0 :-48247_2_1,62.690,counterclockwise,G4202,G4202002
-45665,-8486_0 -8486_1,:-45665_0_0 :-45665_0_1,62.690,counterclockwise,G4202,G4202002
-45668,-7548_0 -7548_1,:-45668_0_0 :-45668_0_1,62.690,counterclockwise,G4202,G4202002
-29700,-5816_0 -5816_1 -5816_2 -5816_3,:-29700_0_0 :-29700_0_1 :-29700_0_2 :-29700_0_3,62.745,upstream,G4202,G4202002
-35279,-3676_0 -3676_1 -3676_2 -15412_0 -15412_1,:-35279_0_0 :-35279_0_1 :-35279_0_2 :-35279_3_0 :-35279_3_1,62.765,upstream,G4202,G4202002
-59734,-13140_0 -13140_1 -13140_2,:-59734_0_0 :-59734_0_1 :-59734_0_2,62.771,upstream,G4202,G4202002
-32991,-15086_0 -15086_1 -15086_2,:-32991_0_0 :-32991_0_1 :-32991_0_2,62.812,upstream,G4202,G4202002
8721830706,-4000000324_0 -4000000326_0 -4000000326_1,:8721830706_0_0 :8721830706_1_0 :8721830706_1_1,62.828,downstream,S81,S81德会高速
-50753,-17388_0 -17388_1 -17388_2,:-50753_0_0 :-50753_0_1 :-50753_0_2,62.840,clockwise,G4202,G4202002
-29372,-1736_0 -1736_1 -1736_2,:-29372_0_0 :-29372_0_1 :-29372_0_2,63.040,clockwise,G4202,G4202002
-37346,-8592_0 -8592_1 -8592_2,:-37346_0_0 :-37346_0_1 :-37346_0_2,63.109,downstream,G4202,G4202002
-26250,-4496_0 -4496_1 -4496_2,:-26250_0_0 :-26250_0_1 :-26250_0_2,63.248,downstream,G4202,G4202002
-26252,-806_0 -806_1 -806_2,:-26252_0_0 :-26252_0_1 :-26252_0_2,63.608,downstream,G4202,G4202002
-27832,-11908_0 -11908_1 -11908_2,:-27832_0_0 :-27832_0_1 :-27832_0_2,63.668,downstream,G4202,G4202002
-45230,-9366_0 -9366_1 -9366_2,:-45230_0_0 :-45230_0_1 :-45230_0_2,63.929,clockwise,G4202,G4202002
-45078,-7350_0 -7350_1 -7350_2,:-45078_0_0 :-45078_0_1 :-45078_0_2,63.969,downstream,G4202,G4202002
-53885,-10640_0 -10640_1 -10640_2,:-53885_0_0 :-53885_0_1 :-53885_0_2,64.021,upstream,G4202,G4202002
J64,-1304_0 -1304_1 -1304_2,:J64_0_0 :J64_0_1 :J64_0_2 :J64_0_3,64.021,upstream,G4202,G4202002
-27839,-1304.129_0 -1304.129_1 -1304.129_2 -1304.129_3,:-27839_0_0 :-27839_0_1 :-27839_2_0 :-27839_2_1 :-27839_2_2,64.024,upstream,G4202,G4202002
-47740,-11596_0 -11596_1 -11596_2,:-47740_0_0 :-47740_0_1 :-47740_0_2,64.083,clockwise,G4202,G4202002
-47099,-10848_0 -10848_1,:-47099_0_0 :-47099_0_1,64.083,clockwise,G4202,G4202002
-25439,-5036_0 -5036_1,:-25439_0_0 :-25439_0_1,64.083,clockwise,G4202,G4202002
-38960,-8084_0 -8084_1,:-38960_0_0 :-38960_0_1,64.083,clockwise,G4202,G4202002
-53884,-10638_0 -10638_1,:-53884_0_0 :-53884_0_1,64.083,clockwise,G4202,G4202002
8721830682,-4000000319_0 -4000000319_1,:8721830682_0_0 :8721830682_0_1,64.262,downstream,S81,S81德会高速
-29341,-8346_0 -8346_1 -8346_2,:-29341_0_0 :-29341_0_1 :-29341_0_2,64.270,clockwise,G4202,G4202002
-25811,-17410_0 -17410_1 -17410_2 -17410_3,:-25811_0_0 :-25811_1_0 :-25811_1_1 :-25811_1_2 :-25811_1_3,64.323,downstream,S4,S4成宜昭高速（成宜段）
-27275,-17332_0 -17332_1,:-27275_0_0 :-27275_0_1,64.343,clockwise,G4202,G4202002
-47507,-8488_0 -8488_1,:-47507_0_0 :-47507_0_1,64.343,clockwise,G4202,G4202002
-26568,-894_0 -894_1 -6806_0 -6806_1 -6806_2,:-26568_0_0 :-26568_0_1 :-26568_2_0 :-26568_2_1 :-26568_2_2,64.343,downstream,G4202,G4202002
-26563,-1102_0 -1102_1,:-26563_0_0 :-26563_0_1,64.343,clockwise,G4202,G4202002
J60,-7284_0 -7284_1 -7284_2,:J60_0_0 :J60_0_1 :J60_0_2 :J60_0_3,64.353,downstream,G4202,G4202002
-35654,-3818_0 -3818_1 -3818_2 -3818_3,:-35654_0_0 :-35654_0_1 :-35654_0_2 :-35654_0_3,64.423,downstream,G4202,G4202002
-27551,-7284.387_0 -7284.387_1 -7284.387_2 -7284.387_3,:-27551_0_0 :-27551_0_1 :-27551_2_0 :-27551_2_1 :-27551_2_2,64.561,downstream,G4202,G4202002
-25833,-3498_0 -688_0 -688_1 -688_2 -688_3,:-25833_0_0 :-25833_0_1 :-25833_2_0 :-25833_2_1 :-25833_2_2 :-25833_2_3,64.586,downstream,S4,S4成宜昭高速（成宜段）
-66142,-16832_0 -16832_1 -16832_2 -16832_3,:-66142_0_0 :-66142_0_1 :-66142_0_2 :-66142_0_3,64.848,downstream,S4,S4成宜昭高速（成宜段）
-42762,-8032_0 -8032_1 -8032_2,:-42762_0_0 :-42762_0_1 :-42762_0_2,64.906,upstream,G4202,G4202002
-51524,-14336_0 -14336_1 -14336_2,:-51524_0_0 :-51524_0_1 :-51524_0_2,64.961,upstream,G4202,G4202002
-64039,-6412_0 -6412_1 -6412_2,:-64039_0_0 :-64039_0_1 :-64039_0_2,65.138,upstream,G4202,G4202002
-43448,-13020_0 -13020_1 -13020_2 -13020_3,:-43448_0_0 :-43448_0_1 :-43448_0_2 :-43448_0_3,65.145,upstream,G4202,G4202002
-46886,-15222_0 -15222_1 -15222_2,:-46886_0_0 :-46886_0_1 :-46886_0_2,65.198,upstream,G4202,G4202002
-51525,-9702_0 -9702_1 -9702_2,:-51525_0_0 :-51525_0_1 :-51525_0_2,65.236,clockwise,G4202,G4202002
-59404,-16202_0 -16202_1 -16202_2 -16564_0 -16564_1,:-59404_0_0 :-59404_0_1 :-59404_0_2 :-59404_3_0 :-59404_3_1 :-59404_3_2 :-59404_3_3,65.263,upstream,G4202,G4202002
-64978,-16540_0 -16540_1 -16540_2,:-64978_0_0 :-64978_0_1 :-64978_0_2,65.279,upstream,G4202,G4202002
-39487,-5212_0 -5212_1,:-39487_0_0 :-39487_0_1 :-39487_2_0 :-39487_2_1,65.294,counterclockwise,G4202,G4202002
-35748,-5446_0 -5446_1 -3840_0 -3840_1,:-35748_0_0 :-35748_0_1 :-35748_2_0 :-35748_2_1,65.294,counterclockwise,G4202,G4202002
-38374,-17384_0 -17384_1 -5426_0 -5426_1,:-38374_0_0 :-38374_0_1 :-38374_2_0 :-38374_2_1,65.294,counterclockwise,G4202,G4202002
-39100,-6656_0 -6656_1 -6656_2,:-39100_0_0 :-39100_0_1 :-39100_0_2,65.294,clockwise,G4202,G4202002
-33747,-11148_0 -11148_1,:-33747_0_0 :-33747_0_1,65.294,counterclockwise,G4202,G4202002
-31239,-4826_0 -4826_1,:-31239_0_0 :-31239_0_1,65.294,counterclockwise,G4202,G4202002
-36833,-4288_0 -4288_1,:-36833_0_0 :-36833_0_1,65.294,counterclockwise,G4202,G4202002
-54945,-11038_0 -11038_1,:-54945_0_0 :-54945_0_1,65.294,counterclockwise,G4202,G4202002
-56729,-11882_0 -11882_1,:-56729_0_0 :-56729_0_1,65.294,counterclockwise,G4202,G4202002
-40036,-11036_0 -11036_1,:-40036_0_0 :-40036_0_1,65.294,counterclockwise,G4202,G4202002
-66146,-15822_0 -15822_1 -15822_2 -15822_3,:-66146_0_0 :-66146_0_1 :-66146_0_2 :-66146_0_3,65.398,downstream,S4,S4成宜昭高速（成宜段）
-43169,-15830_0 -15830_1 -15830_2 -15830_3,:-43169_0_0 :-43169_0_1 :-43169_0_2 :-43169_0_3,65.623,downstream,S4,S4成宜昭高速（成宜段）
-30581,-6574_0 -6574_1 -6574_2 -6574_3,:-30581_0_0 :-30581_0_1 :-30581_0_2 :-30581_0_3,65.889,downstream,S4,S4成宜昭高速（成宜段）
9868918047,-4000000317_0 -4000000317_1,:9868918047_0_0 :9868918047_0_1,66.183,downstream,S81,S81德会高速
-33578,-11270_0 -11270_1 -11270_2,:-33578_0_0 :-33578_0_1 :-33578_0_2,66.231,clockwise,G4202,G4202002
-38128,-5084_0 -5084_1 -5084_2,:-38128_0_0 :-38128_0_1 :-38128_0_2,66.295,clockwise,G4202,G4202002
-33579,-3112_0 -3112_1 -3112_2,:-33579_0_0 :-33579_0_1 :-33579_0_2,66.297,downstream,G4202,G4202002
-38129,-4744_0 -4744_1 -4744_2,:-38129_0_0 :-38129_0_1 :-38129_0_2,66.376,downstream,G4202,G4202002
-56874,-5000_0 -5000_1 -5000_2,:-56874_0_0 :-56874_0_1 :-56874_0_2 :-56874_0_3,66.788,downstream,G4202,G4202002
9868918046,-4000000315_0 -4000000315_1,:9868918046_0_0 :9868918046_0_1,66.793,downstream,S81,S81德会高速
-57206,-12260_0 -12260_1 -12260_2,:-57206_0_0 :-57206_0_1 :-57206_0_2 :-57206_0_3,66.929,downstream,G4202,G4202002
-28995,-11494_0 -11494_1 -9964_0 -9964_1,:-28995_0_0 :-28995_0_1 :-28995_2_0 :-28995_2_1,66.933,clockwise,G4202,G4202002
-55112,-11088_0 -11088_1,:-55112_0_0 :-55112_0_1,66.933,clockwise,G4202,G4202002
-38606,-4894_0 -4894_1,:-38606_0_0 :-38606_1_0,66.933,clockwise,G4202,G4202002
-38605,-5452_0 -5452_1,:-38605_0_0 :-38605_0_1,66.933,clockwise,G4202,G4202002
-32636,-9966_0 -9966_1 -10832_0 -10832_1,:-32636_0_0 :-32636_0_1 :-32636_2_0 :-32636_2_1,66.933,clockwise,G4202,G4202002
-27047,-3792_0 -3792_1,:-27047_0_0 :-27047_0_1 :-27047_2_0 :-27047_2_1,66.933,clockwise,G4202,G4202002
-40094,-13298_0 -13298_1 -13298_2 -13298_3,:-40094_0_0 :-40094_0_1 :-40094_2_0 :-40094_2_1 :-40094_2_2,66.933,downstream,G4202,G4202002
-44419,-17158_0 -17158_1 -14030_0 -14030_1,,66.933,clockwise,G4202,G4202002
-35569,-6546_0,:-35569_0_0 :-35569_0_1,66.933,clockwise,G4202,G4202002
-27080,-1032_0 -1032_1,:-27080_0_0 :-27080_0_1,66.933,clockwise,G4202,G4202002
-27063,-14734_0 -14734_1 -1030_0 -1030_1,:-27063_0_0 :-27063_0_1 :-27063_2_0 :-27063_2_1,66.933,clockwise,G4202,G4202002
-63930,-17160_0 -17160_1,:-63930_0_0 :-63930_0_1,66.933,clockwise,G4202,G4202002
-43102,-6548_0 -6548_1,:-43102_0_0 :-43102_0_1,66.933,clockwise,G4202,G4202002
-28998,-1628_0 -1628_1,,66.933,clockwise,G4202,G4202002
-33750,-3188_0 -3188_1,:-33750_0_0 :-33750_0_1 :-33750_2_0 :-33750_2_1,66.933,clockwise,G4202,G4202002
-40096,-5454_0 -5454_1 -5454_2,:-40096_0_0 :-40096_0_1 :-40096_0_2,66.986,downstream,G4202,G4202002
-58104,-730_0 -730_1,:-58104_0_0 :-58104_0_1,67.056,counterclockwise,G4202,G4202002
-25969,-15958_0 -15958_1 -15958_2 -15958_3,:-25969_0_0 :-25969_0_1 :-25969_2_0 :-25969_2_1 :-25969_2_2,67.056,downstream,G4202,G4202002
-61004,-13638_0 -13638_1 -13638_2 -13638_3,:-61004_0_0 :-61004_0_1 :-61004_0_2 :-61004_0_3,67.056,counterclockwise,G4202,G4202002
-45231,-10466_0 -10466_1,:-45231_0_0 :-45231_0_1,67.056,counterclockwise,G4202,G4202002
-25444,-7352_0 -7352_1 -594_0 -594_1,:-25444_0_0 :-25444_0_1 :-25444_2_0 :-25444_2_1,67.056,counterclockwise,G4202,G4202002
-53388,-12464_0 -12464_1,:-53388_0_0 :-53388_0_1,67.056,counterclockwise,G4202,G4202002
9868918045,-4000000313_0 -4000000313_1,:9868918045_0_0 :9868918045_0_1,67.080,downstream,S81,S81德会高速
-25970,-728_0 -728_1 -728_2,:-25970_0_0 :-25970_0_1 :-25970_0_2,67.098,downstream,G4202,G4202002
-30584,-2106_0 -2106_1 -2106_2 -2106_3,:-30584_0_0 :-30584_0_1 :-30584_0_2 :-30584_0_3,67.121,downstream,S4,S4成宜昭高速（成宜段）
-51899,-16248_0 -16248_1 -16248_2,:-51899_0_0 :-51899_0_1 :-51899_0_2,67.296,downstream,G4202,G4202002
-30612,-7958_0 -7958_1 -7958_2 -7958_3,:-30612_0_0 :-30612_0_1 :-30612_0_2 :-30612_0_3,67.299,downstream,S4,S4成宜昭高速（成宜段）
10554772316,-4000000312_0 -4000000312_1,:10554772316_0_0 :10554772316_0_1,67.305,downstream,S81,S81德会高速
-35985,-9898_0 -9898_1 -9898_2,:-35985_0_0 :-35985_0_1 :-35985_0_2,67.347,downstream,G4202,G4202002
10554772319,-4000000308_0 -4000000308_1,:10554772319_0_0 :10554772319_0_1,67.746,downstream,S81,S81德会高速
-38141,-15316_0 -15316_1 -15316_2,:-38141_0_0 :-38141_0_1 :-38141_0_2,67.768,downstream,G4202,G4202002
-35721,-4494_0,:-35721_0_0 :-35721_0_1 :-35721_2_0 :-35721_2_1,67.915,clockwise,G4202,G4202002
-45490,-7708_0 -7708_1,:-45490_0_0 :-45490_0_1,67.915,clockwise,G4202,G4202002
-34846,-3524_0,:-34846_0_0,67.915,clockwise,G4202,G4202002
-56941,,,67.915,clockwise,G4202,G4202002
-28899,-1604_0 -1604_1 -8736_0 -8736_1,:-28899_0_0 :-28899_0_1 :-28899_2_0 :-28899_2_1,67.915,clockwise,G4202,G4202002
-34845,-13044_0,:-34845_0_0,67.915,clockwise,G4202,G4202002
-36830,-11986_0 -11986_1 -11986_2,:-36830_0_0 :-36830_0_1 :-36830_2_0 :-36830_2_1,67.915,clockwise,G4202,G4202002
-54198,-13476_0,:-54198_0_0,67.915,clockwise,G4202,G4202002
-28645,,,67.915,clockwise,G4202,G4202002
-28652,-1546_0 -1546_1,:-28652_0_0 :-28652_0_1,67.915,clockwise,G4202,G4202002
-28647,-1544_0 -1544_1,:-28647_0_0 :-28647_0_1,67.915,clockwise,G4202,G4202002
-28892,-7494_0 -7494_1,:-28892_0_0 :-28892_0_1,67.915,clockwise,G4202,G4202002
-44768,-7136_0 -7136_1,:-44768_0_0 :-44768_0_1,67.915,clockwise,G4202,G4202002
-38143,-4750_0 -4750_1 -4750_2 -7476_0 -7476_1,:-38143_0_0 :-38143_0_1 :-38143_0_2 :-38143_3_0 :-38143_3_1,67.915,downstream,G4202,G4202002
-35742,-4290_0 -4290_1 -3838_0 -3838_1,:-35742_0_0 :-35742_0_1 :-35742_2_0 :-35742_2_1,67.915,clockwise,G4202,G4202002
-54211,-10760_0,:-54211_0_0,67.915,clockwise,G4202,G4202002
-32830,-5230_0 -5230_1 -5230_2,:-32830_0_0 :-32830_0_1 :-32830_0_2,69.435,upstream,G4202,G4202002
-51273,-17144_0 -17144_1 -17144_2,:-51273_0_0 :-51273_0_1 :-51273_0_2,69.491,upstream,G4202,G4202002
-37438,-4532_0 -4532_1 -4532_2,:-37438_0_0 :-37438_0_1 :-37438_0_2,69.654,upstream,G4202,G4202002
-37437,-5432_0 -5432_1 -5432_2 -5432_3,:-37437_0_0 :-37437_0_1 :-37437_0_2 :-37437_0_3,69.703,upstream,G4202,G4202002
-39523,-10570_0 -10570_1 -10570_2,:-39523_0_0 :-39523_0_1 :-39523_0_2,69.721,upstream,G4202,G4202002
-32832,-2824_0 -2824_1 -2824_2,:-32832_0_0 :-32832_0_1 :-32832_0_2,69.728,upstream,G4202,G4202002
-51274,-9594_0 -9594_1 -9594_2,:-51274_0_0 :-51274_0_1 :-51274_0_2,69.745,clockwise,G4202,G4202002
-28642,-1540_0 -1540_1 -1540_2,:-28642_0_0 :-28642_0_1 :-28642_0_2,70.027,upstream,G4202,G4202002
-41690,-5986_0 -5986_1 -5986_2,:-41690_0_0 :-41690_0_1 :-41690_0_2,70.083,upstream,G4202,G4202002
J66,-10810_0 -10810_1 -10810_2 -10810_3,:J66_0_0 :J66_0_1 :J66_0_2 :J66_0_3,70.092,upstream,G4202,G4202002
-25982,-736_0 -736_1 -736_2,:-25982_0_0 :-25982_0_1 :-25982_0_2,70.099,upstream,G4202,G4202002
-41689,-6630_0 -6630_1 -6630_2,:-41689_0_0 :-41689_0_1 :-41689_0_2,70.141,upstream,G4202,G4202002
-57012,,,70.162,counterclockwise,G4202,G4202002
-26329,-7896_0 -7896_1 -4548_0 -4548_1,:-26329_0_0 :-26329_0_1 :-26329_2_0 :-26329_2_1,70.162,counterclockwise,G4202,G4202002
-26331,-838_0 -838_1,:-26331_0_0 :-26331_0_1,70.162,counterclockwise,G4202,G4202002
-45857,-7626_0 -7626_1,:-45857_0_0 :-45857_0_1,70.162,counterclockwise,G4202,G4202002
-37096,-12018_0 -12018_1 -12018_2,:-37096_0_0 :-37096_0_1 :-37096_2_0 :-37096_2_1,70.162,counterclockwise,G4202,G4202002
-37103,-4408_0 -4408_1 -17088_0 -17088_1,:-37103_0_0 :-37103_0_1 :-37103_2_0 :-37103_2_1,70.162,counterclockwise,G4202,G4202002
-59201,-12958_0 -12958_1,:-59201_0_0 :-59201_0_1,70.162,counterclockwise,G4202,G4202002
-41753,-10978_0 -10978_1 -10978_2,:-41753_0_0 :-41753_0_1 :-41753_0_2,70.162,clockwise,G4202,G4202002
-31857,-13418_0 -13418_1 -13418_2,:-31857_0_0 :-31857_0_1 :-31857_0_2,70.200,clockwise,G4202,G4202002
-31858,-2484_0 -2484_1 -2484_2,:-31858_0_0 :-31858_0_1 :-31858_0_2,70.247,downstream,G4202,G4202002
-57925,-15190_0 -15190_1 -15190_2,:-57925_0_0 :-57925_0_1 :-57925_0_2,70.407,downstream,G4202,G4202002
-53850,-12382_0 -12382_1 -12382_2,:-53850_0_0 :-53850_0_1 :-53850_0_2,70.450,downstream,G4202,G4202002
-41755,-6028_0 -6028_1 -6028_2,:-41755_0_0 :-41755_0_1 :-41755_0_2,70.590,clockwise,G4202,G4202002
-50143,-10618_0 -10618_1 -10618_2,:-50143_0_0 :-50143_0_1 :-50143_0_2,70.707,downstream,G4202,G4202002
-50144,-9166_0 -9166_1 -9166_2,:-50144_0_0 :-50144_0_1 :-50144_0_2,70.820,downstream,G4202,G4202002
-28229,-10042_0 -10042_1 -10042_2,:-28229_0_0 :-28229_0_1 :-28229_0_2,70.830,downstream,G4202,G4202002
-28231,-1420_0 -1420_1 -1420_2,:-28231_0_0 :-28231_0_1 :-28231_0_2,71.343,downstream,G4202,G4202002
-36823,-4282_0 -4282_1 -4282_2,:-36823_0_0 :-36823_0_1 :-36823_0_2,71.373,downstream,G4202,G4202002
10554772311,-4000000301_0 -4000000301_1,:10554772311_0_0 :10554772311_0_1,71.618,upstream,S81,S81德会高速
10554772303,-4000000297_0 -4000000297_1,:10554772303_0_0 :10554772303_0_1,71.748,upstream,S81,S81德会高速
10554772308,-4000000300_0 -4000000300_1,:10554772308_0_0 :10554772308_0_1,71.822,upstream,S81,S81德会高速
9868918034,-4000000291_0 -4000000291_1,:9868918034_0_0 :9868918034_1_0 :9868918034_1_1,71.941,upstream,S81,S81德会高速
10554772314,-4000000303_0 -4000000303_1,:10554772314_0_0 :10554772314_0_1,71.976,upstream,S81,S81德会高速
-38425,-4838_0 -4838_1 -4838_2,:-38425_0_0 :-38425_0_1 :-38425_0_2 :-38425_0_3,71.982,downstream,G4202,G4202002
-48149,-12002_0 -12002_1,:-48149_0_0 :-48149_0_1,72.053,counterclockwise,G4202,G4202002
-50571,-9294_0 -9294_1,:-50571_0_0 :-50571_0_1,72.053,counterclockwise,G4202,G4202002
-40031,-12836_0 -12836_1,:-40031_0_0 :-40031_0_1,72.053,counterclockwise,G4202,G4202002
-33838,-8460_0 -8460_1 -3230_0 -3230_1,:-33838_0_0 :-33838_0_1 :-33838_2_0 :-33838_2_1,72.053,counterclockwise,G4202,G4202002
-40032,-5422_0 -5422_1,:-40032_0_0 :-40032_0_1 :-40032_2_0 :-40032_2_1,72.053,counterclockwise,G4202,G4202002
-33836,-6950_0 -6950_1,:-33836_0_0 :-33836_0_1,72.053,counterclockwise,G4202,G4202002
-50567,-12086_0 -12086_1 -12086_2 -12086_3,:-50567_0_0 :-50567_0_1 :-50567_2_0 :-50567_2_1 :-50567_2_2,72.053,downstream,G4202,G4202002
-44293,-6952_0 -6952_1,:-44293_0_0 :-44293_0_1,72.053,counterclockwise,G4202,G4202002
-61215,-13674_0 -13674_1,:-61215_0_0 :-61215_0_1 :-61215_2_0 :-61215_2_1,72.053,counterclockwise,G4202,G4202002
9868918044,-4000000311_0 -4000000311_1,:9868918044_0_0 :9868918044_0_1,72.054,upstream,S81,S81德会高速
9868918054,-4000000294_0 -4000000294_1,:9868918054_0_0 :9868918054_0_1,72.096,downstream,S81,S81德会高速
9868918033,-4000000295_0 -4000000295_1,:9868918033_0_0 :9868918033_0_1,72.134,downstream,S81,S81德会高速
-50572,-9296_0 -9296_1 -9296_2,:-50572_0_0 :-50572_0_1 :-50572_0_2,72.225,downstream,G4202,G4202002
-30627,-2114_0 -2114_1 -2114_2 -2114_3,:-30627_0_0 :-30627_0_1 :-30627_0_2 :-30627_0_3,72.341,downstream,S4,S4成宜昭高速（成宜段）
10554772243,-4000000286_0 -4000000280_0 -4000000280_1,:10554772243_0_0 :10554772243_1_0 :10554772243_1_1,72.415,downstream,S81,S81德会高速
-38190,-4774_0 -4774_1 -4774_2 -4774_3,:-38190_0_0 :-38190_0_1 :-38190_0_2 :-38190_0_3,72.504,downstream,S4,S4成宜昭高速（成宜段）
-40385,-5558_0 -5558_1 -10038_0 -10038_1,:-40385_0_0 :-40385_0_1 :-40385_2_0 :-40385_2_1,72.597,clockwise,G4202,G4202002
-40374,-5556_0 -5556_1,:-40374_0_0 :-40374_0_1,72.597,clockwise,G4202,G4202002
-40373,-11098_0 -11098_1,:-40373_0_0 :-40373_0_1 :-40373_2_0 :-40373_2_1,72.597,clockwise,G4202,G4202002
-52224,-16480_0 -16480_1,:-52224_0_0 :-52224_0_1 :-52224_2_0 :-52224_2_1,72.597,clockwise,G4202,G4202002
-50849,-9400_0 -9400_1 -9400_2 -9400_3,,72.597,clockwise,G4202,G4202002
-49605,-8998_0 -8998_1,:-49605_0_0 :-49605_0_1,72.597,clockwise,G4202,G4202002
-49604,-16904_0 -16904_1,:-49604_0_0 :-49604_0_1,72.597,clockwise,G4202,G4202002
-65054,-16906_0 -16906_1 -16906_2,:-65054_0_0 :-65054_0_1 :-65054_0_2,72.645,upstream,G4202,G4202002
10554772235,-4000000281_0 -4000000281_1,:10554772235_0_0 :10554772235_0_1,72.653,downstream,S81,S81德会高速
-55176,-11116.1080_0 -11116.1080_1 -11116.1080_2 -11116.1080_3,:-55176_0_0 :-55176_0_1 :-55176_2_0 :-55176_2_1 :-55176_2_2,72.672,upstream,G4202,G4202002
-51718,-15266_0 -15266_1 -15266_2,:-51718_0_0 :-51718_0_1 :-51718_0_2,72.709,upstream,G4202,G4202002
-51720,-9774_0 -9774_1 -9774_2,:-51720_0_0 :-51720_0_1 :-51720_0_2,72.746,clockwise,G4202,G4202002
10554772233,-4000000279_0 -4000000279_1,:10554772233_0_0 :10554772233_0_1,72.832,downstream,S81,S81德会高速
-49109,-8814_0 -8814_1 -8814_2 -8814_3,:-49109_0_0 :-49109_1_0 :-49109_1_1 :-49109_1_2 :-49109_1_3,72.915,downstream,S4,S4成宜昭高速（成宜段）
10554772231,-4000000277_0 -4000000277_1,:10554772231_0_0 :10554772231_0_1,72.931,downstream,S81,S81德会高速
-57072,-14038_0 -14038_1 -14038_2,:-57072_0_0 :-57072_0_1 :-57072_0_2,73.059,clockwise,G4202,G4202002
10554772229,-4000000275_0 -4000000275_1,:10554772229_0_0 :10554772229_0_1,73.105,downstream,S81,S81德会高速
9868918031,-4000000272_0 -4000000272_1,:9868918031_0_0 :9868918031_0_1,73.179,downstream,S81,S81德会高速
-48081,-17186_0 -17186_1 -17186_2 -17186_3,:-48081_0_0 :-48081_0_1 :-48081_0_2 :-48081_0_3,73.192,downstream,S4,S4成宜昭高速（成宜段）
-32751,-2800_0 -2800_1 -15522_0 -15522_1,:-32751_0_0 :-32751_0_1 :-32751_2_0 :-32751_2_1,73.766,clockwise,G4202,G4202002
-36339,-4086_0 -4086_1 -4086_2,:-36339_0_0 :-36339_0_1 :-36339_2_0 :-36339_2_1,73.766,clockwise,G4202,G4202002
-44386,-16272_0 -16272_1 -12050_0 -12050_1 -12050_2,:-44386_0_0 :-44386_0_1 :-44386_2_0 :-44386_2_1 :-44386_2_2,73.766,downstream,G4202,G4202002
-36332,,,73.766,clockwise,G4202,G4202002
-36780,-4254_0 -4254_1,:-36780_0_0 :-36780_0_1,73.766,clockwise,G4202,G4202002
-36769,-8772_0 -8772_1,:-36769_0_0 :-36769_1_0 :-36769_1_1,73.766,clockwise,G4202,G4202002
-36779,-4252_0,:-36779_0_0,73.766,clockwise,G4202,G4202002
-45845,-11808_0 -11808_1,:-45845_0_0 :-45845_0_1,73.766,clockwise,G4202,G4202002
-32747,-16170_0 -16170_1,:-32747_0_0 :-32747_0_1,73.766,clockwise,G4202,G4202002
J139,-7680_0,:J139_0_0 :J139_0_1,73.766,clockwise,G4202,G4202002
-35651,-10036_0 -10036_1,:-35651_0_0 :-35651_0_1,73.766,clockwise,G4202,G4202002
-35653,-3816_0 -3816_1 -5660_0 -5660_1,:-35653_0_0 :-35653_0_1 :-35653_2_0 :-35653_2_1,73.766,clockwise,G4202,G4202002
-56581,-11810_0 -11810_1,:-56581_0_0 :-56581_0_1,73.766,clockwise,G4202,G4202002
-48085,-15234_0 -8434_0 -8434_1 -8434_2 -8434_3,:-48085_0_0 :-48085_0_1 :-48085_2_0 :-48085_2_1 :-48085_2_2 :-48085_2_3,73.849,downstream,S4,S4成宜昭高速（成宜段）
9868918030,-4000000271_0 -4000000271_1,:9868918030_0_0 :9868918030_0_1,73.876,downstream,S81,S81德会高速
-42256,-14152_0 -14152_1 -14152_2 -14152_3,:-42256_0_0 :-42256_0_1 :-42256_0_2 :-42256_0_3,73.878,downstream,S4,S4成宜昭高速（成宜段）
J69,-6986_0 -6986_1 -6986_2 -6986_3,:J69_0_0 :J69_0_1 :J69_0_2 :J69_0_3,74.023,clockwise,G4202,G4202002
10554772225,-4000000269_0 -4000000269_1,:10554772225_0_0 :10554772225_0_1,74.214,downstream,S81,S81德会高速
10554772220,-4000000267_0 -4000000267_1,:10554772220_0_0 :10554772220_0_1,74.411,downstream,S81,S81德会高速
10554772221,-4000000266_0 -4000000266_1,:10554772221_0_0 :10554772221_0_1,74.471,downstream,S81,S81德会高速
-40473,-5586_0 -5586_1 -12944_0 -12944_1,:-40473_0_0 :-40473_0_1 :-40473_2_0 :-40473_2_1,74.518,counterclockwise,G4202,G4202002
J90,-13870_0,:J90_0_0 :J90_0_1,74.518,counterclockwise,G4202,G4202002
-56293,-15010_0 -15010_1,:-56293_0_0 :-56293_0_1,74.518,counterclockwise,G4202,G4202002
-56294,-11660_0 -11660_1,:-56294_0_0 :-56294_0_1 :-56294_2_0 :-56294_2_1,74.518,counterclockwise,G4202,G4202002
-36209,-4026_0 -4026_1 -4026_2 -4026_3,:-36209_0_0 :-36209_1_0 :-36209_1_1 :-36209_1_2,74.518,counterclockwise,G4202,G4202002
J132,-8314_0 -8314_1,:J132_0_0 :J132_0_1,74.518,counterclockwise,G4202,G4202002
-31105,-2262_0 -2262_1,:-31105_0_0 :-31105_0_1,74.518,counterclockwise,G4202,G4202002
-31100,-4612_0 -4612_1,:-31100_0_0 :-31100_0_1,74.518,counterclockwise,G4202,G4202002
-37701,-13870.98_0 -13870.98_1,:-37701_0_0 :-37701_0_1 :-37701_2_0 :-37701_2_1,74.518,counterclockwise,G4202,G4202002
-28900,-8314.146_0 -15320_0 -15320_1 -15320_2,:-28900_0_0 :-28900_0_1 :-28900_2_0 :-28900_2_1 :-28900_2_2,74.832,upstream,G4202,G4202002
-36858,-4300_0 -4300_1 -4300_2,:-36858_0_0 :-36858_0_1 :-36858_0_2,75.053,upstream,G4202,G4202002
J70,-1606_0 -1606_1 -1606_2 -1606_3,:J70_0_0 :J70_0_1 :J70_0_2 :J70_0_3,75.076,upstream,G4202,G4202002
-30791,-2152_0 -2152_1 -2152_2,:-30791_0_0 :-30791_0_1 :-30791_0_2,75.145,clockwise,G4202,G4202002
-44394,-6986.180_0 -6986.180_1 -6986.180_2,:-44394_0_0 :-44394_0_1 :-44394_0_2,75.285,clockwise,G4202,G4202002
-26121,-15960_0 -15960_1 -15960_2,:-26121_0_0 :-26121_0_1 :-26121_0_2,75.327,downstream,G4202,G4202002
J68,-4918_0 -4918_1 -4918_2,:J68_0_0 :J68_0_1 :J68_0_2 :J68_0_3,76.749,clockwise,G4202,G4202002
-28115,-7366_0 -7366_1,:-28115_0_0 :-28115_0_1,76.892,counterclockwise,G4202,G4202002
-37106,-4550_0 -4550_1 -4410_0 -4410_1,:-37106_0_0 :-37106_0_1 :-37106_2_0 :-37106_2_1,76.892,counterclockwise,G4202,G4202002
-49433,-12432_0 -12432_1,:-49433_0_0 :-49433_0_1,76.892,counterclockwise,G4202,G4202002
-38652,-4918.1607_0 -4918.1607_1 -4918.1607_2 -4918.1607_3,:-38652_0_0 :-38652_0_1 :-38652_2_0 :-38652_2_1 :-38652_2_2,76.892,downstream,G4202,G4202002
-28122,-1372_0 -1372_1 -7680.166_0 -7680.166_1,:-28122_0_0 :-28122_0_1 :-28122_2_0 :-28122_2_1,76.892,counterclockwise,G4202,G4202002
-37493,-7368_0 -7368_1,:-37493_0_0 :-37493_0_1 :-37493_2_0 :-37493_2_1,76.892,counterclockwise,G4202,G4202002
-46918,-8038_0 -8038_1,,76.892,counterclockwise,G4202,G4202002
-45254,-8948_0 -8948_1,:-45254_0_0 :-45254_0_1 :-45254_2_0 :-45254_2_1,76.892,counterclockwise,G4202,G4202002
9868918027,-4000000243_0 -4000000243_1,:9868918027_0_0 :9868918027_0_1,77.234,downstream,S81,S81德会高速
-38613,-12430_0 -12430_1 -12430_2,:-38613_0_0 :-38613_0_1 :-38613_0_2,77.295,downstream,G4202,G4202002
-38614,-4900_0 -4900_1 -4900_2,:-38614_0_0 :-38614_0_1 :-38614_0_2,77.609,downstream,G4202,G4202002
11469132551,-4000000263_0 -4000000263_1,,77.956,downstream,S81,S81德会高速
-66849,-16086_0 -16086_1 -16086_2,:-66849_0_0 :-66849_0_1 :-66849_0_2,78.023,downstream,G4202,G4202002
-30602,-17046_0 -17046_1 -17046_2,:-30602_0_0 :-30602_0_1 :-30602_0_2,78.094,downstream,G4202,G4202002
J71,-780_0 -780_1 -780_2,:J71_0_0 :J71_0_1 :J71_0_2 :J71_0_3,78.291,downstream,G4202,G4202002
-30603,-16178_0 -16178_1 -2110_0 -2110_1 -2110_2,:-30603_0_0 :-30603_0_1 :-30603_2_0 :-30603_2_1 :-30603_2_2,78.311,downstream,G4202,G4202002
-26134,-780.2968_0 -780.2968_1 -780.2968_2 -780.2968_3,:-26134_0_0 :-26134_1_0 :-26134_1_1 :-26134_1_2,78.416,downstream,G4202,G4202002
-47477,-8410_0 -8410_1,:-47477_0_0 :-47477_0_1,79.335,clockwise,G4202,G4202002
-37702,-4614_0 -4614_1,:-37702_0_0 :-37702_0_1,79.335,clockwise,G4202,G4202002
-47493,-8240_0 -8240_1,:-47493_0_0 :-47493_0_1,79.335,clockwise,G4202,G4202002
-66260,-16484_0 -16484_1 -16484_2 -16484_3,:-66260_0_0 :-66260_0_1 :-66260_2_0 :-66260_2_1 :-66260_4_0 :-66260_4_1,79.335,clockwise,G4202,G4202002
-61272,-13698_0 -13698_1 -15862_0 -15862_1,:-61272_0_0 :-61272_0_1 :-61272_2_0 :-61272_2_1,79.335,clockwise,G4202,G4202002
-40152,-14768_0 -14768_1 -12512_0 -12512_1 -12512_2,:-40152_0_0 :-40152_0_1 :-40152_2_0 :-40152_2_1 :-40152_2_2,79.619,upstream,G4202,G4202002
-66556,-15986_0 -15986_1 -15986_2,:-66556_0_0 :-66556_0_1 :-66556_0_2,79.637,upstream,G4202,G4202002
-58254,-16960_0 -16960_1 -16960_2,:-58254_0_0 :-58254_0_1 :-58254_0_2,79.811,upstream,G4202,G4202002
-38316,-4802_0 -4802_1,:-38316_0_0 :-38316_0_1,79.903,clockwise,G4202,G4202002
-38312,-15984.127_0 -15984.127_1,:-38312_0_0 :-38312_0_1 :-38312_2_0 :-38312_2_1,79.903,clockwise,G4202,G4202002
J133,-15984_0,:J133_0_0 :J133_0_1,79.903,clockwise,G4202,G4202002
-40153,-5480_0 -5480_1 -5480_2 -5480_3,:-40153_0_0 :-40153_0_1 :-40153_0_2 :-40153_0_3,79.903,clockwise,G4202,G4202002
-38326,-16008_0 -16008_1 -4804_0 -4804_1 -12946_0 -12946_1,:-38326_0_0 :-38326_0_1 :-38326_2_0 :-38326_2_1 :-38326_4_0 :-38326_4_1 :-38326_4_2,79.903,clockwise,G4202,G4202002
-47196,-810_0 -810_1 -810_2 -810_3,:-47196_0_0 :-47196_0_1 :-47196_0_2 :-47196_0_3,80.279,clockwise,G4202,G4202002
-36935,-11006_0 -11006_1 -11006_2,:-36935_0_0 :-36935_0_1 :-36935_0_2,80.577,clockwise,G4202,G4202002
-36936,-4336_0 -4336_1 -4336_2,:-36936_0_0 :-36936_0_1 :-36936_0_2,80.615,downstream,G4202,G4202002
-42421,-8116_0 -8116_1 -8116_2,:-42421_0_0 :-42421_0_1 :-42421_0_2,80.622,clockwise,G4202,G4202002
-42422,-6298_0 -6298_1 -6298_2,:-42422_0_0 :-42422_0_1 :-42422_0_2,80.661,downstream,G4202,G4202002
-31939,-10060_0 -10060_1 -10060_2,:-31939_0_0 :-31939_0_1 :-31939_0_2,80.942,downstream,G4202,G4202002
-31940,-2512_0 -2512_1 -2512_2,:-31940_0_0 :-31940_0_1 :-31940_0_2 :-31940_0_3,81.026,downstream,G4202,G4202002
-54154,-10734_0 -10734_1,:-54154_0_0 :-54154_0_1,81.119,clockwise,G4202,G4202002
-44236,-17040_0 -17040_1,:-44236_0_0 :-44236_0_1,81.119,clockwise,G4202,G4202002
-35346,-7166_0 -7166_1,:-35346_0_0 :-35346_0_1,81.119,clockwise,G4202,G4202002
-44237,-6926_0 -6926_1,:-44237_0_0 :-44237_0_1,81.119,clockwise,G4202,G4202002
-32969,-2876_0 -2876_1,:-32969_0_0 :-32969_0_1,81.119,clockwise,G4202,G4202002
-45646,-16536_0 -16536_1 -16536_2 -16536_3,:-45646_0_0 :-45646_0_1 :-45646_2_0 :-45646_2_1 :-45646_2_2,81.119,downstream,G4202,G4202002
-28975,-1618_0 -1618_1,:-28975_0_0 :-28975_0_1 :-28975_2_0 :-28975_2_1,81.119,clockwise,G4202,G4202002
-32968,-16576_0 -16576_1 -17038_0 -17038_1,:-32968_0_0 :-32968_0_1 :-32968_2_0 :-32968_2_1,81.119,clockwise,G4202,G4202002
-45650,-7540_0 -7540_1,:-45650_0_0 :-45650_0_1 :-45650_2_0 :-45650_2_1,81.119,clockwise,G4202,G4202002
-29003,-1632_0 -1632_1,,81.119,clockwise,G4202,G4202002
-44836,-7168_0 -7168_1,:-44836_0_0 :-44836_0_1,81.119,clockwise,G4202,G4202002
-29001,-3716_0 -3716_1 -9048_0 -9048_1,:-29001_0_0 :-29001_0_1 :-29001_2_0 :-29001_2_1,81.119,clockwise,G4202,G4202002
-39333,-5180_0 -5180_1,:-39333_0_0 :-39333_0_1,81.119,clockwise,G4202,G4202002
J72,-9434_0 -9434_1 -9434_2,:J72_0_0 :J72_0_1 :J72_0_2 :J72_0_3,81.178,downstream,G4202,G4202002
-29902,-8748_0,:-29902_0_0 :-29902_0_1,81.333,counterclockwise,G4202,G4202002
-29904,-1904_0 -1904_1,:-29904_0_0 :-29904_0_1 :-29904_2_0 :-29904_2_1,81.333,counterclockwise,G4202,G4202002
-45910,-7656_0 -7656_1 -8728_0 -8728_1,:-45910_0_0 :-45910_0_1 :-45910_2_0 :-45910_2_1,81.333,counterclockwise,G4202,G4202002
-31470,-15082_0 -15082_1,:-31470_0_0 :-31470_0_1,81.333,counterclockwise,G4202,G4202002
-64484,-15864_0 -15864_1 -15084_0 -15084_1,:-64484_0_0 :-64484_0_1 :-64484_2_0 :-64484_2_1,81.333,counterclockwise,G4202,G4202002
-31478,-2356_0 -2356_1 -9342_0 -9342_1,:-31478_0_0 :-31478_0_1 :-31478_2_0 :-31478_2_1,81.333,counterclockwise,G4202,G4202002
-48981,-9434.521_0 -9434.521_1 -9434.521_2 -9434.521_3,:-48981_0_0 :-48981_1_0 :-48981_1_1 :-48981_1_2,81.333,downstream,G4202,G4202002
-48982,-8750_0 -8750_1 -8750_2,:-48982_0_0 :-48982_0_1 :-48982_0_2,81.405,downstream,G4202,G4202002
-45648,-7538_0 -7538_1 -7538_2,:-45648_0_0 :-45648_0_1 :-45648_0_2,81.530,downstream,G4202,G4202002
-40595,-5642_0 -5642_1 -5642_2,:-40595_0_0 :-40595_0_1 :-40595_0_2,81.684,upstream,G4202,G4202002
-39772,-11388_0 -11388_1 -11388_2,:-39772_0_0 :-39772_0_1 :-39772_0_2,81.711,clockwise,G4202,G4202002
-34163,-5338_0 -5338_1 -5338_2,:-34163_0_0 :-34163_0_1 :-34163_0_2,81.783,clockwise,G4202,G4202002
-49091,-8804_0 -8804_1 -16244_0 -16244_1,:-49091_0_0 :-49091_0_1 :-49091_2_0 :-49091_2_1,82.020,clockwise,G4202,G4202002
-49079,-10388_0 -10388_1,:-49079_0_0 :-49079_0_1,82.020,clockwise,G4202,G4202002
-55376,-13954_0 -13954_1,:-55376_0_0 :-55376_0_1,82.020,clockwise,G4202,G4202002
-63840,-14704_0 -14704_1,:-63840_0_0 :-63840_0_1 :-63840_2_0 :-63840_2_1,82.020,clockwise,G4202,G4202002
-44496,-7046_0 -7046_1,:-44496_0_0 :-44496_0_1,82.020,clockwise,G4202,G4202002
-44495,-16242_0 -16242_1,:-44495_0_0 :-44495_0_1,82.020,clockwise,G4202,G4202002
-50554,-11228_0 -11228_1 -16550_0 -16550_1,:-50554_0_0 :-50554_0_1 :-50554_2_0 :-50554_2_1,82.020,clockwise,G4202,G4202002
-36527,-4158_0 -4158_1,:-36527_0_0 :-36527_0_1,82.020,clockwise,G4202,G4202002
-36525,-5544_0 -5544_1,:-36525_0_0 :-36525_0_1 :-36525_2_0 :-36525_2_1,82.020,clockwise,G4202,G4202002
-36526,-4156_0 -4156_1,:-36526_0_0 :-36526_0_1,82.020,clockwise,G4202,G4202002
-63839,,,82.020,clockwise,G4202,G4202002
-36856,-9250_0 -9250_1 -9250_2,:-36856_0_0 :-36856_0_1 :-36856_0_2,82.044,downstream,G4202,G4202002
-37399,-9286_0 -9286_1 -16954_0 -16954_1 -16954_2,:-37399_0_0 :-37399_0_1 :-37399_2_0 :-37399_2_1 :-37399_2_2,82.142,upstream,G4202,G4202002
-32640,-14826_0 -14826_1 -14826_2,:-32640_0_0 :-32640_0_1 :-32640_0_2,82.166,upstream,G4202,G4202002
-64061,-15562_0 -15562_1 -15562_2,:-64061_0_0 :-64061_0_1 :-64061_0_2,82.228,upstream,G4202,G4202002
-32641,-2748_0 -2748_1 -2748_2,:-32641_0_0 :-32641_0_1 :-32641_0_2,82.236,upstream,G4202,G4202002
J74,-4516_0 -4516_1 -4516_2 -4516_3,:J74_0_0 :J74_0_1 :J74_0_2 :J74_0_3,82.264,clockwise,G4202,G4202002
-59617,-15524_0 -15524_1 -15942_0 -15942_1,:-59617_0_0 :-59617_0_1 :-59617_2_0 :-59617_2_1,82.297,counterclockwise,G4202,G4202002
-40920,-7422_0 -7422_1,:-40920_0_0 :-40920_0_1,82.297,counterclockwise,G4202,G4202002
-34998,-13522_0 -13522_1,:-34998_0_0 :-34998_0_1,82.297,counterclockwise,G4202,G4202002
-26255,-13100_0 -13100_1 -3340_0 -3340_1 -3340_2,:-26255_0_0 :-26255_0_1 :-26255_2_0 :-26255_2_1 :-26255_2_2,82.297,downstream,G4202,G4202002
-58748,,,82.297,counterclockwise,G4202,G4202002
-58749,-12776_0 -12776_1,:-58749_0_0 :-58749_0_1 :-58749_2_0 :-58749_2_1,82.297,counterclockwise,G4202,G4202002
-33275,-2986_0 -2986_1,:-33275_0_0 :-33275_0_1,82.297,counterclockwise,G4202,G4202002
-28974,-13520_0 -13520_1 -5742_0 -5742_1,:-28974_0_0 :-28974_0_1 :-28974_2_0 :-28974_2_1,82.297,counterclockwise,G4202,G4202002
-34999,-3578_0 -3578_1,:-34999_0_0 :-34999_0_1,82.297,counterclockwise,G4202,G4202002
-45394,-15940_0 -15940_1,:-45394_0_0 :-45394_0_1,82.297,counterclockwise,G4202,G4202002
-65733,-15586_0 -15586_1,:-65733_0_0 :-65733_0_1,82.297,counterclockwise,G4202,G4202002
-66442,-16670_0 -16670_1,:-66442_0_0 :-66442_0_1 :-66442_2_0 :-66442_2_1,82.297,counterclockwise,G4202,G4202002
-38581,-4880.104_0 -4880.104_1 -4880.104_2,:-38581_0_0 :-38581_0_1 :-38581_0_2,83.653,upstream,G4202,G4202002
J75,-4880_0 -4880_1 -4880_2 -4880_3,:J75_0_0 :J75_0_1 :J75_0_2 :J75_0_3,83.680,upstream,G4202,G4202002
-44930,-13278_0 -13278_1 -13278_2,:-44930_0_0 :-44930_0_1 :-44930_0_2,83.749,clockwise,G4202,G4202002
-37407,-4516.107_0 -4516.107_1 -4516.107_2,:-37407_0_0 :-37407_0_1 :-37407_0_2 :-37407_0_3,84.047,clockwise,G4202,G4202002
-27741,-1256_0 -1256_1,:-27741_0_0 :-27741_0_1,84.168,clockwise,G4202,G4202002
-27740,-7606_0 -7606_1,:-27740_0_0 :-27740_0_1,84.168,clockwise,G4202,G4202002
-45802,-13812_0 -13812_1 -13812_2 -13812_3,:-45802_0_0 :-45802_0_1 :-45802_2_0 :-45802_2_1 :-45802_2_2,84.400,clockwise,G4202,G4202002
-45178,-7318_0 -7318_1,:-45178_0_0 :-45178_0_1,84.968,clockwise,G4202,G4202002
-45820,-13310_0 -13310_1 -7608_0 -7608_1 -7608_2,:-45820_0_0 :-45820_0_1 :-45820_2_0 :-45820_2_1 :-45820_2_2,84.968,clockwise,G4202,G4202002
-45177,-7330_0 -7330_1,:-45177_0_0 :-45177_0_1,84.968,clockwise,G4202,G4202002
J76,-10824_0 -10824_1 -10824_2 -10824_3,:J76_0_0 :J76_0_1 :J76_0_2 :J76_0_3,85.072,downstream,G4202,G4202002
-31810,-16788_0 -6246_0 -6246_1 -6246_2 -6246_3,:-31810_0_0 :-31810_0_1 :-31810_2_0 :-31810_2_1 :-31810_2_2 :-31810_2_3,85.524,upstream,S4,S4成宜昭高速（成宜段）
-26135,-1182_0 -1182_1 -1182_2 -1182_3,:-26135_0_0 :-26135_0_1 :-26135_0_2 :-26135_0_3,85.530,upstream,S4,S4成宜昭高速（成宜段）
-34784,-3504_0 -10102_0 -10102_1 -10102_2 -10102_3,:-34784_0_0 :-34784_0_1 :-34784_2_0 :-34784_2_1 :-34784_2_2 :-34784_2_3,85.543,upstream,S4,S4成宜昭高速（成宜段）
J73,-7206_0 -7206_1 -7206_2,:J73_0_0 :J73_0_1 :J73_0_2 :J73_0_3,85.558,clockwise,G4202,G4202002
-49346,-8898_0 -8898_1 -8898_2 -8898_3,:-49346_0_0 :-49346_0_1 :-49346_0_2 :-49346_0_3,85.584,upstream,S4,S4成宜昭高速（成宜段）
-27754,-1262_0 -1262_1 -1262_2 -1262_3,:-27754_0_0 :-27754_0_1 :-27754_0_2 :-27754_0_3,85.603,upstream,S4,S4成宜昭高速（成宜段）
-28934,-1614_0 -1614_1 -1614_2 -1614_3,:-28934_0_0 :-28934_0_1 :-28934_0_2 :-28934_0_3,85.665,upstream,S4,S4成宜昭高速（成宜段）
-52377,-14040_0 -14040_1 -14040_2 -14040_3,:-52377_0_0 :-52377_0_1 :-52377_0_2 :-52377_0_3,85.673,upstream,S4,S4成宜昭高速（成宜段）
-33274,-6376_0 -6376_1 -13316_0 -13316_1,:-33274_0_0 :-33274_0_1 :-33274_2_0 :-33274_2_1,85.675,counterclockwise,G4202,G4202002
-45672,-11750_0 -11750_1,:-45672_0_0 :-45672_0_1 :-45672_2_0 :-45672_2_1,85.675,counterclockwise,G4202,G4202002
-45678,-7556_0 -7556_1,:-45678_0_0 :-45678_0_1,85.675,counterclockwise,G4202,G4202002
-45673,-7554_0 -7554_1,:-45673_0_0 :-45673_0_1,85.675,counterclockwise,G4202,G4202002
-26253,-3782_0 -3782_1,:-26253_0_0 :-26253_0_1,85.675,counterclockwise,G4202,G4202002
-26254,-808_0 -808_1,:-26254_0_0 :-26254_0_1,85.675,counterclockwise,G4202,G4202002
-65222,-17204_0 -17204_1,:-65222_0_0 :-65222_0_1,85.675,counterclockwise,G4202,G4202002
-35550,-12330_0 -12330_1,:-35550_0_0 :-35550_0_1 :-35550_2_0 :-35550_2_1,85.675,counterclockwise,G4202,G4202002
-51993,-9942_0 -9942_1,:-51993_0_0 :-51993_0_1,85.675,counterclockwise,G4202,G4202002
-28002,-1338_0 -1338_1,,85.675,counterclockwise,G4202,G4202002
-27997,-15314_0 -15314_1 -2244_0 -2244_1,:-27997_0_0 :-27997_0_1 :-27997_2_0 :-27997_2_1,85.675,counterclockwise,G4202,G4202002
-44937,-7206.1812_0 -7206.1812_1 -7206.1812_2 -7206.1812_3,:-44937_0_0 :-44937_0_1 :-44937_2_0 :-44937_2_1 :-44937_2_2,85.675,downstream,G4202,G4202002
-31072,-3784_0 -3784_1,:-31072_0_0 :-31072_0_1,85.675,counterclockwise,G4202,G4202002
-42158,-11248_0 -11248_1 -11248_2 -11248_3,:-42158_0_0 :-42158_0_1 :-42158_0_2 :-42158_0_3,85.693,downstream,S4,S4成宜昭高速（成宜段）
-40594,-11748_0 -11748_1 -11748_2,:-40594_0_0 :-40594_0_1 :-40594_0_2,85.918,downstream,G4202,G4202002
-42160,-6192_0 -6192_1 -6192_2 -6192_3,:-42160_0_0 :-42160_0_1 :-42160_0_2 :-42160_0_3,86.151,downstream,S4,S4成宜昭高速（成宜段）
-43745,-6776_0 -6776_1,:-43745_0_0 :-43745_0_1,86.590,upstream,G4215,G4215蓉遵高速（成仁段）
-43564,-10974_0 -10974_1,:-43564_0_0 :-43564_0_1,86.737,downstream,G4215,G4215蓉遵高速（成仁段）
-59494,,,86.737,upstream,G4215,G4215蓉遵高速（成仁段）
-36171,-6706_0 -6706_1,:-36171_0_0 :-36171_0_1,86.812,downstream,G4215,G4215蓉遵高速（成仁段）
-36174,-16874_0 -4004_0 -4004_1,:-36174_0_0 :-36174_1_0 :-36174_1_1,86.982,downstream,G4215,G4215蓉遵高速（成仁段）
-41567,-5962_0 -5962_1,:-41567_0_0 :-41567_1_0 :-41567_1_1,88.848,downstream,G4215,G4215蓉遵高速（成仁段）
-28634,-8358_0 -11380_0 -11380_1,:-28634_0_0 :-28634_1_0 :-28634_1_1,89.608,downstream,G4215,G4215蓉遵高速（成仁段）
-28637,-2834_0 -1536_0 -1536_1,:-28637_0_0 :-28637_1_0 :-28637_1_1,90.055,downstream,G4215,G4215蓉遵高速（成仁段）
-41378,-9122_0 -9122_1 -9122_2 -9122_3,:-41378_0_0 :-41378_1_0 :-41378_1_1 :-41378_1_2 :-41378_1_3,90.592,downstream,S4,S4成宜昭高速（成宜段）
-41413,-12702_0 -5902_0 -5902_1 -5902_2 -5902_3,:-41413_0_0 :-41413_0_1 :-41413_2_0 :-41413_2_1 :-41413_2_2 :-41413_2_3,91.743,downstream,S4,S4成宜昭高速（成宜段）
-64578,-15050_0 -15050_1 -15050_2 -15050_3,:-64578_0_0 :-64578_0_1 :-64578_0_2 :-64578_0_3,92.741,downstream,S4,S4成宜昭高速（成宜段）
-45771,-15722_0 -15722_1 -15722_2 -15722_3,:-45771_0_0 :-45771_1_0 :-45771_1_1 :-45771_1_2 :-45771_1_3,93.025,downstream,S4,S4成宜昭高速（成宜段）
-25956,-7590_0 -7590_1 -7590_2 -7590_3,:-25956_0_0 :-25956_0_1,93.420,downstream,S4,S4成宜昭高速（成宜段）
-25958,-2440_0 -724_0 -724_1,:-25958_0_0 :-25958_1_0 :-25958_1_1,93.482,downstream,S4,S4成宜昭高速（成宜段）
-64363,-14956_0 -14956_1,:-64363_0_0 :-64363_0_1,93.809,downstream,S4,S4成宜昭高速（成宜段）
-25739,-670_0 -17010_0 -17010_1,:-25739_0_0 :-25739_1_0 :-25739_1_1,93.925,downstream,S4,S4成宜昭高速（成宜段）
-34288,-3382_0 -3382_1,:-34288_0_0 :-34288_0_1,94.854,downstream,S4,S4成宜昭高速（成宜段）
-30075,-6674_0 -6674_1,:-30075_0_0 :-30075_0_1,95.247,downstream,S4,S4成宜昭高速（成宜段）
-30076,-1960_0 -1960_1,:-30076_0_0 :-30076_0_1,95.489,downstream,S4,S4成宜昭高速（成宜段）
-28327,-9448_0 -9448_1,:-28327_0_0 :-28327_0_1,95.716,downstream,S4,S4成宜昭高速（成宜段）
-28329,-1456_0 -1456_1,:-28329_0_0 :-28329_0_1,96.081,downstream,S4,S4成宜昭高速（成宜段）
-33677,-3168_0 -3168_1,:-33677_0_0 :-33677_0_1,96.360,upstream,G4215,G4215蓉遵高速（成仁段）
-41276,-13786_0 -13786_1,:-41276_0_0 :-41276_0_1,96.529,downstream,S4,S4成宜昭高速（成宜段）
-29345,-9662_0 -9662_1,:-29345_0_0 :-29345_0_1,96.645,upstream,G4215,G4215蓉遵高速（成仁段）
-55784,-11444_0 -11444_1,:-55784_0_0 :-55784_1_0 :-55784_1_1,96.794,downstream,G4215,G4215蓉遵高速（成仁段）
-41277,-5864_0 -5864_1,:-41277_0_0 :-41277_0_1,96.826,downstream,S4,S4成宜昭高速（成宜段）
-37130,-13232_0 -13232_1,:-37130_0_0 :-37130_0_1,97.011,downstream,S4,S4成宜昭高速（成宜段）
-32204,-2594_0 -15514_0 -15514_1,:-32204_0_0 :-32204_1_0 :-32204_1_1,97.239,downstream,G4215,G4215蓉遵高速（成仁段）
-50741,-9360_0 -9360_1,,98.091,downstream,G4215,G4215蓉遵高速（成仁段）
6301802845,-1000000096_0,:6301802845_0_0,112.003,counterclockwise,SA2,SA002002
6301802903,-1000000084_0,:6301802903_0_0 :6301802903_1_0,112.003,counterclockwise,SA2,SA002002
6301802897,-1000000106_0,:6301802897_0_0,112.003,counterclockwise,SA2,SA002002
6301802926,-1000000110_0 -1000000092_0,:6301802926_0_0 :6301802926_1_0,112.003,counterclockwise,SA2,SA002002
6301802902,-1000000107_0 -1000000083_0,:6301802902_0_0 :6301802902_1_0,112.003,counterclockwise,SA2,SA002002
6301802918,-1000000082_0,:6301802918_0_0 :6301802918_1_0,112.003,counterclockwise,SA2,SA002002
6301802890,-1000000095_0,:6301802890_0_0 :6301802890_1_0,112.003,counterclockwise,SA2,SA002002
4546940173,-1000000093_0,,112.003,counterclockwise,SA2,SA002002
6301802821,-1000000032_0 -1000000032_1 -1000000032_2,:6301802821_0_0 :6301802821_1_0 :6301802821_1_1 :6301802821_1_2,112.453,upstream,SA2,SA002002
3342072109,-1000000033_0 -1000000033_1 -1000000033_2,:3342072109_0_0 :3342072109_0_1 :3342072109_0_2,112.595,upstream,SA2,SA002002
2258269002,-1000000043_0 -1000000043_1 -1000000043_2,:2258269002_0_0 :2258269002_0_1 :2258269002_0_2,112.680,clockwise,SA2,SA002002
2258269001,,,112.680,upstream,SA2,SA002002
4529725248,-1000000038_0 -1000000038_1 -1000000038_2,:4529725248_0_0 :4529725248_0_1 :4529725248_0_2,112.838,upstream,SA2,SA002002
6301802830,-1000000086_0 -1000000039_0 -1000000039_1 -1000000039_2,:6301802830_0_0 :6301802830_1_0 :6301802830_1_1 :6301802830_1_2,112.903,clockwise,SA2,SA002002
5504525227,-1000000143_0 -1000000064_0,:5504525227_0_0 :5504525227_1_0,112.903,counterclockwise,SA2,SA002002
6301802935,-1000000111_0 -1000000085_0,:6301802935_0_0 :6301802935_1_0,112.903,counterclockwise,SA2,SA002002
7690090988,-1000000070_0,:7690090988_0_0,112.903,counterclockwise,SA2,SA002002
5504525276,-1000000141_0,:5504525276_0_0 :5504525276_1_0,112.903,counterclockwise,SA2,SA002002
6301802854,-1000000045_0,:6301802854_0_0,112.903,counterclockwise,SA2,SA002002
6301802913,-1000000108_0,:6301802913_0_0,112.903,counterclockwise,SA2,SA002002
6301802927,-1000000044_0,:6301802927_0_0 :6301802927_1_0,112.903,counterclockwise,SA2,SA002002
4529725246,,,112.903,counterclockwise,SA2,SA002002
5504525256,-1000000068_0,:5504525256_0_0,112.903,counterclockwise,SA2,SA002002
6301802873,-1000000103_0 -1000000088_0,:6301802873_0_0 :6301802873_1_0,113.394,clockwise,SA2,SA002002
6301802874,-1000000102_0,:6301802874_0_0,113.394,clockwise,SA2,SA002002
6301802853,-1000000099_0,:6301802853_0_0,113.394,clockwise,SA2,SA002002
6301802936,-1000000087_0,:6301802936_0_0 :6301802936_1_0,113.394,clockwise,SA2,SA002002
6301802944,-1000000112_0 -1000000100_0,:6301802944_0_0 :6301802944_1_0,113.394,clockwise,SA2,SA002002
6301802860,-1000000098_0,:6301802860_0_0 :6301802860_1_0,113.394,clockwise,SA2,SA002002
6301802831,-1000000016_0 -1000000016_1 -1000000016_2,:6301802831_0_0 :6301802831_1_0 :6301802831_1_1 :6301802831_1_2,113.394,clockwise,SA2,SA002002
4547050309,-1000000101_0,,113.394,clockwise,SA2,SA002002
3342072150,-1000000040_0 -1000000040_1 -1000000040_2,:3342072150_0_0 :3342072150_0_1 :3342072150_0_2,113.478,clockwise,SA2,SA002002
-35118,-12798_0 -12798_1,:-35118_0_0 :-35118_0_1,113.639,upstream,S4,S4成宜昭高速（成宜段）
-58796,-14948_0 -14948_1,:-58796_0_0 :-58796_0_1,113.713,upstream,S4,S4成宜昭高速（成宜段）
-26626,-900_0 -900_1,:-26626_0_0 :-26626_0_1,113.762,upstream,S4,S4成宜昭高速（成宜段）
-27411,-3308_0 -3308_1,:-27411_0_0 :-27411_0_1,113.847,upstream,S4,S4成宜昭高速（成宜段）
-35119,-3622_0 -3622_1,:-35119_0_0 :-35119_0_1,113.879,upstream,S4,S4成宜昭高速（成宜段）
-33765,-3204_0 -3204_1,:-33765_0_0 :-33765_0_1,113.906,upstream,S4,S4成宜昭高速（成宜段）
-55785,-11676_0 -11676_1 -14342_0,:-55785_0_0 :-55785_0_1 :-55785_2_0,113.968,upstream,S4,S4成宜昭高速（成宜段）
-26621,-12594_0 -12594_1,:-26621_0_0 :-26621_0_1,114.006,upstream,S4,S4成宜昭高速（成宜段）
-63740,-15042_0 -15042_1,:-63740_0_0 :-63740_0_1,114.018,upstream,S4,S4成宜昭高速（成宜段）
-55786,-11446_0 -11446_1,:-55786_0_0 :-55786_0_1,114.027,upstream,S4,S4成宜昭高速（成宜段）
4529725249,-1000000017_0 -1000000017_1 -1000000017_2,:4529725249_0_0 :4529725249_0_1 :4529725249_0_2,114.032,downstream,SA2,SA002002
-31430,-8426_0 -2350_0 -2350_1,:-31430_0_0 :-31430_1_0 :-31430_1_1,114.048,downstream,S4,S4成宜昭高速（成宜段）
-34281,-3378_0 -3378_1,:-34281_0_0 :-34281_0_1,114.126,downstream,S4,S4成宜昭高速（成宜段）
2258269000,-1000000034_0 -1000000034_1 -1000000034_2,:2258269000_0_0 :2258269000_0_1 :2258269000_0_2,114.159,downstream,SA2,SA002002
3342072151,-1000000012_0 -1000000012_1 -1000000012_2,,114.209,downstream,SA2,SA002002
6301802842,-1000000041_0,:6301802842_0_0 :6301802842_1_0,114.867,clockwise,SA2,SA002002
6301802875,-1000000089_0,:6301802875_0_0 :6301802875_1_0,114.867,clockwise,SA2,SA002002
6301802953,-1000000113_0 -1000000090_0,:6301802953_0_0 :6301802953_1_0,114.867,clockwise,SA2,SA002002
4547050370,,,114.867,clockwise,SA2,SA002002
6301802843,-1000000042_0,:6301802843_0_0,114.867,clockwise,SA2,SA002002
6301802888,-1000000104_0,:6301802888_0_0,114.867,clockwise,SA2,SA002002
6301802840,-1000000091_0 -1000000035_0 -1000000035_1 -1000000035_2,:6301802840_0_0 :6301802840_1_0 :6301802840_1_1 :6301802840_1_2,114.867,clockwise,SA2,SA002002
-59206,-14274_0 -14274_1,:-59206_0_0 :-59206_0_1,115.007,downstream,S4,S4成宜昭高速（成宜段）
-36844,-12962_0 -12962_1,:-36844_0_0 :-36844_0_1,115.318,downstream,S4,S4成宜昭高速（成宜段）
-36846,-4292_0 -4292_1,:-36846_0_0 :-36846_0_1,115.756,downstream,S4,S4成宜昭高速（成宜段）
5504525315,-1000000077_0 -1000000057_0,:5504525315_0_0 :5504525315_1_0,115.905,clockwise,SA2,SA002002
5504525305,-1000000072_0,:5504525305_0_0,115.905,clockwise,SA2,SA002002
5504525302,-1000000075_0,:5504525302_0_0 :5504525302_1_0,115.905,clockwise,SA2,SA002002
5504524711,-1000000036_0 -1000000036_1 -1000000036_2,:5504524711_0_0 :5504524711_1_0 :5504524711_1_1 :5504524711_1_2,115.905,clockwise,SA2,SA002002
8327885519,-1000000056_0,:8327885519_0_0 :8327885519_1_0,115.905,clockwise,SA2,SA002002
5504525331,-1000000132_0,:5504525331_0_0,115.905,clockwise,SA2,SA002002
8327885549,-1000000058_0,:8327885549_0_0 :8327885549_1_0,115.905,clockwise,SA2,SA002002
5504525327,-1000000073_0,:5504525327_0_0,115.905,clockwise,SA2,SA002002
-40027,-5418_0 -5418_1,:-40027_0_0 :-40027_0_1,116.069,downstream,S4,S4成宜昭高速（成宜段）
4544082924,-1000000037_0 -1000000037_1 -1000000037_2,:4544082924_0_0 :4544082924_0_1 :4544082924_0_2,116.694,downstream,SA2,SA002002
-44399,-15834_0 -15834_1,:-44399_0_0 :-44399_0_1,116.734,downstream,S4,S4成宜昭高速（成宜段）
2258268993,-1000000030_0 -1000000030_1 -1000000030_2,:2258268993_0_0 :2258268993_0_1 :2258268993_0_2,117.142,downstream,SA2,SA002002
-44412,-6992_0 -6992_1,:-44412_0_0 :-44412_0_1,117.701,downstream,S4,S4成宜昭高速（成宜段）
2258269011,-1000000060_0 -1000000027_0 -1000000027_1 -1000000027_2,:2258269011_0_0 :2258269011_1_0 :2258269011_1_1 :2258269011_1_2,117.701,upstream,SA2,SA002002
5490709353,,,118.108,clockwise,SA2,SA002002
4014846436,-1000000015_0 -1000000015_1 -1000000015_2,:4014846436_0_0 :4014846436_0_1 :4014846436_0_2,118.108,clockwise,SA2,SA002002
3342072132,-1000000007_0,:3342072132_0_0 :3342072132_1_0,118.108,clockwise,SA2,SA002002
-47904,-8398_0 -8398_1,:-47904_0_0 :-47904_0_1,118.269,downstream,S4,S4成宜昭高速（成宜段）
5505378022,-1000000147_0 -1000000019_0 -1000000019_1 -1000000019_2,:5505378022_0_0 :5505378022_1_0 :5505378022_1_1 :5505378022_1_2,118.369,upstream,SA2,SA002002
11377465483,-1000000124_0,:11377465483_0_0,118.465,counterclockwise,SA2,SA002002
4050857713,-1000000020_0 -1000000020_1 -1000000020_2,:4050857713_0_0 :4050857713_0_1 :4050857713_0_2,118.465,clockwise,SA2,SA002002
5505378060,,,118.465,counterclockwise,SA2,SA002002
4776808681,-1000000050_0 -1000000123_0,:4776808681_0_0 :4776808681_1_0,118.465,counterclockwise,SA2,SA002002
-62867,-14318_0 -14318_1,:-62867_0_0 :-62867_0_1,118.748,downstream,S4,S4成宜昭高速（成宜段）
7690086676,-1000000055_0,:7690086676_0_0,119.014,clockwise,SA2,SA002002
5504525241,-1000000054_0,:5504525241_0_0 :5504525241_1_0,119.014,clockwise,SA2,SA002002
5504524691,,,119.014,clockwise,SA2,SA002002
6302024179,-1000000028_0 -1000000028_1 -1000000028_2,:6302024179_0_0 :6302024179_0_1 :6302024179_0_2,119.014,upstream,SA2,SA002002
5504525236,-1000000066_0,:5504525236_0_0,119.014,clockwise,SA2,SA002002
5504525250,-1000000067_0 -1000000059_0,:5504525250_0_0 :5504525250_1_0,119.014,clockwise,SA2,SA002002
6302024180,-1000000115_0 -1000000115_1 -1000000115_2,:6302024180_0_0 :6302024180_0_1 :6302024180_0_2,119.196,clockwise,SA2,SA002002
6302024181,-1000000014_0 -1000000014_1 -1000000014_2,:6302024181_0_0 :6302024181_0_1 :6302024181_0_2,119.403,clockwise,SA2,SA002002
6302024182,-1000000118_0 -1000000118_1 -1000000118_2,:6302024182_0_0 :6302024182_0_1 :6302024182_0_2,119.582,downstream,SA2,SA002002
3342072127,-1000000116_0 -1000000116_1 -1000000116_2,:3342072127_0_0 :3342072127_1_0 :3342072127_1_1 :3342072127_1_2,120.014,clockwise,SA2,SA002002
3342072105,-1000000003_0 -1000000005_0,:3342072105_0_0 :3342072105_1_0,120.014,clockwise,SA2,SA002002
5490709342,-1000000006_0,,120.014,clockwise,SA2,SA002002
-34567,-15248_0 -15248_1,:-34567_0_0 :-34567_0_1,120.134,downstream,S4,S4成宜昭高速（成宜段）
4014846444,-1000000117_0 -1000000117_1 -1000000117_2,:4014846444_0_0 :4014846444_0_1 :4014846444_0_2,120.274,downstream,SA2,SA002002
2258268998,-1000000018_0 -1000000018_1 -1000000018_2,:2258268998_0_0 :2258268998_0_1 :2258268998_0_2,120.697,upstream,SA2,SA002002
3342072159,-1000000004_0 -1000000025_0 -1000000025_1 -1000000025_2,:3342072159_0_0 :3342072159_1_0 :3342072159_1_1 :3342072159_1_2,120.743,clockwise,SA2,SA002002
-34581,-3466_0 -3466_1,:-34581_0_0 :-34581_0_1,120.854,downstream,S4,S4成宜昭高速（成宜段）
5504525286,-1000000061_0,:5504525286_0_0 :5504525286_1_0,121.035,counterclockwise,SA2,SA002002
3342072099,-1000000119_0 -1000000119_1 -1000000119_2,:3342072099_0_0 :3342072099_1_0 :3342072099_1_1 :3342072099_1_2,121.035,downstream,SA2,SA002002
8327885545,-1000000145_0 -1000000062_0,:8327885545_0_0 :8327885545_1_0,121.035,counterclockwise,SA2,SA002002
5504525274,-1000000078_0,:5504525274_0_0,121.035,counterclockwise,SA2,SA002002
5504525251,-1000000063_0,:5504525251_0_0 :5504525251_1_0,121.035,counterclockwise,SA2,SA002002
5504525262,-1000000137_0,:5504525262_0_0 :5504525262_1_0,121.035,counterclockwise,SA2,SA002002
5504525288,-1000000071_0,:5504525288_0_0,121.035,counterclockwise,SA2,SA002002
5504525266,-1000000069_0,:5504525266_0_0,121.035,counterclockwise,SA2,SA002002
5504525301,-1000000138_0 -1000000144_0,:5504525301_0_0 :5504525301_1_0,121.035,counterclockwise,SA2,SA002002
3342072153,-1000000120_0 -1000000120_1 -1000000120_2,:3342072153_0_0 :3342072153_0_1 :3342072153_0_2,121.531,downstream,SA2,SA002002
4544082940,-1000000029_0 -1000000029_1 -1000000029_2,:4544082940_0_0 :4544082940_0_1 :4544082940_0_2,121.889,downstream,SA2,SA002002
5504525229,-1000000065_0 -1000000031_0 -1000000031_1 -1000000031_2,:5504525229_0_0 :5504525229_1_0 :5504525229_1_1 :5504525229_1_2,122.592,downstream,SA2,SA002002
3342072126,-1000000021_0 -1000000021_1 -1000000021_2,:3342072126_0_0 :3342072126_1_0 :3342072126_1_1 :3342072126_1_2,123.476,clockwise,SA2,SA002002
3342072122,-1000000008_0 -1000000022_0 -1000000022_1 -1000000022_2,:3342072122_0_0 :3342072122_1_0 :3342072122_1_1 :3342072122_1_2,123.810,downstream,SA2,SA002002
-30324,-2016_0 -2016_1,:-30324_0_0 :-30324_0_1,124.798,upstream,S4,S4成宜昭高速（成宜段）
-42380,-6284_0 -6284_1,:-42380_0_0 :-42380_0_1,124.963,upstream,S4,S4成宜昭高速（成宜段）
-34601,-3476_0 -3476_1,:-34601_0_0 :-34601_0_1,125.081,upstream,S4,S4成宜昭高速（成宜段）
-51638,-9742_0 -9742_1,:-51638_0_0 :-51638_0_1,125.129,upstream,S4,S4成宜昭高速（成宜段）
-32167,-11794_0 -11794_1,:-32167_0_0 :-32167_0_1,125.185,upstream,S4,S4成宜昭高速（成宜段）
-32168,-2584_0 -2584_1,:-32168_0_0 :-32168_0_1,125.196,upstream,S4,S4成宜昭高速（成宜段）
-30302,-3916_0 -3916_1,:-30302_0_0 :-30302_0_1,125.202,upstream,S4,S4成宜昭高速（成宜段）
-55653,-12024_0 -12024_1,:-55653_0_0 :-55653_1_0 :-55653_1_1,125.292,downstream,S4,S4成宜昭高速（成宜段）
4050857714,-1000000026_0 -1000000026_1 -1000000026_2,:4050857714_0_0 :4050857714_0_1 :4050857714_0_2,125.967,clockwise,SA2,SA002002
-25954,-11374_0 -11374_1,:-25954_0_0 :-25954_0_1,125.992,downstream,S4,S4成宜昭高速（成宜段）
-25955,-10822_0 -722_0 -722_1,:-25955_0_0 :-25955_1_0 :-25955_1_1,126.149,downstream,S4,S4成宜昭高速（成宜段）
-42313,-9722_0 -9722_1,:-42313_0_0 :-42313_0_1,126.446,downstream,S4,S4成宜昭高速（成宜段）
4776808672,-1000000079_0,:4776808672_0_0 :4776808672_1_0,126.924,clockwise,SA2,SA002002
5505378021,-1000000023_0 -1000000023_1 -1000000023_2,:5505378021_0_0 :5505378021_1_0 :5505378021_1_1 :5505378021_1_2,126.924,downstream,SA2,SA002002
6302024367,,,126.924,clockwise,SA2,SA002002
5505378007,-1000000047_0 -1000000080_0,:5505378007_0_0 :5505378007_1_0,126.924,clockwise,SA2,SA002002
11377465484,-1000000148_0,:11377465484_0_0,126.924,clockwise,SA2,SA002002
6302024366,-1000000046_0,,126.924,clockwise,SA2,SA002002
-41127,-6264_0 -6264_1,:-41127_0_0 :-41127_0_1,126.988,downstream,S4,S4成宜昭高速（成宜段）
4050857718,-1000000024_0 -1000000024_1 -1000000024_2,:4050857718_0_0 :4050857718_0_1 :4050857718_0_2,127.117,downstream,SA2,SA002002
-41132,-5822_0 -5822_1,:-41132_0_0 :-41132_0_1,127.684,downstream,S4,S4成宜昭高速（成宜段）
6302024378,-1000000013_0 -1000000013_1 -1000000013_2,:6302024378_0_0 :6302024378_0_1 :6302024378_0_2,128.337,downstream,SA2,SA002002
6302024377,-1000000129_0 -1000000129_1 -1000000129_2,:6302024377_0_0 :6302024377_0_1 :6302024377_0_2,130.567,upstream,SA2,SA002002
4776808675,-1000000130_0 -1000000127_0 -1000000127_1 -1000000127_2,:4776808675_0_0 :4776808675_1_0 :4776808675_1_1 :4776808675_1_2,130.597,upstream,SA2,SA002002
J145,-1000000128_0 -1000000128_1 -1000000128_2,:J145_0_0 :J145_0_1 :J145_0_2,130.604,clockwise,SA2,SA002002
5505378003,-1000000131_0,:5505378003_0_0,130.604,clockwise,SA2,SA002002
6302024379,-1000000048_0,:6302024379_0_0,130.604,clockwise,SA2,SA002002
-40901,-5738_0 -5738_1 -5738_2,:-40901_0_0 :-40901_0_1 :-40901_0_2,131.370,upstream,SA2,SA002002
-49144,-8824_0 -8824_1 -8824_2,:-49144_0_0 :-49144_0_1 :-49144_0_2,131.626,clockwise,SA2,SA002002
-42284,-14364_0 -6254_0,:-42284_0_0 :-42284_1_0,131.626,counterclockwise,SA2,SA002002
-41417,-14362_0,:-41417_0_0,131.626,counterclockwise,SA2,SA002002
-39254,-5144_0 -5144_1 -5144_2,:-39254_0_0 :-39254_0_1 :-39254_0_2,131.927,clockwise,SA2,SA002002
-65934,-15706_0 -15706_1 -15706_2,:-65934_0_0 :-65934_0_1 :-65934_0_2,132.616,downstream,SA2,SA002002
-54347,-10808_0 -10808_1 -10808_2,:-54347_0_0 :-54347_0_1 :-54347_0_2,132.934,clockwise,SA2,SA002002
-36437,-4110_0 -4110_1,:-36437_0_0 :-36437_1_0 :-36437_1_1,133.066,upstream,S4,S4成宜昭高速（成宜段）
-65740,-15594_0 -15594_1,:-65740_0_0 :-65740_0_1,133.289,upstream,S4,S4成宜昭高速（成宜段）
-33890,-3240_0,:-33890_0_0,133.405,clockwise,SA2,SA002002
-47231,-16090_0 -16090_1 -16090_2,:-47231_0_0 :-47231_1_0 :-47231_1_1 :-47231_1_2,133.405,downstream,SA2,SA002002
-47771,-8360_0,:-47771_0_0,133.405,counterclockwise,SA2,SA002002
-33898,-3242_0,:-33898_0_0,133.405,clockwise,SA2,SA002002
-33879,-8142_0,:-33879_0_0 :-33879_1_0,133.405,clockwise,SA2,SA002002
-30735,-2132_0 -14064_0 -14064_1,:-30735_0_0 :-30735_1_0 :-30735_1_1,133.423,downstream,S4,S4成宜昭高速（成宜段）
-49838,-9060_0 -9060_1,:-49838_0_0 :-49838_0_1,133.798,downstream,S4,S4成宜昭高速（成宜段）
-64678,-15102_0 -15102_1,:-64678_0_0 :-64678_0_1,134.512,downstream,S4,S4成宜昭高速（成宜段）
-39511,-8144_0 -8144_1 -8144_2,:-39511_0_0 :-39511_0_1 :-39511_0_2,134.666,upstream,SA2,SA002002
-35772,-3852_0 -16996_0,:-35772_0_0 :-35772_1_0,134.876,clockwise,SA2,SA002002
-39116,-5090_0 -5224_0 -5224_1 -5224_2,:-39116_0_0 :-39116_1_0 :-39116_1_1 :-39116_1_2,134.876,clockwise,SA2,SA002002
5505378002,-1000000051.1315_0 -1000000051.1315_1 -1000000051.1315_2,:5505378002_0_0 :5505378002_1_0 :5505378002_1_1 :5505378002_1_2,135.215,downstream,SA2,SA002002
5505378001,-1000000049_0,:5505378001_0_0,135.215,counterclockwise,SA2,SA002002
5505378024,-1000000122_0,:5505378024_0_0 :5505378024_1_0,135.215,counterclockwise,SA2,SA002002
5505378000,-1000000121_0,:5505378000_0_0,135.215,counterclockwise,SA2,SA002002
6302024375,-1000000052_0 -1000000052_1 -1000000052_2,:6302024375_0_0 :6302024375_0_1 :6302024375_0_2,135.246,downstream,SA2,SA002002
6302024376,-1000000125_0 -1000000125_1 -1000000125_2,:6302024376_0_0 :6302024376_0_1 :6302024376_0_2,135.320,downstream,SA2,SA002002
-66081,-17392_0 -17392_1 -17392_2,:-66081_0_0 :-66081_0_1 :-66081_0_2,135.532,upstream,SA2,SA002002
-37431,-11290_0 -11290_1 -11290_2,:-37431_0_0 :-37431_0_1 :-37431_0_2,135.691,upstream,SA2,SA002002
-44799,-7154_0 -7154_1 -7154_2,:-44799_0_0 :-44799_0_1 :-44799_0_2,135.695,upstream,SA2,SA002002
-44798,-15796_0 -15796_1 -15796_2,:-44798_0_0 :-44798_0_1 :-44798_0_2,135.707,upstream,SA2,SA002002
-31192,-4530_0 -4530_1 -4530_2,:-31192_0_0 :-31192_0_1 :-31192_0_2,135.781,clockwise,SA2,SA002002
-27757,-16232_0 -16232_1,:-27757_0_0 :-27757_0_1,136.755,downstream,S4,S4成宜昭高速（成宜段）
-56403,-11710_0 -11710_1 -11710_2,:-56403_0_0 :-56403_0_1 :-56403_0_2,137.042,clockwise,SA2,SA002002
-27760,-1266_0 -1266_1,:-27760_0_0 :-27760_0_1,137.664,downstream,S4,S4成宜昭高速（成宜段）
-36078,-13072_0 -14468_0,:-36078_0_0 :-36078_1_0,138.030,counterclockwise,SA2,SA002002
-62093,-14018_0,:-62093_0_0 :-62093_1_0,138.030,counterclockwise,SA2,SA002002
-31202,-2296_0 -2296_1 -2296_2,:-31202_0_0 :-31202_1_0 :-31202_1_1 :-31202_1_2,138.030,clockwise,SA2,SA002002
-26766,-12786_0 -12786_1 -12786_2,:-26766_0_0 :-26766_0_1 :-26766_0_2,138.083,downstream,SA2,SA002002
-26767,-952_0 -952_1 -952_2,:-26767_0_0 :-26767_0_1 :-26767_0_2,138.226,downstream,SA2,SA002002
-32813,-10076_0 -10076_1 -10076_2,:-32813_0_0 :-32813_0_1 :-32813_0_2,138.407,downstream,SA2,SA002002
-58211,-12486_0 -12486_1,:-58211_0_0 :-58211_0_1,138.497,downstream,S4,S4成宜昭高速（成宜段）
-32814,-2820_0 -2820_1 -2820_2,:-32814_0_0 :-32814_0_1 :-32814_0_2,138.575,downstream,SA2,SA002002
-46838,-8002_0 -8002_1 -8002_2,:-46838_0_0 :-46838_0_1 :-46838_0_2,138.725,downstream,SA2,SA002002
-62098,-14020_0 -14020_1 -14020_2,:-62098_0_0 :-62098_0_1 :-62098_0_2,139.105,downstream,SA2,SA002002
-35122,-13686_0 -13686_1,:-35122_0_0 :-35122_0_1,139.144,downstream,S4,S4成宜昭高速（成宜段）
-41323,-14544_0 -14544_1 -14544_2,:-41323_0_0 :-41323_0_1 :-41323_0_2,139.232,downstream,SA2,SA002002
-35123,-3628_0 -3628_1,:-35123_0_0 :-35123_1_0 :-35123_1_1,139.438,downstream,S4,S4成宜昭高速（成宜段）
-46245,-7762_0 -7762_1 -9542_0,:-46245_0_0 :-46245_0_1 :-46245_2_0,139.796,downstream,S4,S4成宜昭高速（成宜段）
-40898,-17148_0 -16292_0 -16292_1 -16292_2,:-40898_0_0 :-40898_1_0 :-40898_1_1 :-40898_1_2,139.807,downstream,SA2,SA002002
-37260,-11326_0 -11326_1,:-37260_0_0 :-37260_0_1,139.903,downstream,S4,S4成宜昭高速（成宜段）
-37261,-4460_0 -4460_1,:-37261_0_0 :-37261_0_1,140.133,downstream,S4,S4成宜昭高速（成宜段）
-42573,-9476_0 -6338_0 -6338_1,:-42573_0_0 :-42573_1_0 :-42573_1_1,140.223,downstream,S4,S4成宜昭高速（成宜段）
-36589,-5880_0 -5880_1 -5880_2,:-36589_0_0 :-36589_0_1 :-36589_0_2,140.560,downstream,SA2,SA002002
-40902,-6072_0,:-40902_0_0,141.013,clockwise,SA2,SA002002
-40919,-5740_0,:-40919_0_0,141.013,clockwise,SA2,SA002002
-36593,-4192_0 -4192_1 -4192_2,:-36593_0_0 :-36593_1_0 :-36593_1_1 :-36593_1_2,141.013,downstream,SA2,SA002002
-41878,-6074_0 -6074_1 -6074_2,:-41878_0_0 :-41878_0_1 :-41878_0_2,141.114,downstream,SA2,SA002002
-32400,-13112_0 -8724_0 -8724_1 -8724_2,:-32400_0_0 :-32400_1_0 :-32400_1_1 :-32400_1_2,141.482,downstream,SA2,SA002002
-44753,-7128_0 -7128_1,:-44753_0_0 :-44753_0_1,142.464,downstream,S4,S4成宜昭高速（成宜段）
-34155,-3334_0 -3334_1 -3334_2,:-34155_0_0 :-34155_0_1 :-34155_0_2,143.086,upstream,SA2,SA002002
-60192,-13330_0 -13330_1,:-60192_0_0 :-60192_0_1,143.147,downstream,S4,S4成宜昭高速（成宜段）
-34582,-8594_0 -8594_1 -8594_2,:-34582_0_0 :-34582_0_1 :-34582_0_2,143.195,upstream,SA2,SA002002
-34148,-6922_0 -6922_1 -6922_2,:-34148_0_0 :-34148_0_1 :-34148_0_2,143.412,upstream,SA2,SA002002
-46426,-7850_0 -7850_1 -7850_2,:-46426_0_0 :-46426_0_1 :-46426_0_2,143.427,upstream,SA2,SA002002
-34583,-3468_0 -3468_1 -3468_2,:-34583_0_0 :-34583_0_1 :-34583_0_2,143.440,upstream,SA2,SA002002
-27792,-3444_0 -3444_1 -3444_2,:-27792_0_0 :-27792_0_1 :-27792_0_2,143.444,upstream,SA2,SA002002
-27793,-1280_0 -1280_1 -1280_2,:-27793_0_0 :-27793_0_1 :-27793_0_2,143.474,upstream,SA2,SA002002
-41494,-14660_0 -14660_1 -14660_2,:-41494_0_0 :-41494_0_1 :-41494_0_2,143.485,clockwise,SA2,SA002002
-32414,-2662_0 -2662_1 -2662_2,:-32414_0_0 :-32414_0_1 :-32414_0_2,143.859,downstream,SA2,SA002002
-26067,-14222_0 -14222_1 -14222_2,:-26067_0_0 :-26067_0_1 :-26067_0_2,143.878,downstream,SA2,SA002002
-41500,-5934_0 -5934_1 -5934_2,:-41500_0_0 :-41500_0_1 :-41500_0_2,144.049,clockwise,SA2,SA002002
-35951,-6122_0 -6122_1 -6122_2,:-35951_0_0 :-35951_0_1 :-35951_0_2,144.068,downstream,SA2,SA002002
-36261,-6796_0 -8836_0,:-36261_0_0 :-36261_1_0,146.075,counterclockwise,SA2,SA002002
-36267,-4054_0,,146.075,counterclockwise,SA2,SA002002
-42425,-6300_0,:-42425_0_0,146.075,counterclockwise,SA2,SA002002
-35961,-3928_0 -3928_1 -3928_2,:-35961_0_0 :-35961_1_0 :-35961_1_1 :-35961_1_2,146.075,downstream,SA2,SA002002
-32070,-3744_0,:-32070_0_0 :-32070_1_0,146.652,counterclockwise,SA2,SA002002
-32075,-2566_0,:-32075_0_0,146.652,clockwise,SA2,SA002002
-32087,-2568_0 -6798_0 -6798_1 -6798_2,:-32087_0_0 :-32087_1_0 :-32087_1_1 :-32087_1_2,146.652,downstream,SA2,SA002002
-35414,,,146.652,counterclockwise,SA2,SA002002
-51735,-9786_0,:-51735_0_0,146.652,clockwise,SA2,SA002002
-32682,-3572_0,:-32682_0_0,146.674,clockwise,SA2,SA2成都第二绕城高速（西段）
-32683,-2770_0,:-32683_0_0,146.674,clockwise,SA2,SA2成都第二绕城高速（西段）
-55285,-11156_0 -11156_1 -11156_2,:-55285_0_0 :-55285_0_1 :-55285_0_2,146.744,upstream,SA2,SA2成都第二绕城高速（西段）
-61823,-14888_0 -14888_1 -14888_2,:-61823_0_0 :-61823_0_1 :-61823_0_2,146.831,downstream,SA2,SA002002
-26074,-766_0 -766_1 -766_2,:-26074_0_0 :-26074_0_1 :-26074_0_2,146.857,upstream,SA2,SA2成都第二绕城高速（西段）
-39777,-9012_0 -9012_1 -9012_2,:-39777_0_0 :-39777_0_1 :-39777_0_2,146.887,upstream,SA2,SA2成都第二绕城高速（西段）
-34970,-4598_0 -4598_1 -4598_2,:-34970_0_0 :-34970_1_0 :-34970_1_1 :-34970_1_2,146.909,upstream,SA2,SA2成都第二绕城高速（西段）
-53925,-14714_0 -14714_1 -14714_2,:-53925_0_0 :-53925_0_1 :-53925_0_2,147.068,upstream,SA2,SA2成都第二绕城高速（西段）
-36759,-5346_0 -5346_1 -5346_2,:-36759_0_0 :-36759_0_1 :-36759_0_2,147.089,upstream,SA2,SA2成都第二绕城高速（西段）
-44052,-6856_0 -6856_1 -6856_2,:-44052_0_0 :-44052_0_1 :-44052_0_2,147.095,upstream,SA2,SA2成都第二绕城高速（西段）
-37658,-10664_0 -10664_1 -10664_2,:-37658_0_0 :-37658_0_1 :-37658_0_2,147.099,upstream,SA2,SA2成都第二绕城高速（西段）
-34972,-3574_0 -3574_1 -3574_2,:-34972_0_0 :-34972_0_1 :-34972_0_2,147.122,upstream,SA2,SA2成都第二绕城高速（西段）
-36760,-4248_0 -4248_1 -4248_2,:-36760_0_0 :-36760_0_1 :-36760_0_2,147.131,upstream,SA2,SA2成都第二绕城高速（西段）
-49171,-8834_0 -8834_1 -8834_2,:-49171_0_0 :-49171_0_1 :-49171_0_2,147.133,upstream,SA2,SA2成都第二绕城高速（西段）
-51112,-12272_0 -12272_1 -12272_2,:-51112_0_0 :-51112_0_1 :-51112_0_2,147.143,clockwise,SA2,SA2成都第二绕城高速（西段）
-51113,-9532_0 -9532_1 -9532_2,:-51113_0_0 :-51113_0_1 :-51113_0_2,147.219,clockwise,SA2,SA2成都第二绕城高速（西段）
-45403,-13902_0 -13902_1 -13902_2,:-45403_0_0 :-45403_0_1 :-45403_0_2,147.393,downstream,SA2,SA002002
-54912,-11024_0 -11024_1 -11024_2,:-54912_0_0 :-54912_0_1 :-54912_0_2,147.610,downstream,SA2,SA2成都第二绕城高速（西段）
-30165,-4198_0 -6286_0 -6286_1 -6286_2,:-30165_0_0 :-30165_1_0 :-30165_1_1 :-30165_1_2,147.793,upstream,SA2,SA002002
-35759,-3846_0,,147.937,counterclockwise,SA2,SA002002
-35757,-6288_0 -11120_0,:-35757_0_0 :-35757_1_0,147.937,counterclockwise,SA2,SA002002
-42381,-17444_0 -17444_1 -17444_2,:-42381_0_0 :-42381_1_0 :-42381_1_1 :-42381_1_2,148.016,upstream,SA2,SA002002
-39205,-5120_0 -5120_1 -5120_2,:-39205_0_0 :-39205_0_1 :-39205_0_2,148.045,upstream,SA2,SA002002
-54771,,,148.094,counterclockwise,SA2,SA002002
-61239,-15790_0 -15790_1 -15790_2,:-61239_0_0 :-61239_0_1 :-61239_0_2,148.094,clockwise,SA2,SA002002
-33584,-4200_0,:-33584_0_0,148.094,clockwise,SA2,SA002002
-36596,-10958_0,:-36596_0_0 :-36596_1_0,148.094,counterclockwise,SA2,SA002002
-45413,-7428_0 -7428_1 -7428_2,:-45413_0_0 :-45413_0_1 :-45413_0_2,148.716,downstream,SA2,SA002002
-51822,-9838_0 -9838_1 -9838_2,:-51822_0_0 :-51822_0_1 :-51822_0_2,149.318,upstream,SA2,SA002002
-34218,-3356_0,:-34218_0_0 :-34218_1_0,149.487,clockwise,SA2,SA2成都第二绕城高速（西段）
-33877,-17228_0,:-33877_0_0,149.487,counterclockwise,SA2,SA2成都第二绕城高速（西段）
-44234,-17230_0,:-44234_0_0,149.487,clockwise,SA2,SA002002
-48404,-14758_0 -14758_1 -14758_2,:-48404_0_0 :-48404_0_1 :-48404_0_2,149.487,clockwise,SA2,SA002002
-34214,,,149.487,clockwise,SA2,SA2成都第二绕城高速（西段）
-44235,-6924_0 -12130_0 -12130_1 -12130_2,:-44235_0_0 :-44235_1_0 :-44235_1_1 :-44235_1_2,149.487,upstream,SA2,SA002002
-43373,-13684_0 -13684_1 -13684_2,:-43373_0_0 :-43373_0_1 :-43373_0_2,150.005,clockwise,SA2,SA002002
-48418,-8558_0 -8558_1 -8558_2,:-48418_0_0 :-48418_0_1 :-48418_0_2,151.420,clockwise,SA2,SA002002
-28526,-10560_0 -10560_1 -10560_2,:-28526_0_0 :-28526_0_1 :-28526_0_2,151.494,downstream,SA2,SA002002
-43382,-6632_0 -6632_1 -6632_2,:-43382_0_0 :-43382_0_1 :-43382_0_2,151.546,downstream,SA2,SA002002
-38711,-4944_0,,151.883,counterclockwise,SA2,SA002002
-51072,-9508_0 -9508_1 -9508_2,:-51072_0_0 :-51072_1_0 :-51072_1_1 :-51072_1_2,151.883,downstream,SA2,SA002002
-35260,-3664_0 -10922_0,:-35260_0_0 :-35260_1_0,151.883,counterclockwise,SA2,SA002002
-54632,-11630_0,:-54632_0_0,151.883,counterclockwise,SA2,SA002002
-54313,-11628_0 -11628_1 -11628_2,:-54313_0_0 :-54313_0_1 :-54313_0_2,151.999,downstream,SA2,SA002002
-54315,-10798_0 -10798_1 -10798_2,:-54315_0_0 :-54315_0_1 :-54315_0_2,152.390,downstream,SA2,SA002002
-36048,-16002_0 -16002_1 -16002_2,:-36048_0_0 :-36048_0_1 :-36048_0_2,152.465,downstream,SA2,SA002002
-46449,-8992_0,:-46449_0_0,152.485,clockwise,SA2,SA002002
-46451,-7862_0,:-46451_0_0,152.485,counterclockwise,SA2,SA002002
-28537,-1508_0 -1508_1 -1508_2,:-28537_0_0 :-28537_1_0 :-28537_1_1 :-28537_1_2,152.485,downstream,SA2,SA002002
-36049,-16334_0 -3960_0 -3960_1 -3960_2,:-36049_0_0 :-36049_1_0 :-36049_1_1 :-36049_1_2,152.532,downstream,SA2,SA002002
-33878,-3238_0,:-33878_0_0,152.532,counterclockwise,SA2,SA002002
-26041,-7064_0 -7064_1 -7064_2,:-26041_0_0 :-26041_0_1 :-26041_0_2,152.678,downstream,SA2,SA002002
-26042,-758_0 -758_1 -758_2,:-26042_0_0 :-26042_0_1 :-26042_0_2,152.699,downstream,SA2,SA002002
-35989,-8648_0 -8990_0 -8990_1 -8990_2,:-35989_0_0 :-35989_1_0 :-35989_1_1 :-35989_1_2,153.077,downstream,SA2,SA002002
-33587,-3118_0,:-33587_0_0,153.077,clockwise,SA2,SA002002
-55698,-11398_0 -11398_1,:-55698_0_0 :-55698_0_1,153.361,upstream,S4,S4成宜昭高速（成宜段）
-35290,-3678_0 -3678_1,:-35290_0_0 :-35290_0_1,153.468,upstream,S4,S4成宜昭高速（成宜段）
-27738,-3936_0 -3936_1 -3936_2,:-27738_0_0 :-27738_0_1 :-27738_0_2,153.493,downstream,SA2,SA002002
-35448,-3756_0 -3756_1,:-35448_0_0 :-35448_0_1,153.680,upstream,S4,S4成宜昭高速（成宜段）
-48328,-16962_0 -16962_1,:-48328_0_0 :-48328_0_1,153.765,upstream,S4,S4成宜昭高速（成宜段）
-49105,-8810_0 -8810_1,:-49105_0_0 :-49105_0_1,153.771,upstream,S4,S4成宜昭高速（成宜段）
-35280,-14990_0 -14990_1,:-35280_0_0 :-35280_0_1,153.774,upstream,S4,S4成宜昭高速（成宜段）
-49104,-16700_0 -16700_1,:-49104_0_0 :-49104_0_1,153.783,upstream,S4,S4成宜昭高速（成宜段）
-59912,-14984_0 -14984_1,:-59912_0_0 :-59912_0_1,153.855,downstream,S4,S4成宜昭高速（成宜段）
-51026,-13224_0 -13224_1,:-51026_0_0 :-51026_0_1,154.058,downstream,S4,S4成宜昭高速（成宜段）
-43990,-6834_0 -9482_0 -9482_1,:-43990_0_0 :-43990_1_0 :-43990_1_1,154.213,downstream,S4,S4成宜昭高速（成宜段）
-62842,-17386_0 -17386_1,:-62842_0_0 :-62842_0_1,154.464,downstream,S4,S4成宜昭高速（成宜段）
-35902,-14308_0 -14308_1,:-35902_0_0 :-35902_0_1,154.599,downstream,S4,S4成宜昭高速（成宜段）
-42037,-12304_0 -12304_1 -12304_2,:-42037_0_0 :-42037_0_1 :-42037_0_2,157.719,upstream,SA2,SA002002
-27739,-1254_0 -1254_1 -1254_2,:-27739_0_0 :-27739_0_1 :-27739_0_2,157.854,upstream,SA2,SA002002
-37744,-6144_0 -6144_1 -6144_2,:-37744_0_0 :-37744_0_1 :-37744_0_2,157.891,upstream,SA2,SA002002
-37389,-7642_0 -7642_1 -7642_2,:-37389_0_0 :-37389_0_1 :-37389_0_2,157.904,clockwise,SA2,SA002002
-56518,-11762_0,,158.737,counterclockwise,SA2,SA002002
-27585,-1176_0 -14076_0,:-27585_0_0 :-27585_1_0,158.737,counterclockwise,SA2,SA002002
-27567,-3410_0 -3410_1 -3410_2,:-27567_0_0 :-27567_1_0 :-27567_1_1 :-27567_1_2,158.812,upstream,SA2,SA002002
-26545,-888_0,:-26545_0_0,158.886,clockwise,SA2,SA002002
-26538,-8272_0,:-26538_0_0 :-26538_1_0,158.886,counterclockwise,SA2,SA002002
-26558,-890_0 -1178_0 -1178_1 -1178_2,:-26558_0_0 :-26558_1_0 :-26558_1_1 :-26558_1_2,158.886,clockwise,SA2,SA002002
-47578,,,158.886,counterclockwise,SA2,SA002002
-25438,-592_0,:-25438_0_0,159.460,counterclockwise,SA2,SA002002
-25434,-10084_0,:-25434_0_0,159.460,clockwise,SA2,SA002002
-37398,-4514_0 -4514_1 -4514_2,:-37398_0_0 :-37398_1_0 :-37398_1_1 :-37398_1_2,159.460,clockwise,SA2,SA002002
-59235,-13986_0,:-59235_0_0,159.861,clockwise,SA2,SA002002
-52349,-12968_0 -10086_0 -10086_1 -10086_2,:-52349_0_0 :-52349_1_0 :-52349_1_1 :-52349_1_2,159.861,downstream,SA2,SA002002
-36450,-12194_0 -12194_1 -12194_2,:-36450_0_0 :-36450_0_1 :-36450_0_2,160.311,downstream,SA2,SA002002
-38099,-14810_0 -14810_1 -14810_2,:-38099_0_0 :-38099_0_1 :-38099_0_2,160.697,clockwise,SA2,SA002002
-38100,-4730_0 -4730_1 -4730_2,:-38100_0_0 :-38100_0_1 :-38100_0_2,160.813,downstream,SA2,SA002002
-41043,-10880_0 -10880_1 -10880_2,:-41043_0_0 :-41043_0_1 :-41043_0_2,161.696,upstream,SA2,SA002002
-27407,-1144_0 -10332_0 -10332_1 -10332_2,:-27407_0_0 :-27407_1_0 :-27407_1_1 :-27407_1_2,161.908,upstream,SA2,SA002002
-36451,-4116_0 -4116_1 -4116_2,:-36451_0_0 :-36451_0_1 :-36451_0_2,161.947,upstream,SA2,SA002002
-41047,-5788_0 -5788_1 -5788_2,:-41047_0_0 :-41047_0_1 :-41047_0_2,161.996,clockwise,SA2,SA002002
-48274,-8490_0 -8490_1 -8490_2,:-48274_0_0 :-48274_0_1 :-48274_0_2,162.156,upstream,SA2,SA002002
-66304,,,162.182,counterclockwise,SA2,SA002002
-57600,-15342_0 -15342_1 -15342_2,:-57600_0_0 :-57600_0_1 :-57600_0_2,162.182,clockwise,SA2,SA002002
-27392,-3448_0,:-27392_0_0,162.182,counterclockwise,SA2,SA002002
-34505,-15888_0,:-34505_0_0 :-34505_1_0,162.182,clockwise,SA2,SA002002
-42851,-14688_0 -14688_1 -14688_2,:-42851_0_0 :-42851_0_1 :-42851_0_2,163.839,clockwise,SA2,SA002002
-34187,-3344_0,,163.893,counterclockwise,SA2,SA2成都第二绕城高速（西段）
-38691,-6456_0 -6456_1 -6456_2,:-38691_0_0 :-38691_1_0 :-38691_1_1 :-38691_1_2,163.893,downstream,SA2,SA002002
-37022,-4938_0,:-37022_0_0,163.893,clockwise,SA2,SA2成都第二绕城高速（西段）
-26023,-12258_0 -12258_1 -12258_2,:-26023_0_0 :-26023_0_1 :-26023_0_2,164.018,clockwise,SA2,SA002002
-33135,-2948_0 -4936_0 -4936_1 -4936_2,:-33135_0_0 :-33135_1_0 :-33135_1_1 :-33135_1_2,164.401,clockwise,SA2,SA2成都第二绕城高速（西段）
-33127,-3450_0,:-33127_0_0,164.401,clockwise,SA2,SA2成都第二绕城高速（西段）
-36621,-4210_0 -4210_1 -4210_2,:-36621_0_0 :-36621_0_1 :-36621_0_2,164.458,downstream,SA2,SA2成都第二绕城高速（西段）
-43869,-10744_0 -10744_1,:-43869_0_0 :-43869_0_1,164.483,upstream,S4,S4成宜昭高速（成宜段）
-35903,-3910_0 -3910_1,:-35903_0_0 :-35903_0_1,164.502,upstream,S4,S4成宜昭高速（成宜段）
-36939,-14370_0 -14370_1 -14370_2,:-36939_0_0 :-36939_0_1 :-36939_0_2,164.547,downstream,SA2,SA002002
-59913,-13666_0 -13666_1,:-59913_0_0 :-59913_1_0 :-59913_1_1,164.549,downstream,S4,S4成宜昭高速（成宜段）
-36940,-4340_0 -4340_1 -4340_2,:-36940_0_0 :-36940_0_1 :-36940_0_2,164.572,downstream,SA2,SA002002
-26027,-750_0 -750_1 -750_2,:-26027_0_0 :-26027_0_1 :-26027_0_2,164.608,downstream,SA2,SA002002
-41835,-13226_0 -13226_1,:-41835_0_0 :-41835_0_1,164.695,downstream,S4,S4成宜昭高速（成宜段）
-41836,-6060_0 -6060_1,:-41836_0_0 :-41836_0_1,164.758,downstream,S4,S4成宜昭高速（成宜段）
-29407,-1744_0 -6862_0 -6862_1,:-29407_0_0 :-29407_1_0 :-29407_1_1,164.938,downstream,S4,S4成宜昭高速（成宜段）
-39204,-8278_0 -8278_1 -8278_2,:-39204_0_0 :-39204_0_1 :-39204_0_2,164.947,downstream,SA2,SA002002
-57120,-15700_0 -15700_1 -15700_2,:-57120_0_0 :-57120_0_1 :-57120_0_2,165.241,downstream,SA2,SA002002
-34426,-12072_0 -12072_1 -12072_2,:-34426_0_0 :-34426_0_1 :-34426_0_2,165.341,downstream,SA2,SA002002
-33457,-3064_0,:-33457_0_0,166.779,clockwise,SA2,SA002002
-26690,-926_0 -1360_0,:-26690_0_0 :-26690_1_0,166.779,clockwise,SA2,SA002002
-28062,-3062_0,:-28062_0_0,166.779,clockwise,SA2,SA002002
-33444,-8568_0,:-33444_0_0 :-33444_1_0,166.779,clockwise,SA2,SA002002
-34927,-10052_0 -3552_0,:-34927_0_0 :-34927_1_0,166.779,clockwise,SA2,SA002002
-34925,-4882_0,:-34925_0_0,166.779,clockwise,SA2,SA002002
-48481,-8570_0 -8570_1 -8570_2,:-48481_0_0 :-48481_0_1 :-48481_0_2,167.911,upstream,SA2,SA002002
-50415,-9234_0 -9234_1,:-50415_0_0 :-50415_0_1,168.279,downstream,S4,S4成宜昭高速（成宜段）
-58145,-12476_0 -12476_1,:-58145_0_0 :-58145_0_1,168.400,downstream,S4,S4成宜昭高速（成宜段）
-48477,-10230_0 -10230_1 -10230_2,:-48477_0_0 :-48477_1_0 :-48477_1_1 :-48477_1_2,168.404,upstream,SA2,SA002002
-41192,-14330_0 -15368_0 -15368_1 -15368_2,:-41192_0_0 :-41192_1_0 :-41192_1_1 :-41192_1_2,168.404,clockwise,SA2,SA002002
-47371,-8450_0,:-47371_0_0,168.404,clockwise,SA2,SA002002
-29287,-10676_0,:-29287_0_0,168.404,clockwise,SA2,SA002002
-29290,-8202_0 -1718_0,:-29290_0_0 :-29290_1_0,168.404,clockwise,SA2,SA002002
-31189,-2292_0,:-31189_0_0,168.404,clockwise,SA2,SA002002
-26632,-906_0 -906_1,:-26632_0_0 :-26632_0_1 :-26632_0_2,171.136,clockwise,SA2,SA002002
-53513,-13186_0 -13186_1,:-53513_0_0 :-53513_0_1,171.856,downstream,S4,S4成宜昭高速（成宜段）
-44313,-10510_0 -10510_1,:-44313_0_0 :-44313_0_1,172.026,downstream,S4,S4成宜昭高速（成宜段）
-44598,-7864_0,:-44598_0_0,172.667,clockwise,SA2,SA002002
-64037,-14792_0 -14792_1 -14792_2,:-64037_0_0 :-64037_0_1,172.667,downstream,SA2,SA002002
-41207,-5838_0 -5838_1 -5838_2,:-41207_0_0 :-41207_1_0 :-41207_1_1 :-41207_1_2,172.667,clockwise,SA2,SA002002
-46452,-14790_0,:-46452_0_0,172.667,clockwise,SA2,SA002002
-44609,-7086_0,:-44609_0_0,172.667,counterclockwise,SA2,SA002002
-68125,-17200_0 -17200_1,:-68125_0_0 :-68125_0_1 :-68125_0_2,172.734,downstream,SA2,SA002002
-63392,-15804_0 -16746_0 -16746_1 -16746_2,:-63392_0_0 :-63392_1_0 :-63392_1_1 :-63392_1_2,172.734,clockwise,SA2,SA002002
-43308,-6964_0 -6964_1,:-43308_0_0 :-43308_0_1,173.302,downstream,S4,S4成宜昭高速（成宜段）
-43309,-6614_0 -6614_1,:-43309_0_0 :-43309_0_1,173.427,downstream,S4,S4成宜昭高速（成宜段）
-50595,-9638_0 -9638_1,:-50595_0_0 :-50595_0_1,173.553,downstream,S4,S4成宜昭高速（成宜段）
-50596,-9304_0 -9304_1,:-50596_0_0 :-50596_0_1,173.695,downstream,S4,S4成宜昭高速（成宜段）
-51532,-12154_0 -12154_1 -12154_2,:-51532_0_0 :-51532_0_1 :-51532_0_2,175.091,upstream,SA2,SA002002
-27840,-11384_0 -11384_1 -11384_2,:-27840_0_0 :-27840_0_1 :-27840_0_2,175.287,upstream,SA2,SA002002
-27841,-1306_0 -1306_1 -1306_2,:-27841_0_0 :-27841_0_1 :-27841_0_2,175.374,upstream,SA2,SA002002
-44675,-7106_0,:-44675_0_0 :-44675_0_1 :-44675_0_2,175.387,upstream,SA2,SA002002
-34485,-3436_0 -3436_1 -3436_2,:-34485_0_0 :-34485_0_1 :-34485_0_2,175.387,clockwise,SA2,SA002002
-63402,-14564_0 -14564_1 -14564_2,:-63402_0_0 :-63402_0_1 :-63402_0_2,175.423,clockwise,SA2,SA002002
-26686,-3966_0,:-26686_0_0,175.596,clockwise,SA2,SA002002
-30818,-14092_0,:-30818_0_0,175.596,counterclockwise,SA2,SA002002
-30837,-2166_0,:-30837_0_0,175.596,counterclockwise,SA2,SA002002
-39843,-12182_0 -12182_1 -12182_2,:-39843_0_0 :-39843_1_0 :-39843_1_1 :-39843_1_2,175.596,clockwise,SA2,SA002002
-39846,-5366_0,:-39846_0_0 :-39846_1_0,175.596,counterclockwise,SA2,SA002002
-36054,-14094_0,:-36054_0_0,175.596,counterclockwise,SA2,SA002002
-68133,-17232_0 -17232_1 -17232_2,:-68133_0_0 :-68133_0_1 :-68133_0_2,175.663,downstream,SA2,SA002002
-34480,-5364_0 -5364_1 -5364_2,:-34480_0_0 :-34480_0_1 :-34480_0_2,176.017,downstream,SA2,SA002002
-50456,-14142_0,:-50456_0_0,176.485,counterclockwise,SA2,SA002002
-32752,-9254_0,:-32752_0_0,176.485,counterclockwise,SA2,SA002002
-31191,-2294_0,:-31191_0_0,176.485,clockwise,SA2,SA002002
-32765,-2802_0 -3430_0 -3430_1 -3430_2,:-32765_0_0 :-32765_1_0 :-32765_1_1 :-32765_1_2,176.485,downstream,SA2,SA002002
-55438,-16754_0 -16754_1 -16754_2,:-55438_0_0 :-55438_0_1 :-55438_0_2,176.755,downstream,SA2,SA002002
-45383,-7412_0,:-45383_0_0,176.805,counterclockwise,SA2,SA002002
-44423,-17340_0 -14006_0 -14006_1 -14006_2,:-44423_0_0 :-44423_1_0 :-44423_1_1 :-44423_1_2,176.805,downstream,SA2,SA002002
-37790,-4634_0,:-37790_0_0 :-37790_1_0,176.805,counterclockwise,SA2,SA002002
-27717,-1244_0 -1244_1 -1244_2,:-27717_0_0 :-27717_1_0 :-27717_1_1 :-27717_1_2,176.805,counterclockwise,SA2,SA002002
-45386,-7414_0,:-45386_0_0,176.805,counterclockwise,SA2,SA002002
-30843,-17242_0 -17242_1,:-30843_0_0 :-30843_0_1,177.027,downstream,S4,S4成宜昭高速（成宜段）
-25682,-2172_0 -2172_1,:-25682_0_0 :-25682_0_1,177.098,downstream,S4,S4成宜昭高速（成宜段）
-42130,-11268_0 -11268_1 -11268_2,:-42130_0_0 :-42130_0_1 :-42130_0_2,177.355,downstream,SA2,SA002002
-25689,-654_0 -654_1,:-25689_0_0 :-25689_0_1,177.381,downstream,S4,S4成宜昭高速（成宜段）
-38882,-9670_0 -9670_1,:-38882_0_0 :-38882_0_1,177.480,downstream,S4,S4成宜昭高速（成宜段）
-30040,-13514_0 -13514_1 -13514_2,:-30040_0_0 :-30040_1_0 :-30040_1_1 :-30040_1_2,177.684,clockwise,SA2,SA002002
-30048,-1948_0 -14724_0,:-30048_0_0 :-30048_1_0,177.684,counterclockwise,SA2,SA002002
-66825,-16070_0,,177.684,counterclockwise,SA2,SA002002
-46359,-7820_0,:-46359_0_0,177.684,counterclockwise,SA2,SA002002
-34936,-5008_0 -5008_1,:-34936_0_0 :-34936_1_0 :-34936_1_1,178.273,downstream,S4,S4成宜昭高速（成宜段）
-66106,-17290_0,:-66106_0_0,178.357,clockwise,SA2,SA002002
-30041,-2032_0 -1946_0 -1946_1 -1946_2,:-30041_0_0 :-30041_1_0 :-30041_1_1 :-30041_1_2,178.357,downstream,SA2,SA002002
-68560,,,178.357,counterclockwise,SA2,SA002002
-30346,-2034_0,:-30346_0_0,178.357,clockwise,SA2,SA002002
-30341,-16938_0,:-30341_0_0 :-30341_1_0,178.357,counterclockwise,SA2,SA002002
-26631,-7132_0 -7132_1 -7132_2,:-26631_0_0 :-26631_0_1,178.484,downstream,SA2,SA002002
-27280,-6182_0 -6182_1 -6182_2,:-27280_0_0 :-27280_0_1 :-27280_0_2,178.602,downstream,SA2,SA002002
-27281,-1104_0 -1104_1 -1104_2,:-27281_0_0 :-27281_0_1 :-27281_0_2,178.631,downstream,SA2,SA002002
-34958,-6354_0 -3562_0 -3562_1,:-34958_0_0 :-34958_1_0 :-34958_1_1,178.798,downstream,S4,S4成宜昭高速（成宜段）
-67737,-16512_0 -16512_1 -16512_2,:-67737_0_0,178.829,downstream,SA2,SA002002
-53205,-14090_0 -14090_1,:-53205_0_0 :-53205_0_1,179.024,downstream,S4,S4成宜昭高速（成宜段）
-34185,-4376_0 -16852_0,:-34185_0_0 :-34185_1_0,179.200,counterclockwise,SA2,SA002002
-44435,-7008_0 -7008_1 -7008_2,:-44435_0_0 :-44435_1_0 :-44435_1_1 :-44435_1_2,179.200,downstream,SA2,SA002002
-48291,-8492_0,:-48291_0_0,179.200,counterclockwise,SA2,SA002002
-32172,-10398_0 -10398_1,:-32172_0_0 :-32172_0_1,179.286,downstream,S4,S4成宜昭高速（成宜段）
-62142,-14048_0,,184.021,counterclockwise,SA2,SA2成都第二绕城高速（西段）
-41003,-5766_0 -5766_1 -5766_2,:-41003_0_0 :-41003_0_1 :-41003_0_2,184.128,upstream,SA2,SA2成都第二绕城高速（西段）
-31402,-2344_0 -2344_1 -2344_2,:-31402_0_0 :-31402_0_1 :-31402_0_2,184.172,upstream,SA2,SA2成都第二绕城高速（西段）
-30426,-2062_0 -2062_1 -2062_2,:-30426_0_0 :-30426_0_1 :-30426_0_2,184.209,upstream,SA2,SA2成都第二绕城高速（西段）
-30736,-14418_0 -14418_1 -14418_2,:-30736_0_0 :-30736_1_0 :-30736_1_1 :-30736_1_2,184.215,upstream,SA2,SA2成都第二绕城高速（西段）
-30740,-2134_0 -2134_1 -2134_2,:-30740_0_0 :-30740_0_1 :-30740_0_2,184.260,upstream,SA2,SA2成都第二绕城高速（西段）
-66410,-15978_0 -15978_1 -15978_2,:-66410_0_0 :-66410_0_1 :-66410_0_2,184.312,upstream,SA2,SA2成都第二绕城高速（西段）
-48494,-15374_0 -15374_1 -15374_2,:-48494_0_0 :-48494_0_1 :-48494_0_2,184.359,upstream,SA2,SA2成都第二绕城高速（西段）
-41001,-13116_0 -13116_1 -13116_2,:-41001_0_0 :-41001_0_1 :-41001_0_2,184.364,upstream,SA2,SA2成都第二绕城高速（西段）
-63119,-15930_0 -15930_1 -15930_2,:-63119_0_0 :-63119_0_1 :-63119_0_2,184.372,upstream,SA2,SA2成都第二绕城高速（西段）
-64952,-15208_0 -15208_1 -15208_2,:-64952_0_0 :-64952_0_1 :-64952_0_2,184.380,upstream,SA2,SA2成都第二绕城高速（西段）
-30424,-17272_0 -17272_1 -17272_2,:-30424_0_0 :-30424_0_1 :-30424_0_2,184.400,upstream,SA2,SA2成都第二绕城高速（西段）
-31400,-17066_0,:-31400_0_0 :-31400_0_1 :-31400_0_2,184.409,upstream,SA2,SA2成都第二绕城高速（西段）
-40982,-5756_0,:-40982_0_0 :-40982_1_0,184.409,counterclockwise,SA2,SA002002
-35154,-10278_0,:-35154_0_0,184.409,counterclockwise,SA2,SA2成都第二绕城高速（西段）
-40979,,,184.409,counterclockwise,SA2,SA002002
-52302,-10280_0,:-52302_0_0,184.409,clockwise,SA2,SA002002
-35162,-3638_0 -5002_0 -5002_1 -5002_2,:-35162_0_0 :-35162_1_0 :-35162_1_1 :-35162_1_2,184.409,clockwise,SA2,SA2成都第二绕城高速（西段）
-48307,-8504_0 -8504_1 -8504_2,:-48307_0_0 :-48307_0_1 :-48307_0_2,184.860,clockwise,SA2,SA2成都第二绕城高速（西段）
-60281,-17218_0 -17218_1 -17218_2,:-60281_0_0 :-60281_0_1 :-60281_0_2,185.587,downstream,SA2,SA2成都第二绕城高速（西段）
-39850,-13362_0 -13362_1 -13362_2,:-39850_0_0 :-39850_0_1 :-39850_0_2,185.646,downstream,SA2,SA2成都第二绕城高速（西段）
-54046,-10698_0 -10698_1 -10698_2,:-54046_0_0 :-54046_0_1 :-54046_0_2,186.650,upstream,SA2,SA002002
-28624,-14294_0 -14294_1 -14294_2,:-28624_0_0 :-28624_0_1 :-28624_0_2,186.658,upstream,SA2,SA002002
-28544,-14266_0 -14266_1 -14266_2,:-28544_0_0 :-28544_0_1 :-28544_0_2,186.672,upstream,SA2,SA002002
-28546,-1512_0 -1512_1 -1512_2,:-28546_0_0 :-28546_0_1 :-28546_0_2,186.794,clockwise,SA2,SA002002
-39855,-5372_0 -5372_1 -5372_2,:-39855_0_0 :-39855_0_1 :-39855_0_2,186.794,upstream,SA2,SA002002
-61978,-13960_0 -13960_1 -13960_2,:-61978_0_0 :-61978_0_1 :-61978_0_2,186.850,upstream,SA2,SA002002
-28625,-1532_0 -1532_1 -1532_2,:-28625_0_0 :-28625_0_1 :-28625_0_2,186.880,clockwise,SA2,SA002002
-61977,-16748_0 -16748_1 -16748_2,:-61977_0_0 :-61977_0_1 :-61977_0_2,186.880,upstream,SA2,SA002002
-51350,-9622_0 -9622_1 -9622_2,:-51350_0_0 :-51350_0_1 :-51350_0_2,187.115,clockwise,SA2,SA002002
-57059,-14788_0 -14788_1,:-57059_0_0 :-57059_0_1,187.160,upstream,S4,S4成宜昭高速（成宜段）
-54181,-10740_0 -10740_1 -10740_2,:-54181_0_0 :-54181_0_1 :-54181_0_2,187.188,downstream,SA2,SA002002
-30686,-2126_0 -2126_1 -2126_2,:-30686_0_0 :-30686_0_1 :-30686_0_2,187.218,clockwise,SA2,SA002002
-37979,-15292_0 -15292_1,:-37979_0_0 :-37979_0_1,187.238,upstream,S4,S4成宜昭高速（成宜段）
-31799,-5368_0 -5368_1,:-31799_0_0 :-31799_0_1,187.260,upstream,S4,S4成宜昭高速（成宜段）
-29111,-12042_0 -12042_1,:-29111_0_0 :-29111_0_1,187.269,upstream,S4,S4成宜昭高速（成宜段）
-44662,-7102_0 -7102_1,:-44662_0_0 :-44662_0_1,187.369,upstream,S4,S4成宜昭高速（成宜段）
-29948,-14680_0 -14680_1,:-29948_0_0 :-29948_0_1,187.372,upstream,S4,S4成宜昭高速（成宜段）
-40933,-5744_0 -5744_1,:-40933_0_0 :-40933_0_1,187.390,upstream,S4,S4成宜昭高速（成宜段）
-29115,-1672_0 -1672_1,:-29115_0_0 :-29115_0_1,187.409,upstream,S4,S4成宜昭高速（成宜段）
-37980,-4690_0 -4690_1,:-37980_0_0 :-37980_0_1,187.410,upstream,S4,S4成宜昭高速（成宜段）
-36302,-4078_0 -4078_1 -4078_2,:-36302_0_0 :-36302_0_1 :-36302_0_2,187.418,downstream,SA2,SA002002
-31800,-2462_0 -2462_1,:-31800_0_0 :-31800_0_1,187.431,upstream,S4,S4成宜昭高速（成宜段）
-29949,-1928_0 -1928_1,:-29949_0_0 :-29949_0_1,187.436,upstream,S4,S4成宜昭高速（成宜段）
-60722,-14652_0 -14652_1,:-60722_0_0 :-60722_0_1,187.474,upstream,S4,S4成宜昭高速（成宜段）
-33329,-15556_0 -15556_1,:-33329_0_0 :-33329_0_1,187.483,upstream,S4,S4成宜昭高速（成宜段）
-33333,-3010_0 -3010_1,:-33333_0_0 :-33333_0_1,187.502,downstream,S4,S4成宜昭高速（成宜段）
-40143,-15962_0 -15962_1 -15962_2,:-40143_0_0 :-40143_0_1 :-40143_0_2,187.635,downstream,SA2,SA002002
-36047,-8422_0 -3958_0,:-36047_0_0 :-36047_1_0,187.645,counterclockwise,SA2,SA002002
-60802,-13578_0,,187.645,counterclockwise,SA2,SA2成都第二绕城高速（西段）
-30695,-2128_0,:-30695_0_0,187.645,counterclockwise,SA2,SA2成都第二绕城高速（西段）
-53266,-10404_0 -10404_1 -10404_2,:-53266_0_0 :-53266_0_1 :-53266_0_2,187.663,downstream,SA2,SA002002
-36413,-5472_0 -5472_1 -5472_2,:-36413_0_0 :-36413_0_1 :-36413_0_2,187.695,downstream,SA2,SA002002
-32917,-2846_0 -6374_0 -6374_1,:-32917_0_0 :-32917_1_0 :-32917_1_1,187.789,downstream,S4,S4成宜昭高速（成宜段）
-69067,-17152_0 -17152_1 -17152_2,:-69067_0_0 :-69067_0_1 :-69067_0_2,187.952,downstream,SA2,SA002002
-36414,-4104_0 -4104_1 -4104_2,:-36414_0_0 :-36414_0_1 :-36414_0_2,188.053,downstream,SA2,SA002002
-28691,-4620_0 -4620_1 -4620_2,:-28691_0_0 :-28691_0_1 :-28691_0_2,188.111,downstream,SA2,SA002002
-48296,-15330_0 -15330_1,:-48296_0_0 :-48296_0_1,188.128,downstream,S4,S4成宜昭高速（成宜段）
-28692,-1552_0 -1552_1 -1552_2,:-28692_0_0 :-28692_0_1 :-28692_0_2,188.257,downstream,SA2,SA002002
-48298,-8498_0 -8498_1,:-48298_0_0 :-48298_0_1,188.322,downstream,S4,S4成宜昭高速（成宜段）
-53171,-10386_0 -10386_1,:-53171_0_0 :-53171_0_1,188.430,downstream,S4,S4成宜昭高速（成宜段）
-42760,-17202_0 -17202_1 -17202_2,:-42760_0_0 :-42760_0_1 :-42760_0_2,188.569,downstream,SA2,SA002002
-59128,-12926_0 -12926_1,:-59128_0_0 :-59128_0_1,188.627,downstream,S4,S4成宜昭高速（成宜段）
-42761,-6410_0 -6410_1 -6410_2,:-42761_0_0 :-42761_0_1 :-42761_0_2,188.628,downstream,SA2,SA002002
-48600,-15410_0 -15410_1,:-48600_0_0 :-48600_0_1,188.732,downstream,S4,S4成宜昭高速（成宜段）
-61201,-14474_0,:-61201_0_0 :-61201_1_0,188.991,clockwise,SA2,SA002002
-25942,-2472_0,:-25942_0_0,188.991,clockwise,SA2,SA002002
-53975,-15206_0,:-53975_0_0,188.991,counterclockwise,SA2,SA002002
-27863,-1316_0 -2474_0,:-27863_0_0 :-27863_1_0,188.991,clockwise,SA2,SA2成都第二绕城高速（西段）
-27860,-13670_0,:-27860_0_0,188.991,clockwise,SA2,SA002002
-31825,-9778_0,:-31825_0_0 :-31825_1_0,188.991,clockwise,SA2,SA002002
-25433,-590_0 -2130_0 -2130_1 -2130_2,:-25433_0_0 :-25433_1_0 :-25433_1_1 :-25433_1_2,188.991,clockwise,SA2,SA2成都第二绕城高速（西段）
-48608,-8614_0 -8614_1,:-48608_0_0 :-48608_0_1,189.093,downstream,S4,S4成宜昭高速（成宜段）
-54894,-11016_0 -11016_1,:-54894_0_0 :-54894_0_1,189.190,downstream,S4,S4成宜昭高速（成宜段）
-50799,-10680_0 -10680_1 -10680_2,:-50799_0_0 :-50799_0_1 :-50799_0_2,189.355,downstream,SA2,SA002002
-59197,-12952_0 -12952_1,:-59197_0_0 :-59197_0_1,189.459,downstream,S4,S4成宜昭高速（成宜段）
-50800,-9378_0 -9378_1 -9378_2,:-50800_0_0 :-50800_1_0 :-50800_1_1 :-50800_1_2,189.531,downstream,SA2,SA002002
-44577,-17080_0,:-44577_0_0,189.531,clockwise,SA2,SA002002
-30767,-7078_0 -2136_0,:-30767_0_0 :-30767_1_0,189.531,counterclockwise,SA2,SA2成都第二绕城高速（西段）
-29908,-15656_0 -15656_1 -15656_2,:-29908_0_0 :-29908_0_1 :-29908_0_2,189.696,clockwise,SA2,SA2成都第二绕城高速（西段）
-29909,-1908_0 -1908_1 -1908_2,:-29909_0_0 :-29909_0_1 :-29909_0_2,189.840,downstream,SA2,SA2成都第二绕城高速（西段）
-51764,-16006_0 -16006_1,:-51764_0_0 :-51764_0_1,189.874,downstream,S4,S4成宜昭高速（成宜段）
-64553,-15036_0 -15036_1 -15036_2,:-64553_0_0 :-64553_0_1 :-64553_0_2,189.900,downstream,SA2,SA2成都第二绕城高速（西段）
-32053,-9800_0 -9800_1,:-32053_0_0 :-32053_0_1,190.061,downstream,S4,S4成宜昭高速（成宜段）
-51037,-17082_0 -17082_1 -17082_2,:-51037_0_0 :-51037_0_1 :-51037_0_2,190.133,downstream,SA2,SA002002
-51736,-10070_0,:-51736_0_0,190.313,clockwise,SA2,SA002002
-51038,-9788_0 -9492_0 -9492_1 -9492_2,:-51038_0_0 :-51038_1_0 :-51038_1_1 :-51038_1_2,190.313,downstream,SA2,SA002002
-56661,-12220_0,:-56661_0_0 :-56661_1_0,190.633,counterclockwise,SA2,SA002002
-27540,-11834_0,:-27540_0_0,190.633,counterclockwise,SA2,SA002002
-27546,-1168_0,:-27546_0_0,190.633,clockwise,SA2,SA002002
-53272,-11836_0,:-53272_0_0,190.633,counterclockwise,SA2,SA002002
-53275,-10412_0,:-53275_0_0,190.633,clockwise,SA2,SA002002
-32058,-2556_0 -2556_1,:-32058_0_0 :-32058_0_1,190.649,downstream,S4,S4成宜昭高速（成宜段）
-55965,-13748_0 -13748_1 -13748_2,:-55965_0_0 :-55965_0_1 :-55965_0_2,190.848,downstream,SA2,SA002002
-55966,-11516_0 -11516_1 -11516_2,:-55966_0_0 :-55966_0_1 :-55966_0_2,190.921,downstream,SA2,SA002002
-54005,-15814_0 -15814_1 -15814_2,:-54005_0_0 :-54005_0_1 :-54005_0_2,191.100,downstream,SA2,SA002002
-39571,-10688_0 -10688_1 -10688_2,:-39571_0_0 :-39571_0_1 :-39571_0_2,191.158,downstream,SA2,SA002002
-49279,-15270_0 -15270_1,:-49279_0_0 :-49279_0_1,191.607,downstream,S4,S4成宜昭高速（成宜段）
-26671,-5256_0 -5256_1 -5256_2,:-26671_0_0 :-26671_0_1 :-26671_0_2,191.724,downstream,SA2,SA002002
-26672,-916_0 -916_1 -916_2,:-26672_0_0 :-26672_0_1 :-26672_0_2,191.817,downstream,SA2,SA002002
-38994,-10678_0 -5050_0 -5050_1 -5050_2,:-38994_0_0 :-38994_1_0 :-38994_1_1 :-38994_1_2,191.953,upstream,SA2,SA002002
-34883,-12218_0 -12218_1 -12218_2,:-34883_0_0 :-34883_0_1 :-34883_0_2,191.969,upstream,SA2,SA002002
-34891,-3538_0 -3538_1 -3538_2,:-34891_0_0 :-34891_0_1 :-34891_0_2,192.052,upstream,SA2,SA002002
-36040,-5048_0,:-36040_0_0,192.184,counterclockwise,SA2,SA002002
-43087,-13364_0 -13364_1 -13364_2,:-43087_0_0 :-43087_0_1 :-43087_0_2,192.216,downstream,SA2,SA002002
-43088,-6544_0 -6544_1 -6544_2,:-43088_0_0 :-43088_0_1 :-43088_0_2,192.236,downstream,SA2,SA002002
-38985,-14778_0 -14778_1 -14778_2,:-38985_0_0 :-38985_1_0 :-38985_1_1 :-38985_1_2,192.283,upstream,SA2,SA002002
-61213,-13672_0,:-61213_0_0,192.382,clockwise,SA2,SA002002
-33613,-15980_0,:-33613_0_0,192.382,counterclockwise,SA2,SA002002
-33615,-3132_0 -6820_0 -6820_1 -6820_2,:-33615_0_0 :-33615_1_0 :-33615_1_1 :-33615_1_2,192.382,clockwise,SA2,SA002002
-60763,-13564_0 -16560_0,:-60763_0_0 :-60763_1_0,192.382,counterclockwise,SA2,SA002002
-46754,-7960_0,:-46754_0_0 :-46754_1_0,192.382,clockwise,SA2,SA002002
-25423,-15204_0,:-25423_0_0,192.382,clockwise,SA2,SA2成都第二绕城高速（西段）
-46750,,,192.382,clockwise,SA2,SA002002
-60758,-16802_0,:-60758_0_0,192.382,counterclockwise,SA2,SA002002
-56733,-11890_0,,192.810,counterclockwise,SA2,SA002002
-31090,-12032_0 -2256_0,:-31090_0_0 :-31090_1_0,192.810,counterclockwise,SA2,SA002002
-50786,-9762_0 -9762_1 -9762_2,:-50786_0_0 :-50786_0_1 :-50786_0_2,192.837,upstream,SA2,SA002002
-51304,-14694_0 -12030_0 -12030_1 -12030_2,:-51304_0_0 :-51304_1_0 :-51304_1_1 :-51304_1_2,192.844,upstream,SA2,SA002002
-51310,-9604_0 -9604_1 -9604_2,:-51310_0_0 :-51310_0_1 :-51310_0_2,192.878,upstream,SA2,SA002002
-49292,-8886_0 -8886_1,:-49292_0_0 :-49292_0_1,192.923,downstream,S4,S4成宜昭高速（成宜段）
-56229,-11624_0 -11624_1 -11624_2,:-56229_0_0 :-56229_1_0 :-56229_1_1 :-56229_1_2,192.977,upstream,SA2,SA002002
-51688,-14800_0 -14800_1 -14800_2,:-51688_0_0 :-51688_0_1 :-51688_0_2,193.107,upstream,SA2,SA002002
-42914,-6474_0 -6474_1 -6474_2,:-42914_0_0 :-42914_0_1 :-42914_0_2,193.130,upstream,SA2,SA002002
-65969,-16256_0 -16256_1,:-65969_0_0 :-65969_0_1,193.144,downstream,S4,S4成宜昭高速（成宜段）
-50797,-9374_0 -9374_1 -9374_2,:-50797_0_0 :-50797_0_1 :-50797_0_2,193.144,clockwise,SA2,SA002002
-58829,-12814_0,:-58829_0_0 :-58829_1_0,193.144,counterclockwise,SA2,SA002002
-52270,-14696_0,:-52270_0_0,193.144,clockwise,SA2,SA002002
-58827,,,193.144,counterclockwise,SA2,SA002002
-60172,-15726_0 -15726_1,:-60172_0_0 :-60172_0_1,193.173,downstream,S4,S4成宜昭高速（成宜段）
-41917,-11684_0 -11684_1 -11684_2,:-41917_0_0 :-41917_0_1 :-41917_0_2,193.266,downstream,SA2,SA002002
-41918,-6098_0 -6098_1 -6098_2,:-41918_0_0 :-41918_0_1 :-41918_0_2,193.367,downstream,SA2,SA002002
-44986,-9592_0 -9592_1 -9592_2,:-44986_0_0 :-44986_0_1 :-44986_0_2,193.485,clockwise,SA2,SA002002
-58381,-13328_0 -13328_1,:-58381_0_0 :-58381_0_1,193.622,downstream,S4,S4成宜昭高速（成宜段）
-44671,-9438_0 -9438_1 -9438_2,:-44671_0_0,193.776,downstream,SA2,SA002002
-46073,-12570_0 -12570_1,:-46073_0_0 :-46073_0_1,193.890,downstream,S4,S4成宜昭高速（成宜段）
-46074,-7704_0 -7704_1,:-46074_0_0 :-46074_0_1,193.948,downstream,S4,S4成宜昭高速（成宜段）
-61370,-13734_0 -13734_1,:-61370_0_0 :-61370_0_1,194.265,downstream,S4,S4成宜昭高速（成宜段）
-64554,-15754_0,:-64554_0_0,194.270,clockwise,SA2,SA002002
-62836,-14298_0 -14298_1 -14298_2,:-62836_0_0 :-62836_1_0 :-62836_1_1 :-62836_1_2,194.270,clockwise,SA2,SA002002
-64002,-14766_0,:-64002_0_0 :-64002_1_0,194.270,clockwise,SA2,SA002002
-63997,-16932_0,:-63997_0_0,194.270,clockwise,SA2,SA002002
-60577,-16800_0,:-60577_0_0,194.270,counterclockwise,SA2,SA002002
-51722,-13486_0 -15752_0,:-51722_0_0 :-51722_1_0,194.270,clockwise,SA2,SA002002
-64204,-16934_0 -16934_1 -16934_2,:-64204_0_0 :-64204_0_1 :-64204_0_2,194.334,downstream,SA2,SA002002
-41119,-17312_0 -17312_1,:-41119_0_0 :-41119_0_1,194.495,downstream,S4,S4成宜昭高速（成宜段）
-41120,-5814_0 -5814_1,:-41120_0_0 :-41120_0_1,194.653,downstream,S4,S4成宜昭高速（成宜段）
-33383,-14898_0 -14898_1 -14898_2,:-33383_0_0 :-33383_0_1 :-33383_0_2,194.993,downstream,SA2,SA002002
-29183,-7244_0 -7244_1 -7244_2,:-29183_0_0 :-29183_0_1 :-29183_0_2,195.088,downstream,SA2,SA002002
-29188,-1692_0 -1692_1 -1692_2,:-29188_0_0 :-29188_0_1 :-29188_0_2,195.701,downstream,SA2,SA002002
-48885,-14302_0 -14302_1 -14302_2,:-48885_0_0 :-48885_0_1 :-48885_0_2,195.774,downstream,SA2,SA002002
-33389,-5296_0 -3028_0 -3028_1 -3028_2,:-33389_0_0 :-33389_1_0 :-33389_1_1 :-33389_1_2,195.998,downstream,SA2,SA002002
-27216,-1080_0,:-27216_0_0,195.999,counterclockwise,SA2,SA002002
-27207,-7514_0,:-27207_0_0,195.999,clockwise,SA2,SA002002
-45592,-8718_0 -8718_1 -8718_2,:-45592_0_0 :-45592_1_0 :-45592_1_1 :-45592_1_2,195.999,downstream,SA2,SA002002
-31203,-10054_0,:-31203_0_0,196.519,clockwise,SA2,SA002002
-31218,-2298_0 -7516_0 -7516_1 -7516_2,:-31218_0_0 :-31218_1_0 :-31218_1_1 :-31218_1_2,196.519,downstream,SA2,SA002002
-43511,-16890_0 -16890_1 -16890_2,:-43511_0_0 :-43511_0_1 :-43511_0_2,197.271,downstream,SA2,SA002002
-38191,-6678_0 -6678_1 -6678_2,:-38191_0_0 :-38191_0_1 :-38191_0_2,197.302,downstream,SA2,SA002002
-38195,-4776_0 -4776_1 -4776_2,:-38195_0_0 :-38195_0_1 :-38195_0_2,199.295,upstream,SA2,SA002002
-25550,-10918_0 -10918_1 -10918_2,:-25550_0_0 :-25550_0_1 :-25550_0_2,199.476,upstream,SA2,SA002002
-38821,-11292_0 -11292_1 -11292_2,:-38821_0_0 :-38821_0_1 :-38821_0_2,199.492,upstream,SA2,SA002002
-50104,-10024_0 -10024_1 -10024_2,:-50104_0_0 :-50104_0_1 :-50104_0_2,199.540,upstream,SA2,SA002002
-39367,-5190_0 -9696_0 -9696_1 -9696_2,:-39367_0_0 :-39367_1_0 :-39367_1_1 :-39367_1_2,199.600,upstream,SA2,SA002002
-38822,-4982_0 -4982_1 -4982_2,:-38822_0_0 :-38822_0_1 :-38822_0_2,199.724,upstream,SA2,SA002002
-54622,-16940_0 -16940_1 -16940_2,:-54622_0_0 :-54622_0_1 :-54622_0_2,199.755,upstream,SA2,SA002002
-25551,-618_0 -618_1 -618_2,:-25551_0_0 :-25551_0_1 :-25551_0_2,199.756,upstream,SA2,SA002002
-64817,-15350_0 -15350_1 -15350_2,:-64817_0_0 :-64817_0_1 :-64817_0_2,199.768,clockwise,SA2,SA002002
-45042,-9146_0 -9146_1 -9146_2,:-45042_0_0 :-45042_0_1 :-45042_0_2,199.809,upstream,SA2,SA002002
-41688,-5984_0 -5984_1 -5984_2,:-41688_0_0 :-41688_0_1 :-41688_0_2,199.858,clockwise,SA2,SA002002
-37388,-4512_0,:-37388_0_0,199.858,counterclockwise,SA2,SA002002
-28185,-15162_0 -15162_1 -15162_2,:-28185_0_0 :-28185_0_1 :-28185_0_2,199.944,clockwise,SA2,SA002002
-53204,-12916_0 -12916_1 -12916_2,:-53204_0_0 :-53204_0_1 :-53204_0_2,200.074,clockwise,SA2,SA002002
-40282,-10396_0 -10396_1 -10396_2,:-40282_0_0 :-40282_0_1 :-40282_0_2,200.163,downstream,SA2,SA002002
-40285,-5512_0 -5512_1 -5512_2,:-40285_0_0 :-40285_0_1 :-40285_0_2,200.714,downstream,SA2,SA002002
-45179,-13852_0 -13852_1 -13852_2,:-45179_0_0 :-45179_0_1 :-45179_0_2,200.740,downstream,SA2,SA002002
-45183,-7320_0 -7320_1 -7320_2,:-45183_0_0 :-45183_0_1 :-45183_0_2,201.320,downstream,SA2,SA002002
-31529,-13388_0 -13388_1 -13388_2,:-31529_0_0 :-31529_0_1 :-31529_0_2,201.349,downstream,SA2,SA002002
-28202,-1402_0 -1402_1 -1402_2,:-28202_0_0 :-28202_0_1 :-28202_0_2,201.891,downstream,SA2,SA002002
-31534,-2378_0 -2378_1 -2378_2,:-31534_0_0 :-31534_0_1 :-31534_0_2,202.299,downstream,SA2,SA002002
-46428,-7852_0,,202.596,counterclockwise,SA2,SA002002
-31845,-2476_0 -14506_0,:-31845_0_0 :-31845_1_0,202.596,counterclockwise,SA2,SA2成都第二绕城高速（西段）
-49205,-8854_0 -8854_1 -8854_2,:-49205_0_0 :-49205_0_1 :-49205_0_2,202.853,upstream,SA2,SA2成都第二绕城高速（西段）
-31836,-13104_0 -13104_1 -13104_2,:-31836_0_0 :-31836_1_0 :-31836_1_1 :-31836_1_2,202.902,clockwise,SA2,SA2成都第二绕城高速（西段）
-31851,-3208_0 -2478_0 -2478_1 -2478_2,:-31851_0_0 :-31851_1_0 :-31851_1_1 :-31851_1_2,203.601,clockwise,SA2,SA2成都第二绕城高速（西段）
-33770,-3206_0,:-33770_0_0,203.601,counterclockwise,SA2,SA2成都第二绕城高速（西段）
-30470,-2076_0,:-30470_0_0 :-30470_1_0,203.601,clockwise,SA2,SA2成都第二绕城高速（西段）
-30468,,,203.601,clockwise,SA2,SA2成都第二绕城高速（西段）
-61662,-14580_0 -14580_1 -14580_2,:-61662_0_0 :-61662_0_1 :-61662_0_2,203.699,downstream,SA2,SA2成都第二绕城高速（西段）
-56210,-11616_0 -11616_1 -11616_2,:-56210_0_0 :-56210_0_1 :-56210_0_2,203.788,upstream,SA2,SA002002
-56734,-12184_0 -12184_1 -12184_2,:-56734_0_0 :-56734_0_1 :-56734_0_2,203.838,clockwise,SA2,SA002002
-56209,-13848_0 -13848_1 -13848_2,:-56209_0_0 :-56209_0_1 :-56209_0_2,203.838,upstream,SA2,SA002002
-52137,-9992_0 -9992_1 -9992_2,:-52137_0_0 :-52137_0_1 :-52137_0_2,206.489,upstream,SA2,SA002002
-55621,-11348_0 -11348_1 -11348_2,:-55621_0_0 :-55621_0_1 :-55621_0_2,206.830,clockwise,SA2,SA002002
-47598,-11894_0 -11894_1 -11894_2,:-47598_0_0 :-47598_0_1 :-47598_0_2,206.926,clockwise,SA2,SA002002
-47599,-8286_0 -8286_1 -8286_2,:-47599_0_0 :-47599_0_1 :-47599_0_2,206.986,downstream,SA2,SA002002
-67780,-17246_0 -17246_1 -17246_2,:-67780_0_0 :-67780_0_1 :-67780_0_2,207.682,downstream,SA2,SA002002
-59868,-13192_0,:-59868_0_0,208.403,clockwise,SA2,SA002002
-44086,-16544_0 -16544_1 -16544_2,:-44086_0_0 :-44086_1_0 :-44086_1_1 :-44086_1_2,208.403,downstream,SA2,SA002002
-39644,-5280_0 -13550_0,:-39644_0_0 :-39644_1_0,208.403,clockwise,SA2,SA002002
-44090,-6874_0,:-44090_0_0 :-44090_1_0,208.403,clockwise,SA2,SA002002
-42857,-7816_0 -15698_0,:-42857_0_0 :-42857_1_0,208.403,clockwise,SA2,SA002002
-46339,-13190_0,:-46339_0_0,208.403,clockwise,SA2,SA002002
-27339,-13304_0 -13304_1 -13304_2,:-27339_0_0 :-27339_0_1 :-27339_0_2,209.930,clockwise,SA2,SA002002
-27340,-1122_0 -1122_1 -1122_2,:-27340_0_0 :-27340_0_1 :-27340_0_2,209.989,downstream,SA2,SA002002
-59030,-14212_0,:-59030_0_0,210.036,counterclockwise,SA2,SA002002
-47370,-8200_0 -10872_0,:-47370_0_0 :-47370_1_0,210.036,clockwise,SA2,SA002002
-54492,-12896_0,:-54492_0_0,210.036,counterclockwise,SA2,SA002002
-33360,-3024_0 -3024_1 -3024_2,:-33360_0_0 :-33360_0_1 :-33360_0_2,210.075,downstream,SA2,SA002002
-62335,-15966_0,:-62335_0_0,210.123,clockwise,SA2,SA002002
-52510,-14116_0,:-52510_0_0,210.123,clockwise,SA2,SA002002
-46669,-7940_0 -7940_1 -7940_2,:-46669_0_0 :-46669_1_0 :-46669_1_1 :-46669_1_2,210.123,downstream,SA2,SA002002
-52518,-10168_0,:-52518_0_0,210.123,counterclockwise,SA2,SA002002
-51495,-15964_0 -15964_1 -15964_2,:-51495_0_0 :-51495_0_1 :-51495_0_2,210.126,downstream,SA2,SA002002
-41357,-14392_0 -14392_1 -14392_2,:-41357_0_0 :-41357_0_1 :-41357_0_2,211.015,clockwise,SA2,SA002002
-45787,-12848_0,:-45787_0_0,211.015,counterclockwise,SA2,SA002002
-42106,-11394_0,:-42106_0_0,211.015,counterclockwise,SA2,SA002002
-31898,-2496_0,:-31898_0_0 :-31898_1_0,211.015,counterclockwise,SA2,SA002002
-40996,-6168_0 -7596_0,:-40996_0_0 :-40996_1_0,211.015,counterclockwise,SA2,SA002002
-40512,-5598_0,:-40512_0_0 :-40512_1_0,211.015,counterclockwise,SA2,SA002002
-25372,-582_0 -582_1 -582_2,:-25372_0_0 :-25372_0_1 :-25372_0_2,211.073,upstream,SA2,SA002002
-37840,-4660_0 -4660_1 -4660_2,:-37840_0_0 :-37840_0_1 :-37840_0_2,211.385,upstream,SA2,SA002002
-25367,-13494_0 -13494_1 -13494_2,:-25367_0_0 :-25367_0_1 :-25367_0_2,211.425,upstream,SA2,SA002002
-65254,-15346_0 -15346_1 -15346_2,:-65254_0_0 :-65254_0_1 :-65254_0_2,211.435,clockwise,SA2,SA002002
-41363,-5890_0 -5890_1 -5890_2,:-41363_0_0 :-41363_0_1 :-41363_0_2,211.507,clockwise,SA2,SA002002
-56974,-12000_0 -12000_1 -12000_2,:-56974_0_0 :-56974_0_1 :-56974_0_2,211.566,downstream,SA2,SA002002
-26776,-15806_0 -15806_1 -15806_2,:-26776_0_0 :-26776_0_1 :-26776_0_2,211.925,clockwise,SA2,SA002002
-28699,-16210_0 -13366_0,:-28699_0_0 :-28699_1_0,212.254,clockwise,SA2,SA002002
-47135,-8088_0,:-47135_0_0 :-47135_1_0,212.254,clockwise,SA2,SA002002
-28700,-1558_0,:-28700_0_0 :-28700_1_0,212.254,clockwise,SA2,SA002002
-26779,-958_0 -958_1 -958_2,:-26779_0_0 :-26779_1_0 :-26779_1_1 :-26779_1_2,212.254,downstream,SA2,SA002002
-39641,-13368_0,:-39641_0_0,212.254,clockwise,SA2,SA002002
-55683,-11396_0,:-55683_0_0,212.254,counterclockwise,SA2,SA002002
-64055,-14816_0,,212.739,counterclockwise,SA2,SA002002
-39742,-5316_0,:-39742_0_0,212.739,counterclockwise,SA2,SA002002
-42515,-6310_0 -7248_0,:-42515_0_0 :-42515_1_0,212.739,counterclockwise,SA2,SA002002
-26717,-930_0 -15092_0 -15092_1 -15092_2,:-26717_0_0 :-26717_1_0 :-26717_1_1 :-26717_1_2,212.925,upstream,SA2,SA002002
-42521,-6312_0 -6312_1 -6312_2,:-42521_0_0 :-42521_0_1 :-42521_0_2,212.945,upstream,SA2,SA002002
-29612,-17354_0 -17354_1 -17354_2,:-29612_0_0 :-29612_0_1 :-29612_0_2,212.949,upstream,SA2,SA002002
-42493,-10674_0 -10674_1 -10674_2,:-42493_0_0 :-42493_1_0 :-42493_1_1 :-42493_1_2,212.960,upstream,SA2,SA002002
-25789,-676_0 -676_1 -676_2,:-25789_0_0 :-25789_0_1 :-25789_0_2,212.964,upstream,SA2,SA002002
-29617,-1794_0 -1794_1 -1794_2,:-29617_0_0 :-29617_0_1 :-29617_0_2,212.981,upstream,SA2,SA002002
-47200,-14210_0 -14210_1 -14210_2,:-47200_0_0 :-47200_0_1 :-47200_0_2,213.041,upstream,SA2,SA002002
-48566,-16016_0 -16016_1 -16016_2,:-48566_0_0 :-48566_0_1 :-48566_0_2,213.055,downstream,SA2,SA002002
-25787,-8602_0 -6620_0 -6620_1 -6620_2,:-25787_0_0 :-25787_0_1 :-25787_2_0 :-25787_2_1 :-25787_2_2,213.092,upstream,SA2,SA002002
-25355,-8720_0 -8720_1 -8720_2,:-25355_0_0 :-25355_0_1 :-25355_0_2,213.150,upstream,SA2,SA002002
-42783,-8596_0 -8596_1 -8596_2,:-42783_0_0 :-42783_0_1 :-42783_0_2,213.153,downstream,SA2,SA002002
-47202,-8122_0 -8122_1 -8122_2,:-47202_0_0 :-47202_0_1 :-47202_0_2,213.154,upstream,SA2,SA002002
-30660,-16926_0 -16926_1 -16926_2,:-30660_0_0 :-30660_0_1 :-30660_0_2,213.154,upstream,SA2,SA002002
-46517,-7880_0 -7880_1 -7880_2,:-46517_0_0 :-46517_0_1 :-46517_0_2,213.164,upstream,SA2,SA002002
-44557,-15382_0 -15382_1 -15382_2,:-44557_0_0 :-44557_0_1 :-44557_0_2,213.171,upstream,SA2,SA002002
-58847,-15690_0 -15690_1 -15690_2,:-58847_0_0 :-58847_0_1 :-58847_0_2,213.180,clockwise,SA2,SA002002
-59974,,,213.180,counterclockwise,SA2,SA002002
-26694,-928_0,:-26694_0_0,213.180,clockwise,SA2,SA002002
-37595,-4580_0 -4580_1 -4580_2,:-37595_0_0 :-37595_0_1 :-37595_0_2,213.180,counterclockwise,SA2,SA002002
-46401,-7838_0,:-46401_0_0,213.180,counterclockwise,SA2,SA002002
-35315,-3692_0 -6100_0 -6100_1 -6100_2,:-35315_0_0 :-35315_1_0 :-35315_1_1 :-35315_1_2,213.180,counterclockwise,SA2,SA002002
-42681,-6384_0 -6384_1 -6384_2,:-42681_0_0 :-42681_0_1 :-42681_0_2,213.180,clockwise,SA2,SA002002
-26691,-13256_0,:-26691_0_0 :-26691_1_0,213.180,counterclockwise,SA2,SA002002
-29339,-1726_0 -1726_1 -1726_2,:-29339_0_0 :-29339_0_1 :-29339_0_2,213.180,clockwise,SA2,SA002002
-60129,-17328_0 -17328_1 -17328_2,:-60129_0_0 :-60129_0_1 :-60129_0_2,213.180,upstream,SA2,SA002002
-33110,-2938_0,:-33110_0_0,213.180,counterclockwise,SA2,SA002002
-29338,-9960_0 -9960_1 -9960_2,:-29338_0_0 :-29338_0_1 :-29338_0_2,213.180,clockwise,SA2,SA002002
-42789,-6420_0 -6420_1 -6420_2,:-42789_0_0 :-42789_0_1 :-42789_0_2,213.903,downstream,SA2,SA002002
-40397,-9618_0 -9618_1 -9618_2,:-40397_0_0 :-40397_0_1 :-40397_0_2,213.924,downstream,SA2,SA002002
-36813,-10718_0 -4274_0,:-36813_0_0 :-36813_1_0,214.105,clockwise,SA2,SA002002
-36808,-4272_0,:-36808_0_0,214.105,clockwise,SA2,SA002002
-47132,-16736_0 -8086_0 -8086_1 -8086_2,:-47132_0_0 :-47132_1_0 :-47132_1_1 :-47132_1_2,214.105,downstream,SA2,SA002002
-54118,-12850_0,:-54118_0_0,214.105,clockwise,SA2,SA002002
-52132,-12592_0 -12592_1 -12592_2,:-52132_0_0 :-52132_0_1 :-52132_0_2,214.623,downstream,SA2,SA002002
-34672,-3486_0,:-34672_0_0,215.581,counterclockwise,SA2,SA002002
-34662,-12524_0,:-34662_0_0,215.581,counterclockwise,SA2,SA002002
-40402,-5562_0 -5562_1 -5562_2,:-40402_0_0 :-40402_0_1 :-40402_0_2,215.706,upstream,SA2,SA002002
-54989,-11058_0 -11058_1 -11058_2,:-54989_0_0 :-54989_1_0 :-54989_1_1 :-54989_1_2,215.800,upstream,SA2,SA002002
-26676,-5528_0 -918_0 -918_1 -918_2,:-26676_0_0 :-26676_1_0 :-26676_1_1 :-26676_1_2,215.848,upstream,SA2,SA002002
-26673,-12522_0 -12522_1 -12522_2,:-26673_0_0 :-26673_0_1 :-26673_0_2,215.971,upstream,SA2,SA002002
-39615,-5274_0 -5274_1 -5274_2,:-39615_0_0 :-39615_0_1 :-39615_0_2,216.019,clockwise,SA2,SA002002
-56516,-12826_0 -12826_1 -12826_2,:-56516_0_0 :-56516_0_1 :-56516_0_2,216.222,clockwise,SA2,SA002002
-56517,-11760_0 -11760_1 -11760_2,:-56517_0_0 :-56517_0_1 :-56517_0_2,216.243,downstream,SA2,SA002002
-58392,-12578_0 -12578_1 -12578_2,:-58392_0_0 :-58392_1_0 :-58392_1_1 :-58392_1_2,216.956,downstream,SA2,SA002002
-57921,-15078_0,:-57921_0_0,216.956,clockwise,SA2,SA002002
-56882,-11932_0,,216.956,clockwise,SA2,SA002002
-56878,-13456_0 -12376_0,:-56878_0_0 :-56878_1_0,216.956,clockwise,SA2,SA002002
-40307,-11778_0,:-40307_0_0,217.768,counterclockwise,SA2,SA002002
-33501,-5706_0 -13454_0 -13454_1 -13454_2,:-33501_0_0 :-33501_1_0 :-33501_1_1 :-33501_1_2,217.768,downstream,SA2,SA002002
-47600,,,217.768,clockwise,SA2,SA002002
-40778,-8290_0,:-40778_0_0 :-40778_1_0,217.768,clockwise,SA2,SA002002
-40796,-5708_0,:-40796_0_0,217.768,counterclockwise,SA2,SA002002
-33508,-3088_0 -3088_1 -3088_2,:-33508_0_0 :-33508_0_1 :-33508_0_2,218.348,downstream,SA2,SA002002
-45835,-7614_0 -7614_1 -7614_2,:-45835_0_0 :-45835_0_1 :-45835_0_2,218.986,downstream,SA2,SA002002
-47048,-8054_0 -8054_1 -8054_2,:-47048_0_0 :-47048_0_1 :-47048_0_2,219.048,clockwise,SA2,SA002002
-55763,-11430_0 -11430_1 -11430_2,:-55763_0_0 :-55763_0_1 :-55763_0_2,219.087,downstream,SA2,SA002002
-35163,-16568_0 -16568_1 -16568_2,:-35163_0_0 :-35163_0_1 :-35163_0_2,220.402,downstream,SA2,SA002002
-30965,-3640_0 -3640_1 -3640_2,:-30965_0_0 :-30965_0_1 :-30965_0_2,220.422,downstream,SA2,SA002002
-30976,-2218_0 -2218_1 -2218_2,:-30976_0_0 :-30976_0_1 :-30976_0_2,221.428,downstream,SA2,SA002002
-40627,-5654_0 -5654_1 -5654_2,:-40627_0_0 :-40627_0_1 :-40627_0_2,221.488,downstream,SA2,SA002002
-31374,-8806_0 -8806_1 -8806_2,:-31374_0_0 :-31374_0_1 :-31374_0_2,223.207,downstream,SA2,SA002002
-31398,-2340_0 -2340_1 -2340_2,:-31398_0_0 :-31398_0_1 :-31398_0_2,224.533,downstream,SA2,SA002002
-40297,-7182_0 -7182_1 -7182_2,:-40297_0_0 :-40297_0_1 :-40297_0_2,225.141,downstream,SA2,SA002002
-40299,-5524_0 -5524_1 -5524_2,:-40299_0_0 :-40299_1_0 :-40299_1_1 :-40299_1_2,225.261,downstream,SA2,SA002002
-47342,-10888_0,:-47342_0_0,225.261,clockwise,SA2,SA002002
-59997,-13262_0,,225.261,clockwise,SA2,SA002002
-25901,-10886_0 -10886_1 -10886_2,:-25901_0_0 :-25901_0_1 :-25901_0_2,225.527,downstream,SA2,SA002002
-25908,-710_0 -710_1 -710_2,:-25908_0_0 :-25908_0_1 :-25908_0_2,225.982,downstream,SA2,SA002002
-41441,-6422_0 -6422_1 -6422_2,:-41441_0_0 :-41441_0_1 :-41441_0_2,226.051,downstream,SA2,SA002002
-33096,-14600_0,:-33096_0_0,226.285,counterclockwise,SA2,SA002002
-52742,-10226_0,:-52742_0_0,226.285,clockwise,SA2,SA002002
-52683,-12982_0,:-52683_0_0 :-52683_1_0,226.285,clockwise,SA2,SA002002
-41444,-10224_0 -5920_0 -5920_1 -5920_2,:-41444_0_0 :-41444_1_0 :-41444_1_1 :-41444_1_2,226.285,downstream,SA2,SA002002
-59315,,,226.285,clockwise,SA2,SA002002
-30081,-8416_0 -8416_1 -8416_2,:-30081_0_0 :-30081_1_0 :-30081_1_1 :-30081_1_2,229.361,downstream,SA2,SA002002
-30114,-1966_0,:-30114_0_0,229.361,clockwise,SA2,SA002002
-30125,-1968_0 -1968_1 -1968_2,:-30125_0_0 :-30125_0_1 :-30125_0_2,229.910,downstream,SA2,SA002002
-52017,-10210_0,:-52017_0_0,229.994,clockwise,SA2,SA002002
-52052,-9946_0 -14676_0 -14676_1 -14676_2,:-52052_0_0 :-52052_1_0 :-52052_1_1 :-52052_1_2,229.994,downstream,SA2,SA002002
-47334,-14658_0 -14658_1 -14658_2,:-47334_0_0 :-47334_0_1 :-47334_0_2,230.837,downstream,SA2,SA002002
-47336,-8194_0 -8194_1 -8194_2,:-47336_0_0 :-47336_0_1 :-47336_0_2,230.873,downstream,SA2,SA002002
-56292,-11658_0 -11658_1 -11658_2,:-56292_0_0 :-56292_0_1 :-56292_0_2,232.613,downstream,SA2,SA002002
-27516,-16826_0 -16826_1 -16826_2,:-27516_0_0 :-27516_0_1 :-27516_0_2,232.667,downstream,SA2,SA002002
-33554,-3096_0 -3096_1 -3096_2,:-33554_0_0 :-33554_0_1 :-33554_0_2,234.058,clockwise,SA2,SA002002
-33551,-7898_0 -7898_1 -7898_2,:-33551_0_0 :-33551_0_1 :-33551_0_2,234.058,clockwise,SA2,SA002002
-39225,-5136_0 -5136_1 -5136_2,:-39225_0_0 :-39225_0_1 :-39225_0_2,234.058,clockwise,SA2,SA002002
-26242,-800_0 -800_1 -800_2,:-26242_0_0 :-26242_0_1 :-26242_0_2,234.058,clockwise,SA2,SA002002
-26212,-1162_0 -1162_1 -1162_2,:-26212_0_0 :-26212_0_1 :-26212_0_2,234.058,downstream,SA2,SA002002
-46559,-11738_0 -11738_1 -11738_2,:-46559_0_0 :-46559_1_0 :-46559_1_1 :-46559_1_2,234.058,clockwise,SA2,SA002002
-46150,,,247.869,downstream,G5013,G5013001
-42094,-6164_0 -6164_1,:-42094_0_0 :-42094_0_1,250.643,upstream,G5013,G5013001
-41989,-7736_0 -7736_1 -7736_2,:-41989_0_0 :-41989_0_1 :-41989_0_2,250.811,downstream,G5013,G5013001
-42089,-12892_0 -12892_1 -12892_2,:-42089_0_0 :-42089_0_1 :-42089_2_0 :-42089_2_1,250.916,upstream,G5013,G5013001
-36309,-16392_0 -16392_1 -9392_0 -9392_1,:-36309_0_0 :-36309_0_1 :-36309_2_0 :-36309_2_1,250.918,upstream,G5013,G5013001
-33434,-3052_0 -3052_1 -3052_2 -3052_3,:-33434_0_0 :-33434_0_1 :-33434_2_0 :-33434_2_1 :-33434_2_2,250.964,upstream,G5013,G5013001
J125,-13460_0 -13460_1 -13460_2,:J125_0_0 :J125_0_1 :J125_0_2,251.056,downstream,G5013,G5013001
-33433,,,251.056,upstream,G5013,G5013001
J124,-6132_0 -6132_1 -6132_2,:J124_0_0 :J124_0_1 :J124_0_2,251.063,downstream,G5013,G5013001
-31802,-13460.260_0 -13460.260_1 -13460.260_2,:-31802_0_0 :-31802_0_1 :-31802_0_2,251.215,downstream,G5013,G5013001
-41992,-6132.252_0 -6132.252_1 -6132.252_2,:-41992_0_0 :-41992_0_1 :-41992_0_2,251.229,downstream,G5013,G5013001
-57530,-12232_0 -12232_1 -12232_2,:-57530_0_0 :-57530_0_1 :-57530_0_2,253.531,downstream,G5013,G5013001
-64279,-17292_0 -17292_1 -17292_2,:-64279_0_0 :-64279_0_1 :-64279_0_2,253.819,downstream,G5013,G5013001
-60161,-14928_0 -14928_1 -14928_2,:-60161_0_0 :-60161_0_1 :-60161_2_0 :-60161_2_1,253.874,downstream,G5013,G5013001
-31809,-2466_0 -2466_1 -2466_2,,254.144,downstream,G5013,G5013001
-34906,-3542_0 -3542_1 -13324_0 -13324_1,:-34906_0_0 :-34906_0_1 :-34906_2_0 :-34906_2_1,254.661,downstream,G5013,G5013001
-35125,-16022_0 -16022_1 -3632_0 -3632_1 -3632_2,:-35125_0_0 :-35125_0_1 :-35125_2_0 :-35125_2_1 :-35125_2_2,254.913,downstream,G5013,G5013001
-55392,-11240_0 -11240_1 -11240_2 -11240_3,,255.117,downstream,G5013,G5013001
J142,-12268_0,,1526.442,upstream,G5,G0005002
-32165,-2580_0,:-32165_0_0,1526.442,upstream,G5,G0005002
-39686,-5292_0,:-39686_0_0,1526.442,upstream,G5,G0005002
-27854,-4718_0 -4718_1,:-27854_0_0 :-27854_0_1,1527.971,upstream,G5,G0005002
-35825,-3868_0 -3868_1,:-35825_0_0 :-35825_0_1,1528.114,upstream,G5,G0005002
-65655,-15550_0 -15550_1,:-65655_0_0 :-65655_0_1,1528.134,upstream,G5,G0005002
-32611,-2738#1.834_0 -2738#1.834_1,:-32611_0_0 :-32611_0_1,1528.202,upstream,G5,G0005002
-37985,-6276_0,:-37985_0_0,1528.213,upstream,G5,G0005002
-26764,-9346_0 -9346_1,:-26764_0_0 :-26764_0_1,1528.257,upstream,G5,G0005002
-27856,-16372#1_0 -16372#1_1,:-27856_0_0 :-27856_0_1,1528.285,upstream,G5,G0005002
-27855,-16372#0_0 -16372#0_1,:-27855_0_0 :-27855_0_1,1528.297,upstream,G5,G0005002
-37987,-4694_0 -12872_0 -12872_1,:-37987_0_0 :-37987_1_0 :-37987_1_1,1528.317,upstream,G5,G0005002
-51889,-9886_0 -9886_1,:-51889_0_0 :-51889_0_1,1528.322,upstream,G5,G0005002
-38820,-4980_0 -4980_1,:-38820_0_0 :-38820_0_1,1528.335,upstream,G5,G0005002
-50726,-9354_0 -9354_1,:-50726_0_0 :-50726_0_1,1528.338,upstream,G5,G0005002
-27859,-1314_0 -1314_1,:-27859_0_0 :-27859_0_1,1528.371,upstream,G5,G0005002
-49299,-8892_0 -8892_1,:-49299_0_0 :-49299_0_1,1528.393,upstream,G5,G0005002
-62128,-14042_0 -14042_1,:-62128_0_0 :-62128_0_1,1528.394,upstream,G5,G0005002
-26765,-950_0 -950_1,:-26765_0_0 :-26765_0_1,1528.403,upstream,G5,G0005002
-32166,-2582_0 -2582_1,:-32166_0_0 :-32166_0_1,1528.405,upstream,G5,G0005002
-33168,-8008_0 -8008_1,:-33168_0_0 :-33168_0_1,1528.417,upstream,G5,G0005002
-27857,-16372#2_0 -16372#2_1,:-27857_0_0 :-27857_0_1 :-27857_2_0,1528.420,downstream,G5,G0005002
-35823,-12380_0 -12380_1,:-35823_0_0 :-35823_0_1,1528.420,upstream,G5,G0005002
-58356,,,1528.420,upstream,G5,G0005002
-32609,E34_0 E34_1,:-32609_0_0 :-32609_0_1,1528.591,upstream,G5,G0005002
-45892,-7636_0 -7636_1,:-45892_0_0 :-45892_0_1 :-45892_2_0 :-45892_2_1,1528.591,downstream,G5,G0005002
-27858,-1312#3_0 -1312#3_1 -16372#3_0 -16372#3_1,:-27858_0_0 :-27858_0_1 :-27858_2_0 :-27858_2_1,1528.797,downstream,G5,G0005002
-57924,-13968_0 -13968_1,:-57924_0_0 :-57924_0_1,1528.797,upstream,G5,G0005002
-38505,-15188_0 -15188_1,:-38505_0_0 :-38505_0_1,1528.893,downstream,G5,G0005002
-69244,-17234#0_0 -17234#0_1 -17236#0_0 -17236#0_1,:-69244_0_0 :-69244_0_1 :-69244_2_0 :-69244_2_1,1528.968,downstream,G5,G0005002
-69245,-17236#1_0 -17236#1_1,:-69245_0_0 :-69245_0_1,1529.201,downstream,G5,G0005002
-69246,-17236#2_0 -17236#2_1,:-69246_0_0 :-69246_0_1,1529.478,downstream,G5,G0005002
-68968,-17236#3_0 -17236#3_1,:-68968_0_0 :-68968_0_1,1529.726,downstream,G5,G0005002
-38586,-17098_0 -17098_1,:-38586_0_0 :-38586_0_1,1529.825,downstream,G5,G0005002
-38519,-4866_0 -4866_1,:-38519_0_0 :-38519_0_1,1530.195,downstream,G5,G0005002
-38590,-4886_0 -4886_1,:-38590_0_0 :-38590_0_1,1530.720,downstream,G5,G0005002
-62225,-14088_0 -14088_1,:-62225_0_0 :-62225_0_1,1530.770,downstream,G5,G0005002
-64953,-16662_0 -16662_1,:-64953_0_0 :-64953_0_1,1530.978,downstream,G5,G0005002
-26366,-15210_0 -15210_1,:-26366_0_0 :-26366_0_1,1531.119,downstream,G5,G0005002
-54436,-10850_0,:-54436_0_0,1531.545,downstream,G5,G5京昆高速公路绵广沙陵段
-62568,-14206#1_0 E35_0 E35_1,:-62568_0_0 :-62568_0_1 :-62568_2_0 :-62568_2_1,1531.545,downstream,G5,G5京昆高速公路绵广沙陵段
-32610,-14206#0_0,:-32610_0_0,1531.545,downstream,G5,G5京昆高速公路绵广沙陵段
-35904,-5520_0 -5520_1,:-35904_0_0 :-35904_1_0 :-35904_1_1,1531.896,upstream,G5,G0005002
-26367,-846_0 -846_1,:-26367_0_0 :-26367_0_1,1532.022,upstream,G5,G0005002
-35919,-3914_0 -5402_0,:-35919_0_0 :-35919_1_0,1532.031,upstream,G5,G0005002
-54435,-13248_0,:-54435_0_0,1532.031,downstream,G5,G5京昆高速公路绵广沙陵段
-48355,-8524_0,:-48355_0_0 :-48355_1_0,1532.031,downstream,G5,G0005002
-53701,-10576_0,,1532.031,upstream,G5,G0005002
-33541,-13246_0 -3912_0 -3912_1,:-33541_0_0 :-33541_1_0 :-33541_1_1,1532.031,downstream,G5,G0005002
-40004,-8400_0,:-40004_0_0,1532.031,upstream,G5,G5京昆高速公路绵广沙陵段
-48354,,,1532.031,downstream,G5,G5京昆高速公路绵广沙陵段
-55777,-17262_0 -17262_1,:-55777_0_0 :-55777_0_1,1532.160,downstream,G5,G5京昆高速公路绵广沙陵段
-55778,-11442_0 -11442_1,:-55778_0_0 :-55778_0_1,1532.180,downstream,G5,G5京昆高速公路绵广沙陵段
-59816,-13180_0 -13180_1,:-59816_0_0 :-59816_1_0 :-59816_1_1,1532.444,upstream,G5,G0005002
-35265,-3962_0 -3962_1,:-35265_0_0 :-35265_0_1,1532.444,upstream,G5,G0005002
-47961,-14226_0,:-47961_0_0,1532.444,upstream,G5,G0005002
-36050,-16148_0 -16148_1,:-36050_0_0 :-36050_0_1 :-36050_2_0 :-36050_2_1,1532.444,upstream,G5,G0005002
-35270,-3670_0 -3670_1 -15510_0,:-35270_0_0 :-35270_1_0,1532.444,upstream,G5,G0005002
-48644,-8622_0,:-48644_0_0,1532.444,upstream,G5,G0005002
-65588,-16998_0,:-65588_0_0,1532.444,upstream,G5,G0005002
-63305,-14498_0,:-63305_0_0 :-63305_0_1,1532.444,upstream,G5,G0005002
-40292,-5518_0 -5518_1,:-40292_0_0 :-40292_0_1,1532.484,upstream,G5,G0005002
-30347,-16974_0 -16974_1,:-30347_0_0 :-30347_0_1,1532.514,upstream,G5,G0005002
-47963,-8418_0 -14182_0 -14182_1,:-47963_0_0 :-47963_1_0 :-47963_1_1,1532.708,upstream,G5,G0005002
-30348,-2036_0 -2036_1,:-30348_0_0 :-30348_0_1,1532.811,upstream,G5,G0005002
-49744,-14180_0,:-49744_0_0,1532.971,upstream,G5,G0005002
-68340,-16838_0 -16838_1,:-68340_0_0 :-68340_0_1,1532.971,downstream,G5,G0005002
-31941,-9036_0 -16430_0 -16430_1,:-31941_0_0 :-31941_1_0 :-31941_1_1,1532.971,upstream,G5,G0005002
-57456,-14410_0 -14410_1,:-57456_0_0 :-57456_0_1,1533.005,downstream,G5,G0005002
-33544,-3092_0 -3092_1,:-33544_0_0 :-33544_0_1,1533.092,downstream,G5,G0005002
-58097,-16956_0 -16956_1,:-58097_0_0 :-58097_0_1,1533.137,downstream,G5,G0005002
-51607,-12212_0 -12212_1,:-51607_0_0 :-51607_0_1,1533.173,downstream,G5,G0005002
-39901,E28_0 E28_1,:-39901_0_0 :-39901_1_0 :-39901_1_1,1533.824,downstream,G5,G0005002
-39918,-5388_0,:-39918_0_0,1533.824,downstream,G5,G5京昆高速公路绵广沙陵段
-58102,-12460_0 -12460_1,:-58102_0_0 :-58102_0_1,1534.114,downstream,G5,G0005002
-49787,-16426_0 -16426_1,:-49787_0_0 :-49787_0_1,1534.430,downstream,G5,G0005002
-51619,-9732_0 -9732_1,:-51619_0_0 :-51619_0_1,1534.891,downstream,G5,G0005002
-49791,-9040_0 -9040_1,:-49791_0_0 :-49791_1_0 :-49791_1_1,1535.189,downstream,G5,G0005002
-47919,-8404_0,:-47919_0_0,1535.189,downstream,G5,G0005002
-27967,-1326_0,:-27967_0_0,1535.189,downstream,G5,G0005002
-66290,-16854_0 -17134_0 -17134_1,:-66290_0_0 :-66290_1_0 :-66290_1_1,1535.189,downstream,G5,G0005002
-27962,-9538_0,:-27962_0_0,1535.189,downstream,G5,G0005002
-36225,-17382_0 -17382_1,:-36225_0_0 :-36225_0_1,1535.500,downstream,G5,G0005002
-27599,-4040_0 -4040_1,:-27599_0_0 :-27599_0_1,1535.661,downstream,G5,G0005002
-27600,-1190_0 -1190_1,:-27600_0_0 :-27600_0_1,1535.701,downstream,G5,G0005002
-50873,-9540_0 -9540_1,:-50873_0_0 :-50873_1_0 :-50873_1_1,1535.832,downstream,G5,G0005002
-38169,-11706_0 -11706_1,:-38169_0_0 :-38169_0_1,1536.024,downstream,G5,G0005002
-28014,-12838_0,:-28014_0_0,1536.207,downstream,G5,G0005002
-38170,-4762_0 -4762_1,:-38170_0_0 :-38170_1_0 :-38170_1_1,1536.207,downstream,G5,G0005002
-28023,-1344_0,,1536.207,downstream,G5,G0005002
-58888,-12840_0 -12840_1,:-58888_0_0 :-58888_0_1,1536.262,downstream,G5,G0005002
-54924,-16200_0 -16200_1,:-54924_0_0 :-54924_0_1,1536.455,downstream,G5,G0005002
-49026,-11032_0 -11032_1,:-49026_0_0 :-49026_0_1,1536.512,downstream,G5,G0005002
-42361,-6278_0 -8784_0 -8784_1,:-42361_0_0 :-42361_1_0 :-42361_1_1,1536.892,downstream,G5,G0005002
-42341,-14910_0,:-42341_0_0 :-42341_1_0,1536.892,downstream,G5,G0005002
-64239,,,1536.892,downstream,G5,G0005002
-35301,-14588_0 -14588_1,:-35301_0_0 :-35301_0_1,1538.330,downstream,G5,G0005002
-35308,-3688_0 -3688_1,:-35308_0_0 :-35308_0_1,1538.634,downstream,G5,G0005002
-47520,-8252_0 -8252_1,:-47520_0_0 :-47520_0_1,1539.662,downstream,G5,G0005002
-26365,-844_0 -844_1,:-26365_0_0 :-26365_0_1,1540.798,upstream,G5,G0005002
-26359,-16674_0 -9406_0 -9406_1,:-26359_0_0 :-26359_1_0 :-26359_1_1,1540.813,upstream,G5,G0005002
-31250,-15678_0 -15678_1,:-31250_0_0 :-31250_0_1,1541.136,upstream,G5,G0005002
-36053,-3964_0 -3964_1,:-36053_0_0 :-36053_0_1,1541.147,upstream,G5,G0005002
-57899,-16206_0 -16206_1,:-57899_0_0 :-57899_1_0 :-57899_1_1,1541.147,upstream,G5,G0005002
-53897,-15466_0 -15466_1,:-53897_0_0 :-53897_0_1,1541.147,upstream,G5,G0005002
-37696,-4606_0,:-37696_0_0,1541.147,upstream,G5,G0005002
-48632,-12370_0,:-48632_0_0 :-48632_1_0,1541.147,upstream,G5,G0005002
-34533,-3452_0,:-34533_0_0,1541.147,upstream,G5,G0005002
-34520,-9408_0,:-34520_0_0,1541.147,upstream,G5,G0005002
-33093,-2934_0 -2934_1,:-33093_0_0 :-33093_0_1,1541.147,downstream,G5,G0005002
-37695,-8620_0 -10650_0 -10650_1,:-37695_0_0 :-37695_1_0,1541.147,upstream,G5,G0005002
-36546,-6564_0 -5344_0 -5344_1,:-36546_0_0 :-36546_1_0 :-36546_1_1,1541.147,upstream,G5,G0005002
-37940,-11856_0 -11856_1,:-37940_0_0 :-37940_0_1,1546.519,upstream,G5,G0005002
-37952,-4684_0 -4684_1,:-37952_0_0 :-37952_0_1,1546.525,downstream,G5,G0005002
-30039,-15168_0 -1944_0 -1944_1,:-30039_0_0 :-30039_1_0 :-30039_1_1,1546.525,upstream,G5,G0005002
-42619,-16756_0 -16756_1,:-42619_0_0 :-42619_0_1,1549.489,downstream,G5,G0005002
-52404,-10124_0,,1549.941,upstream,G5,G5京昆高速公路绵广沙陵段
-39605,-6522_0 -5268_0,:-39605_0_0 :-39605_1_0,1549.941,upstream,G5,G5京昆高速公路绵广沙陵段
-43583,-7612_0 -7612_1,:-43583_0_0 :-43583_0_1,1549.942,upstream,G5,G5京昆高速公路绵广沙陵段
-46500,-13614_0 -13614_1,:-46500_0_0 :-46500_0_1,1550.074,upstream,G5,G5京昆高速公路绵广沙陵段
-26911,-996_0 -996_1,:-26911_0_0 :-26911_0_1,1550.228,upstream,G5,G5京昆高速公路绵广沙陵段
-25631,-638_0 -638_1,:-25631_0_0 :-25631_0_1,1550.291,upstream,G5,G5京昆高速公路绵广沙陵段
-46501,-7872_0 -7872_1,:-46501_0_0 :-46501_0_1,1550.297,upstream,G5,G5京昆高速公路绵广沙陵段
-56570,-14192_0 -14192_1,:-56570_0_0 :-56570_0_1,1550.308,upstream,G5,G5京昆高速公路绵广沙陵段
-43586,-6718_0 -6718_1,:-43586_0_0 :-43586_0_1,1550.328,upstream,G5,G5京昆高速公路绵广沙陵段
-41916,-7058_0 -7058_1,:-41916_0_0 :-41916_0_1,1550.348,upstream,G5,G5京昆高速公路绵广沙陵段
-27204,-11504_0 -11504_1,:-27204_0_0 :-27204_0_1,1550.355,upstream,G5,G5京昆高速公路绵广沙陵段
-44530,-11806_0 -11806_1,:-44530_0_0 :-44530_0_1,1550.365,upstream,G5,G5京昆高速公路绵广沙陵段
-44479,-7028_0 -7028_1,:-44479_0_0 :-44479_0_1,1550.372,upstream,G5,G5京昆高速公路绵广沙陵段
-28281,-1440_0 -1440_1,:-28281_0_0 :-28281_0_1,1550.375,upstream,G5,G5京昆高速公路绵广沙陵段
-25629,-6096_0 -6096_1,:-25629_0_0 :-25629_0_1,1550.378,upstream,G5,G5京昆高速公路绵广沙陵段
-42631,-6366_0 -6366_1,:-42631_0_0 :-42631_0_1,1550.399,downstream,G5,G0005002
-28279,-9930_0 -9930_1,:-28279_0_0 :-28279_0_1,1550.419,upstream,G5,G5京昆高速公路绵广沙陵段
-27206,-1078_0 -1078_1,:-27206_0_0 :-27206_1_0 :-27206_1_1,1550.424,downstream,G5,G5京昆高速公路绵广沙陵段
-45713,-14616_0 -14616_1,:-45713_0_0 :-45713_0_1,1550.586,downstream,G5,G0005002
-32967,-6520_0 -6520_1,:-32967_0_0 :-32967_0_1,1550.609,downstream,G5,G5京昆高速公路绵广沙陵段
-45714,-7570_0 -7570_1,:-45714_0_0 :-45714_1_0 :-45714_1_1,1550.648,downstream,G5,G0005002
-39599,-11426_0,:-39599_0_0,1550.648,downstream,G5,G0005002
-30037,-2874_0 -2874_1,:-30037_0_0 :-30037_0_1,1550.662,downstream,G5,G5京昆高速公路绵广沙陵段
-36099,-15166_0 -11424_0 -11424_1,:-36099_0_0 :-36099_1_0 :-36099_1_1,1550.842,downstream,G5,G0005002
-51917,-9908_0,:-51917_0_0 :-51917_1_0,1550.842,downstream,G5,G0005002
-51916,,,1550.842,downstream,G5,G0005002
-31637,-3986_0 -3986_1,:-31637_0_0 :-31637_0_1,1551.280,downstream,G5,G0005002
-31639,-2400_0 -2400_1,:-31639_0_0 :-31639_0_1,1551.422,downstream,G5,G0005002
-52394,-10778_0 -10778_1,:-52394_0_0 :-52394_0_1,1553.413,downstream,G5,G0005002
-37731,-10118_0 -10118_1,:-37731_0_0 :-37731_0_1,1553.516,downstream,G5,G0005002
-37743,-4626_0 -4626_1,:-37743_0_0 :-37743_0_1,1554.831,downstream,G5,G0005002
-55081,-11078_0 -11078_1,:-55081_0_0 :-55081_0_1,1554.868,downstream,G5,G0005002
-30373,-12558_0 -12558_1,:-30373_0_0 :-30373_0_1,1554.896,downstream,G5,G0005002
-40453,-5576_0 -5576_1,:-40453_0_0 :-40453_0_1,1555.021,downstream,G5,G0005002
-39779,-11534_0 -11534_1,:-39779_0_0 :-39779_0_1,1555.992,downstream,G5,G0005002
-39797,-5348_0 -5348_1,:-39797_0_0 :-39797_0_1,1556.381,downstream,G5,G0005002
-53854,-12110_0 -12110_1,:-53854_0_0 :-53854_0_1,1556.648,downstream,G5,G0005002
-51643,-10622_0 -10622_1,:-51643_0_0 :-51643_0_1,1556.739,downstream,G5,G0005002
-51644,-9746_0 -9746_1,:-51644_0_0 :-51644_0_1,1556.892,downstream,G5,G0005002
-42012,-16396_0 -16396_1,:-42012_0_0 :-42012_0_1,1557.013,downstream,G5,G0005002
-42016,-6136_0 -6136_1,:-42016_0_0 :-42016_0_1,1557.249,downstream,G5,G0005002
-29806,-15324_0 -15324_1,:-29806_0_0 :-29806_0_1,1557.506,downstream,G5,G0005002
-29813,-1868_0 -1868_1,:-29813_0_0 :-29813_0_1,1558.047,downstream,G5,G0005002
-51859,-17162_0 -17162_1,:-51859_0_0 :-51859_0_1,1558.256,downstream,G5,G0005002
-51354,-9864_0 -9864_1,:-51354_0_0 :-51354_0_1,1558.291,downstream,G5,G0005002
-26997,-2046_0 -2046_1,:-26997_0_0 :-26997_0_1,1558.748,downstream,G5,G0005002
-26998,-1016_0 -1016_1,:-26998_0_0 :-26998_0_1,1558.771,downstream,G5,G0005002
-28003,-16410_0,:-28003_0_0,1559.696,downstream,G5,G0005002
-28504,-1498_0 -1498_1,:-28504_0_0 :-28504_1_0 :-28504_1_1,1559.696,downstream,G5,G0005002
-28008,-1340_0 -4310_0 -4310_1,:-28008_0_0 :-28008_1_0 :-28008_1_1,1559.696,downstream,G5,G0005002
-62495,-16412_0 -16412_1,:-62495_0_0 :-62495_1_0 :-62495_1_1,1560.120,downstream,G5,G0005002
-26502,-4850_0 -4850_1,:-26502_0_0 :-26502_0_1,1569.740,upstream,G5,G0005003
-55612,-14484_0 -14484_1,:-55612_0_0 :-55612_0_1,1569.814,upstream,G5,G0005003
-50485,-17366_0 -17366_1,:-50485_0_0 :-50485_0_1,1569.889,upstream,G5,G0005003
-55990,-11528_0 -11528_1,:-55990_0_0 :-55990_0_1,1569.906,upstream,G5,G0005003
-29509,-1766_0 -1766_1,:-29509_0_0 :-29509_0_1,1569.971,upstream,G5,G0005003
-31859,-7426_0 -7426_1,:-31859_0_0 :-31859_0_1,1569.982,upstream,G5,G0005003
-26508,-882_0 -882_1,:-26508_0_0 :-26508_0_1,1569.983,upstream,G5,G0005003
-35330,-3700_0 -3700_1,:-35330_0_0 :-35330_0_1,1570.016,upstream,G5,G0005003
-46332,-7804_0 -7804_1,:-46332_0_0 :-46332_0_1,1570.027,upstream,G5,G0005003
-38445,-7200_0 -7200_1,:-38445_0_0 :-38445_0_1,1570.072,upstream,G5,G0005003
-47269,-8158_0 -8158_1,:-47269_0_0 :-47269_0_1,1570.101,upstream,G5,G0005003
-46330,-11342_0 -11342_1,:-46330_0_0 :-46330_0_1,1570.105,upstream,G5,G0005003
-35325,-16234_0 -16234_1,:-35325_0_0 :-35325_0_1,1570.114,upstream,G5,G0005003
-56788,-11898_0 -11898_1,:-56788_0_0 :-56788_0_1,1570.133,upstream,G5,G0005003
-38174,-9260_0 -9260_1,:-38174_0_0 :-38174_0_1,1570.173,downstream,G5,G0005003
-37323,-7568_0 -7568_1,:-37323_0_0 :-37323_0_1,1570.678,upstream,G5,G0005003
-42616,,,1570.688,downstream,G5,G0005003
-34336,-6364_0,:-34336_0_0 :-34336_1_0,1570.688,downstream,G5,G0005003
-29116,-3394_0 -4484_0 -4484_1,:-29116_0_0 :-29116_1_0 :-29116_1_1,1570.688,downstream,G5,G0005003
-27388,-5096_0 -5812_0,:-27388_0_0 :-27388_1_0,1572.692,downstream,G5,G0005003
-38182,-4768_0 -4768_1,:-38182_0_0 :-38182_1_0 :-38182_1_1,1572.692,downstream,G5,G0005003
-27391,-1142_0,,1572.692,downstream,G5,G0005003
-39126,-5098_0 -5098_1,:-39126_0_0 :-39126_0_1,1572.924,downstream,G5,G0005003
-56501,-16872_0 -16872_1,:-56501_0_0 :-56501_0_1,1572.945,downstream,G5,G0005003
-34365,-3396_0 -11746_0 -11746_1,:-34365_0_0 :-34365_1_0 :-34365_1_1,1573.171,downstream,G5,G0005003
-29125,-1674_0 -1674_1,:-29125_0_0 :-29125_0_1,1573.202,downstream,G5,G0005003
-66018,-16606_0 -16606_1,:-66018_0_0 :-66018_0_1,1573.309,downstream,G5,G0005003
-29937,-8440_0 -8440_1,:-29937_0_0 :-29937_0_1,1573.444,upstream,G5,G0005003
-30067,-10548_0 -10548_1,:-30067_0_0 :-30067_0_1,1573.488,upstream,G5,G0005003
-52320,-10074_0 -10074_1,:-52320_0_0 :-52320_0_1,1573.611,upstream,G5,G0005003
-58845,-12820_0 -12820_1,:-58845_0_0 :-58845_0_1,1573.648,upstream,G5,G0005003
-59971,-14922_0 -14922_1,:-59971_0_0 :-59971_0_1,1573.657,upstream,G5,G0005003
-26734,-936_0 -936_1,:-26734_0_0 :-26734_0_1,1573.716,upstream,G5,G0005003
-52904,-10276_0 -10276_1,:-52904_0_0 :-52904_0_1,1573.754,upstream,G5,G0005003
-36853,-4296_0 -4296_1,:-36853_0_0 :-36853_0_1,1573.763,downstream,G5,G0005003
-29938,-1924_0 -1924_1,:-29938_0_0 :-29938_0_1,1573.774,upstream,G5,G0005003
-45624,-7522_0 -7522_1,:-45624_0_0 :-45624_0_1,1573.798,upstream,G5,G0005003
-30948,-2208_0 -2208_1,:-30948_0_0 :-30948_0_1,1573.808,upstream,G5,G0005003
-30943,-11238_0 -11238_1,:-30943_0_0 :-30943_0_1,1573.816,upstream,G5,G0005003
-46763,-13254_0 -13254_1,:-46763_0_0 :-46763_0_1,1573.846,upstream,G5,G0005003
-66027,-15760_0 -15760_1,:-66027_0_0 :-66027_0_1,1573.863,downstream,G5,G0005003
-47061,-8068_0 -8068_1,:-47061_0_0 :-47061_0_1,1573.869,upstream,G5,G0005003
-26726,-16298_0 -16298_1,:-26726_0_0 :-26726_0_1,1573.873,upstream,G5,G0005003
-45904,-7966_0 -7966_1,:-45904_0_0 :-45904_0_1,1573.875,upstream,G5,G0005003
-36568,-7654_0 -7654_1,:-36568_0_0 :-36568_0_1,1573.894,upstream,G5,G0005003
-36017,-3948_0 -3948_1,:-36017_0_0 :-36017_0_1,1573.907,upstream,G5,G0005003
-30068,-1954_0 -1954_1,:-30068_0_0 :-30068_0_1,1573.917,upstream,G5,G0005003
-59122,-15228_0 -15228_1,:-59122_0_0 :-59122_0_1,1573.935,downstream,G5,G0005003
-46263,-7768_0 -7768_1,:-46263_0_0 :-46263_0_1,1573.935,upstream,G5,G0005003
-35865,-16294_0 -16294_1,:-35865_0_0 :-35865_0_1,1573.944,downstream,G5,G0005003
-38274,-16844_0 -16844_1,:-38274_0_0 :-38274_0_1,1573.986,downstream,G5,G0005003
-56666,-12922_0 -12922_1,:-56666_0_0 :-56666_0_1,1574.006,downstream,G5,G0005003
-38275,-4784_0 -4784_1,:-38275_0_0 :-38275_0_1,1574.099,downstream,G5,G0005003
-37959,-13828_0 -13828_1,:-37959_0_0 :-37959_0_1,1574.143,downstream,G5,G0005003
-56667,-11840_0 -11840_1,:-56667_0_0 :-56667_0_1,1574.202,downstream,G5,G0005003
-45629,-7528_0,:-45629_0_0,1574.957,downstream,G5,G0005003
-45626,-11922_0 -11922_1,:-45626_0_0 :-45626_1_0 :-45626_1_1,1574.957,downstream,G5,G0005003
-41099,-10912_0,:-41099_0_0,1574.957,downstream,G5,G0005003
-45627,-7526_0 -7526_1,:-45627_0_0 :-45627_0_1,1575.039,downstream,G5,G0005003
-35882,-3898_0 -3898_1,:-35882_0_0 :-35882_0_1,1575.807,downstream,G5,G0005003
-28725,-8628_0 -8628_1,:-28725_0_0 :-28725_0_1,1577.031,downstream,G5,G0005003
-28734,-1566_0 -1566_1,:-28734_0_0 :-28734_0_1,1578.056,downstream,G5,G0005003
-28163,-9652_0 -9652_1,:-28163_0_0 :-28163_0_1,1578.455,downstream,G5,G0005003
-32738,-4688_0 -4688_1,:-32738_0_0 :-32738_0_1,1578.548,downstream,G5,G0005003
-32739,-2792_0 -2792_1,:-32739_0_0 :-32739_0_1,1578.632,downstream,G5,G0005003
-52598,-11646_0 -11646_1,:-52598_0_0 :-52598_0_1,1578.750,downstream,G5,G0005003
-52601,-10194_0 -10194_1,:-52601_0_0 :-52601_0_1,1578.924,downstream,G5,G0005003
-46850,-13390_0 -13390_1,:-46850_0_0 :-46850_0_1,1579.474,downstream,G5,G0005003
-28168,-1392_0 -1392_1,:-28168_0_0 :-28168_0_1,1579.540,downstream,G5,G0005003
-42545,-8020_0 -8020_1,:-42545_0_0 :-42545_0_1,1579.799,downstream,G5,G0005003
-57722,-13004_0 -13004_1,:-57722_0_0 :-57722_0_1,1579.928,downstream,G5,G0005003
-32743,-12320_0 -12320_1,:-32743_0_0 :-32743_0_1,1580.247,downstream,G5,G0005003
-32744,-2796_0 -2796_1,:-32744_0_0 :-32744_0_1,1580.365,downstream,G5,G0005003
-42550,-6322_0 -6322_1,:-42550_0_0 :-42550_0_1,1580.782,downstream,G5,G0005003
-48691,-11508_0 -11508_1,:-48691_0_0 :-48691_0_1,1580.892,downstream,G5,G0005003
-33787,-8638_0 -8638_1,:-33787_0_0 :-33787_0_1,1581.041,downstream,G5,G0005003
-45481,-7464_0 -7464_1,:-45481_0_0 :-45481_0_1,1581.060,downstream,G5,G0005003
-45482,-11792#0_0 -11792#0_1,:-45482_0_0 :-45482_0_1,1581.116,downstream,G5,G0005003
-45483,-11792#1_0 -11792#1_1,:-45483_0_0 :-45483_0_1,1581.315,downstream,G5,G0005003
-33789,-3212_0 -3212_1,:-33789_0_0 :-33789_0_1,1581.335,downstream,G5,G0005003
-46914,-8036_0 -8036_1,:-46914_0_0 :-46914_0_1,1581.471,downstream,G5,G0005003
-46719,-15908_0 -15908_1,:-46719_0_0 :-46719_0_1,1581.556,downstream,G5,G0005003
-46720,-7948_0 -7948_1,:-46720_0_0 :-46720_0_1,1581.922,downstream,G5,G0005003
-56969,-11994_0 -11994_1,:-56969_0_0 :-56969_0_1,1581.981,downstream,G5,G0005003
-56970,-14722#0_0 -14722#0_1,:-56970_0_0 :-56970_0_1,1582.122,downstream,G5,G0005003
-33231,-16616_0 -16616_1,:-33231_0_0 :-33231_0_1,1582.210,downstream,G5,G0005003
-56971,-14722#1_0 -14722#1_1,:-56971_0_0 :-56971_0_1 :-56971_2_0,1582.285,downstream,G5,G5京昆高速（绵广段）
-33237,-2970_0 -2970_1,:-33237_0_0 :-33237_0_1,1582.602,downstream,G5,G0005003
-64054,-14814_0 -14814_1,:-64054_0_0 :-64054_0_1,1583.370,downstream,G5,G0005003
-36854,-17428_0 -17428_1,:-36854_0_0 :-36854_0_1,1583.590,downstream,G5,G0005003
-50465,-11970_0 -11970_1,:-50465_0_0 :-50465_0_1,1589.138,upstream,G5,G5京昆高速（绵广段）
-50481,-9256#7_0 -9256#7_1,:-50481_0_0 :-50481_0_1 :-50481_2_0,1589.246,upstream,G5,G5京昆高速（绵广段）
-50477,-9256#5_0 -9256#5_1 -9258#5_0 -9258#5_1,:-50477_0_0 :-50477_0_1 :-50477_2_0 :-50477_3_0 :-50477_3_1 :-50477_5_0,1589.268,upstream,G5,G5京昆高速（绵广段）
-34219,-5458_0 -5458_1,:-34219_0_0 :-34219_1_0 :-34219_1_1 :-34219_3_0 :-34219_3_1,1589.295,upstream,G5,G5京昆高速（绵广段）
-50478,-9256#6_0 -9256#6_1 -9258#6_0 -9258#6_1,:-50478_0_0 :-50478_0_1 :-50478_2_0 :-50478_2_1,1589.301,upstream,G5,G5京昆高速（绵广段）
-50476,-9256#4_0 -9256#4_1 -9258#4_0 -9258#4_1,:-50476_0_0 :-50476_0_1 :-50476_2_0 :-50476_3_0 :-50476_3_1 :-50476_5_0,1589.312,upstream,G5,G5京昆高速（绵广段）
-50474,-9256#2_0 -9256#2_1,:-50474_0_0 :-50474_0_1 :-50474_2_0,1589.328,upstream,G5,G5京昆高速（绵广段）
-50472,-9256#1_0 -9256#1_1,:-50472_0_0 :-50472_0_1,1589.339,upstream,G5,G5京昆高速（绵广段）
-50468,-9256#0_0 -9256#0_1,:-50468_0_0 :-50468_0_1,1589.353,upstream,G5,G5京昆高速（绵广段）
-50475,-9256#3_0 -9256#3_1 -9258#3_0 -9258#3_1,:-50475_0_0 :-50475_0_1 :-50475_2_0 :-50475_3_0 :-50475_3_1 :-50475_5_0,1589.365,upstream,G5,G5京昆高速（绵广段）
-50484,-15126_0 -15126_1,:-50484_0_0 :-50484_0_1,1589.390,upstream,G5,G5京昆高速（绵广段）
-50482,-9256#8_0 -9256#8_1 -9258#8_0 -9258#8_1,:-50482_0_0 :-50482_0_1 :-50482_2_0 :-50482_2_1,1589.393,upstream,G5,G5京昆高速（绵广段）
-54188,-10748_0 -10748_1,:-54188_0_0 :-54188_0_1,1589.394,upstream,G5,G5京昆高速（绵广段）
-50483,-9256#9_0 -9256#9_1,:-50483_0_0 :-50483_0_1,1589.397,upstream,G5,G5京昆高速（绵广段）
-44526,-7054#6_0 -7054#6_1 -9086#4_0 -9086#4_1,:-44526_0_0 :-44526_0_1 :-44526_2_0 :-44526_3_0 :-44526_3_1 :-44526_5_0,1589.404,upstream,G5,G5京昆高速（绵广段）
-44527,-7054#7_0 -7054#7_1 -9086#5_0 -9086#5_1,:-44527_0_0 :-44527_0_1 :-44527_2_0 :-44527_2_1,1589.406,upstream,G5,G5京昆高速（绵广段）
-54186,-13714_0 -13714_1,:-54186_0_0 :-54186_0_1,1589.412,upstream,G5,G5京昆高速（绵广段）
-34220,-3360#0_0 -3360#0_1 -3364#0_0 -3364#0_1,:-34220_0_0 :-34220_0_1 :-34220_2_0 :-34220_2_1,1589.427,upstream,G5,G5京昆高速（绵广段）
-40100,-11880_0 -11880_1,:-40100_0_0 :-40100_0_1,1589.429,upstream,G5,G5京昆高速（绵广段）
-44525,-7054#5_0 -7054#5_1 -9086#3_0 -9086#3_1,:-44525_0_0 :-44525_0_1 :-44525_2_0 :-44525_3_0 :-44525_3_1 :-44525_5_0,1589.456,upstream,G5,G5京昆高速（绵广段）
-56011,--11540_0,:-56011_0_0,1589.456,upstream,G5,G5京昆高速（绵广段）
-34251,-3364#1_0 -3364#1_1,:-34251_0_0 :-34251_0_1,1589.456,downstream,G5,G5京昆高速（绵广段）
-32258,-9336_0 -7482_0 -7482_1,:-32258_0_0 :-32258_1_0 :-32258_1_1,1589.456,upstream,G5,G5京昆高速（绵广段）
-34250,-3362_0 -11540_0,:-34250_0_0 :-34250_1_0,1589.456,upstream,G5,G5京昆高速（绵广段）
-47685,-11080_0 -11080_1,:-47685_0_0 :-47685_0_1,1589.536,downstream,G5,G5京昆高速（绵广段）
-45504,-8316#0_0 -8316#0_1,:-45504_0_0 :-45504_0_1,1589.683,downstream,G5,G5京昆高速（绵广段）
-45505,-8316#1_0 -8316#1_1,:-45505_0_0 :-45505_0_1 :-45505_2_0,1589.890,downstream,G5,G5京昆高速（绵广段）
-45506,-7484#2_0 -7484#2_1 -8316#2_0 -8316#2_1,:-45506_0_0 :-45506_0_1 :-45506_2_0 :-45506_2_1,1590.153,downstream,G5,G5京昆高速（绵广段）
-45507,-8316#3_0 -8316#3_1,:-45507_0_0 :-45507_0_1,1590.430,downstream,G5,G5京昆高速（绵广段）
-47689,-8316#4_0 -8316#4_1,:-47689_0_0 :-47689_0_1,1590.468,downstream,G5,G5京昆高速（绵广段）
-33555,-13184_0 -13184_1,:-33555_0_0 :-33555_0_1,1590.532,downstream,G5,G5京昆高速（绵广段）
-58810,-12804_0 -12804_1,:-58810_0_0 :-58810_0_1,1590.619,upstream,G5,G0005002
-33556,-3098#0_0 -3098#0_1,:-33556_0_0 :-33556_0_1 :-33556_2_0,1590.624,downstream,G5,G5京昆高速（绵广段）
-33557,-3098#1_0 -3098#1_1 -7484#5_0 -7484#5_1,:-33557_0_0 :-33557_0_1 :-33557_2_0 :-33557_3_0 :-33557_3_1 :-33557_5_0,1590.883,downstream,G5,G5京昆高速（绵广段）
-33558,-3098#2_0 -3098#2_1 -7484#6_0 -7484#6_1,:-33558_0_0 :-33558_0_1 :-33558_2_0 :-33558_3_0 :-33558_3_1 :-33558_5_0,1591.049,downstream,G5,G5京昆高速（绵广段）
-33559,-3098#3_0 -3098#3_1 -7484#7_0 -7484#7_1,:-33559_0_0 :-33559_0_1 :-33559_2_0 :-33559_2_1,1591.153,downstream,G5,G5京昆高速（绵广段）
-38342,-7648_0 -7648_1,:-38342_0_0 :-38342_0_1,1591.174,downstream,G5,G5京昆高速（绵广段）
-38348,-4810_0 -4810_1,:-38348_0_0 :-38348_0_1,1591.974,downstream,G5,G5京昆高速（绵广段）
-51785,-9822_0 -9822_1,:-51785_0_0 :-51785_0_1,1592.100,downstream,G5,G5京昆高速（绵广段）
-51784,-14148#0_0 -14148#0_1,:-51784_0_0 :-51784_0_1,1592.160,downstream,G5,G5京昆高速（绵广段）
-26822,-14148#1_0 -14148#1_1,:-26822_0_0 :-26822_0_1,1592.240,downstream,G5,G5京昆高速（绵广段）
-26824,-972_0 -972_1,:-26824_0_0 :-26824_0_1 :-26824_2_0,1592.444,downstream,G5,G5京昆高速（绵广段）
-38276,-4786#0_0 -4786#0_1 -4788#0_0 -4788#0_1,:-38276_0_0 :-38276_0_1 :-38276_2_0 :-38276_2_1,1592.562,downstream,G5,G5京昆高速（绵广段）
-38280,-4786#1_0 -4786#1_1,:-38280_0_0 :-38280_0_1,1592.941,downstream,G5,G5京昆高速（绵广段）
-38281,-4786#2_0 -4786#2_1,:-38281_0_0 :-38281_0_1,1593.106,downstream,G5,G5京昆高速（绵广段）
-38282,-13320#0_0 -13320#0_1,:-38282_0_0 :-38282_0_1 :-38282_2_0,1593.676,downstream,G5,G5京昆高速（绵广段）
-38283,-13320#1_0 -13320#1_1 -4788#3_0 -4788#3_1,:-38283_0_0 :-38283_0_1 :-38283_2_0 :-38283_2_1,1593.774,downstream,G5,G5京昆高速（绵广段）
-27161,-1470_0 -1470_1,:-27161_0_0 :-27161_0_1,1604.595,downstream,G5,G0005003
-65368,-15404_0 -15404_1,:-65368_0_0 :-65368_0_1,1604.595,upstream,G5,G0005003
-53415,-10476_0 -10476_1,:-53415_0_0 :-53415_0_1,1606.055,upstream,G5,G5京昆高速（绵广段）
-62985,-14360_0 -14360_1,:-62985_0_0 :-62985_1_0 :-62985_1_1,1606.126,downstream,G5,G5京昆高速（绵广段）
-51863,-10436_0 -16702_0 -16702_1,:-51863_0_0 :-51863_1_0 :-51863_1_1,1606.348,downstream,G5,G5京昆高速（绵广段）
J183,-10438_0,,1606.348,downstream,G5,G5京昆高速（绵广段）
-53308,-16704_0,:-53308_0_0,1606.348,downstream,G5,G5京昆高速（绵广段）
-51864,-9870_0 -9870_1,:-51864_0_0 :-51864_0_1,1606.398,downstream,G5,G5京昆高速（绵广段）
-27184,-1062_0 -1062_1,:-27184_0_0 :-27184_0_1,1608.280,downstream,G5,G0005003
-29620,-7238_0 -7238_1,:-29620_0_0 :-29620_0_1,1608.458,downstream,G5,G0005003
-29622,-1798_0 -1798_1,:-29622_0_0 :-29622_0_1,1609.211,downstream,G5,G0005003
-57664,-12290_0 -12290_1,:-57664_0_0 :-57664_0_1,1609.339,downstream,G5,G0005003
-66141,-16950_0 -16950_1,:-66141_0_0 :-66141_0_1,1610.162,downstream,G5,G0005003
-40121,-15820_0 -15820_1,:-40121_0_0 :-40121_0_1,1610.198,downstream,G5,G0005003
-40124,-5466_0 -5466_1,:-40124_0_0 :-40124_0_1,1610.321,downstream,G5,G0005003
-58998,-12888_0 -12888_1,:-58998_0_0 :-58998_0_1,1610.338,downstream,G5,G0005003
-58021,-12990_0 -12990_1,:-58021_0_0 :-58021_0_1,1612.282,downstream,G5,G0005003
-32807,-12434_0 -12434_1,:-32807_0_0 :-32807_0_1,1612.295,downstream,G5,G0005003
-32812,-2818_0 -2818_1,:-32812_0_0 :-32812_0_1,1613.629,downstream,G5,G0005003
J181,E62_0 E62_1,:J181_0_0 :J181_0_1,1613.684,downstream,G5,G0005003
J182,E63_0 E63_1,:J182_0_0 :J182_0_1,1613.844,downstream,G5,G0005003
-47062,E64_0 E64_1,:-47062_0_0 :-47062_0_1,1614.016,downstream,G5,G0005003
-29373,-12064_0,:-29373_0_0,1614.237,upstream,G5,G0005003
-57099,-15642_0,:-57099_0_0 :-57099_1_0,1614.237,upstream,G5,G0005003
-30977,,,1614.237,upstream,G5,G0005003
-30978,-2220_0,:-30978_0_0,1614.237,upstream,G5,G0005003
-29459,-12066_0 -11680_0 -11680_1,:-29459_0_0 :-29459_1_0 :-29459_1_1,1614.385,upstream,G5,G0005003
-50615,-9314_0 -9314_1,:-50615_0_0 :-50615_1_0 :-50615_1_1,1614.516,upstream,G5,G0005003
-56359,-17250_0 -17250_1,:-56359_0_0 :-56359_0_1,1614.524,upstream,G5,G0005003
-60073,-17252_0,:-60073_0_0,1614.533,upstream,G5,G0005003
-58589,-14850_0 -14850_1,:-58589_0_0 :-58589_0_1,1614.533,downstream,G5,G0005003
-36726,-4230#5_0 -4230#5_1,:-36726_0_0 :-36726_0_1,1614.790,upstream,G5,G0005003
-36730,-4230#6_0 -4230#6_1,:-36730_0_0 :-36730_0_1 :-36730_2_0,1614.837,upstream,G5,G0005003
-36721,-4230#2_0 -4230#2_1,:-36721_0_0 :-36721_0_1 :-36721_2_0,1614.845,upstream,G5,G0005003
-36718,-4230#1_0 -4230#1_1 -4232#1_0 -4232#1_1,:-36718_0_0 :-36718_0_1 :-36718_2_0 :-36718_2_1,1614.863,upstream,G5,G0005003
-36736,-4230#10_0 -4230#10_1,:-36736_0_0 :-36736_0_1 :-36736_2_0,1614.913,upstream,G5,G0005003
-36724,-4230#4_0 -4230#4_1,:-36724_0_0 :-36724_0_1,1614.931,upstream,G5,G0005003
-36734,-4230#9_0 -4230#9_1,:-36734_0_0 :-36734_0_1,1614.966,upstream,G5,G0005003
-34291,-3384#1_0 -3384#1_1 -4232#13_0 -4232#13_1,:-34291_0_0 :-34291_0_1 :-34291_2_0 :-34291_3_0 :-34291_3_1 :-34291_5_0,1614.973,upstream,G5,G0005003
-34296,-3384#6_0 -3384#6_1 -4232#18_0 -4232#18_1,:-34296_0_0 :-34296_0_1 :-34296_2_0 :-34296_3_0 :-34296_3_1 :-34296_5_0,1614.980,upstream,G5,G0005003
-34293,-3384#3_0 -3384#3_1 -4232#15_0 -4232#15_1,:-34293_0_0 :-34293_0_1 :-34293_2_0 :-34293_3_0 :-34293_3_1 :-34293_5_0,1614.981,upstream,G5,G0005003
-36738,-4230#12_0 -4230#12_1,:-36738_0_0 :-36738_0_1,1614.988,upstream,G5,G0005003
-34299,-3384#8_0 -3384#8_1,:-34299_0_0 :-34299_0_1,1614.991,upstream,G5,G0005003
-34297,-3384#7_0 -3384#7_1 -4232#19_0 -4232#19_1,:-34297_0_0 :-34297_0_1 :-34297_2_0 :-34297_2_1,1614.998,upstream,G5,G0005003
-36732,-4230#8_0 -4230#8_1 -4232#8_0 -4232#8_1,:-36732_0_0 :-36732_0_1 :-36732_2_0 :-36732_2_1,1615.005,upstream,G5,G0005003
-34292,-3384#2_0 -3384#2_1 -4232#14_0 -4232#14_1,:-34292_0_0 :-34292_0_1 :-34292_2_0 :-34292_3_0 :-34292_3_1 :-34292_5_0,1615.013,upstream,G5,G0005003
-36731,-4230#7_0 -4230#7_1 -4232#7_0 -4232#7_1,:-36731_0_0 :-36731_0_1 :-36731_2_0 :-36731_3_0 :-36731_3_1 :-36731_5_0,1615.029,upstream,G5,G0005003
-36737,-4230#11_0 -4230#11_1 -4232#11_0 -4232#11_1,:-36737_0_0 :-36737_0_1 :-36737_2_0 :-36737_3_0 :-36737_3_1 :-36737_5_0,1615.041,upstream,G5,G0005003
-34294,-3384#4_0 -3384#4_1 -4232#16_0 -4232#16_1,:-34294_0_0 :-34294_0_1 :-34294_2_0 :-34294_3_0 :-34294_3_1 :-34294_5_0,1615.044,upstream,G5,G0005003
-34295,-3384#5_0 -3384#5_1 -4232#17_0 -4232#17_1,:-34295_0_0 :-34295_0_1 :-34295_2_0 :-34295_3_0 :-34295_3_1 :-34295_5_0,1615.045,upstream,G5,G0005003
-34289,-13530_0 -13530_1,:-34289_0_0 :-34289_0_1,1615.045,upstream,G5,G0005003
-36722,-4230#3_0 -4230#3_1 -4232#3_0 -4232#3_1,:-36722_0_0 :-36722_0_1 :-36722_2_0 :-36722_2_1,1615.089,upstream,G5,G0005003
-34302,-3384#9_0 -3384#9_1,:-34302_0_0 :-34302_0_1 :-34302_2_0,1615.134,downstream,G5,G0005003
-36717,-4230#0_0 -4230#0_1,:-36717_0_0 :-36717_0_1 :-36717_2_0,1615.134,upstream,G5,G0005003
-47075,-8070_0 -8070_1,:-47075_0_0 :-47075_0_1,1615.540,downstream,G5,G0005003
-34303,-3384#10_0 -3384#10_1 -4232#22_0 -4232#22_1,:-34303_0_0 :-34303_0_1 :-34303_2_0 :-34303_3_0 :-34303_3_1 :-34303_5_0,1615.565,downstream,G5,G0005003
-34304,-3384#11_0 -3384#11_1 -4232#23_0 -4232#23_1,:-34304_0_0 :-34304_0_1 :-34304_2_0 :-34304_3_0 :-34304_3_1 :-34304_5_0,1615.997,downstream,G5,G0005003
-56567,-11800_0 -11800_1,:-56567_0_0 :-56567_0_1,1616.268,downstream,G5,G0005003
-34305,-3384#12_0 -3384#12_1 -4232#24_0 -4232#24_1,:-34305_0_0 :-34305_0_1 :-34305_2_0 :-34305_2_1,1616.308,downstream,G5,G0005003
-51039,-12240_0 -12240_1,:-51039_0_0 :-51039_0_1,1616.891,downstream,G5,G0005003
-35437,-15106_0 -15106_1,:-35437_0_0 :-35437_0_1,1617.065,downstream,G5,G0005003
-51041,-9494_0 -9494_1,:-51041_0_0 :-51041_0_1,1617.101,downstream,G5,G0005003
-55159,-11108_0 -11108_1,:-55159_0_0 :-55159_0_1,1617.229,downstream,G5,G0005003
-36268,-13964_0 -13964_1,:-36268_0_0 :-36268_0_1,1617.354,downstream,G5,G0005003
-35446,-3754_0 -3754_1,:-35446_0_0 :-35446_1_0 :-35446_1_1,1618.154,downstream,G5,G0005003
-36274,-4056_0 -4056_1,:-36274_0_0 :-36274_0_1,1618.171,downstream,G5,G0005003
-36508,-11470_0 -11470_1,:-36508_0_0 :-36508_0_1,1618.190,downstream,G5,G0005003
-42206,-12700_0 -12700_1,:-42206_0_0 :-42206_0_1,1618.686,downstream,G5,G0005003
-42207,-6218_0 -6218_1,:-42207_0_0 :-42207_0_1,1618.862,downstream,G5,G0005003
-30779,-11332_0 -11332_1,:-30779_0_0 :-30779_0_1 :-30779_2_0 :-30779_2_1,1619.120,downstream,G5,G0005003
-40061,-12708_0 -12708_1,:-40061_0_0 :-40061_0_1,1619.128,upstream,G5,G0005003
-27632,-15876_0 -15876_1,:-27632_0_0 :-27632_0_1,1619.180,upstream,G5,G0005003
-30780,-2144_0 -2144_1,:-30780_0_0 :-30780_0_1,1619.184,downstream,G5,G0005003
-66292,E39_0 E39_1,:-66292_0_0 :-66292_0_1,1619.227,upstream,G5,G0005003
-52453,-10148_0 -10148_1,:-52453_0_0 :-52453_0_1,1619.240,upstream,G5,G0005003
-30781,-11490_0 -2146_0 -2146_1 -13588_0 -13588_1,:-30781_0_0 :-30781_1_0 :-30781_2_0 :-30781_3_0 :-30781_3_1 :-30781_5_0 :-30781_6_0 :-30781_6_1,1619.242,upstream,G5,G0005003
-42552,-6324_0 -6324_1,:-42552_0_0 :-42552_0_1,1619.285,upstream,G5,G0005003
-28880,-1594_0 -1594_1,:-28880_0_0 :-28880_0_1,1619.297,upstream,G5,G0005003
J176,E42_0 E42_1,:J176_0_0 :J176_0_1,1619.303,upstream,G5,G0005003
-40070,-5440_0 -5440_1,:-40070_0_0 :-40070_0_1,1619.303,downstream,G5,G0005003
-65804,-15632#0_0 -15632#0_1 -15630#0_0 -15630#0_1,:-65804_0_0 :-65804_1_0 :-65804_1_1 :-65804_3_0 :-65804_4_0 :-65804_4_1,1619.330,upstream,G5,G0005003
-27534,-15630#1_0 -15630#1_1,:-27534_0_0 :-27534_0_1,1619.380,upstream,G5,G0005003
-29374,-1738_0,:-29374_0_0,1619.411,upstream,G5,G0005003
-45393,-7420_0 -7420_1,:-45393_0_0 :-45393_0_1,1619.415,upstream,G5,G0005003
-27535,-15632#1_0 -15632#1_1 -1164_0 -1164_1,:-27535_0_0 :-27535_0_1 :-27535_2_0 :-27535_2_1,1619.421,downstream,G5,G0005003
-51738,-15840_0,,1619.421,upstream,G5,G0005003
-54061,-10704_0,:-54061_0_0,1619.421,upstream,G5,G0005003
-54059,-11334_0 -13296_0,:-54059_0_0 :-54059_1_0,1619.421,upstream,G5,G0005003
-45797,-7598_0 -7598_1,:-45797_0_0 :-45797_0_1,1619.733,downstream,G5,G0005003
-46629,-7918_0 -7918_1,:-46629_0_0 :-46629_0_1,1620.224,downstream,G5,G0005003
-46582,-7902_0 -7902_1,:-46582_0_0 :-46582_0_1,1620.553,downstream,G5,G0005003
-47730,-8340_0 -8340_1,:-47730_0_0 :-47730_0_1,1620.643,downstream,G5,G0005003
J179,E61_0 E61_1,:J179_0_0 :J179_0_1,1620.666,downstream,G5,G0005003
-69015,E60_0 E60_1,:-69015_0_0 :-69015_0_1,1620.846,downstream,G5,G0005003
-50015,-12088_0 -12088_1,:-50015_0_0 :-50015_0_1,1620.964,downstream,G5,G0005003
-35110,-9114_0 -9114_1,:-35110_0_0 :-35110_0_1,1620.977,downstream,G5,G0005003
-35112,-3616_0 -3616_1,:-35112_0_0 :-35112_0_1,1621.255,downstream,G5,G0005003
-58717,-17112_0 -17112_1,:-58717_0_0 :-58717_0_1,1621.494,downstream,G5,G0005003
-58719,-12762_0 -12762_1,:-58719_0_0 :-58719_0_1,1621.870,downstream,G5,G0005003
-59398,-13006_0 -13006_1,:-59398_0_0 :-59398_0_1,1623.464,downstream,G5,G0005003
-53412,-14240_0 -14240_1,:-53412_0_0 :-53412_0_1,1623.800,downstream,G5,G0005003
-66471,-15950_0 -15950_1,:-66471_0_0 :-66471_0_1,1631.672,downstream,G5,G0005003
-66821,-16066_0 -16066_1,:-66821_0_0 :-66821_0_1 :-66821_2_0 :-66821_2_1,1631.684,downstream,G5,G0005003
-68321,-16822#0_0 -16822#0_1 -16824#0_0 -16824#0_1,:-68321_0_0 :-68321_0_1 :-68321_2_0 :-68321_3_0 :-68321_3_1 :-68321_5_0,1632.088,downstream,G5,G0005003
-68322,-16822#1_0 -16822#1_1 -16824#1_0 -16824#1_1,:-68322_0_0 :-68322_0_1 :-68322_2_0 :-68322_3_0 :-68322_3_1 :-68322_5_0,1632.414,downstream,G5,G0005003
-68323,-16822#2_0 -16822#2_1 -16824#2_0 -16824#2_1,:-68323_0_0 :-68323_1_0,1632.710,downstream,G5,G0005003
-68324,-16824#3_0 -16824#3_1,:-68324_0_0 :-68324_0_1,1633.298,downstream,G5,G0005003
-68325,-16824#4_0 -16824#4_1,:-68325_0_0 :-68325_0_1 :-68325_2_0,1633.643,downstream,G5,G0005003
-68326,-16822#5_0 -16822#5_1 -16824#5_0 -16824#5_1,:-68326_0_0 :-68326_0_1 :-68326_2_0 :-68326_3_0 :-68326_3_1 :-68326_5_0,1633.788,downstream,G5,G0005003
-68327,-16822#6_0 -16822#6_1 -16824#6_0 -16824#6_1,:-68327_0_0 :-68327_0_1 :-68327_2_0 :-68327_3_0 :-68327_3_1 :-68327_5_0,1634.039,downstream,G5,G0005003
-68328,-16822#7_0 -16822#7_1 -16824#7_0 -16824#7_1,:-68328_0_0 :-68328_0_1 :-68328_2_0 :-68328_2_1,1634.562,downstream,G5,G0005003
-68329,-16824#8_0 -16824#8_1,:-68329_0_0 :-68329_0_1,1634.839,downstream,G5,G0005003
-61940,-13948_0 -13948_1,:-61940_0_0 :-61940_0_1,1636.887,downstream,G5,G0005003
-35120,-14868_0 -14868_1,:-35120_0_0 :-35120_0_1 :-35120_2_0 :-35120_2_1,1637.231,downstream,G5,G5京昆高速（绵广段）
-34805,-3624_0 -3624_1,:-34805_0_0 :-34805_0_1,1637.231,downstream,G5,G5京昆高速（绵广段）
-35121,-3626_0 -3626_1,:-35121_0_0 :-35121_0_1,1637.240,downstream,G5,G5京昆高速（绵广段）
-27373,-1138#3_0 -1138#3_1 -16822#13_0 -16822#13_1,:-27373_0_0 :-27373_0_1 :-27373_2_0 :-27373_3_0 :-27373_3_1 :-27373_5_0,1637.374,upstream,G5,G0005003
-27372,-1138#2_0 -1138#2_1 -16822#12_0 -16822#12_1,:-27372_0_0 :-27372_0_1 :-27372_2_0 :-27372_3_0 :-27372_3_1 :-27372_5_0,1637.376,upstream,G5,G0005003
-26040,-756_0 -756_1,:-26040_0_0 :-26040_0_1 :-26040_2_0 :-26040_2_1,1637.441,upstream,G5,G0005003
-27371,-1138#1_0 -1138#1_1 -16822#11_0 -16822#11_1,:-27371_0_0 :-27371_0_1 :-27371_2_0 :-27371_3_0 :-27371_3_1 :-27371_5_0,1637.441,upstream,G5,G0005003
-38522,-4868_0 -4868_1,:-38522_0_0 :-38522_0_1,1637.456,upstream,G5,G0005003
-64056,-15614_0 -15614_1,:-64056_0_0 :-64056_0_1,1637.464,upstream,G5,G0005003
-27374,-1138#4_0 -1138#4_1 -16822#14_0 -16822#14_1,:-27374_0_0 :-27374_0_1 :-27374_2_0 :-27374_3_0 :-27374_3_1 :-27374_5_0,1637.464,upstream,G5,G0005003
-68330,-17244#0_0 -17244#0_1,:-68330_0_0 :-68330_0_1,1637.487,upstream,G5,G0005003
-27375,-1138#5_0 -1138#5_1 -16822#15_0 -16822#15_1,:-27375_0_0 :-27375_0_1 :-27375_2_0 :-27375_2_1,1637.488,upstream,G5,G0005003
-27370,-1138#0_0 -1138#0_1,:-27370_0_0 :-27370_0_1 :-27370_2_0,1637.491,upstream,G5,G0005003
-27369,-17244#1_0 -17244#1_1,:-27369_0_0 :-27369_0_1,1637.522,upstream,G5,G0005003
-68335,-16824#9_0 -16824#9_1,:-68335_0_0 :-68335_0_1,1637.526,upstream,G5,G0005003
-61317,-14818_0 -14818_1,:-61317_0_0 :-61317_0_1,1637.540,upstream,G5,G0005003
-26038,-7814_0 -7814_1,:-26038_0_0 :-26038_0_1,1637.554,upstream,G5,G0005003
-34833,-15612_0 -15612_1 -3510_0 -3510_1,:-34833_0_0 :-34833_0_1 :-34833_2_0 :-34833_2_1,1637.566,upstream,G5,G0005003
-48463,-8562_0 -8562_1 -13722_0 -13722_1,:-48463_0_0 :-48463_0_1 :-48463_2_0 :-48463_2_1,1637.566,downstream,G5,G0005003
J186,-7824_0 -7824_1,,1637.566,upstream,G5,G0005003
J187,,,1637.645,downstream,G5,G0005003
-46373,-7824.188_0 -7824.188_1,:-46373_0_0 :-46373_0_1 :-46373_2_0 :-46373_2_1,1637.645,downstream,G5,G0005003
-40043,-8560_0 -8560_1 -5428_0 -5428_1,:-40043_0_0 :-40043_0_1 :-40043_2_0 :-40043_2_1,1637.645,downstream,G5,G5京昆高速（绵广段）
-38887,-7758_0 -7758_1,:-38887_0_0 :-38887_0_1,1637.725,downstream,G5,G5京昆高速（绵广段）
-38888,-5012_0 -5012_1,:-38888_0_0 :-38888_0_1,1637.749,downstream,G5,G5京昆高速（绵广段）
-50006,-9106_0 -9106_1,:-50006_0_0 :-50006_0_1,1637.964,downstream,G5,G5京昆高速（绵广段）
J178,E59_0 E59_1,:J178_0_0 :J178_0_1,1638.328,downstream,G5,G5京昆高速（绵广段）
J177,E58_0 E58_1,:J177_0_0 :J177_0_1,1639.097,downstream,G5,G5京昆高速（绵广段）
-64155,-16112_0 -16112_1,:-64155_0_0 :-64155_0_1,1639.673,downstream,G5,G0005003
-45669,-9302_0 -9302_1,:-45669_0_0 :-45669_0_1,1640.652,downstream,G5,G0005003
-45671,-7552_0 -7552_1,:-45671_0_0 :-45671_0_1,1640.901,downstream,G5,G0005003
-48733,-8652_0 -8652_1,:-48733_0_0 :-48733_0_1,1642.306,downstream,G5,G0005003
-39436,-17022_0 -17022_1,:-39436_0_0 :-39436_0_1,1642.336,downstream,G5,G0005003
-29164,-2682_0 -2682_1,:-29164_0_0 :-29164_0_1,1643.080,downstream,G5,G0005003
-39440,-5206_0 -5206_1,:-39440_0_0 :-39440_1_0 :-39440_1_1,1643.578,downstream,G5,G0005003
-31957,-2522_0 -13664_0 -13664_1,:-31957_0_0 :-31957_1_0 :-31957_1_1,1644.900,upstream,G5,G5京昆高速（绵广段）
-55371,-16720_0 -16720_1,:-55371_0_0 :-55371_0_1,1645.275,upstream,G5,G5京昆高速（绵广段）
-58001,-14434_0 -14434_1 -12418_0,:-58001_0_0 :-58001_0_1 :-58001_2_0 :-58001_2_1,1645.298,upstream,G5,G5京昆高速（绵广段）
-68893,-17064_0 -17064_1 -17064_2,,1645.298,upstream,G5,G5京昆高速（绵广段）
-40755,-5690_0,:-40755_0_0,1645.298,upstream,G5,G0005003
-31951,-11410_0,:-31951_0_0 :-31951_1_0,1645.369,upstream,G5,G5京昆高速（绵广段）
-31241,-13662_0 -2312_0,:-31241_0_0 :-31241_1_0,1645.369,upstream,G5,G5京昆高速（绵广段）
-55372,-11224_0 -11224_1,:-55372_0_0 :-55372_0_1 :-55372_2_0 :-55372_2_1,1645.369,downstream,G5,G5京昆高速（绵广段）
-43502,-6666_0,:-43502_0_0,1645.369,upstream,G5,G0005003
-31952,-2520_0,:-31952_0_0,1645.369,upstream,G5,G5京昆高速（绵广段）
-35612,-3802_0 -3802_1,:-35612_0_0 :-35612_0_1 :-35612_2_0,1645.756,downstream,G5,G0005003
-35610,,,1645.756,downstream,G5,G0005003
-46648,-14834_0,:-46648_0_0,1645.756,downstream,G5,G0005003
-29182,-1690_0 -1690_1,:-29182_0_0 :-29182_1_0 :-29182_1_1,1646.959,downstream,G5,G0005003
-31240,-14440_0,:-31240_0_0,1646.959,downstream,G5,G0005003
-63189,-14830_0,:-63189_0_0,1646.959,downstream,G5,G0005003
-47324,-9910_0 -9910_1,:-47324_0_0 :-47324_0_1,1647.185,upstream,G5,G0005003
-25972,-10206_0 -10206_1,:-25972_0_0 :-25972_0_1,1647.201,upstream,G5,G0005003
-48984,-8752_0 -8752_1,:-48984_0_0 :-48984_0_1,1647.369,upstream,G5,G0005003
-51918,-15142_0 -15142_1,:-51918_0_0 :-51918_0_1,1647.416,upstream,G5,G0005003
-47325,-8188_0 -8188_1,:-47325_0_0 :-47325_0_1,1647.426,upstream,G5,G0005003
-36281,-4060_0 -4060_1,:-36281_0_0 :-36281_0_1,1647.427,upstream,G5,G0005003
-25973,-732_0 -732_1,:-25973_0_0 :-25973_0_1,1647.435,downstream,G5,G0005003
-51407,-9650_0 -14828_0 -14828_1,:-51407_0_0 :-51407_1_0 :-51407_1_1,1647.548,downstream,G5,G0005003
-42243,-6236_0,:-42243_0_0,1647.548,downstream,G5,G0005003
-47592,-14218_0 -14218_1,:-47592_0_0 :-47592_0_1,1648.778,downstream,G5,G0005003
-36761,-8280_0 -8280_1,:-36761_0_0 :-36761_0_1,1648.806,downstream,G5,G0005003
-34681,-14432_0 -14432_1 -14832_0 -14832_1,:-34681_0_0 :-34681_0_1 :-34681_2_0 :-34681_2_1,1648.860,downstream,G5,G0005003
-32377,-14642_0 -14642_1,:-32377_0_0 :-32377_1_0 :-32377_1_1,1651.897,downstream,G5,G0005003
-32399,-2660_0,:-32399_0_0,1651.897,downstream,G5,G0005003
-32380,-11600_0 -2658_0 -2658_1,:-32380_0_0 :-32380_1_0 :-32380_1_1,1652.193,downstream,G5,G0005003
-46649,-7930_0,:-46649_0_0,1652.193,downstream,G5,G0005003
-32438,-2746_0 -2746_1,:-32438_0_0 :-32438_0_1,1652.564,downstream,G5,G0005003
-34703,-3494_0 -3494_1,:-34703_0_0 :-34703_0_1,1653.531,downstream,G5,G0005003
-49378,-15416_0 -15416_1,:-49378_0_0 :-49378_0_1,1653.537,downstream,G5,G0005003
-28643,-8916_0 -8916_1,:-28643_0_0 :-28643_0_1,1654.004,downstream,G5,G0005003
-28644,-1542_0 -1542_1,:-28644_0_0 :-28644_0_1,1654.021,downstream,G5,G0005003
-49497,-8960_0 -8960_1,:-49497_0_0 :-49497_0_1,1654.523,downstream,G5,G0005003
-65365,-16928_0 -16928_1,:-65365_0_0 :-65365_0_1,1654.560,downstream,G5,G0005003
-49550,-15400_0 -15400_1,:-49550_0_0 :-49550_0_1,1654.693,downstream,G5,G0005003
-41881,-8974_0 -8974_1,:-41881_0_0 :-41881_0_1,1654.710,downstream,G5,G0005003
-56614,-11818_0 -11818_1,:-56614_0_0 :-56614_0_1,1661.593,upstream,G5,G0005003
-56364,-15048_0 -15048_1,:-56364_0_0 :-56364_0_1,1661.752,upstream,G5,G0005003
-30997,-7100_0 -2226_0 -2226_1,:-30997_0_0 :-30997_1_0 :-30997_1_1,1661.825,upstream,G5,G0005003
-30993,-2224_0,:-30993_0_0 :-30993_1_0,1662.001,upstream,G5,G0005003
-49023,-14178_0,:-49023_0_0,1662.001,upstream,G5,G0005003
-39549,-5242_0,:-39549_0_0,1662.001,upstream,G5,G0005003
-33739,-8776_0 -3182_0 -3182_1,:-33739_0_0 :-33739_1_0 :-33739_1_1,1662.001,upstream,G5,G0005003
-33160,-2952_0,:-33160_0_0,1662.001,upstream,G5,G0005003
-33146,-2950_0 -6958_0 -6958_1,:-33146_0_0 :-33146_1_0 :-33146_1_1,1662.001,upstream,G5,G0005003
-30987,-10108_0 -10108_1,:-30987_0_0 :-30987_1_0 :-30987_1_1,1662.042,upstream,G5,G0005003
-40747,-11690_0 -11690_1,:-40747_0_0 :-40747_0_1,1662.074,upstream,G5,G0005003
-52384,-14662_0 -14662_1,:-52384_0_0 :-52384_0_1,1662.076,upstream,G5,G0005003
-45843,-7622_0 -7622_1,:-45843_0_0 :-45843_1_0 :-45843_1_1,1662.083,downstream,G5,G0005003
-49972,-15970_0,:-49972_0_0 :-49972_1_0,1662.083,downstream,G5,G0005003
-44640,-15322_0,:-44640_0_0,1662.083,upstream,G5,G0005003
-51219,-9568_0,:-51219_0_0,1662.083,upstream,G5,G0005003
-47449,-8226_0,:-47449_0_0,1662.083,downstream,G5,G0005003
-40749,-15090_0 -5686_0 -5686_1,:-40749_0_0 :-40749_1_0 :-40749_1_1,1662.083,downstream,G5,G0005003
-47448,-9096_0,:-47448_0_0,1662.083,downstream,G5,G0005003
-38393,-17188_0 -17188_1,:-38393_0_0 :-38393_0_1,1662.489,upstream,G5,G0005003
-28335,-1462_0 -4832_0 -4832_1,:-28335_0_0 :-28335_1_0 :-28335_1_1,1662.518,upstream,G5,G0005003
-32257,-2610_0,:-32257_0_0,1662.519,upstream,G5,G0005003
-52267,-10050_0 -10050_1,:-52267_0_0 :-52267_0_1,1662.519,downstream,G5,G0005003
-28334,-15916_0,:-28334_0_0,1662.519,upstream,G5,G0005003
-52539,-13846_0 -13846_1,:-52539_0_0 :-52539_1_0 :-52539_1_1,1664.473,downstream,G5,G0005003
-46837,-8000_0,,1664.473,downstream,G5,G0005003
-46836,-10182_0 -8394_0,:-46836_0_0 :-46836_1_0,1664.473,downstream,G5,G0005003
-32736,-10180_0 -10180_1,:-32736_0_0 :-32736_0_1,1664.721,downstream,G5,G0005003
-32737,-2790_0 -2790_1,:-32737_0_0 :-32737_0_1,1664.779,downstream,G5,G5京昆高速（绵广段）
-45176,-13788_0 -7316_0 -7316_1,:-45176_0_0 :-45176_1_0 :-45176_1_1,1664.867,downstream,G5,G0005003
-54035,-10692_0,:-54035_0_0,1664.867,downstream,G5,G0005003
-26992,-1010_0 -4284_0 -4284_1,:-26992_0_0 :-26992_1_0 :-26992_1_1,1664.875,downstream,G5,G0005003
-32329,-2636_0,:-32329_0_0 :-32329_1_0,1664.875,downstream,G5,G0005003
-26991,-15448_0,:-26991_0_0,1664.875,downstream,G5,G0005003
-49165,-8826_0 -10090_0 -10090_1,:-49165_0_0 :-49165_1_0 :-49165_1_1,1664.875,downstream,G5,G0005003
-28085,-1366_0,:-28085_0_0,1664.875,downstream,G5,G0005003
-56459,-16368_0,:-56459_0_0,1664.875,downstream,G5,G0005003
-35949,-7348_0,:-35949_0_0,1664.875,downstream,G5,G0005003
-65392,-15422_0,:-65392_0_0,1664.875,downstream,G5,G0005003
-32321,-12610_0 -12610_1,:-32321_0_0 :-32321_1_0 :-32321_1_1,1664.875,downstream,G5,G0005003
-56462,-11726_0,:-56462_0_0,1664.875,downstream,G5,G0005003
-28084,-7346_0,:-28084_0_0,1664.875,downstream,G5,G0005003
-35950,-3926_0,:-35950_0_0,1664.875,downstream,G5,G0005003
-32324,-2634_0 -2634_1,:-32324_0_0 :-32324_0_1,1665.156,downstream,G5,G0005003
-32225,-13042_0,:-32225_0_0 :-32225_1_0,1665.169,downstream,G5,G0005003
-59452,,,1665.169,downstream,G5,G0005003
-32237,-2608_0 -6362_0 -6362_1,:-32237_0_0 :-32237_1_0 :-32237_1_1,1665.169,downstream,G5,G0005003
-38636,-4912_0 -4912_1,:-38636_0_0 :-38636_0_1,1665.173,downstream,G5,G0005003
-35531,-3774_0 -6822_0 -6822_1,:-35531_0_0 :-35531_1_0 :-35531_1_1,1665.537,downstream,G5,G0005003
-49985,-9098_0,:-49985_0_0,1665.537,downstream,G5,G0005003
-35509,-6106_0,:-35509_0_0,1665.537,downstream,G5,G0005003
-41933,-14400_0,:-41933_0_0,1665.537,downstream,G5,G0005003
-60023,-13276_0,:-60023_0_0,1665.537,downstream,G5,G0005003
-51202,-14054_0,:-51202_0_0 :-51202_1_0,1666.300,downstream,G5,G0005003
-36863,-9566_0 -8138_0 -8138_1,:-36863_0_0 :-36863_1_0 :-36863_1_1,1666.300,downstream,G5,G0005003
-27616,-1194_0 -1194_1,:-27616_0_0 :-27616_1_0 :-27616_1_1,1666.300,downstream,G5,G0005003
-36865,-4304_0 -4304_1,:-36865_0_0 :-36865_0_1,1666.436,downstream,G5,G0005003
-60644,-13518_0 -13518_1,:-60644_0_0 :-60644_0_1,1666.451,downstream,G5,G0005003
-55344,-16348_0 -16348_1,:-55344_0_0 :-55344_0_1,1666.552,downstream,G5,G0005003
-55198,-12874_0 -12874_1,:-55198_0_0 :-55198_0_1,1666.648,downstream,G5,G0005003
-46673,-14976_0 -14976_1,:-46673_0_0 :-46673_0_1,1667.430,downstream,G5,G0005003
-47874,-11204_0 -11204_1,:-47874_0_0 :-47874_1_0 :-47874_1_1,1667.852,downstream,G5,G0005003
-40008,-11126_0 -11126_1,:-40008_0_0 :-40008_1_0 :-40008_1_1,1668.113,downstream,G5,G0005003
-27697,-5406_0,:-27697_0_0,1668.113,downstream,G5,G0005003
-47896,-8396_0 -8396_1,:-47896_0_0 :-47896_0_1,1668.257,downstream,G5,G0005003
-30187,-1978_0 -5408_0 -5408_1,:-30187_0_0 :-30187_1_0 :-30187_1_1,1668.794,downstream,G5,G0005003
-39329,-5176_0 -5176_1,:-39329_0_0 :-39329_1_0 :-39329_1_1,1669.169,upstream,G5,G0005003
-31681,-2410_0 -2410_1,:-31681_0_0 :-31681_1_0 :-31681_1_1,1669.180,downstream,G5,G5京昆高速（绵广段）
-52451,-10146_0,,1669.180,downstream,G5,G5京昆高速（绵广段）
-27701,-1236_0 -11830_0,:-27701_0_0 :-27701_1_0,1669.180,downstream,G5,G0005003
-45172,-7314_0,:-45172_0_0,1669.180,downstream,G5,G5京昆高速（绵广段）
-38130,-6526_0 -6526_1,:-38130_0_0 :-38130_0_1,1669.212,upstream,G5,G0005003
-41368,-5894_0,:-41368_0_0,1669.232,upstream,G5,G0005003
-60288,,,1669.232,upstream,G5,G0005003
-41367,-13370_0,:-41367_0_0 :-41367_1_0,1669.232,upstream,G5,G0005003
-31642,-2402_0 -2402_1,:-31642_0_0 :-31642_0_1,1669.387,upstream,G5,G0005003
-41375,-5896_0 -10096_0 -10096_1,:-41375_0_0 :-41375_1_0 :-41375_1_1,1669.429,upstream,G5,G0005003
-34260,-12354_0 -12354_1,:-34260_0_0 :-34260_0_1,1669.505,upstream,G5,G0005003
-54138,-15578_0 -15578_1,:-54138_0_0 :-54138_0_1,1669.537,upstream,G5,G0005003
-53363,-14278_0 -14278_1,:-53363_0_0 :-53363_0_1,1669.560,upstream,G5,G0005003
-34261,-3370_0 -3370_1,:-34261_0_0 :-34261_0_1,1669.564,upstream,G5,G0005003
-48715,-10726_0 -10726_1,:-48715_0_0 :-48715_0_1,1669.604,upstream,G5,G0005003
-32948,-2866_0 -2866_1,:-32948_0_0 :-32948_0_1,1669.608,upstream,G5,G0005003
-65724,-17096_0 -17096_1,:-65724_0_0 :-65724_0_1,1669.611,upstream,G5,G0005003
-36077,-3978_0,,1669.625,upstream,G5,G0005003
-36076,-10094_0 -5094_0,:-36076_0_0 :-36076_1_0,1669.625,upstream,G5,G0005003
-38131,-4746_0 -4746_1,:-38131_0_0 :-38131_0_1,1669.625,downstream,G5,G0005003
-30177,-10690_0,:-30177_0_0,1669.988,upstream,G5,G0005003
-33424,-13732_0 -13732_1,:-33424_0_0 :-33424_0_1,1669.988,downstream,G5,G0005003
-49902,,,1669.988,upstream,G5,G5京昆高速（绵广段）
-49903,-9070_0,:-49903_0_0 :-49903_1_0,1669.988,upstream,G5,G5京昆高速（绵广段）
-31672,-11272_0 -11272_1,:-31672_0_0 :-31672_0_1,1671.889,downstream,G5,G0005003
-33432,-3050_0 -3050_1,:-33432_0_0 :-33432_0_1,1672.256,downstream,G5,G0005003
-48299,-8500_0 -8500_1,:-48299_0_0 :-48299_0_1,1672.315,downstream,G5,G0005003
-36280,-7944_0 -7944_1,:-36280_0_0 :-36280_0_1,1672.414,downstream,G5,G0005003
-33994,-14532_0 -14532_1,:-33994_0_0 :-33994_0_1,1673.149,downstream,G5,G0005003
-33995,-3276_0 -3276_1,:-33995_0_0 :-33995_0_1,1673.188,downstream,G5,G0005003
-44416,-16050_0 -16050_1,:-44416_0_0 :-44416_0_1,1675.262,downstream,G5,G0005003
-44417,-6998_0 -6998_1,:-44417_0_0 :-44417_0_1,1675.393,downstream,G5,G0005003
-41426,-10112_0 -10112_1,:-41426_0_0 :-41426_0_1,1675.518,downstream,G5,G0005003
-33399,-3036_0,:-33399_0_0,1675.858,downstream,G5,G0005003
-33398,-5468_0,:-33398_0_0,1675.858,downstream,G5,G0005003
-40125,-5914_0 -5914_1,:-40125_0_0 :-40125_1_0 :-40125_1_1,1675.858,downstream,G5,G0005003
-40142,-17048_0 -5470_0 -5470_1,:-40142_0_0 :-40142_1_0 :-40142_1_1,1676.342,downstream,G5,G0005003
-47682,-8312_0,:-47682_0_0,1676.342,downstream,G5,G0005003
-68005,-16648_0 -16648_1,:-68005_0_0 :-68005_0_1,1677.029,downstream,G5,G0005003
-25842,-17298_0 -17298_1,:-25842_0_0 :-25842_0_1,1680.423,downstream,G5,G0005003
-25843,-698_0 -698_1,:-25843_0_0 :-25843_0_1,1680.466,downstream,G5,G0005003
-34436,-3420_0 -3420_1,:-34436_0_0 :-34436_0_1,1680.650,downstream,G5,G0005003
-45126,-7296_0 -7296_1,:-45126_0_0 :-45126_0_1,1680.677,downstream,G5,G0005003
-30939,-16716_0 -16716_1,:-30939_0_0 :-30939_0_1,1684.484,upstream,G5,G0005003
-32642,-17400_0 -17400_1,:-32642_0_0 :-32642_0_1,1684.519,upstream,G5,G0005003
-55772,-11632_0 -11632_1,:-55772_0_0 :-55772_0_1,1684.550,upstream,G5,G0005003
-55773,-11436_0 -11436_1,:-55773_0_0 :-55773_0_1,1684.592,upstream,G5,G0005003
-29790,-1856_0 -1856_1,:-29790_0_0 :-29790_0_1,1684.614,upstream,G5,G0005003
-55480,-11280_0 -14894_0 -14894_1,:-55480_0_0 :-55480_1_0 :-55480_1_1,1684.616,upstream,G5,G0005003
-47849,-17336_0 -17336_1,:-47849_0_0 :-47849_0_1,1684.623,upstream,G5,G0005003
-58367,-13512_0 -13512_1,:-58367_0_0 :-58367_0_1,1684.698,upstream,G5,G0005003
-32643,-2750_0 -2750_1,:-32643_0_0 :-32643_0_1,1684.700,downstream,G5,G0005003
-40207,-5490_0 -5490_1,:-40207_0_0 :-40207_0_1,1684.722,upstream,G5,G0005003
-29786,-2202_0 -2202_1,:-29786_0_0 :-29786_0_1,1684.758,upstream,G5,G0005003
-58368,-12556_0 -12556_1,:-58368_0_0 :-58368_0_1,1684.763,upstream,G5,G0005003
-47850,-8382_0 -8382_1,:-47850_0_0 :-47850_0_1,1684.764,upstream,G5,G0005003
-40206,-15536_0 -15536_1,:-40206_0_0 :-40206_0_1,1684.775,upstream,G5,G0005003
-33191,-8598_0 -8598_1,:-33191_0_0 :-33191_0_1,1684.775,upstream,G5,G0005003
-38830,-4988_0 -4988_1,:-38830_0_0 :-38830_0_1,1684.784,downstream,G5,G0005003
-43062,-6534_0 -6534_1,:-43062_0_0 :-43062_0_1,1684.982,downstream,G5,G0005003
-54151,-13472_0 -13472_1,:-54151_0_0 :-54151_0_1,1685.064,downstream,G5,G0005003
-54152,-10732_0 -10732_1,:-54152_0_0 :-54152_0_1,1685.096,downstream,G5,G0005003
-43752,-6782_0 -6782_1,:-43752_0_0 :-43752_0_1,1685.210,downstream,G5,G0005003
-29722,-1848_0 -5554_0 -5554_1,:-29722_0_0 :-29722_1_0 :-29722_1_1,1685.722,upstream,G5,G0005003
-29274,-1712_0,:-29274_0_0,1685.722,upstream,G5,G0005003
-29273,-4432_0,:-29273_0_0,1685.722,upstream,G5,G0005003
-34923,-16326_0 -16326_1,:-34923_0_0 :-34923_0_1,1685.745,downstream,G5,G5京昆高速（绵广段）
-35619,-3808_0 -3808_1,:-35619_0_0 :-35619_1_0 :-35619_1_1,1685.807,upstream,G5,G0005003
-34924,-3550_0 -3550_1,:-34924_0_0 :-34924_1_0 :-34924_1_1,1685.809,downstream,G5,G5京昆高速（绵广段）
-35001,-3580_0 -6558_0 -6558_1,:-35001_0_0 :-35001_1_0 :-35001_1_1,1685.892,upstream,G5,G0005003
-27368,-1136_0 -2870_0,:-27368_0_0 :-27368_1_0,1685.892,downstream,G5,G0005003
-37205,-15474_0 -4434_0 -4434_1,:-37205_0_0 :-37205_1_0 :-37205_1_1,1685.892,downstream,G5,G0005003
-35630,-3810_0,:-35630_0_0,1685.892,upstream,G5,G0005003
-27363,-6032_0,:-27363_0_0,1685.892,downstream,G5,G0005003
-35000,-12386_0,:-35000_0_0,1685.892,upstream,G5,G0005003
-41756,-10252_0,:-41756_0_0,1685.892,downstream,G5,G0005003
-35616,-5768_0 -5768_1,:-35616_0_0 :-35616_1_0 :-35616_1_1,1685.892,upstream,G5,G0005003
-26754,-942_0,:-26754_0_0,1685.892,downstream,G5,G0005003
-41807,-6050_0,:-41807_0_0 :-41807_1_0,1686.143,downstream,G5,G0005003
-41806,,,1686.143,downstream,G5,G0005003
-52106,-9970_0 -9970_1,:-52106_0_0 :-52106_0_1,1686.510,upstream,G5,G0005003
-31173,-8424_0 -8424_1,:-31173_0_0 :-31173_0_1,1686.628,downstream,G5,G0005003
-31174,-2286_0 -2286_1,:-31174_0_0 :-31174_0_1,1686.648,downstream,G5,G0005003
-46617,-7910_0 -7910_1 -11278_0,:-46617_0_0 :-46617_0_1 :-46617_2_0,1686.710,upstream,G5,G0005003
-25692,-15062_0 -15062_1,:-25692_0_0 :-25692_0_1,1686.710,downstream,G5,G0005003
-40800,-11780_0 -11780_1,:-40800_0_0 :-40800_0_1,1686.769,downstream,G5,G0005003
-30917,-5712_0 -5712_1,:-30917_0_0 :-30917_0_1,1686.788,downstream,G5,G0005003
-26325,-2194_0 -2194_1,:-26325_0_0 :-26325_0_1,1687.119,downstream,G5,G0005003
-26326,-834_0 -834_1,:-26326_0_0 :-26326_0_1,1687.174,downstream,G5,G0005003
-26758,-10920_0 -10920_1,:-26758_0_0 :-26758_0_1,1687.421,downstream,G5,G0005003
-26761,-946_0 -946_1,:-26761_0_0 :-26761_0_1,1687.608,downstream,G5,G0005003
-44890,-15982_0 -15982_1,:-44890_0_0 :-44890_0_1,1687.776,downstream,G5,G0005003
-29648,-7190_0 -7190_1,:-29648_0_0 :-29648_0_1,1687.818,downstream,G5,G0005003
-29649,-1816_0 -1816_1,:-29649_0_0 :-29649_0_1,1687.998,downstream,G5,G0005003
-47141,-14736_0 -14736_1,:-47141_0_0 :-47141_0_1,1688.040,downstream,G5,G0005003
-46610,-10624_0 -7908_0,:-46610_0_0 :-46610_1_0,1688.226,downstream,G5,G0005003
-47154,-8106_0,,1688.226,downstream,G5,G0005003
-53855,-16214_0 -16214_1,:-53855_0_0 :-53855_1_0 :-53855_1_1,1688.226,downstream,G5,G0005003
-35678,-8092_0 -8092_1,:-35678_0_0 :-35678_0_1,1688.356,downstream,G5,G0005003
-50130,-10626_0 -10626_1,:-50130_0_0 :-50130_0_1,1688.395,downstream,G5,G0005003
-50131,-9156_0 -9156_1,:-50131_0_0 :-50131_0_1,1688.441,downstream,G5,G0005003
-35098,-13630_0 -8104_0 -8104_1,:-35098_0_0 :-35098_1_0 :-35098_1_1,1688.511,downstream,G5,G0005003
-25702,-658_0 -658_1,:-25702_0_0 :-25702_1_0 :-25702_1_1,1688.511,downstream,G5,G0005003
-32264,-11096_0,:-32264_0_0,1688.703,downstream,G5,G0005003
-32265,-2616_0 -9272_0 -9272_1,:-32265_0_0 :-32265_1_0 :-32265_1_1,1688.703,downstream,G5,G0005003
-49707,-13632_0 -13632_1,:-49707_0_0 :-49707_1_0 :-49707_1_1,1688.703,downstream,G5,G0005003
-49731,-9018_0,:-49731_0_0,1688.703,downstream,G5,G0005003
-31640,-3826_0 -3826_1,:-31640_0_0 :-31640_0_1,1688.739,downstream,G5,G0005003
-47593,-15180_0 -15180_1,:-47593_0_0 :-47593_1_0 :-47593_1_1,1689.510,downstream,G5,G0005003
-58675,-14256_0 -14256_1,:-58675_0_0 :-58675_1_0 :-58675_1_1,1689.510,downstream,G5,G0005003
-43743,-11456_0 -6774_0,:-43743_0_0 :-43743_1_0,1689.510,downstream,G5,G0005005
-31149,-2276_0,:-31149_0_0 :-31149_1_0,1689.510,downstream,G5,G0005003
-44059,-6858_0 -9016_0 -9016_1,:-44059_0_0 :-44059_1_0 :-44059_1_1,1689.510,downstream,G5,G0005003
-31147,-8284_0,:-31147_0_0,1689.510,downstream,G5,G0005003
-36662,-4218_0,:-36662_0_0,1689.510,downstream,G5,G0005003
-43734,-12730_0,:-43734_0_0 :-43734_1_0,1689.510,downstream,G5,G0005003
-36653,-10250_0,:-36653_0_0,1689.510,downstream,G5,G0005003
-26741,-6772_0,:-26741_0_0,1689.510,downstream,G5,G0005003
-42583,-6348_0 -6348_1,:-42583_0_0 :-42583_0_1,1692.138,downstream,G5,G0005005
-36904,-8062_0 -8062_1,:-36904_0_0 :-36904_0_1,1692.989,upstream,G5,G0005005
-36905,-4322_0 -4322_1,:-36905_0_0 :-36905_0_1,1693.055,downstream,G5,G0005005
-46090,-7718_0 -7718_1,:-46090_0_0 :-46090_0_1,1693.055,upstream,G5,G0005005
-34096,-6930_0,:-34096_0_0,1694.528,downstream,G5,G0005005
-44252,-10736_0 -10736_1,:-44252_0_0 :-44252_1_0 :-44252_1_1,1694.528,downstream,G5,G0005005
-44253,-6932_0 -6932_1,:-44253_0_0 :-44253_0_1,1694.551,downstream,G5,G0005005
-50630,-9320_0 -9320_1,:-50630_0_0 :-50630_0_1,1694.588,downstream,G5,G0005005
-32612,-12158_0,:-32612_0_0 :-32612_1_0,1694.722,downstream,G5,G0005005
-32629,-2740_0 -9504_0 -9504_1,:-32629_0_0 :-32629_1_0 :-32629_1_1,1694.722,downstream,G5,G5京昆高速（成绵段）
-57292,,,1694.722,downstream,G5,G0005005
-46089,-9338_0 -9338_1,:-46089_0_0 :-46089_0_1,1694.783,downstream,G5,G5京昆高速（成绵段）
-39085,-12190_0 -12190_1,:-39085_0_0 :-39085_0_1,1695.052,upstream,G5,G0005005
-30681,-5076_0 -5076_1,:-30681_0_0 :-30681_0_1,1695.108,upstream,G5,G0005005
-30682,-2742_0 -2124_0 -2124_1,:-30682_0_0 :-30682_1_0 :-30682_1_1,1695.117,downstream,G5,G0005005
-52108,-13760_0 -13760_1,:-52108_0_0 :-52108_0_1,1695.504,downstream,G5,G0005005
-41004,-9976_0 -9976_1,:-41004_0_0 :-41004_0_1,1695.581,downstream,G5,G0005005
-33992,-4430_0 -4430_1,:-33992_0_0 :-33992_0_1,1696.101,upstream,G5,G0005005
-33993,-3274_0 -3274_1,:-33993_0_0 :-33993_0_1,1696.565,downstream,G5,G0005005
-37172,-10684_0,:-37172_0_0 :-37172_0_1,1696.565,upstream,G5,G0005005
-42365,-15252_0 -15252_1,:-42365_0_0 :-42365_0_1,1696.782,downstream,G5,G0005005
-35484,-6282_0 -6282_1,:-35484_0_0 :-35484_0_1,1696.813,downstream,G5,G0005005
-35494,-3770_0 -3770_1,:-35494_0_0,1697.674,downstream,G5,G0005005
-27440,-1150_0 -9506_0,:-27440_0_0 :-27440_1_0,1698.084,downstream,G5,G5京昆高速（成绵段）
-27434,-3304_0,:-27434_0_0,1698.084,downstream,G5,G0005005
-51056,-10878_0 -10878_1,:-51056_0_0 :-51056_1_0 :-51056_1_1,1698.084,downstream,G5,G0005005
-64760,-15134_0,,1698.084,downstream,G5,G0005005
-48985,-17036_0 -17036_1,:-48985_0_0 :-48985_0_1,1700.983,upstream,G5,G0005005
-50340,-9216_0 -9216_1,:-50340_0_0 :-50340_0_1,1701.015,upstream,G5,G0005005
-32978,-4914_0 -4914_1,:-32978_0_0 :-32978_0_1,1701.015,downstream,G5,G0005005
-37408,,,1702.814,downstream,G5,G0005005
-33919,-5308_0 -5308_1,:-33919_0_0 :-33919_0_1,1702.934,upstream,G5,G0005005
-27192,-1068_0 -1068_1,:-27192_0_0 :-27192_0_1,1702.949,upstream,G5,G0005005
-37544,-7266_0 -7266_1,:-37544_0_0 :-37544_1_0 :-37544_1_1,1702.959,upstream,G5,G0005005
-37556,-4568_0,,1702.996,downstream,G5,G0005005
-25414,-7712_0,:-25414_0_0 :-25414_0_1,1702.996,upstream,G5,G0005005
-37417,-4518_0 -4566_0 -4566_1,:-37417_0_0 :-37417_1_0 :-37417_1_1,1702.996,downstream,G5,G0005005
-43385,-6634_0 -6634_1,:-43385_0_0 :-43385_0_1,1703.400,downstream,G5,G0005005
-32990,-2884_0 -2884_1,:-32990_0_0 :-32990_0_1,1703.477,downstream,G5,G0005005
-66814,-16060_0,,1703.965,upstream,G5,G0005005
-63318,-14508_0 -14508_1,:-63318_0_0 :-63318_1_0 :-63318_1_1,1703.965,downstream,G5,G0005005
-44436,,,1704.126,upstream,G5,G0005005
-44442,-7010_0 -16058_0 -16058_1,:-44442_0_0 :-44442_1_0 :-44442_1_1,1704.126,downstream,G5,G0005005
-46840,-14464_0 -14464_1,:-46840_0_0 :-46840_0_1,1704.160,downstream,G5,G0005005
-43612,-8006_0 -8006_1,:-43612_0_0 :-43612_0_1,1704.254,downstream,G5,G0005005
-36289,-6726_0 -6726_1,:-36289_0_0 :-36289_0_1,1705.645,downstream,G5,G0005005
-25596,-4068_0 -4068_1,:-25596_0_0 :-25596_0_1,1705.771,downstream,G5,G0005005
-64357,-14952_0 -14952_1,:-64357_0_0 :-64357_0_1,1706.706,downstream,G5,G0005005
-35679,-17018_0 -17018_1,:-35679_0_0 :-35679_0_1,1706.866,downstream,G5,G0005005
-25604,-630_0 -630_1,:-25604_0_0,1708.465,downstream,G5,G0005005
-35685,-3828_0 -3828_1,:-35685_0_0 :-35685_0_1,1708.578,downstream,G5,G0005005
-43022,-14140_0 -14140_1,:-43022_0_0 :-43022_0_1,1708.636,downstream,G5,G0005005
-43032,-6506_0 -6506_1,:-43032_0_0 :-43032_0_1,1710.572,downstream,G5,G0005005
-58668,-16602_0 -16602_1,:-58668_0_0 :-58668_0_1,1710.602,downstream,G5,G0005005
-43418,-14376_0,:-43418_0_0,1710.613,upstream,G5,G5京昆高速（成绵段）
-42802,-6434_0 -6434_1,:-42802_0_0 :-42802_1_0 :-42802_1_1,1710.613,downstream,G5,G5京昆高速（成绵段）
-36300,-12720_0 -12720_1,:-36300_0_0 :-36300_0_1,1710.716,downstream,G5,G0005005
-43431,-6648_0 -14378_0 -14378_1,:-43431_0_0 :-43431_1_0 :-43431_1_1,1710.924,downstream,G5,G5京昆高速（成绵段）
-53269,-10408_0 -10408_1,:-53269_0_0 :-53269_0_1,1711.663,downstream,G5,G5京昆高速（成绵段）
-50339,-12834_0 -12834_1,:-50339_0_0 :-50339_0_1,1711.713,downstream,G5,G5京昆高速（成绵段）
-36260,-4052_0 -4052_1,:-36260_0_0 :-36260_1_0 :-36260_1_1,1711.904,upstream,G5,G0005005
-52499,-10162_0 -10162_1,:-52499_0_0 :-52499_0_1,1711.907,upstream,G5,G0005005
-31856,-2482_0 -2482_1 -2482_2 -2482_3,:-31856_0_0 :-31856_0_1 :-31856_0_2 :-31856_0_3,1712.101,downstream,G5,G0005005
-34117,-3316_0 -4066_0 -4066_1,:-34117_0_0 :-34117_1_0 :-34117_1_1,1712.103,upstream,G5,G0005005
-36286,-11962_0 -11962_1,:-36286_0_0 :-36286_0_1,1712.140,upstream,G5,G0005005
-36258,-4076_0 -4076_1,:-36258_0_0 :-36258_0_1,1712.143,upstream,G5,G0005005
-38444,-4848_0,:-38444_0_0,1712.161,downstream,G5,G0005005
-34116,-16246_0,:-34116_0_0,1712.161,downstream,G5,G0005005
-38435,,,1712.161,downstream,G5,G0005005
-58901,-12846_0 -12846_1,:-58901_0_0 :-58901_0_1 :-58901_0_2 :-58901_0_3,1712.161,downstream,G5,G0005005
-52507,-10164_0,,1712.161,downstream,G5,G0005005
-31501,-14996_0 -14996_1 -14996_2 -14996_3,:-31501_0_0 :-31501_1_0 :-31501_1_1 :-31501_1_2 :-31501_1_3,1715.068,downstream,G5,G0005005
-43552,-6700_0 -6700_1 -6700_2 -6700_3,:-43552_0_0 :-43552_0_1,1715.324,downstream,G5,G0005005
-31512,-2372_0 -2372_1 -2372_2 -2372_3,:-31512_0_0 :-31512_0_1 :-31512_0_2 :-31512_0_3,1715.378,downstream,G5,G0005005
-31822,-11312_0 -11312_1 -11312_2 -11312_3,:-31822_0_0 :-31822_0_1 :-31822_0_2 :-31822_0_3,1715.397,downstream,G5,G0005005
-33592,,,1715.617,downstream,G5,G0005005
-33593,-3122_0,:-33593_0_0 :-33593_1_0,1715.617,downstream,G5,G0005005
-42801,-17322_0 -17322_1,:-42801_0_0 :-42801_0_1,1715.731,downstream,G5,G0005005
-31824,-13718_0 -2470_0 -2470_1 -2470_2 -2470_3,:-31824_0_0 :-31824_0_1 :-31824_2_0 :-31824_2_1 :-31824_2_2 :-31824_2_3,1715.888,downstream,G5,G0005005
-30464,-7928_0 -7928_1 -7928_2 -7928_3,:-30464_0_0 :-30464_0_1 :-30464_0_2 :-30464_0_3,1715.891,upstream,G5,G0005005
-39542,-5236_0 -5236_1 -5236_2 -5236_3,:-39542_0_0 :-39542_0_1 :-39542_0_2 :-39542_0_3,1715.993,upstream,G5,G0005005
-30465,-2072_0 -2072_1 -2072_2 -2072_3,:-30465_0_0 :-30465_0_1 :-30465_0_2 :-30465_0_3,1716.137,upstream,G5,G0005005
-49986,-9100_0 -9100_1 -9100_2 -9100_3,:-49986_0_0 :-49986_0_1 :-49986_0_2 :-49986_0_3,1716.144,downstream,G5,G0005005
-40802,-5714_0 -5714_1 -5714_2 -5714_3,:-40802_0_0 :-40802_0_1 :-40802_0_2 :-40802_0_3,1716.411,downstream,G5,G0005005
-46816,-17270_0 -17270_1 -17270_2 -17270_3,:-46816_0_0 :-46816_0_1 :-46816_0_2 :-46816_0_3,1716.426,downstream,G5,G0005005
-55202,-11128_0 -11128_1 -11128_2 -11128_3,:-55202_0_0 :-55202_1_0 :-55202_1_1 :-55202_1_2 :-55202_1_3,1716.618,downstream,G5,G0005005
-31509,-2370_0 -14914_0,:-31509_0_0 :-31509_1_0,1716.618,upstream,G5,G0005005
-38173,-4766_0,,1716.618,upstream,G5,G0005005
-46818,-7990_0 -7990_1 -7990_2 -7990_3,:-46818_0_0 :-46818_0_1 :-46818_0_2 :-46818_0_3,1716.719,downstream,G5,G0005005
-60746,-15380_0 -15380_1 -15380_2 -15380_3,:-60746_0_0 :-60746_0_1 :-60746_0_2 :-60746_0_3,1716.733,downstream,G5,G0005005
-58469,-13720_0 -14916_0 -14916_1 -14916_2 -14916_3,:-58469_0_0 :-58469_0_1 :-58469_2_0 :-58469_2_1 :-58469_2_2 :-58469_2_3,1716.852,downstream,G5,G0005005
-31855,-12620_0 -12620_1 -12620_2 -12620_3,:-31855_0_0 :-31855_0_1 :-31855_0_2 :-31855_0_3,1716.867,downstream,G5,G0005005
-27190,-11034_0 -1066_0 -1066_1,:-27190_0_0 :-27190_1_0 :-27190_1_1,1717.478,downstream,G5,G0005005
-51646,-13560_0 -13560_1 -13560_2 -13560_3,:-51646_0_0 :-51646_1_0 :-51646_1_1 :-51646_1_2 :-51646_1_3,1717.478,downstream,G5,G0005005
-54925,-12760_0,:-54925_0_0,1717.478,downstream,G5,G0005005
-33086,-9752_0 -2928_0,:-33086_0_0 :-33086_1_0,1717.478,downstream,G5,G0005005
-33084,-8870_0,:-33084_0_0,1717.478,downstream,G5,G0005005
-46085,-7748_0,:-46085_0_0,1719.817,downstream,G5,G0005005
-51368,-9630_0,:-51368_0_0,1719.817,downstream,G5,G0005005
-48202,-8464_0 -8464_1,:-48202_0_0 :-48202_1_0 :-48202_1_1,1719.817,downstream,G5,G0005005
-51363,-10478_0,:-51363_0_0,1719.817,downstream,G5,G0005005
-46087,-12484_0 -7714_0,:-46087_0_0 :-46087_1_0,1719.817,downstream,G5,G0005005
-27681,-12746_0 -1220_0 -1220_1 -1220_2 -1220_3,:-27681_0_0 :-27681_0_1 :-27681_2_0 :-27681_2_1 :-27681_2_2 :-27681_2_3,1720.067,upstream,G5,G0005005
-27677,-9750_0 -9750_1 -9750_2 -9750_3,:-27677_0_0 :-27677_1_0 :-27677_1_1 :-27677_1_2 :-27677_1_3,1720.191,upstream,G5,G0005005
-69890,-17452_0,,1720.316,downstream,G5,G0005005
-54117,-10716_0 -10716_1 -10716_2 -10716_3,:-54117_0_0 :-54117_0_1 :-54117_0_2 :-54117_0_3,1720.316,downstream,G5,G0005005
-27678,-1218_0 -12782_0 -12782_1,:-27678_0_0 :-27678_1_0 :-27678_2_0 :-27678_2_1 :-27678_4_0 :-27678_5_0 :-27678_6_0 :-27678_6_1 :-27678_6_2,1720.316,downstream,G5,G0005005
-33361,-17008_0 -17008_1 -17008_2 -17008_3,:-33361_0_0 :-33361_0_1 :-33361_0_2 :-33361_0_3,1723.617,downstream,G5,G0005005
-41414,-13944_0 -13944_1 -13944_2 -13944_3,:-41414_0_0 :-41414_0_1 :-41414_0_2 :-41414_0_3,1727.001,downstream,G5,G0005005
-50199,-12406_0 -12406_1 -12406_2 -12406_3,:-50199_0_0 :-50199_0_1 :-50199_0_2 :-50199_0_3,1727.125,upstream,G5,G5京昆高速（成绵段）
-66907,-16126_0 -17000_0,:-66907_0_0 :-66907_1_0,1727.272,downstream,G5,G0005005
-31774,-2448_0,:-31774_0_0,1727.272,downstream,G5,G0005005
-31769,-5904_0 -5904_1 -5904_2 -5904_3,:-31769_0_0 :-31769_1_0 :-31769_1_1 :-31769_1_2 :-31769_1_3,1727.272,downstream,G5,G0005005
-67779,-16542_0,,1727.272,downstream,G5,G5京昆高速（成绵段）
-40548,-13386_0 -13386_1 -13386_2 -13386_3,:-40548_0_0 :-40548_0_1 :-40548_0_2 :-40548_0_3,1727.275,upstream,G5,G5京昆高速（成绵段）
-32806,-2816_0,:-32806_0_0,1727.390,upstream,G5,G5京昆高速（成绵段）
-32802,-5474_0,:-32802_0_0,1727.390,upstream,G5,G5京昆高速（成绵段）
-40150,-16762_0 -5476_0 -5476_1 -5476_2 -5476_3,:-40150_0_0 :-40150_0_1 :-40150_2_0 :-40150_2_1 :-40150_2_2 :-40150_2_3,1727.412,upstream,G5,G5京昆高速（成绵段）
-40144,-15622_0 -15622_1 -15622_2 -15622_3,:-40144_0_0 :-40144_1_0 :-40144_1_1 :-40144_1_2 :-40144_1_3,1727.443,upstream,G5,G5京昆高速（成绵段）
-40549,-5612_0 -5612_1 -5612_2 -5612_3,:-40549_0_0 :-40549_0_1 :-40549_0_2 :-40549_0_3,1727.459,upstream,G5,G5京昆高速（成绵段）
-37567,-9176_0 -9176_1 -9176_2 -9176_3,:-37567_0_0 :-37567_0_1 :-37567_0_2 :-37567_0_3,1727.473,upstream,G5,G5京昆高速（成绵段）
-31770,-2446_0 -2446_1 -2446_2 -2446_3,:-31770_0_0 :-31770_0_1 :-31770_0_2 :-31770_0_3,1727.476,downstream,G5,G0005005
-62005,-13984_0 -13984_1 -13984_2 -13984_3,:-62005_0_0 :-62005_0_1 :-62005_0_2 :-62005_0_3,1727.496,downstream,G5,G5京昆高速（成绵段）
-44796,-14268_0 -14268_1 -14268_2 -14268_3 -16760_0,:-44796_0_0 :-44796_0_1 :-44796_0_2 :-44796_0_3 :-44796_4_0 :-44796_4_1,1727.542,downstream,G5,G0005005
-40934,,,1727.542,downstream,G5,G5京昆高速（成绵段）
-40936,-5746_0,:-40936_0_0 :-40936_1_0,1727.542,downstream,G5,G0005005
-43825,-7152_0 -7152_1 -7152_2 -7152_3,:-43825_0_0 :-43825_0_1 :-43825_0_2 :-43825_0_3,1727.823,downstream,G5,G0005005
-33382,-3026_0 -3026_1 -3026_2 -3026_3,:-33382_0_0 :-33382_0_1 :-33382_0_2 :-33382_0_3,1730.313,downstream,G5,G0005005
-33468,-3070_0 -3070_1 -3070_2 -3070_3,:-33468_0_0 :-33468_0_1 :-33468_0_2 :-33468_0_3,1730.347,downstream,G5,G0005005
-43835,-6804_0 -6804_1 -6804_2 -6804_3,:-43835_0_0 :-43835_0_1 :-43835_0_2 :-43835_0_3,1731.092,downstream,G5,G0005005
-49298,-8890_0 -8890_1 -8890_2 -8890_3,:-49298_0_0 :-49298_0_1 :-49298_0_2 :-49298_0_3,1732.262,downstream,G5,G0005005
-35048,-14528_0 -14528_1 -14528_2 -14528_3,:-35048_0_0 :-35048_0_1 :-35048_0_2 :-35048_0_3,1732.309,downstream,G5,G0005005
-33835,-17210_0 -3228_0 -3228_1 -3228_2,:-33835_0_0 :-33835_1_0 :-33835_1_1 :-33835_1_2,1732.430,upstream,G5,G0005005
-49238,-17208_0,:-49238_0_0,1732.430,upstream,G5,G0005005
-45998,-7688_0,:-45998_0_0 :-45998_1_0,1732.430,upstream,G5,G0005005
-36462,-4122_0 -4122_1 -4122_2 -4122_3,:-36462_0_0 :-36462_1_0 :-36462_1_1 :-36462_1_2 :-36462_1_3,1732.430,downstream,G5,G0005005
-35589,-3794_0 -7686_0 -7686_1 -7686_2 -7686_3,:-35589_0_0 :-35589_0_1 :-35589_2_0 :-35589_2_1 :-35589_2_2 :-35589_2_3,1732.846,downstream,G5,G0005005
-27690,-1230_0,:-27690_0_0,1732.846,upstream,G5,G0005005
-35052,-3604_0 -3604_1 -3604_2 -3604_3,:-35052_0_0 :-35052_0_1 :-35052_0_2 :-35052_0_3,1733.046,downstream,G5,G0005005
-51682,-11164_0 -11164_1 -11164_2 -11164_3,:-51682_0_0 :-51682_0_1 :-51682_0_2 :-51682_0_3,1733.105,downstream,G5,G0005005
-38996,-5052_0,:-38996_0_0,1733.383,upstream,G5,G0005005
-39006,-5054_0 -13164_0 -13164_1 -13164_2 -13164_3,:-39006_0_0 :-39006_0_1 :-39006_2_0 :-39006_2_1 :-39006_2_2 :-39006_2_3,1733.383,downstream,G5,G0005005
-31054,-4844_0 -4844_1 -4844_2,:-31054_0_0 :-31054_1_0 :-31054_1_1,1733.383,upstream,G5,G0005005
-31071,-2240_0,:-31071_0_0 :-31071_1_0,1733.383,upstream,G5,G0005005
-51686,-9758_0 -9758_1 -9758_2 -9758_3,:-51686_0_0 :-51686_0_1 :-51686_0_2 :-51686_0_3,1733.554,downstream,G5,G0005005
-43019,-6502_0,:-43019_0_0,1735.020,upstream,G5,G5京昆高速（成绵段）
-60552,-13480_0,:-60552_0_0,1735.020,upstream,G5,G0005005
-52296,-14604_0,:-52296_0_0,1735.020,upstream,G5,G5京昆高速（成绵段）
-26290,-820_0 -820_1 -820_2 -820_3,:-26290_0_0 :-26290_0_1 :-26290_0_2 :-26290_0_3,1735.808,upstream,G5,G5京昆高速（成绵段）
-59458,-17398_0 -17398_1 -17398_2 -17398_3,:-59458_0_0 :-59458_0_1 :-59458_0_2 :-59458_0_3,1735.895,upstream,G5,G0005005
-45366,-7402_0 -7402_1 -7402_2 -7402_3,:-45366_0_0 :-45366_0_1 :-45366_0_2 :-45366_0_3,1735.962,upstream,G5,G0005005
-41241,-5844_0 -5844_1 -5844_2 -5844_3,:-41241_0_0 :-41241_0_1 :-41241_0_2 :-41241_0_3,1735.970,upstream,G5,G5京昆高速（成绵段）
-43014,-15250_0 -15250_1 -15250_2 -15250_3,:-43014_0_0 :-43014_1_0 :-43014_1_1 :-43014_1_2 :-43014_1_3,1736.009,downstream,G5,G5京昆高速（成绵段）
-60428,-13424_0 -13424_1 -13424_2 -13424_3,:-60428_0_0 :-60428_0_1 :-60428_0_2 :-60428_0_3,1736.023,upstream,G5,G0005005
-60427,-15688_0 -15688_1 -15688_2 -15688_3,:-60427_0_0 :-60427_0_1 :-60427_0_2 :-60427_0_3,1736.122,upstream,G5,G0005005
-45361,-10410_0 -10410_1 -10410_2 -10410_3,:-45361_0_0 :-45361_0_1 :-45361_0_2 :-45361_0_3,1736.262,upstream,G5,G0005005
-60819,-13590_0 -13590_1 -13590_2 -13590_3,:-60819_0_0 :-60819_0_1 :-60819_0_2 :-60819_0_3,1736.271,upstream,G5,G0005005
-53270,-14632_0 -14632_1 -14632_2 -14632_3,:-53270_0_0 :-53270_0_1 :-53270_0_2 :-53270_0_3,1736.277,upstream,G5,G0005005
-59459,-13048_0 -13048_1 -13048_2 -13048_3,:-59459_0_0 :-59459_0_1 :-59459_0_2 :-59459_0_3,1736.278,upstream,G5,G0005005
-54601,-10906_0 -10906_1 -10906_2 -10906_3,:-54601_0_0 :-54601_0_1 :-54601_0_2 :-54601_0_3,1736.297,downstream,G5,G0005005
-52781,-15602_0 -15602_1 -15602_2 -15602_3,:-52781_0_0 :-52781_0_1 :-52781_0_2 :-52781_0_3,1736.345,upstream,G5,G0005005
-43060,-10248_0 -10248_1 -10248_2 -10248_3,:-43060_0_0 :-43060_0_1 :-43060_0_2 :-43060_0_3,1736.345,downstream,G5,G0005005
-36751,-14710_0 -14710_1 -14710_2 -14710_3,:-36751_0_0 :-36751_0_1 :-36751_0_2 :-36751_0_3,1736.775,downstream,G5,G0005005
-27231,-6532_0 -6532_1 -6532_2 -6532_3,:-27231_0_0 :-27231_0_1 :-27231_0_2 :-27231_0_3,1736.828,downstream,G5,G0005005
-36752,-4244_0 -4244_1 -4244_2 -4244_3,:-36752_0_0 :-36752_0_1 :-36752_0_2 :-36752_0_3,1736.832,downstream,G5,G0005005
-57263,-12142_0,,1736.835,upstream,G5,G0005005
-31899,,,1736.835,upstream,G5,G5京昆高速（成绵段）
-28986,-1624_0,:-28986_0_0 :-28986_1_0,1736.835,upstream,G5,G0005005
-31916,-2500_0,:-31916_0_0,1736.835,upstream,G5,G5京昆高速（成绵段）
-28718,-2498_0 -6002_0,:-28718_0_0 :-28718_1_0,1736.835,upstream,G5,G5京昆高速（成绵段）
-28724,-1564_0 -6504_0 -6504_1 -6504_2 -6504_3,:-28724_0_0 :-28724_0_1 :-28724_2_0 :-28724_2_1 :-28724_2_2 :-28724_2_3,1736.835,downstream,G5,G5京昆高速（成绵段）
-41725,-12140_0,:-41725_0_0,1736.835,upstream,G5,G5京昆高速（成绵段）
-27232,-1088_0 -1088_1 -1088_2 -1088_3,:-27232_0_0 :-27232_0_1 :-27232_0_2 :-27232_0_3,1736.849,downstream,G5,G0005005
-42854,-15850_0,:-42854_0_0,1737.016,downstream,G5,G0005005
-45966,-7674_0 -7674_1 -7674_2 -7674_3,:-45966_0_0 :-45966_1_0 :-45966_1_1 :-45966_1_2 :-45966_1_3,1737.016,downstream,G5,G0005005
-29069,-1656_0 -1656_1 -1656_2 -1656_3,:-29069_0_0 :-29069_0_1 :-29069_0_2 :-29069_0_3,1737.508,downstream,G5,G0005005
-30961,-6026_0 -6026_1 -6026_2 -6026_3,:-30961_0_0 :-30961_0_1 :-30961_0_2 :-30961_0_3,1737.576,downstream,G5,G0005005
-37272,-4466_0 -6462_0,:-37272_0_0 :-37272_1_0,1737.596,downstream,G5,G5京昆高速（成绵段）
-38720,-15852_0 -15852_1 -15852_2 -15852_3 -4948_0,:-38720_0_0 :-38720_0_1 :-38720_0_2 :-38720_0_3 :-38720_4_0 :-38720_5_0 :-38720_5_1 :-38720_7_0,1737.596,downstream,G5,G0005005
-48818,-8700_0,:-48818_0_0,1737.596,downstream,G5,G0005005
-38715,-15428_0,:-38715_0_0 :-38715_1_0,1737.596,downstream,G5,G0005005
-37266,-13196_0,:-37266_0_0,1737.596,downstream,G5,G5京昆高速（成绵段）
-28984,-14380_0 -10068_0,:-28984_0_0 :-28984_1_0,1737.596,downstream,G5,G0005005
-54312,-10796_0,:-54312_0_0,1737.596,downstream,G5,G0005005
-30962,-2214_0 -2214_1 -2214_2 -2214_3,:-30962_0_0 :-30962_0_1 :-30962_0_2 :-30962_0_3,1737.620,downstream,G5,G0005005
-37171,-4428_0 -4428_1 -4428_2 -4428_3,:-37171_0_0 :-37171_0_1 :-37171_0_2 :-37171_0_3,1737.644,downstream,G5,G0005005
-38732,-4950_0 -8698_0 -8698_1 -8698_2 -8698_3,:-38732_0_0 :-38732_0_1 :-38732_2_0 :-38732_2_1 :-38732_2_2 :-38732_2_3,1737.906,downstream,G5,G0005005
-42838,-7860_0 -7860_1 -7860_2 -7860_3,:-42838_0_0 :-42838_0_1 :-42838_0_2 :-42838_0_3,1738.460,downstream,G5,G0005005
-35925,-9736_0 -9736_1 -9736_2 -9736_3,:-35925_0_0 :-35925_0_1 :-35925_0_2 :-35925_0_3,1738.923,downstream,G5,G0005005
-29205,-3920_0 -3920_1 -3920_2 -3920_3,:-29205_0_0 :-29205_0_1 :-29205_0_2 :-29205_0_3,1738.992,downstream,G5,G0005005
-39760,-6450_0 -6450_1 -6450_2 -6450_3,:-39760_0_0 :-39760_0_1 :-39760_0_2 :-39760_0_3,1739.009,downstream,G5,G0005005
-29791,-5328_0 -5328_1 -5328_2 -5328_3,:-29791_0_0 :-29791_0_1 :-29791_0_2 :-29791_0_3,1739.349,downstream,G5,G0005005
-29792,-1858_0 -1858_1 -1858_2 -1858_3,:-29792_0_0 :-29792_0_1 :-29792_0_2 :-29792_0_3,1739.410,downstream,G5,G0005005
-30400,-14488_0 -2048_0 -2048_1 -2048_2 -2048_3,:-30400_0_0 :-30400_0_1 :-30400_2_0 :-30400_2_1 :-30400_2_2 :-30400_2_3,1745.499,upstream,G5,G0005005
-40363,-14526_0 -14526_1 -14526_2 -14526_3,:-40363_0_0 :-40363_0_1 :-40363_0_2 :-40363_0_3,1745.843,upstream,G5,G0005005
-30411,-2050_0,:-30411_0_0,1745.871,upstream,G5,G0005005
-42708,-12410_0,:-42708_0_0,1745.871,upstream,G5,G0005005
-57938,-12392_0,:-57938_0_0,1745.871,upstream,G5,G0005005
-50662,-9334_0,:-50662_0_0,1745.871,upstream,G5,G0005005
-35597,-12796_0 -12796_1 -12796_2 -12796_3,:-35597_0_0 :-35597_0_1 :-35597_0_2 :-35597_0_3,1746.478,upstream,G5,G0005005
-35434,-3750_0 -3750_1 -3750_2 -3750_3,:-35434_0_0 :-35434_0_1 :-35434_0_2 :-35434_0_3,1746.616,upstream,G5,G0005005
-38856,-13474_0 -13474_1 -13474_2 -13474_3,:-38856_0_0 :-38856_0_1 :-38856_0_2 :-38856_0_3,1746.677,downstream,G5,G0005005
-48693,-10348_0 -10348_1 -10348_2 -10348_3,:-48693_0_0 :-48693_0_1 :-48693_0_2 :-48693_0_3,1747.063,downstream,G5,G0005005
-46453,-8640_0 -8640_1 -8640_2 -8640_3,:-46453_0_0 :-46453_0_1 :-46453_0_2 :-46453_0_3,1747.080,downstream,G5,G0005005
-26677,-3066_0 -6388_0,:-26677_0_0 :-26677_1_0,1747.429,downstream,G5,G0005005
-26678,-920_0,,1747.429,downstream,G5,G0005005
-33458,-4994_0 -4994_1 -4994_2 -4994_3,:-33458_0_0 :-33458_1_0 :-33458_1_1 :-33458_1_2 :-33458_1_3,1747.429,downstream,G5,G0005005
-68489,,,1747.990,downstream,G5,G0005005
-50657,-16892_0,:-50657_0_0 :-50657_1_0,1747.990,downstream,G5,G0005005
-33467,-9332_0 -3068_0 -3068_1 -3068_2 -3068_3,:-33467_0_0 :-33467_0_1 :-33467_2_0 :-33467_2_1 :-33467_2_2 :-33467_2_3,1747.990,downstream,G5,G0005005
-46456,-7866_0 -7866_1 -7866_2 -7866_3,:-46456_0_0 :-46456_0_1 :-46456_0_2 :-46456_0_3,1748.344,downstream,G5,G0005005
-39368,-11532_0 -11532_1 -11532_2 -11532_3,:-39368_0_0 :-39368_0_1 :-39368_0_2 :-39368_0_3,1748.461,downstream,G5,G0005005
-33393,-8452_0 -8452_1 -8452_2 -8452_3,:-33393_0_0 :-33393_0_1 :-33393_0_2 :-33393_0_3,1749.842,downstream,G5,G0005005
-33394,-3032_0 -3032_1 -3032_2 -3032_3,:-33394_0_0 :-33394_0_1 :-33394_0_2 :-33394_0_3,1749.896,downstream,G5,G0005005
-26289,-5192_0 -5192_1 -5192_2 -5192_3,:-26289_0_0 :-26289_0_1 :-26289_0_2 :-26289_0_3,1750.571,downstream,G5,G0005005
3538591854,-3000000062_0 -3000000062_1,:3538591854_0_0 :3538591854_0_1,1750.625,upstream,G76,G0076001
3538591776,-3000000042_0 -3000000042_1,:3538591776_0_0 :3538591776_0_1,1750.673,upstream,G76,G0076001
3538591856,-3000000012_0 -3000000012_1,:3538591856_0_0 :3538591856_0_1,1750.676,upstream,G76,G0076001
3976561363,-3000000225_0 -3000000225_1,:3976561363_0_0 :3976561363_0_1,1750.713,upstream,G76,G0076001
3538591792,-3000000047_0 -3000000047_1,:3538591792_0_0 :3538591792_0_1,1750.734,upstream,G76,G0076001
3538591807,-3000000043_0 -3000000043_1,:3538591807_0_0 :3538591807_0_1,1750.754,upstream,G76,G0076001
3538591812,-3000000059_0 -3000000059_1,:3538591812_0_0 :3538591812_0_1,1750.768,upstream,G76,G0076001
6504800235,-3000000218_0 -3000000218_1,:6504800235_0_0 :6504800235_0_1,1750.787,upstream,G76,G0076001
3976561378,-3000000339_0 -3000000339_1,:3976561378_0_0 :3976561378_0_1,1750.801,upstream,G76,G0076001
3538591824,-3000000044_0 -3000000044_1,:3538591824_0_0 :3538591824_0_1,1750.808,upstream,G76,G0076001
3538591783,-3000000031_0 -3000000031_1,:3538591783_0_0 :3538591783_0_1,1750.810,upstream,G76,G0076001
3538591839,-3000000035_0 -3000000035_1,:3538591839_0_0 :3538591839_0_1,1750.821,upstream,G76,G0076001
3538591845,-3000000056_0 -3000000056_1,:3538591845_0_0 :3538591845_0_1,1750.822,upstream,G76,G0076001
3538591778,-3000000023_0 -3000000023_1,:3538591778_0_0 :3538591778_0_1,1750.831,upstream,G76,G0076001
3538591826,-3000000037_0 -3000000037_1,:3538591826_0_0 :3538591826_0_1,1750.839,upstream,G76,G0076001
3538591849,-3000000030_0 -3000000030_1,:3538591849_0_0 :3538591849_0_1,1750.845,upstream,G76,G0076001
3538591791,-3000000025_0 -3000000025_1,:3538591791_0_0 :3538591791_0_1,1750.867,upstream,G76,G0076001
3538591774,-3000000015_0 -3000000015_1,:3538591774_0_0 :3538591774_0_1,1750.879,upstream,G76,G0076001
6504800230,-3000000216_0 -3000000216_1,:6504800230_0_0 :6504800230_0_1,1750.901,upstream,G76,G0076001
6485679823,-3000000448_0 -3000000336_0 -3000000336_1,:6485679823_0_0 :6485679823_1_0 :6485679823_1_1,1750.906,upstream,G76,G0076001
3538591772,-3000000016_0 -3000000016_1,:3538591772_0_0 :3538591772_0_1,1750.906,upstream,G76,G0076001
3538591820,-3000000011_0 -3000000011_1,:3538591820_0_0 :3538591820_0_1,1750.914,upstream,G76,G0076001
3538591770,-3000000040_0 -3000000040_1,:3538591770_0_0 :3538591770_0_1,1750.942,upstream,G76,G0076001
6504800237,-3000000223_0 -3000000223_1,:6504800237_0_0 :6504800237_0_1,1750.942,downstream,G76,G0076001
6504800234,-3000000337_0 -3000000337_1,:6504800234_0_0 :6504800234_0_1,1750.964,downstream,G76,G0076001
-52294,-17310_0 -17310_1 -17310_2 -17310_3,:-52294_0_0 :-52294_0_1 :-52294_0_2 :-52294_0_3,1751.673,upstream,G5,G0005005
3976561377,-3000000221_0 -3000000221_1,:3976561377_0_0 :3976561377_0_1,1751.749,downstream,G76,G0076001
6504800236,-3000000220_0 -3000000220_1,:6504800236_0_0 :6504800236_0_1,1751.777,downstream,G76,G0076001
-45510,-10064_0 -10064_1 -10064_2 -10064_3,:-45510_0_0 :-45510_0_1 :-45510_0_2 :-45510_0_3,1751.805,upstream,G5,G0005005
6485679746,-3000000334_0 -3000000334_1,:6485679746_0_0 :6485679746_1_0 :6485679746_1_1,1751.875,downstream,G76,G0076001
3976561368,-3000000222_0 -3000000222_1,:3976561368_0_0 :3976561368_0_1,1751.903,downstream,G76,G0076001
3976561379,-3000000335_0 -3000000335_1,:3976561379_0_0 :3976561379_0_1,1751.946,downstream,G76,G0076001
-26837,-978_0 -978_1 -978_2 -978_3,:-26837_0_0 :-26837_0_1 :-26837_0_2 :-26837_0_3,1751.962,downstream,G5,G0005005
6504800231,-3000000219_0 -3000000219_1,:6504800231_0_0 :6504800231_0_1,1752.187,downstream,G76,G0076001
9022330641,-3000000338_0 -3000000338_1,:9022330641_0_0 :9022330641_0_1,1752.271,downstream,G76,G0076001
6504800232,-3000000217_0 -3000000217_1,:6504800232_0_0 :6504800232_0_1,1752.336,downstream,G76,G0076001
3538591855,-3000000224_0 -3000000224_1,:3538591855_0_0 :3538591855_0_1,1752.755,downstream,G76,G0076001
-38984,-5046_0 -5046_1 -5046_2 -5046_3,:-38984_0_0 :-38984_0_1 :-38984_0_2 :-38984_0_3,1752.827,downstream,G5,G0005005
-38983,-14572_0 -14572_1 -14572_2 -14572_3,:-38983_0_0 :-38983_0_1 :-38983_0_2 :-38983_0_3,1752.827,upstream,G5,G0005005
3538591853,-3000000004_0 -3000000004_1,:3538591853_0_0 :3538591853_0_1,1753.286,downstream,G76,G0076001
-46848,-15362_0 -15362_1 -15362_2 -15362_3,:-46848_0_0 :-46848_0_1 :-46848_0_2 :-46848_0_3,1753.509,downstream,G5,G0005005
-46849,-8018_0 -8018_1 -8018_2 -8018_3,:-46849_0_0 :-46849_0_1 :-46849_0_2 :-46849_0_3,1753.605,downstream,G5,G0005005
3538591787,-3000000060_0 -3000000060_1,:3538591787_0_0 :3538591787_0_1,1753.925,downstream,G76,G0076001
3538591788,-3000000028_0 -3000000028_1,:3538591788_0_0 :3538591788_0_1,1754.078,downstream,G76,G0076001
-51752,-9948_0 -9948_1 -9948_2 -9948_3,:-51752_0_0 :-51752_0_1 :-51752_0_2 :-51752_0_3,1754.209,downstream,G5,G0005005
-51753,-9796_0 -9796_1 -9796_2 -9796_3,:-51753_0_0 :-51753_0_1 :-51753_0_2 :-51753_0_3,1754.291,downstream,G5,G0005005
-45318,-7392_0,:-45318_0_0,1754.361,downstream,G5,G0005005
-45310,-13108_0,:-45310_0_0,1754.361,downstream,G5,G0005005
-55377,-11230_0 -11230_1 -11230_2 -11230_3,:-55377_0_0 :-55377_1_0 :-55377_1_1 :-55377_1_2 :-55377_1_3,1754.361,downstream,G5,G0005005
-37525,-14622_0 -14622_1 -14622_2 -14622_3,:-37525_0_0 :-37525_0_1 :-37525_0_2 :-37525_0_3,1754.368,downstream,G5,G0005005
-37526,-4556_0 -4556_1 -4556_2 -4556_3,:-37526_0_0 :-37526_0_1 :-37526_0_2 :-37526_0_3,1754.425,downstream,G5,G0005005
3538591806,-3000000046_0 -3000000046_1,:3538591806_0_0 :3538591806_0_1,1754.497,downstream,G76,G0076001
-59979,-13258_0,:-59979_0_0,1754.781,downstream,G5,G5京昆高速（成绵段）
-26211,-798_0,:-26211_0_0,1754.781,downstream,G5,G5京昆高速（成绵段）
-40750,-17142_0 -13106_0 -13106_1 -13106_2 -13106_3,:-40750_0_0 :-40750_0_1 :-40750_2_0 :-40750_2_1 :-40750_2_2 :-40750_2_3,1754.781,downstream,G5,G0005005
-68051,-16666_0,:-68051_0_0,1754.781,downstream,G5,G0005005
-26207,-3512_0,:-26207_0_0,1754.850,upstream,G5,G5京昆高速（成绵段）
-34835,-3514_0,:-34835_0_0,1754.850,upstream,G5,G5京昆高速（成绵段）
-35182,-3642_0,:-35182_0_0,1754.850,upstream,G5,G5京昆高速（成绵段）
-34834,-8004_0,:-34834_0_0 :-34834_1_0,1754.850,upstream,G5,G5京昆高速（成绵段）
-46839,,,1754.850,upstream,G5,G5京昆高速（成绵段）
3538591837,-3000000034_0 -3000000034_1,:3538591837_0_0 :3538591837_0_1,1754.871,downstream,G76,G0076001
-66151,-17060_0 -17060_1 -17060_2 -17060_3,:-66151_0_0 :-66151_1_0 :-66151_1_1 :-66151_1_2 :-66151_1_3,1755.086,upstream,G5,G5京昆高速（成绵段）
3538591843,-3000000053_0 -3000000053_1,:3538591843_0_0 :3538591843_0_1,1755.108,downstream,G76,G0076001
-42540,-6316_0 -15828_0 -15828_1 -15828_2 -15828_3,:-42540_0_0 :-42540_0_1 :-42540_2_0 :-42540_2_1 :-42540_2_2 :-42540_2_3,1755.120,downstream,G5,G5京昆高速（成绵段）
-47920,-8406_0 -16072_0,:-47920_0_0 :-47920_1_0,1755.120,upstream,G5,G0005005
-60536,-13464_0,,1755.120,upstream,G5,G0005005
-33918,-3244_0,:-33918_0_0,1755.120,upstream,G5,G0005005
-33899,-15826_0,:-33899_0_0,1755.120,upstream,G5,G5京昆高速（成绵段）
3538591821,-3000000026_0 -3000000026_1,:3538591821_0_0 :3538591821_0_1,1755.302,downstream,G76,G0076001
-45933,-7660_0 -7660_1 -7660_2 -7660_3,:-45933_0_0 :-45933_0_1 :-45933_0_2 :-45933_0_3,1755.481,downstream,G5,G0005005
-27993,-10960_0 -10960_1 -10960_2,:-27993_0_0 :-27993_0_1 :-27993_0_2,1755.494,upstream,G5,G0005005
3538591815,-3000000033_0 -3000000033_1,:3538591815_0_0 :3538591815_0_1,1755.512,downstream,G76,G0076001
-32032,-9972_0 -9972_1 -9972_2 -9972_3,:-32032_0_0 :-32032_0_1 :-32032_0_2 :-32032_0_3,1755.525,downstream,G5,G5京昆高速（成绵段）
3538591818,-3000000013_0 -3000000013_1,:3538591818_0_0 :3538591818_0_1,1755.569,downstream,G76,G0076001
-40754,-5688_0 -5688_1 -5688_2 -5688_3,:-40754_0_0 :-40754_0_1 :-40754_0_2 :-40754_0_3,1755.580,upstream,G5,G0005005
-32033,-2544_0 -2544_1 -2544_2 -2544_3,:-32033_0_0 :-32033_0_1 :-32033_0_2 :-32033_0_3,1755.617,downstream,G5,G5京昆高速（成绵段）
-54196,-10754_0 -10754_1 -10754_2 -10754_3,:-54196_0_0 :-54196_0_1 :-54196_0_2,1755.671,upstream,G5,G0005005
-27994,-1334_0 -1334_1 -1334_2,:-27994_0_0 :-27994_0_1 :-27994_0_2,1755.712,downstream,G5,G0005005
-27252,-10208_0 -10208_1 -10208_2 -10208_3,:-27252_0_0 :-27252_0_1 :-27252_0_2 :-27252_0_3,1755.792,downstream,G5,G0005005
3538591832,-3000000045_0 -3000000045_1,:3538591832_0_0 :3538591832_0_1,1755.832,downstream,G76,G0076001
-52254,-10046_0 -10046_1 -10046_2,:-52254_0_0 :-52254_0_1 :-52254_0_2,1755.910,upstream,G5,G0005005
-33495,-6698_0 -4958_0,:-33495_0_0 :-33495_1_0,1755.985,upstream,G5,G0005005
-52172,-11694_0,:-52172_0_0,1755.985,upstream,G5,G0005005
-33498,-3084_0,:-33498_0_0,1755.985,upstream,G5,G0005005
-56365,-16172_0 -16172_1 -16172_2,:-56365_0_0 :-56365_1_0 :-56365_1_1 :-56365_1_2,1755.985,upstream,G5,G0005005
-43854,-6812_0,:-43854_0_0,1755.985,upstream,G5,G0005005
-43843,-7126_0,:-43843_0_0,1755.985,upstream,G5,G0005005
-43533,-10006_0,:-43533_0_0,1755.985,upstream,G5,G0005005
-64586,-15058_0 -16900_0 -16900_1 -16900_2,:-64586_0_0 :-64586_1_0 :-64586_1_1 :-64586_1_2,1756.005,upstream,G5,G0005005
-51337,-17120_0 -17120_1 -17120_2,:-51337_0_0 :-51337_0_1 :-51337_0_2,1756.024,downstream,G5,G0005005
3426567093,-3000000038_0 -3000000038_1,:3426567093_0_0 :3426567093_0_1,1756.071,downstream,G76,G0076001
-27254,-1094_0 -1094_1 -1094_2 -1094_3,:-27254_0_0 :-27254_0_1 :-27254_0_2 :-27254_0_3,1756.383,downstream,G5,G0005005
3538591782,-3000000061_0 -3000000061_1,:3538591782_0_0 :3538591782_0_1,1756.412,downstream,G76,G0076001
3538591779,-3000000041_0 -3000000041_1,:3538591779_0_0 :3538591779_0_1,1756.646,downstream,G76,G0076001
3538591775,-3000000036_0 -3000000036_1,:3538591775_0_0 :3538591775_0_1,1756.895,downstream,G76,G0076001
-29501,-10176_0 -10176_1 -10176_2,:-29501_0_0 :-29501_0_1 :-29501_0_2,1757.166,downstream,G5,G0005005
-29638,-1810_0,:-29638_0_0,1757.312,downstream,G5,G0005005
-38874,-7212_0,:-38874_0_0,1757.312,downstream,G5,G0005005
-38880,-5006_0,:-38880_0_0 :-38880_1_0,1757.312,downstream,G5,G0005005
-44940,-16846_0,:-44940_0_0,1757.312,downstream,G5,G0005005
-31947,-5158_0 -2516_0 -2516_1 -2516_2,:-31947_0_0 :-31947_1_0 :-31947_1_1 :-31947_1_2,1757.312,downstream,G5,G0005005
-29503,-1764_0 -1764_1 -1764_2,:-29503_0_0 :-29503_1_0 :-29503_1_1 :-29503_1_2,1757.312,downstream,G5,G0005005
-39281,-10134_0,:-39281_0_0,1757.312,downstream,G5,G0005005
-33961,-10132_0,:-33961_0_0,1757.312,downstream,G5,G0005005
-29637,-1808_0 -1808_1 -1808_2,:-29637_0_0 :-29637_0_1 :-29637_0_2,1757.325,downstream,G5,G0005005
3538591773,-3000000039_0 -3000000039_1,:3538591773_0_0 :3538591773_0_1,1757.437,downstream,G76,G0076001
-51346,-9620_0 -9620_1 -9620_2,:-51346_0_0 :-51346_0_1 :-51346_0_2,1757.467,downstream,G5,G0005005
-55537,-11308_0 -11308_1 -11308_2,:-55537_0_0 :-55537_0_1 :-55537_0_2,1757.508,downstream,G5,G0005005
3538591771,-3000000017_0 -3000000017_1,:3538591771_0_0 :3538591771_0_1,1757.564,downstream,G76,G0076001
3538591769,-3000000010_0 -3000000010_1,:3538591769_0_0 :3538591769_0_1,1757.633,downstream,G76,G0076001
-41726,-11948_0 -11948_1 -11948_2,:-41726_0_0 :-41726_0_1 :-41726_0_2 :-41726_0_3,1757.938,downstream,G5,G0005005
-41727,-6004_0 -6004_1 -6004_2 -6004_3,:-41727_0_0 :-41727_0_1 :-41727_0_2 :-41727_0_3,1758.013,downstream,G5,G0005005
-36503,-4138_0,:-36503_0_0 :-36503_1_0,1758.087,downstream,G5,G0005005
-36492,-5698_0,:-36492_0_0,1758.087,downstream,G5,G0005005
-40763,-7560_0 -7560_1 -7560_2,:-40763_0_0 :-40763_1_0 :-40763_1_1 :-40763_1_2,1758.087,downstream,G5,G0005005
-47563,-8264_0,:-47563_0_0,1758.087,downstream,G5,G0005005
-38750,-9282_0,:-38750_0_0,1758.087,downstream,G5,G0005005
-50495,-12098_0 -9264_0 -9264_1 -9264_2,:-50495_0_0 :-50495_1_0 :-50495_1_1 :-50495_1_2,1758.442,upstream,G5,G0005005
-50488,-9836_0 -9836_1 -9836_2,:-50488_0_0 :-50488_0_1 :-50488_0_2,1758.561,upstream,G5,G0005005
-46329,-7802_0,:-46329_0_0 :-46329_1_0,1758.576,downstream,G5,G0005005
-36440,-8262_0 -13034_0 -13034_1 -13034_2,:-36440_0_0 :-36440_1_0 :-36440_1_1 :-36440_1_2,1758.576,downstream,G5,G0005005
-37958,-4686_0 -4686_1 -4686_2,:-37958_0_0 :-37958_0_1 :-37958_0_2,1758.576,upstream,G5,G0005005
-57182,-16018_0,:-57182_0_0,1758.576,downstream,G5,G0005005
-46668,-16020_0 -7938_0 -7938_1 -7938_2,:-46668_0_0 :-46668_1_0 :-46668_1_1 :-46668_1_2,1758.576,downstream,G5,G0005005
-30413,-2052_0 -2052_1,:-30413_0_0 :-30413_0_1,1758.969,upstream,G5,G0005005
-29605,-9550_0 -9550_1 -9550_2,:-29605_0_0 :-29605_0_1 :-29605_0_2,1759.236,upstream,G5,G0005005
-29606,-11302_0 -11302_1 -1788_0 -1788_1 -1788_2,:-29606_0_0 :-29606_0_1 :-29606_2_0 :-29606_2_1 :-29606_2_2,1759.249,downstream,G5,G0005005
-36449,-4114_0 -4114_1 -4114_2,:-36449_0_0 :-36449_0_1 :-36449_0_2,1761.065,downstream,G5,G0005005
-44449,-12568_0 -12568_1 -12568_2,:-44449_0_0 :-44449_0_1 :-44449_0_2,1761.085,downstream,G5,G0005005
-31975,-16518_0 -16518_1 -16518_2,:-31975_0_0 :-31975_0_1 :-31975_0_2,1761.114,downstream,G5,G5京昆高速（成绵段）
-31082,-16516_0,:-31082_0_0,1761.114,downstream,G5,G5京昆高速（成绵段）
-44451,-7014_0 -7014_1 -7014_2,:-44451_0_0 :-44451_1_0 :-44451_1_1 :-44451_1_2,1761.162,downstream,G5,G0005005
-31976,-2528_0 -2528_1 -2528_2,:-31976_0_0 :-31976_0_1 :-31976_0_2,1761.192,downstream,G5,G5京昆高速（成绵段）
3976561392,-3000000332_0 -3000000002_0 -3000000002_1,:3976561392_0_0 :3976561392_1_0 :3976561392_1_1,1761.341,upstream,G76,G0076001
-32059,-6840_0,:-32059_0_0,1761.377,upstream,G5,G0005005
-33964,-3256_0,:-33964_0_0,1761.377,upstream,G5,G0005005
-27081,-9222_0 -9222_1 -9222_2,:-27081_0_0 :-27081_1_0 :-27081_1_1 :-27081_1_2,1761.377,downstream,G5,G0005005
-50954,-13200_0,:-50954_0_0,1761.377,upstream,G5,G0005005
-27099,-1034_0,:-27099_0_0,1761.377,upstream,G5,G0005005
-28891,-1602_0 -2558_0,:-28891_0_0 :-28891_1_0,1761.377,upstream,G5,G0005005
-41532,-11938_0 -5948_0 -5948_1 -5948_2,:-41532_0_0 :-41532_1_0 :-41532_1_1 :-41532_1_2,1761.377,upstream,G5,G0005005
-43994,-9430_0,:-43994_0_0,1761.377,upstream,G5,G0005005
-56123,-12860_0 -12860_1 -12860_2,:-56123_0_0 :-56123_0_1 :-56123_0_2,1761.462,upstream,G5,G0005005
7513094084,-3000000311_0 -3000000311_1,:7513094084_0_0 :7513094084_0_1,1761.568,downstream,G76,G0076001
-25846,-6704_0 -6704_1 -6704_2,:-25846_0_0 :-25846_0_1 :-25846_0_2,1761.803,upstream,G5,G0005005
-56124,-11582_0 -11582_1 -11582_2,:-56124_0_0 :-56124_0_1 :-56124_0_2,1761.803,downstream,G5,G0005005
-40663,-5668_0,:-40663_0_0,1761.879,upstream,G5,G0005005
-46327,-9754_0 -7936_0,:-46327_0_0 :-46327_1_0,1761.879,upstream,G5,G0005005
-27101,-1036_0 -1036_1 -1036_2,:-27101_0_0 :-27101_1_0 :-27101_1_1 :-27101_1_2,1761.879,downstream,G5,G0005005
3976561455,-3000000380_0 -3000000380_1,:3976561455_0_0 :3976561455_0_1,1761.974,upstream,G76,G0076001
-37700,-4610_0 -4610_1,:-37700_0_0 :-37700_0_1 :-37700_2_0,1762.017,downstream,G5,G0005005
-37698,,,1762.017,downstream,G5,G0005005
-30412,-15636_0 -15636_1,:-30412_0_0 :-30412_0_1,1762.017,downstream,G5,G0005005
-46919,-15638_0 -8186_0 -8186_1 -8186_2,:-46919_0_0 :-46919_1_0 :-46919_1_1 :-46919_1_2,1762.017,downstream,G5,G0005005
9540576124,-3000000376_0 -3000000376_1,:9540576124_0_0 :9540576124_0_1,1762.181,upstream,G76,G0076001
5949103793,-3000000374_0 -3000000375_0 -3000000375_1,:5949103793_0_0 :5949103793_1_0 :5949103793_1_1,1762.183,upstream,G76,G0076001
-40670,-5670_0 -5670_1 -5670_2,:-40670_0_0 :-40670_0_1 :-40670_0_2,1762.194,downstream,G5,G0005005
3976561440,-3000000075_0 -3000000075_1,:3976561440_0_0 :3976561440_0_1,1762.209,downstream,G76,G0076001
-51890,-9890_0 -9890_1 -9890_2,:-51890_0_0 :-51890_0_1 :-51890_0_2,1762.226,downstream,G5,G0005005
-33414,-8040_0 -8040_1 -8040_2,:-33414_0_0 :-33414_0_1 :-33414_0_2,1762.719,downstream,G5,G0005005
-33415,-3044_0 -3044_1 -3044_2,:-33415_0_0 :-33415_0_1 :-33415_0_2,1762.802,downstream,G5,G0005005
-67933,-16618_0 -16618_1,,1762.837,upstream,G5,G0005005
-56253,-13906_0 -13906_1 -13906_2,:-56253_0_0 :-56253_0_1 :-56253_2_0 :-56253_2_1 :-56253_2_2,1762.837,downstream,G5,G0005005
-56259,-11650_0 -11650_1 -14238_0,:-56259_0_0 :-56259_0_1 :-56259_2_0,1762.837,upstream,G5,G0005005
-31083,-2250_0,:-31083_0_0,1762.837,upstream,G5,G0005005
-28515,-11648_0 -11648_1 -11648_2,:-28515_0_0 :-28515_0_1 :-28515_0_2,1763.276,downstream,G5,G0005005
-28516,-1504_0 -1504_1 -1504_2,:-28516_0_0 :-28516_0_1 :-28516_0_2,1763.362,downstream,G5,G0005005
6069993444,-3000000312_0 -3000000312_1,:6069993444_0_0 :6069993444_1_0 :6069993444_1_1,1763.402,downstream,G76,G0076001
-42836,-6446_0 -6446_1 -6446_2,:-42836_0_0 :-42836_0_1 :-42836_0_2,1763.485,downstream,G5,G0005005
-34048,-3292_0 -3292_1 -3292_2,:-34048_0_0 :-34048_0_1 :-34048_0_2,1763.539,downstream,G5,G0005005
6069993447,-3000000184_0 -3000000313_0 -3000000313_1,:6069993447_0_0 :6069993447_1_0 :6069993447_1_1,1763.719,downstream,G76,G0076001
3426566784,-3000000314_0 -3000000314_1,:3426566784_0_0 :3426566784_0_1,1763.892,downstream,G76,G0076001
7513094083,-3000000076_0 -3000000076_1,:7513094083_0_0 :7513094083_0_1,1764.496,downstream,G76,G0076001
-40539,-15392_0 -15392_1 -15392_2,:-40539_0_0 :-40539_0_1 :-40539_0_2,1764.526,downstream,G5,G0005005
7513094081,-3000000310_0 -3000000310_1,:7513094081_0_0 :7513094081_0_1,1764.779,downstream,G76,G0076001
-40547,-5610_0 -5610_1 -5610_2,:-40547_0_0 :-40547_0_1 :-40547_0_2,1765.738,downstream,G5,G0005005
-28618,-11866_0 -11866_1 -11866_2,:-28618_0_0 :-28618_0_1 :-28618_0_2,1765.745,downstream,G5,G0005005
9022331090,-3000000315_0 -3000000315_1,:9022331090_0_0 :9022331090_1_0 :9022331090_1_1,1766.173,downstream,G76,G0076001
9022330642,-3000000316_0 -3000000316_1,:9022330642_0_0 :9022330642_0_1,1766.356,downstream,G76,G0076001
-28623,-1530_0 -1530_1 -1530_2,:-28623_0_0 :-28623_0_1 :-28623_2_0 :-28623_2_1 :-28623_2_2,1766.473,downstream,G5,G0005005
-32922,-2850_0 -2850_1,:-32922_0_0 :-32922_0_1,1766.473,downstream,G5,G0005005
-48340,-10948_0 -10948_1 -8512_0,,1766.473,downstream,G5,G0005005
-30773,-2140_0,:-30773_0_0,1766.615,upstream,G5,G5京昆高速（成绵段）
-30768,-2138_0,:-30768_0_0,1766.615,upstream,G5,G0005005
-25710,-664_0,:-25710_0_0 :-25710_1_0,1766.615,upstream,G5,G0005005
-34430,-3414_0,,1766.850,upstream,G5,G0005005
-30849,-14550_0 -2176_0,:-30849_0_0 :-30849_1_0,1766.850,upstream,G5,G0005005
-33343,-3014_0 -13872_0 -13872_1 -13872_2,:-33343_0_0 :-33343_1_0 :-33343_1_1 :-33343_1_2,1766.850,downstream,G5,G5京昆高速（成绵段）
-61702,-13874_0,:-61702_0_0,1766.850,upstream,G5,G5京昆高速（成绵段）
-32362,-13900_0 -13900_1 -13900_2,:-32362_0_0 :-32362_1_0 :-32362_1_1 :-32362_1_2,1766.997,downstream,G5,G5京昆高速（成绵段）
-52130,-15202_0 -14458_0,:-52130_0_0 :-52130_1_0,1766.997,upstream,G5,G0005005
-32371,-2652_0,:-32371_0_0,1766.997,upstream,G5,G5京昆高速（成绵段）
-49807,-9046_0,:-49807_0_0,1766.997,upstream,G5,G0005005
-39216,-14784_0,:-39216_0_0 :-39216_1_0,1767.187,downstream,G5,G0005005
-33751,-5130_0,:-33751_0_0,1767.187,downstream,G5,G0005005
-64024,,,1767.187,downstream,G5,G0005005
-48337,-10550_0,:-48337_0_0,1767.216,downstream,G5,G0005005
-53648,-10552_0,:-53648_0_0,1767.216,downstream,G5,G0005005
-52131,-9990_0,:-52131_0_0 :-52131_1_0,1767.216,downstream,G5,G0005005
-29627,-9044_0 -9044_1,:-29627_0_0 :-29627_0_1,1767.257,upstream,G5,G5京昆高速（成绵段）
-49803,,,1767.257,upstream,G5,G0005005
-29631,-1804_0 -1804_1 -2650_0 -2650_1 -2650_2,:-29631_0_0 :-29631_0_1 :-29631_2_0 :-29631_2_1 :-29631_2_2,1767.257,downstream,G5,G5京昆高速（成绵段）
-30816,-3190_0 -12364_0 -12364_1 -12364_2,:-30816_0_0 :-30816_1_0 :-30816_1_1 :-30816_1_2,1767.332,upstream,G5,G0005005
-32918,-16356_0 -2848_0 -2848_1 -2848_2,:-32918_0_0 :-32918_1_0 :-32918_1_1 :-32918_1_2,1767.347,upstream,G5,G0005005
-32837,-2826_0 -2826_1 -2826_2,:-32837_0_0 :-32837_0_1 :-32837_0_2,1767.401,upstream,G5,G0005005
-38434,-4846_0 -4846_1 -4846_2,:-38434_0_0 :-38434_1_0 :-38434_1_1 :-38434_1_2,1767.406,upstream,G5,G0005005
-30817,-2164_0 -2164_1 -2164_2,:-30817_0_0 :-30817_0_1 :-30817_0_2,1767.419,upstream,G5,G0005005
-39223,-5132_0,:-39223_0_0,1767.477,downstream,G5,G0005005
-35861,-3894_0 -3894_1 -3894_2,:-35861_0_0 :-35861_0_1 :-35861_0_2,1767.477,downstream,G5,G0005005
-44913,-12366_0,:-44913_0_0,1767.477,downstream,G5,G0005005
-25709,-7198_0 -14250_0,:-25709_0_0 :-25709_1_0,1767.477,downstream,G5,G0005005
-39919,-13604_0 -13604_1 -5998_0 -5998_1 -5998_2,:-39919_0_0 :-39919_0_1 :-39919_2_0 :-39919_2_1 :-39919_2_2,1767.728,upstream,G5,G0005005
-32833,-5390_0 -5390_1 -5390_2,:-32833_0_0 :-32833_0_1 :-32833_0_2,1767.756,upstream,G5,G0005005
-52767,-13970_0 -13970_1 -13970_2,:-52767_0_0 :-52767_0_1 :-52767_0_2,1767.821,upstream,G5,G0005005
-29393,-1742_0 -1742_1,:-29393_0_0 :-29393_0_1,1767.836,upstream,G5,G0005005
-39472,-5996_0,:-39472_0_0,1767.836,upstream,G5,G0005005
-56926,-14870_0 -14870_1 -14870_2,:-56926_0_0 :-56926_0_1 :-56926_0_2,1767.836,downstream,G5,G0005005
3426565699,-3000000074_0 -3000000074_1,:3426565699_0_0 :3426565699_0_1,1767.910,downstream,G76,G0076001
-36524,-4154_0 -4154_1 -4154_2,:-36524_0_0 :-36524_0_1 :-36524_0_2,1768.015,downstream,G5,G5京昆高速（成绵段）
-43556,-11498_0 -11498_1 -11498_2,:-43556_0_0 :-43556_0_1 :-43556_0_2,1768.022,downstream,G5,G5京昆高速（成绵段）
-36620,-4208_0 -4208_1 -4208_2,:-36620_0_0 :-36620_0_1 :-36620_0_2,1769.345,downstream,G5,G0005005
-58539,-13554_0 -13554_1 -13554_2,:-58539_0_0 :-58539_0_1 :-58539_0_2,1769.399,downstream,G5,G0005005
3976561456,-3000000005_0 -3000000005_1,:3976561456_0_0 :3976561456_0_1,1769.494,downstream,G76,G0076001
-56523,-11978_0 -11978_1 -11978_2,:-56523_0_0 :-56523_0_1 :-56523_0_2,1769.700,downstream,G5,G0005005
-33278,-11768_0 -11768_1 -11768_2,:-33278_0_0 :-33278_0_1 :-33278_0_2,1769.751,downstream,G5,G0005005
-33279,-2990_0 -2990_1 -2990_2,:-33279_0_0 :-33279_1_0 :-33279_1_1 :-33279_1_2,1769.932,downstream,G5,G0005005
9540576123,-3000000379_0 -3000000379_1,:9540576123_0_0 :9540576123_0_1,1769.967,downstream,G76,G0076001
3426565849,-3000000128_0 -3000000128_1,:3426565849_0_0 :3426565849_0_1,1770.452,upstream,G76,G0076001
5949103810,-3000000378_0 -3000000378_1,:5949103810_0_0 :5949103810_0_1,1770.578,upstream,G76,G0076001
5949103841,-3000000377_0 -3000000377_1,:5949103841_0_0 :5949103841_1_0 :5949103841_1_1,1770.611,upstream,G76,G0076001
5949103158,-3000000123_0 -3000000372_0 -3000000372_1,:5949103158_0_0 :5949103158_1_0 :5949103158_1_1,1770.620,downstream,G76,G0076001
-26479,-12656_0 -12656_1 -12656_2,:-26479_0_0 :-26479_0_1 :-26479_0_2,1770.820,downstream,G5,G0005005
-39484,-12550_0 -12550_1 -5210_0,:-39484_0_0 :-39484_0_1 :-39484_2_0,1771.061,downstream,G5,G5京昆高速（成绵段）
-41480,-5928_0 -5928_1,,1771.061,downstream,G5,G5京昆高速（成绵段）
-57179,-12092_0 -12092_1 -12092_2,:-57179_0_0 :-57179_0_1 :-57179_2_0 :-57179_2_1 :-57179_2_2,1771.393,upstream,G5,G5京昆高速（成绵段）
-26480,-876_0 -876_1 -876_2,:-26480_0_0 :-26480_0_1 :-26480_0_2,1771.707,upstream,G5,G5京昆高速（成绵段）
-27536,-12548_0 -12548_1 -12548_2,:-27536_0_0 :-27536_0_1 :-27536_0_2,1771.724,downstream,G5,G5京昆高速（成绵段）
-29378,-1740_0 -1740_1,:-29378_0_0 :-29378_0_1,1771.889,downstream,G5,G5京昆高速（成绵段）
-29375,-15818_0 -15818_1,:-29375_0_0 :-29375_0_1 :-29375_2_0 :-29375_2_1,1771.889,downstream,G5,G5京昆高速（成绵段）
-27539,-10150_0 -10150_1 -1166_0 -1166_1 -1166_2,:-27539_0_0 :-27539_0_1 :-27539_2_0 :-27539_2_1 :-27539_2_2,1771.889,downstream,G5,G5京昆高速（成绵段）
-66139,,,1771.889,downstream,G5,G5京昆高速（成绵段）
-28487,-7754_0 -7754_1 -7754_2,:-28487_0_0 :-28487_0_1 :-28487_0_2,1772.135,downstream,G5,G5京昆高速（成绵段）
-28490,-1492_0 -1492_1 -1492_2,:-28490_0_0 :-28490_0_1 :-28490_0_2,1772.543,downstream,G5,G5京昆高速（成绵段）
9540576134,-3000000326_0 -3000000326_1,:9540576134_0_0 :9540576134_0_1,1772.636,downstream,G76,G0076001
9540576135,-3000000388_0 -3000000388_1,:9540576135_0_0 :9540576135_0_1,1772.796,downstream,G76,G0076001
1931068238,-3000000386_0 -3000000386_1,:1931068238_0_0 :1931068238_0_1,1773.519,downstream,G76,G0076001
9540576128,-3000000183_0 -3000000183_1,:9540576128_0_0 :9540576128_0_1,1774.272,downstream,G76,G0076001
-25639,-3684_0 -3684_1 -3684_2,:-25639_0_0 :-25639_0_1 :-25639_0_2,1774.652,upstream,G5,G0005005
3976561494,-3000000381_0 -3000000381_1,:3976561494_0_0 :3976561494_0_1,1774.708,upstream,G76,G76厦蓉高速（纳黔段）
-25640,-642_0 -642_1 -642_2,:-25640_0_0 :-25640_0_1 :-25640_0_2,1774.725,upstream,G5,G0005005
5951609743,-3000000383_0 -3000000383_1,:5951609743_0_0 :5951609743_1_0 :5951609743_1_1,1774.728,upstream,G76,G76厦蓉高速（纳黔段）
-35295,-9534_0 -9534_1 -9534_2,:-35295_0_0 :-35295_0_1 :-35295_0_2,1774.764,upstream,G5,G0005005
-44452,-14124_0 -14124_1 -14124_2,:-44452_0_0 :-44452_0_1 :-44452_0_2,1774.764,downstream,G5,G0005005
5951609706,-3000000384_0 -3000000384_1,:5951609706_0_0 :5951609706_0_1,1774.794,downstream,G76,G76厦蓉高速（纳黔段）
3426565790,-3000000166_0 -3000000166_1,:3426565790_0_0 :3426565790_1_0 :3426565790_1_1,1774.879,upstream,G76,G0076001
-58006,-12420_0 -12420_1 -12420_2,:-58006_0_0 :-58006_0_1 :-58006_0_2,1774.899,upstream,G5,G0005005
J107,-8884_0 -8884_1 -8884_2,:J107_0_0 :J107_0_1 :J107_0_2 :J107_0_3,1774.934,upstream,G5,G0005005
-43700,-15634_0 -15634_1 -15634_2,:-43700_0_0 :-43700_0_1 :-43700_0_2,1774.943,upstream,G5,G0005005
-37806,-12372_0 -12372_1 -4638_0 -4638_1 -4638_2,:-37806_0_0 :-37806_0_1 :-37806_2_0 :-37806_2_1 :-37806_2_2,1774.977,upstream,G5,G0005005
-31689,-2414_0 -2414_1 -2414_2,:-31689_0_0 :-31689_0_1 :-31689_0_2,1774.999,upstream,G5,G0005005
5951609745,-3000000173_0 -3000000167_0 -3000000167_1,:5951609745_0_0 :5951609745_1_0 :5951609745_1_1,1775.026,upstream,G76,G0076001
3976561493,-3000000385_0 -3000000385_1,:3976561493_0_0 :3976561493_0_1,1775.112,upstream,G76,G0076001
J104,-17350_0 -17350_1 -17350_2,:J104_0_0 :J104_0_1 :J104_0_2,1775.121,upstream,G5,G0005005
6566575200,-3000000265_0 -3000000265_1,:6566575200_0_0 :6566575200_0_1,1775.127,upstream,G76,G0076001
5951609707,-3000000168_0 -3000000168_1,:5951609707_0_0 :5951609707_0_1,1775.147,upstream,G76,G0076001
-58002,-15868_0 -15868_1 -15868_2,:-58002_0_0 :-58002_0_1 :-58002_0_2,1775.193,upstream,G5,G0005005
-37801,-5034_0 -5034_1 -5034_2,:-37801_0_0 :-37801_0_1 :-37801_0_2,1775.198,upstream,G5,G0005005
5951609693,-3000000264_0 -3000000264_1,:5951609693_0_0 :5951609693_0_1,1775.215,upstream,G76,G0076001
-52822,-10262.71_0 -10262.71_1 -10262.71_2,:-52822_0_0 :-52822_0_1 :-52822_0_2,1775.223,upstream,G5,G0005005
5951609710,-3000000169_0 -3000000164#0_0 -3000000164#0_1,:5951609710_0_0 :5951609710_1_0 :5951609710_1_1,1775.233,downstream,G76,G76厦蓉高速（纳黔段）
9540576127,-3000000382_0 -3000000382_1,:9540576127_0_0 :9540576127_0_1,1775.242,downstream,G76,G0076001
-31686,-8884.901_0 -8884.901_1 -8884.901_2 -8884.901_3,:-31686_0_0 :-31686_0_1 :-31686_2_0 :-31686_2_1 :-31686_2_2,1775.291,upstream,G5,G0005005
-58586,-12694_0 -12694_1 -12694_2,:-58586_0_0 :-58586_0_1 :-58586_0_2,1775.299,upstream,G5,G0005005
-38687,-17350.523_0 -17350.523_1 -17350.523_2,:-38687_0_0 :-38687_0_1 :-38687_0_2,1775.308,upstream,G5,G0005005
-43702,-6750_0 -6750_1 -6750_2,:-43702_0_0 :-43702_0_1 :-43702_0_2,1775.324,upstream,G5,G0005005
-44454,-7016_0 -7016_1 -7016_2,:-44454_0_0 :-44454_0_1 :-44454_0_2,1775.331,downstream,G5,G0005005
J103,-10262_0 -10262_1 -10262_2 -10262_3,:J103_0_0 :J103_0_1 :J103_0_2 :J103_0_3,1775.345,upstream,G5,G0005005
-49268,-17438_0 -17438_1 -17438_2,:-49268_0_0 :-49268_0_1 :-49268_0_2,1775.347,upstream,G5,G0005005
-25621,-13312_0 -13312_1 -13312_2,:-25621_0_0 :-25621_0_1 :-25621_0_2,1775.354,upstream,G5,G0005005
-64997,-15238_0 -15238_1 -15238_2,:-64997_0_0 :-64997_0_1 :-64997_0_2,1775.355,upstream,G5,G0005005
-62582,-14220_0 -14220_1 -14220_2,:-62582_0_0 :-62582_0_1 :-62582_0_2,1775.364,upstream,G5,G0005005
-38688,-4932_0 -4932_1 -4932_2,:-38688_0_0 :-38688_0_1 :-38688_0_2,1775.383,downstream,G5,G0005005
-53295,-10424_0 -10424_1,:-53295_0_0 :-53295_0_1,1775.383,upstream,G5,G0005005
-57906,-17368_0 -17368_1 -14548_0 -14548_1,:-57906_0_0 :-57906_0_1 :-57906_2_0 :-57906_2_1,1775.383,upstream,G5,G0005005
-57228,-12120_0 -12120_1,:-57228_0_0 :-57228_0_1,1775.383,upstream,G5,G0005005
-31704,-2416_0 -2416_1,:-31704_0_0 :-31704_0_1 :-31704_2_0 :-31704_2_1,1775.383,upstream,G5,G0005005
-29291,-12196_0 -12196_1 -12196_2,:-29291_0_0 :-29291_0_1 :-29291_0_2,1775.383,upstream,G5,G0005005
-30033,-17302_0 -17302_1 -17302_2,:-30033_0_0 :-30033_0_1 :-30033_0_2,1775.476,downstream,G5,G0005005
3426565797,-3000000165_0 -3000000165_1,:3426565797_0_0 :3426565797_0_1,1775.990,downstream,G76,G0076001
-52351,-10088_0 -10088_1 -10088_2,:-52351_0_0 :-52351_0_1 :-52351_0_2,1776.057,downstream,G5,G0005005
-30036,-1942_0 -1942_1 -1942_2,:-30036_0_0 :-30036_0_1 :-30036_0_2,1776.132,downstream,G5,G0005005
6566575199,-3000000164#1_0 -3000000164#1_1,:6566575199_0_0 :6566575199_0_1,1776.163,downstream,G76,G76厦蓉高速（纳黔段）
-35341,-3710_0 -3710_1 -3710_2,:-35341_0_0 :-35341_0_1 :-35341_0_2,1776.172,downstream,G5,G0005005
-59129,-14824_0 -14824_1 -14824_2,:-59129_0_0 :-59129_0_1 :-59129_0_2,1776.210,downstream,G5,G0005005
5951609692,-3000000269_0 -3000000269_1,:5951609692_0_0 :5951609692_0_1,1776.303,downstream,G76,G76厦蓉高速（纳黔段）
1931068257,-3000000268_0 -3000000268_1,:1931068257_0_0 :1931068257_1_0 :1931068257_1_1,1776.303,downstream,G76,G76厦蓉高速（纳黔段）
6566575198,-3000000263_0 -3000000263_1,:6566575198_0_0 :6566575198_0_1,1776.358,downstream,G76,G76厦蓉高速（纳黔段）
1931068260,-3000000474_0 -3000000266_0 -3000000266_1,:1931068260_0_0 :1931068260_1_0 :1931068260_1_1,1776.527,downstream,G76,G76厦蓉高速（纳黔段）
6566582822,-3000000267_0 -3000000267_1,:6566582822_0_0 :6566582822_0_1,1776.682,downstream,G76,G76厦蓉高速（纳黔段）
9540576136,-3000000387_0 -3000000387_1,:9540576136_0_0 :9540576136_0_1,1776.707,downstream,G76,G0076001
6566582820,-3000000260_0 -3000000260_1,:6566582820_0_0 :6566582820_0_1,1776.848,downstream,G76,G76厦蓉高速（纳黔段）
9540576133,-3000000389_0 -3000000389_1,:9540576133_0_0 :9540576133_0_1,1776.866,downstream,G76,G0076001
1931068263,-3000000261_0 -3000000261_1,:1931068263_0_0 :1931068263_0_1,1777.114,downstream,G76,G76厦蓉高速（纳黔段）
-36514,-15336_0 -15336_1 -15336_2,:-36514_0_0 :-36514_0_1 :-36514_0_2,1777.156,downstream,G5,G0005005
4598078126,-3000000084_0 -3000000084_1,:4598078126_0_0 :4598078126_0_1,1777.510,downstream,G76,G76厦蓉高速（纳黔段）
-36515,-4146_0 -4146_1 -4146_2,:-36515_0_0 :-36515_0_1 :-36515_0_2,1777.536,downstream,G5,G0005005
4598078137,-3000000083_0 -3000000083_1,:4598078137_0_0 :4598078137_0_1,1777.658,downstream,G76,G76厦蓉高速（纳黔段）
J102,-9958_0 -9958_1 -9958_2,:J102_0_0 :J102_0_1 :J102_0_2 :J102_0_3,1777.859,downstream,G5,G0005005
-35466,-12928_0 -12928_1 -12928_2,:-35466_0_0 :-35466_0_1 :-35466_0_2,1777.901,downstream,G5,G0005005
-52084,-9958.326_0 -9958.326_1 -9958.326_2 -9958.326_3,:-52084_0_0 :-52084_0_1 :-52084_2_0 :-52084_2_1 :-52084_2_2,1777.934,downstream,G5,G0005005
-60501,-13446_0 -13446_1,:-60501_0_0 :-60501_0_1 :-60501_2_0 :-60501_2_1,1777.934,downstream,G5,G0005005
-34534,-14158_0 -14158_1,:-34534_0_0 :-34534_0_1,1777.934,downstream,G5,G0005005
-35467,-3764_0 -3764_1 -3764_2,:-35467_0_0 :-35467_0_1 :-35467_0_2,1777.979,downstream,G5,G0005005
5745034429,-3000000086_0 -3000000086_1,:5745034429_0_0 :5745034429_0_1,1778.009,downstream,G76,G76厦蓉高速（纳黔段）
-62793,-14276_0 -14276_1 -14276_2,:-62793_0_0 :-62793_0_1 :-62793_0_2,1778.206,downstream,G5,G0005005
-44420,-15782_0 -15782_1 -15782_2,:-44420_0_0 :-44420_0_1 :-44420_0_2,1778.256,downstream,G5,G0005005
1931068269,-3000000391_0 -3000000391_1,:1931068269_0_0 :1931068269_0_1,1778.547,downstream,G76,G76厦蓉高速（纳黔段）
-41717,-7006_0 -7006_1 -7006_2,:-41717_0_0 :-41717_1_0 :-41717_1_1 :-41717_1_2,1778.658,downstream,G5,G0005005
-51645,-13444_0 -13444_1 -13444_2,:-51645_0_0 :-51645_0_1 :-51645_0_2,1778.739,downstream,G5,G0005005
5949103799,-3000000327_0 -3000000327_1,:5949103799_0_0 :5949103799_1_0 :5949103799_1_1,1778.951,downstream,G76,G0076001
3976561469,-3000000373_0 -3000000373_1,:3976561469_0_0 :3976561469_0_1,1779.083,downstream,G76,G0076001
-51028,-9748_0 -9748_1 -9748_2,:-51028_0_0 :-51028_0_1 :-51028_0_2,1779.116,downstream,G5,G0005005
3426565486,-3000000392_0 -3000000392_1,:3426565486_0_0 :3426565486_0_1,1779.213,downstream,G76,G0076001
3426565789,-3000000069_0 -3000000069_1,:3426565789_0_0 :3426565789_0_1,1779.244,upstream,G76,G0076001
3538967801,-3000000073_0 -3000000073_1,:3538967801_0_0 :3538967801_0_1,1779.347,upstream,G76,G0076001
5745034425,-3000000118_0 -3000000118_1,:5745034425_0_0 :5745034425_0_1,1779.359,upstream,G76,G0076001
5949103809,-3000000182_0 -3000000182_1,:5949103809_0_0 :5949103809_0_1,1779.415,downstream,G76,G0076001
3426565475,-3000000320_0 -3000000320_1,:3426565475_0_0 :3426565475_0_1,1779.428,upstream,G76,G0076001
3538967809,-3000000319_0 -3000000319_1,:3538967809_0_0 :3538967809_0_1,1779.434,upstream,G76,G0076001
1931068278,-3000000400_0 -3000000400_1,:1931068278_0_0 :1931068278_0_1,1779.446,downstream,G76,G76厦蓉高速（纳黔段）
9540576250,-3000000399_0 -3000000399_1,:9540576250_0_0 :9540576250_0_1,1779.454,upstream,G76,G0076001
3538967794,-3000000067_0 -3000000067_1,:3538967794_0_0 :3538967794_0_1,1779.469,upstream,G76,G0076001
5745034423,-3000000114_0 -3000000115_0 -3000000115_1,:5745034423_0_0 :5745034423_1_0 :5745034423_1_1,1779.479,upstream,G76,G0076001
3538967798,-3000000063_0 -3000000063_1,:3538967798_0_0 :3538967798_0_1,1779.488,upstream,G76,G0076001
7514624002,-3000000116_0 -3000000116_1,:7514624002_0_0 :7514624002_0_1,1779.488,upstream,G76,G0076001
9540576241,-3000000396_0 -3000000396_1,:9540576241_0_0 :9540576241_0_1,1779.525,downstream,G76,G0076001
9540576201,-3000000393_0 -3000000393_1,:9540576201_0_0 :9540576201_0_1,1779.706,downstream,G76,G76厦蓉高速（纳黔段）
-31132,-5024_0 -5024_1,:-31132_0_0 :-31132_0_1,1779.898,downstream,G5,G0005005
-51032,-11966_0 -11966_1 -9484_0 -9484_1 -9484_2,:-51032_0_0 :-51032_0_1 :-51032_2_0 :-51032_2_1 :-51032_2_2,1779.898,downstream,G5,G0005005
J106,-10738_0 -10738_1 -10738_2 -10738_3,:J106_0_0 :J106_0_1 :J106_0_2 :J106_0_3,1780.059,downstream,G5,G0005005
9540576202,-3000000395_0 -3000000395_1,:9540576202_0_0 :9540576202_0_1,1780.123,downstream,G76,G0076001
3426565858,-3000000068_0 -3000000068_1,:3426565858_0_0 :3426565858_0_1,1780.135,downstream,G76,G0076001
9540576242,-3000000394_0 -3000000394_1,:9540576242_0_0 :9540576242_0_1,1780.301,downstream,G76,G76厦蓉高速（纳黔段）
5745034430,-3000000390_0 -3000000390_1,:5745034430_0_0 :5745034430_0_1,1780.642,downstream,G76,G0076001
9540576249,-3000000397_0 -3000000397_1,:9540576249_0_0 :9540576249_0_1,1780.811,downstream,G76,G76厦蓉高速（纳黔段）
1931068287,-3000000398_0 -3000000398_1,:1931068287_0_0 :1931068287_0_1,1780.945,downstream,G76,G76厦蓉高速（纳黔段）
-54180,-10738.164_0 -10738.164_1 -10738.164_2,:-54180_0_0 :-54180_0_1 :-54180_0_2,1780.964,downstream,G5,G0005005
4598078135,-3000000120_0 -3000000120_1,:4598078135_0_0 :4598078135_0_1,1780.997,downstream,G76,G0076001
-54266,-15768_0 -15768_1 -15768_2,:-54266_0_0 :-54266_0_1 :-54266_0_2,1781.037,downstream,G5,G0005005
4598078125,-3000000082_0 -3000000082_1,:4598078125_0_0 :4598078125_0_1,1781.145,downstream,G76,G0076001
-54269,-10784_0 -10784_1 -10784_2,:-54269_0_0 :-54269_0_1 :-54269_0_2,1781.204,downstream,G5,G0005005
-37621,-14316_0 -14316_1 -14316_2,:-37621_0_0 :-37621_0_1 :-37621_0_2,1781.322,downstream,G5,G0005005
3426565762,-3000000085_0 -3000000085_1,:3426565762_0_0 :3426565762_0_1,1781.543,downstream,G76,G0076001
6566582821,-3000000262_0 -3000000262_1,:6566582821_0_0 :6566582821_0_1,1781.804,downstream,G76,G0076001
6566582823,-3000000259_0 -3000000259_1,:6566582823_0_0 :6566582823_0_1,1781.973,downstream,G76,G0076001
-37636,-4584_0 -4584_1 -4584_2,:-37636_0_0 :-37636_0_1 :-37636_0_2,1782.204,downstream,G5,G0005005
-33570,-8754_0 -8754_1 -8754_2,:-33570_0_0 :-33570_0_1 :-33570_0_2,1782.257,downstream,G5,G0005005
6566575197,-3000000270_0 -3000000270_1,:6566575197_0_0 :6566575197_0_1,1782.385,downstream,G76,G0076001
3538967795,-3000000121_0 -3000000121_1,:3538967795_0_0 :3538967795_0_1,1783.160,downstream,G76,G76厦蓉高速（纳黔段）
3538967799,-3000000066_0 -3000000066_1,:3538967799_0_0 :3538967799_0_1,1783.273,downstream,G76,G76厦蓉高速（纳黔段）
-33577,-3110_0 -3110_1 -3110_2,:-33577_0_0 :-33577_0_1 :-33577_0_2,1783.350,downstream,G5,G0005005
-43329,-11826_0 -11826_1 -11826_2,:-43329_0_0 :-43329_0_1 :-43329_0_2,1783.405,downstream,G5,G0005005
-38634,-6622_0 -6622_1 -6622_2,:-38634_0_0 :-38634_0_1 :-38634_0_2,1784.638,downstream,G5,G0005005
-38635,-4910_0 -4910_1 -4910_2,,1784.662,downstream,G5,G0005005
-32512,-2706_0 -2706_1,:-32512_0_0 :-32512_0_1,1789.621,upstream,G76,G0076001
-58410,-12588_0 -12588_1,:-58410_0_0 :-58410_0_1,1789.699,upstream,G76,G0076001
-63391,-14562_0 -14562_1,:-63391_0_0 :-63391_0_1,1789.785,upstream,G76,G0076001
-34657,-3480_0 -3480_1,:-34657_0_0 :-34657_0_1,1789.845,upstream,G76,G0076001
-34656,-17380_0 -17380_1,:-34656_0_0 :-34656_0_1,1789.855,upstream,G76,G0076001
-37243,-4444_0 -4444_1,:-37243_0_0 :-37243_0_1,1789.857,upstream,G76,G0076001
-29619,-1796_0 -1796_1,:-29619_0_0 :-29619_0_1,1789.889,upstream,G76,G0076001
-29618,-15648_0 -15648_1,:-29618_0_0 :-29618_0_1,1789.893,upstream,G76,G0076001
-32510,-16676_0 -16676_1,:-32510_0_0 :-32510_0_1,1789.934,upstream,G76,G0076001
-63230,-14454_0 -14454_1,:-63230_0_0 :-63230_0_1,1789.937,upstream,G76,G0076001
-45247,-13084_0 -13084_1,:-45247_0_0 :-45247_0_1,1789.956,downstream,G76,G0076001
3538967802,-3000000070_0 -3000000070_1,:3538967802_0_0 :3538967802_0_1,1790.130,upstream,G76,G0076001
-42296,-3000000273_0 -3000000273_1,:-42296_0_0 :-42296_0_1,1790.177,upstream,G76,G0076001
-42297,-6258_0 -6258_1,:-42297_0_0 :-42297_0_1,1790.188,upstream,G76,G0076001
-55321,-11174_0 -11174_1,:-55321_0_0 :-55321_0_1,1790.225,upstream,G76,G0076001
3538967810,-3000000072_0 -3000000072_1,:3538967810_0_0 :3538967810_0_1,1790.226,upstream,G76,G0076001
5745032896,-3000000117_0 -3000000117_1,:5745032896_0_0 :5745032896_1_0 :5745032896_1_1,1790.249,upstream,G76,G0076001
-30419,-2058_0 -2058_1,:-30419_0_0 :-30419_0_1,1790.278,upstream,G76,G0076001
7514624001,-3000000317_0 -3000000317_1,:7514624001_0_0 :7514624001_0_1,1790.306,upstream,G76,G0076001
-30418,-14988_0 -14988_1,:-30418_0_0 :-30418_0_1,1790.311,upstream,G76,G0076001
5745034426,-3000000071_0 -3000000071_1,:5745034426_0_0 :5745034426_0_1,1790.319,upstream,G76,G0076001
4934621947,-3000000271_0 -3000000271_1,:4934621947_0_0 :4934621947_0_1,1790.322,upstream,G76,G0076001
4934621601,-3000000093_0 -3000000107_0 -3000000107_1,:4934621601_0_0 :4934621601_1_0 :4934621601_1_1,1790.325,upstream,G76,G0076001
1931068314,-3000000318_0 -3000000318_1,:1931068314_0_0 :1931068314_0_1,1790.337,upstream,G76,G0076001
5745032904,-3000000105_0 -3000000105_1,:5745032904_0_0 :5745032904_0_1,1790.345,upstream,G76,G0076001
7514624286,-3000000119_0 -3000000119_1,:7514624286_0_0 :7514624286_0_1,1790.387,upstream,G76,G0076001
-55320,-12668_0 -12668_1,:-55320_0_0 :-55320_0_1,1790.401,upstream,G76,G0076001
1931068307,-3000000064_0 -3000000064_1,:1931068307_0_0 :1931068307_0_1,1790.409,upstream,G76,G0076001
-58506,-12634_0 -12634_1,:-58506_0_0 :-58506_0_1,1790.409,downstream,G76,G0076001
-25784,-7362_0 -7362_1,:-25784_0_0 :-25784_0_1,1790.645,downstream,G76,G0076001
-25786,-674_0 -674_1,:-25786_0_0 :-25786_0_1,1790.931,downstream,G76,G0076001
-42211,-14414_0 -14414_1,:-42211_0_0 :-42211_0_1,1791.102,downstream,G76,G0076001
-42541,-9904_0 -9904_1,:-42541_0_0 :-42541_0_1,1791.195,downstream,G76,G0076001
-42213,-6222_0 -6222_1,:-42213_0_0 :-42213_0_1,1791.218,downstream,G76,G0076001
-62439,-16106_0 -16106_1,:-62439_0_0 :-62439_0_1,1791.376,downstream,G76,G0076001
-42544,-6318_0 -6318_1,:-42544_0_0 :-42544_0_1,1791.391,downstream,G76,G0076001
-46432,-14144_0 -14144_1,:-46432_0_0 :-46432_0_1,1791.504,downstream,G76,G0076001
-31084,-7856_0 -7856_1,:-31084_0_0 :-31084_0_1,1791.975,downstream,G76,G0076001
-31087,-2252_0 -2252_1,:-31087_0_0 :-31087_0_1,1792.215,downstream,G76,G0076001
-47199,-10220_0 -10220_1,:-47199_0_0 :-47199_0_1,1792.345,downstream,G76,G0076001
-26934,-8120_0 -8120_1,:-26934_0_0 :-26934_0_1,1792.684,downstream,G76,G0076001
-26935,-1000_0 -1000_1,:-26935_0_0 :-26935_0_1,1792.720,downstream,G76,G0076001
-48580,-14024_0 -14024_1,:-48580_0_0 :-48580_0_1,1792.888,downstream,G76,G0076001
-48581,-8610_0 -8610_1,:-48581_0_0 :-48581_0_1,1792.927,downstream,G76,G0076001
-64476,-15000_0 -15000_1,:-64476_0_0 :-64476_0_1,1793.133,downstream,G76,G0076001
-41354,-16830_0 -16830_1,:-41354_0_0 :-41354_0_1,1793.153,downstream,G76,G0076001
-51082,-17348_0 -17348_1,:-51082_0_0 :-51082_0_1,1793.355,downstream,G76,G0076001
6566575203,-3000000274_0 -3000000274_1,:6566575203_0_0 :6566575203_0_1,1793.631,downstream,G76,G0076001
6566575202,-3000000272_0 -3000000272_1,:6566575202_0_0 :6566575202_0_1,1793.803,downstream,G76,G0076001
-51091,-9514_0 -9514_1,:-51091_0_0 :-51091_0_1,1794.542,downstream,G76,G0076001
-29510,-11008_0 -11008_1,:-29510_0_0 :-29510_0_1 :-29510_2_0 :-29510_2_1,1794.740,downstream,G76,G0076001
-29514,-1770_0 -1770_1,:-29514_0_0 :-29514_0_1,1794.847,downstream,G76,G0076001
-35999,-15684_0 -15684_1,:-35999_0_0 :-35999_0_1,1794.897,downstream,G76,G0076001
-36000,-3940_0 -3940_1,:-36000_0_0 :-36000_0_1,1795.276,downstream,G76,G0076001
3426565745,-3000000090_0 -3000000090_1,:3426565745_0_0 :3426565745_1_0 :3426565745_1_1,1795.318,downstream,G76,G0076001
-56100,-11570_0 -11570_1,:-56100_0_0 :-56100_0_1,1795.430,downstream,G76,G0076001
-38594,-4888_0 -4888_1 -11608_0 -11608_1,:-38594_0_0 :-38594_0_1 :-38594_2_0 :-38594_2_1,1795.541,downstream,G76,G0076001
5745032905,-3000000091_0 -3000000091_1,:5745032905_0_0 :5745032905_0_1,1795.552,downstream,G76,G0076001
5745032897,-3000000109_0 -3000000109_1,:5745032897_0_0 :5745032897_0_1,1795.675,downstream,G76,G0076001
5745034427,-3000000106_0 -3000000106_1,:5745034427_0_0 :5745034427_0_1,1795.754,downstream,G76,G0076001
-60422,-13416_0 -13416_1,:-60422_0_0 :-60422_0_1,1796.106,downstream,G76,G0076001
-50060,-14022_0 -14022_1,:-50060_0_0 :-50060_0_1,1796.959,downstream,G76,G0076001
-36018,-9132_0 -9132_1,:-36018_0_0 :-36018_0_1,1802.051,downstream,G76,G0076001
-36020,-3950_0 -3950_1,:-36020_0_0 :-36020_0_1,1802.298,downstream,G76,G0076001
-63412,-14566_0 -14566_1,:-63412_0_0 :-63412_0_1,1804.665,downstream,G76,G0076001
12539591439,-2000000432_0 -2000000432_1,:12539591439_0_0 :12539591439_0_1,1806.587,upstream,G76,G0076001
12539591429,-2000000419_0 -2000000419_1,:12539591429_0_0 :12539591429_0_1,1806.596,upstream,G76,G0076001
4597531779,-2000000431_0 -2000000431_1,:4597531779_0_0 :4597531779_0_1,1806.658,upstream,G76,G0076001
9020310710,-2000000312_0 -2000000312_1,:9020310710_0_0 :9020310710_0_1,1806.665,upstream,G76,G0076001
9020310711,-2000000425_0 -2000000425_1,:9020310711_0_0 :9020310711_0_1,1806.670,upstream,G76,G0076001
3426593588,-2000000418_0 -2000000418_1,:3426593588_0_0 :3426593588_0_1,1806.690,downstream,G76,G0076001
12539591436,-2000000429_0 -2000000429_1,:12539591436_0_0 :12539591436_0_1,1806.690,upstream,G76,G0076001
12539590844,-2000000412_0 -2000000412_1,:12539590844_0_0 :12539590844_0_1,1807.566,downstream,G76,G0076001
12539590842,-2000000410_0 -2000000410_1,:12539590842_0_0 :12539590842_0_1,1807.685,downstream,G76,G0076001
5744988501,-2000000416_0 -2000000416_1,:5744988501_0_0 :5744988501_0_1,1808.640,upstream,G76,G76厦蓉高速（纳黔段）
7514624003,-2000000261_0 -2000000261_1,:7514624003_0_0 :7514624003_0_1,1808.869,upstream,G76,G76厦蓉高速（纳黔段）
5744988555,-2000000262_0 -2000000262_1,:5744988555_0_0 :5744988555_1_0 :5744988555_1_1,1808.909,downstream,G76,G76厦蓉高速（纳黔段）
-58771,-2000000259_0 -2000000259_1,:-58771_0_0 :-58771_0_1,1809.139,downstream,G76,G0076001
5744988523,-2000000263_0 -2000000263_1,:5744988523_0_0 :5744988523_0_1,1809.310,downstream,G76,G76厦蓉高速（纳黔段）
5744988506,-2000000212_0 -2000000212_1,:5744988506_0_0 :5744988506_0_1,1809.345,downstream,G76,G76厦蓉高速（纳黔段）
7514747814,-2000000214_0 -2000000270_0 -2000000270_1,:7514747814_0_0 :7514747814_1_0 :7514747814_1_1,1809.504,downstream,G76,G76厦蓉高速（纳黔段）
5744988509,-2000000269_0 -2000000269_1,:5744988509_0_0 :5744988509_0_1,1809.562,downstream,G76,G76厦蓉高速（纳黔段）
12539591433,-2000000313_0 -2000000313_1,:12539591433_0_0 :12539591433_0_1,1810.031,downstream,G76,G76厦蓉高速（纳黔段）
12539591432,-2000000422_0 -2000000422_1,:12539591432_0_0 :12539591432_0_1,1810.095,downstream,G76,G76厦蓉高速（纳黔段）
6564540230,-2000000245_0 -2000000245_1,:6564540230_0_0 :6564540230_0_1,1810.309,upstream,G76,G0076001
12539591437,-2000000423_0 -2000000423_1,:12539591437_0_0 :12539591437_0_1,1810.453,downstream,G76,G76厦蓉高速（纳黔段）
3426593560,-2000000374_0 -2000000374_1,:3426593560_0_0 :3426593560_0_1,1810.500,downstream,G76,G0076001
3426565747,-2000000108_0 -2000000108_1,:3426565747_0_0 :3426565747_0_1,1810.500,upstream,G76,G0076001
J95,-5300.138_0 -5300.138_1,:J95_0_0 :J95_1_0,1810.891,downstream,G5,G0005006
-31010,-2230_0,:-31010_0_0,1810.891,downstream,G5,G0005006
J92,-5300_0 E18_0,:J92_0_0 :J92_1_0,1810.891,downstream,G5,G0005006
-46429,-10274_0 -10274_1 -10274_2,:-46429_0_0 :-46429_0_1 :-46429_0_2,1811.005,upstream,G5,G0005006
-30523,-2092_0 -2092_1 -2092_2,:-30523_0_0 :-30523_0_1 :-30523_0_2,1811.016,upstream,G5,G0005006
-46431,-7854_0 -7854_1 -7854_2,:-46431_0_0 :-46431_0_1 :-46431_0_2,1811.031,upstream,G5,G0005006
-51025,-14036_0 -14036_1 -14036_2 -5300.419_0,:-51025_0_0 :-51025_0_1 :-51025_0_2 :-51025_3_0,1811.048,upstream,G5,G0005006
-55967,-13916_0 -13916_1 -13916_2,:-55967_0_0 :-55967_0_1 :-55967_2_0 :-55967_2_1 :-55967_2_2,1811.058,upstream,G5,G0005006
-41967,-8174_0 -8174_1 -8174_2,:-41967_0_0 :-41967_0_1 :-41967_0_2,1811.101,upstream,G5,G0005006
-30519,-9480_0 -9480_1 -9480_2,:-30519_0_0 :-30519_0_1 :-30519_0_2,1811.151,upstream,G5,G0005006
-52900,-11518_0 -11518_1 -11518_2,:-52900_0_0 :-52900_0_1 :-52900_0_2,1811.193,upstream,G5,G0005006
-38575,-15664_0 -15664_1 -15664_2,:-38575_0_0 :-38575_0_1 :-38575_0_2,1811.205,downstream,G5,G0005006
-61850,,,1811.205,upstream,G5,G0005006
7514624004,-2000000266_0 -2000000266_1,:7514624004_0_0 :7514624004_0_1,1811.373,upstream,G76,G0076001
7514734232,-2000000280_0 -2000000280_1,:7514734232_0_0 :7514734232_0_1,1811.435,upstream,G76,G0076001
-47575,-12788_0 -12788_1,:-47575_0_0 :-47575_0_1,1811.530,downstream,G76,G0076001
3426593527,-2000000415_0 -2000000415_1,:3426593527_0_0 :3426593527_0_1,1811.535,upstream,G76,G0076001
12539591431,-2000000424_0 -2000000424_1,:12539591431_0_0 :12539591431_0_1,1811.630,upstream,G76,G0076001
5744988510,-2000000427_0 -2000000427_1,:5744988510_0_0 :5744988510_1_0 :5744988510_1_1,1811.680,upstream,G76,G0076001
5744988507,-2000000274_0 -2000000274_1,:5744988507_0_0 :5744988507_0_1,1811.703,upstream,G76,G0076001
9020310709,-2000000433_0 -2000000433_1,:9020310709_0_0 :9020310709_0_1,1811.709,upstream,G76,G0076001
4597531782,-2000000417_0 -2000000417_1,:4597531782_0_0 :4597531782_0_1,1811.714,upstream,G76,G0076001
5744988508,-2000000428_0 -2000000428_1,:5744988508_0_0 :5744988508_0_1,1811.736,upstream,G76,G0076001
12539591430,-2000000420_0 -2000000420_1,:12539591430_0_0 :12539591430_0_1,1811.739,upstream,G76,G0076001
12247246563,-2000000413_0 -2000000413_1,:12247246563_0_0 :12247246563_0_1,1811.747,upstream,G76,G0076001
5744988496,-2000000264_0 -2000000264_1,:5744988496_0_0 :5744988496_0_1,1811.770,upstream,G76,G0076001
7514747813,-2000000271_0 -2000000271_1,:7514747813_0_0 :7514747813_0_1,1811.777,upstream,G76,G0076001
12539591434,-2000000421_0 -2000000421_1,:12539591434_0_0 :12539591434_0_1,1811.777,upstream,G76,G0076001
12539591440,-2000000430_0 -2000000430_1,:12539591440_0_0 :12539591440_0_1,1811.777,upstream,G76,G0076001
-37706,-8268_0 -8268_1,:-37706_0_0 :-37706_0_1,1811.782,downstream,G76,G0076001
9020310712,-2000000314_0 -2000000314_1,:9020310712_0_0 :9020310712_0_1,1811.784,upstream,G76,G0076001
12539591438,-2000000426_0 -2000000426_1,:12539591438_0_0 :12539591438_0_1,1811.784,upstream,G76,G0076001
12539591435,-2000000315_0 -2000000315_1,:12539591435_0_0 :12539591435_0_1,1811.785,upstream,G76,G0076001
5744988524,-2000000211_0 -2000000211_1,:5744988524_0_0 :5744988524_0_1,1811.793,upstream,G76,G0076001
7514744526,-2000000267_0 -2000000265_0 -2000000265_1,:7514744526_0_0 :7514744526_1_0 :7514744526_1_1,1811.793,upstream,G76,G0076001
3426593534,-2000000411_0 -2000000411_1,:3426593534_0_0 :3426593534_0_1,1811.809,upstream,G76,G0076001
3426594920,-2000000278_0 -2000000278_1,:3426594920_0_0 :3426594920_0_1,1811.809,downstream,G76,G0076001
J85,-4878_0 -4878_1 -4878_2,:J85_0_0 :J85_0_1 :J85_0_2,1811.953,downstream,G5,G0005006
J86,-4878.749_0 -4878.749_1 -4878.749_2,:J86_0_0 :J86_0_1 :J86_0_2,1812.128,downstream,G5,G0005006
-38577,-4878.924_0 -4878.924_1 -4878.924_2,:-38577_0_0 :-38577_0_1 :-38577_0_2,1812.469,downstream,G5,G0005006
-42915,-14628_0 -14628_1 -14628_2,:-42915_0_0 :-42915_0_1 :-42915_0_2,1812.588,downstream,G5,G0005006
-36224,-4038_0 -4038_1 -4038_2,:-36224_0_0 :-36224_0_1 :-36224_0_2,1813.852,upstream,G5,G0005006
-35225,-3658_0 -3658_1 -3658_2,:-35225_0_0 :-35225_0_1 :-35225_0_2,1814.009,upstream,G5,G0005006
-54038,-11216_0 -11216_1 -11216_2,:-54038_0_0 :-54038_0_1 :-54038_0_2,1814.036,upstream,G5,G0005006
J87,-13404_0 -13404_1 -13404_2,:J87_0_0 :J87_0_1 :J87_0_2,1814.069,downstream,G5,G0005006
J88,-13404.176_0 -13404.176_1 -13404.176_2,:J88_0_0 :J88_0_1 :J88_0_2,1814.319,downstream,G5,G0005006
-42921,-6476_0 -6476_1 -6476_2,:-42921_0_0 :-42921_0_1 :-42921_0_2,1814.416,downstream,G5,G0005006
-38967,-11182_0 -11182_1 -11182_2,:-38967_0_0 :-38967_0_1 :-38967_0_2,1814.479,downstream,G5,G0005006
-38969,-5040_0 -5040_1 -5040_2,:-38969_0_0 :-38969_0_1 :-38969_0_2,1814.923,downstream,G5,G0005006
3426593545,-2000000030_0 -2000000030_1,:3426593545_0_0 :3426593545_0_1,1814.956,downstream,G76,G0076001
7514734231,-2000000277_0 -2000000277_1,:7514734231_0_0 :7514734231_0_1,1815.056,downstream,G76,G0076001
-59879,-13404.425_0 -13404.425_1 -13404.425_2,:-59879_0_0 :-59879_0_1 :-59879_0_2,1815.159,downstream,G5,G0005006
-59880,-13208_0 -13208_1 -13208_2,:-59880_0_0 :-59880_0_1 :-59880_0_2,1815.223,downstream,G5,G0005006
-36795,E16_0 -14892_0 -14892_1 -14892_2,:-36795_0_0 :-36795_1_0 :-36795_1_1 :-36795_1_2,1815.667,downstream,G5,G0005006
-25534,-4262_0 -4262_1 -4262_2 -4262_3,:-25534_0_0 :-25534_0_1 :-25534_2_0 :-25534_2_1 :-25534_2_2,1815.754,downstream,G5,G0005006
12247246562,-2000000279_0 -2000000279_1,:12247246562_0_0 :12247246562_0_1,1815.785,downstream,G76,G0076001
-25535,-608_0 -608_1 -608_2,:-25535_0_0 :-25535_0_1 :-25535_0_2,1815.871,downstream,G5,G0005006
3426594900,-2000000414_0 -2000000414_1,:3426594900_0_0 :3426594900_0_1,1815.936,downstream,G76,G0076001
-45253,-7364_0 -7364_1 -7364_2,:-45253_0_0 :-45253_0_1 :-45253_0_2,1816.239,downstream,G5,G0005006
8793321642,-2000000210_0 -2000000210_1,:8793321642_0_0 :8793321642_0_1,1816.254,downstream,G76,G0076001
8793321639,-2000000375_0 -2000000375_1,:8793321639_0_0 :8793321639_0_1,1816.406,downstream,G76,G0076001
-37428,-14926_0 -14926_1 -14926_2,:-37428_0_0 :-37428_0_1 :-37428_0_2,1816.588,downstream,G5,G0005006
-37430,E21_0 -4528_0 -4528_1 -4528_2,:-37430_0_0 :-37430_1_0 :-37430_1_1 :-37430_1_2,1816.837,downstream,G5,G0005006
-33402,-4618_0 -4618_1,:-33402_0_0 :-33402_0_1,1816.863,downstream,G76,G0076001
-49565,-8982_0 -8982_1 -8982_2,,1817.315,downstream,G5,G0005006
-40007,-5404_0,:-40007_0_0,1817.482,upstream,G5,G0005006
-29824,-1874_0,:-29824_0_0,1817.482,upstream,G5,G0005006
-61938,-13946_0,:-61938_0_0 :-61938_1_0,1817.482,upstream,G5,G0005006
-29826,-7172_0 -1876_0,:-29826_0_0 :-29826_1_0,1817.482,upstream,G5,G0005006
-41742,-17434_0,:-41742_0_0,1817.482,upstream,G5,G0005006
-41744,-6018_0,:-41744_0_0,1817.482,upstream,G5,G0005006
-36753,-9054_0 -17432_0,:-36753_0_0 :-36753_1_0,1817.482,upstream,G5,G0005006
-27694,-1232_0,:-27694_0_0 :-27694_1_0,1817.482,upstream,G5,G0005006
-27691,,,1817.482,upstream,G5,G0005006
-33410,-3040_0 -3040_1,:-33410_0_0 :-33410_0_1,1817.660,downstream,G76,G0076001
-51776,-9874_0 -9874_1,:-51776_0_0 :-51776_0_1 :-51776_2_0 :-51776_2_1,1818.244,downstream,G76,G0076001
-51782,-9816_0 -9816_1,:-51782_0_0 :-51782_0_1,1818.416,downstream,G76,G0076001
6564540229,-2000000377_0 -2000000377_1,:6564540229_0_0 :6564540229_0_1,1818.518,downstream,G76,G0076001
-69099,-17164_0 -17164_1,:-69099_0_0 :-69099_0_1,1818.570,downstream,G76,G0076001
-25989,-740_0 -740_1 -17442_0 -17442_1,:-25989_0_0 :-25989_0_1 :-25989_2_0 :-25989_2_1,1818.797,downstream,G76,G0076001
1931056624,-2000000244_0 -2000000244_1,:1931056624_0_0 :1931056624_0_1,1818.899,downstream,G76,G0076001
-56554,-11788_0 -11788_1,:-56554_0_0 :-56554_0_1,1818.908,downstream,G76,G0076001
-28848,-4246_0 -15274_0 -15274_1,:-28848_0_0 :-28848_1_0 :-28848_1_1,1819.186,downstream,G5,G0005006
-36486,-5444_0 -5444_1 -5444_2,:-36486_0_0 :-36486_0_1 :-36486_0_2,1819.339,upstream,G5,G0005006
-54967,-11048_0 -11048_1 -11048_2,:-54967_0_0 :-54967_0_1 :-54967_0_2,1819.346,upstream,G5,G0005006
-35190,-3648_0 -3648_1 -3648_2,:-35190_0_0 :-35190_0_1 :-35190_0_2,1819.399,upstream,G5,G0005006
-45508,-13270_0 -13270_1 -13270_2,:-45508_0_0 :-45508_0_1 :-45508_0_2,1819.415,upstream,G5,G0005006
-32262,,,1819.428,downstream,G5,G0005006
-35189,-3646_0 -3646_1 -3646_2,:-35189_0_0 :-35189_0_1 :-35189_0_2,1819.428,downstream,G5,G0005006
-32263,-2614_0 -2614_1 -2614_2,:-32263_0_0 :-32263_0_1 :-32263_0_2 :-32263_3_0,1819.428,downstream,G5,G0005006
-40457,-10862_0 -10862_1 -10862_2 -7486_0 -7486_1 -7486_2,:-40457_0_0 :-40457_0_1 :-40457_0_2 :-40457_3_0 :-40457_3_1 :-40457_3_2,1819.428,downstream,G5,G0005006
3426565753,-2000000369_0 -2000000369_1,:3426565753_0_0 :3426565753_0_1,1820.250,upstream,G76,G76厦蓉高速（纳黔段）
3538591862,-2000000094_0 -2000000094_1,:3538591862_0_0 :3538591862_0_1,1820.278,upstream,G76,G76厦蓉高速（纳黔段）
9842540818,-2000000074_0 -2000000074_1,:9842540818_0_0 :9842540818_0_1,1820.573,upstream,G76,G76厦蓉高速（纳黔段）
1931056642,-2000000009_0 -2000000009_1,:1931056642_0_0 :1931056642_0_1 :1931056642_2_0 :1931056642_2_1,1820.584,downstream,G76,G0076001
3538591858,-2000000048_0 -2000000048_1,:3538591858_0_0 :3538591858_0_1,1820.628,upstream,G76,G76厦蓉高速（纳黔段）
3426565783,-2000000050_0 -2000000050_1,:3426565783_0_0 :3426565783_0_1,1820.684,upstream,G76,G76厦蓉高速（纳黔段）
3426565776,-2000000367_0 -2000000367_1,:3426565776_0_0 :3426565776_0_1,1820.695,upstream,G76,G76厦蓉高速（纳黔段）
9842540817,-2000000371_0 -2000000371_1,:9842540817_0_0 :9842540817_0_1,1820.712,upstream,G76,G76厦蓉高速（纳黔段）
3538591868,-2000000370_0 -2000000370_1,:3538591868_0_0 :3538591868_0_1,1820.716,upstream,G76,G76厦蓉高速（纳黔段）
3426565865,-2000000037_0 -2000000037_1,:3426565865_0_0 :3426565865_0_1 :3426565865_2_0 :3426565865_2_1,1820.743,downstream,G76,G76厦蓉高速（纳黔段）
3426565693,-2000000016_0 -2000000016_1 -2000000373_0 -2000000373_1,:3426565693_0_0 :3426565693_0_1 :3426565693_2_0 :3426565693_2_1,1820.821,downstream,G76,G0076001
3538967845,-2000000372_0 -2000000372_1,:3538967845_0_0 :3538967845_0_1,1820.889,downstream,G76,G0076001
3538967858,-2000000113_0 -2000000113_1,:3538967858_0_0 :3538967858_0_1,1820.915,downstream,G76,G0076001
-39758,-17362_0,:-39758_0_0,1820.942,upstream,G5,G0005006
-31219,-9804_0,:-31219_0_0,1820.942,upstream,G5,G0005006
-42281,-6252_0,:-42281_0_0,1820.942,upstream,G5,G0005006
-36079,-3980_0,:-36079_0_0 :-36079_1_0,1820.942,upstream,G5,G0005006
-68632,-16976_0,:-68632_0_0,1820.942,upstream,G5,G0005006
-31220,-2300_0 -5324_0,:-31220_0_0 :-31220_1_0,1820.942,upstream,G5,G0005006
-68000,-16646_0,:-68000_0_0,1820.942,upstream,G5,G0005006
3538967854,-2000000115_0 -2000000115_1,:3538967854_0_0 :3538967854_0_1,1821.043,downstream,G76,G76厦蓉高速（纳黔段）
3538967844,-2000000111_0 -2000000111_1,:3538967844_0_0 :3538967844_0_1,1821.069,downstream,G76,G76厦蓉高速（纳黔段）
-50201,-15388_0 -16864_0 -16864_1,:-50201_0_0 :-50201_1_0 :-50201_1_1,1821.118,upstream,G5,G0005006
3426565722,-2000000103_0 -2000000103_1 -2000000107_0 -2000000107_1,:3426565722_0_0 :3426565722_0_1 :3426565722_2_0 :3426565722_2_1,1821.173,downstream,G76,G76厦蓉高速（纳黔段）
-37939,-4682_0 -4682_1,:-37939_0_0 :-37939_0_1,1821.260,upstream,G5,G0005006
-27024,-8942_0 -8942_1,:-27024_0_0 :-27024_0_1,1821.293,downstream,G5,G0005006
-49209,-8858_0 -8858_1 -8858_2,,1821.315,upstream,G5,G0005006
-42240,-6232_0 -6232_1 -6232_2 -13930_0,:-42240_0_0 :-42240_0_1 :-42240_0_2 :-42240_3_0 :-42240_3_1,1821.315,upstream,G5,G0005006
-28857,-1580_0 -1580_1,:-28857_0_0 :-28857_1_0 :-28857_1_1,1821.315,downstream,G5,G0005006
-54479,-10864_0 -13932_0 -13932_1,:-54479_0_0 :-54479_1_0 :-54479_1_1,1821.614,downstream,G5,G0005006
-64042,-14808_0 -14808_1 -14808_2,:-64042_0_0 :-64042_0_1 :-64042_0_2,1821.669,downstream,G5,G0005006
-63688,-15540_0,:-63688_0_0,1821.682,downstream,G5,G0005006
-27774,-1270_0,:-27774_0_0 :-27774_1_0,1821.682,downstream,G5,G0005006
-35041,-10170_0,:-35041_0_0,1821.682,downstream,G5,G0005006
-27761,-5580_0 -5580_1 -5580_2,:-27761_0_0 :-27761_1_0 :-27761_1_1 :-27761_1_2,1821.682,downstream,G5,G0005006
-51389,-9642_0,:-51389_0_0,1821.682,downstream,G5,G0005006
-51386,-10616_0 -9640_0,:-51386_0_0 :-51386_1_0,1821.682,downstream,G5,G0005006
-52519,-11188_0,:-52519_0_0 :-52519_1_0,1821.682,downstream,G5,G0005006
-52525,-14668_0 -10172_0,:-52525_0_0 :-52525_1_0,1821.682,downstream,G5,G0005006
-35043,-3598_0,:-35043_0_0,1821.682,downstream,G5,G0005006
-69164,-17206_0,,1821.682,downstream,G5,G0005006
1931056737,-2000000117_0 -2000000117_1,:1931056737_0_0 :1931056737_0_1,1821.786,downstream,G76,G0076001
-47580,-16658_0 -16658_1 -16658_2,:-47580_0_0 :-47580_0_1 :-47580_0_2,1821.841,downstream,G5,G0005006
3538591859,-2000000046_0 -2000000046_1,:3538591859_0_0 :3538591859_0_1,1821.865,downstream,G76,G0076001
-27670,-8274_0 -8274_1 -8274_2,:-27670_0_0 :-27670_0_1 :-27670_0_2,1821.900,downstream,G5,G0005006
3538591863,-2000000056_0 -2000000056_1,:3538591863_0_0 :3538591863_0_1,1822.084,downstream,G76,G0076001
3538591869,-2000000093_0 -2000000093_1,:3538591869_0_0 :3538591869_0_1,1823.002,downstream,G76,G0076001
-27676,-1216_0 -1216_1 -1216_2,:-27676_0_0 :-27676_0_1 :-27676_0_2,1823.252,downstream,G5,G0005006
3538591871,-2000000065_0 -2000000065_1,:3538591871_0_0 :3538591871_0_1,1823.429,downstream,G76,G0076001
-32729,-2782_0 -2782_1 -2782_2,:-32729_0_0 :-32729_0_1 :-32729_0_2,1823.432,downstream,G5,G0005006
-61378,,,1823.511,downstream,G5,G0005006
-47737,-8342_0,:-47737_0_0,1823.511,downstream,G5,G0005006
-27771,-10286_0 -1268_0 -1268_1 -1268_2,:-27771_0_0 :-27771_1_0 :-27771_1_1 :-27771_1_2,1823.511,downstream,G5,G0005006
-27106,-1040_0,:-27106_0_0,1823.511,downstream,G5,G0005006
-47731,-13746_0,:-47731_0_0 :-47731_1_0,1823.511,downstream,G5,G0005006
-27104,-4350_0,:-27104_0_0,1823.511,downstream,G5,G0005006
-36958,-13372_0,:-36958_0_0 :-36958_1_0,1823.511,downstream,G5,G0005006
-47338,-12662_0,:-47338_0_0,1823.511,downstream,G5,G0005006
-37355,-4498_0 -8344_0,:-37355_0_0 :-37355_1_0,1823.511,downstream,G5,G0005006
-36969,-8198_0 -4352_0,:-36969_0_0 :-36969_1_0,1823.511,downstream,G5,G0005006
-36424,-12408_0 -4108_0,:-36424_0_0 :-36424_1_0,1825.045,upstream,G5,G0005006
-56682,-11848_0,:-56682_0_0,1825.045,upstream,G5,G0005006
-36415,-13768_0,:-36415_0_0 :-36415_1_0,1825.045,upstream,G5,G0005006
-46145,-7730_0,:-46145_0_0,1825.045,upstream,G5,G0005006
-46148,-9042_0 -7732_0,:-46148_0_0 :-46148_1_0,1825.045,upstream,G5,G0005006
-45860,-7630_0,,1825.045,upstream,G5,G0005006
-27037,-1024_0 -1024_1,:-27037_0_0 :-27037_1_0 :-27037_1_1,1825.045,downstream,G5,G0005006
-40243,-5500_0,:-40243_0_0,1825.045,upstream,G5,G0005006
-36422,-4106_0,:-36422_0_0,1825.045,upstream,G5,G0005006
-46142,-15276_0,:-46142_0_0 :-46142_1_0,1825.045,upstream,G5,G0005006
1931056855,-2000000090_0 -2000000090_1,:1931056855_0_0 :1931056855_0_1,1825.371,downstream,G76,G0076001
-38626,-4902_0 -4902_1 -4902_2,:-38626_0_0 :-38626_0_1 :-38626_0_2,1826.967,downstream,G5,G0005006
-47152,-8102_0 -8102_1 -8102_2,:-47152_0_0 :-47152_0_1 :-47152_0_2,1827.031,downstream,G5,G0005006
-35765,-13580_0,:-35765_0_0 :-35765_1_0,1832.422,downstream,G5,G0005006
-36177,-8850_0,:-36177_0_0,1832.422,downstream,G5,G0005006
-49201,-15492_0 -15492_1 -15492_2,:-49201_0_0 :-49201_1_0 :-49201_1_1 :-49201_1_2,1832.422,downstream,G5,G0005006
-36178,-4008_0,:-36178_0_0,1832.422,downstream,G5,G0005006
-35773,-3854_0,:-35773_0_0,1832.422,downstream,G5,G0005006
-59530,-14322_0,:-59530_0_0,1832.422,downstream,G5,G0005006
-49204,-8852_0 -8852_1 -8852_2,:-49204_0_0 :-49204_0_1 :-49204_0_2,1833.417,upstream,G5,G0005006
-53606,-14510_0 -14510_1 -14510_2,:-53606_0_0 :-53606_0_1 :-53606_0_2,1833.502,upstream,G5,G0005006
-30198,-10538_0 -10538_1 -10538_2,:-30198_0_0 :-30198_0_1 :-30198_0_2,1833.522,upstream,G5,G0005006
-61604,-13836_0 -13836_1 -13836_2,:-61604_0_0 :-61604_0_1 :-61604_0_2,1833.575,upstream,G5,G0005006
-30201,-14442_0 -1988_0 -1988_1 -1988_2,:-30201_0_0 :-30201_1_0 :-30201_1_1 :-30201_1_2,1833.608,downstream,G5,G0005006
-53286,-14470_0 -10418_0,:-53286_0_0 :-53286_1_0,1833.608,downstream,G5,G0005006
-45273,-7376_0,:-45273_0_0 :-45273_1_0,1833.608,upstream,G5,G0005006
-43720,-14382_0 -14382_1 -14382_2,:-43720_0_0 :-43720_0_1 :-43720_0_2,1833.994,upstream,G5,G0005006
-51474,-10130_0 -10130_1 -10130_2,:-51474_0_0 :-51474_0_1 :-51474_0_2,1834.024,downstream,G5,G0005006
-43721,-6758_0 -6758_1 -6758_2,:-43721_0_0 :-43721_0_1 :-43721_0_2,1834.027,upstream,G5,G0005006
-58234,,,1834.045,upstream,G5,G0005006
-44689,-12510_0 -7110_0 -7110_1 -7110_2,:-44689_0_0 :-44689_1_0 :-44689_1_1 :-44689_1_2,1834.045,downstream,G5,G0005006
-51475,-9688_0 -9688_1 -9688_2,:-51475_0_0 :-51475_0_1 :-51475_0_2,1834.059,downstream,G5,G0005006
-26287,-818_0 -3736_0,:-26287_0_0 :-26287_1_0,1834.158,downstream,G5,G0005006
-26276,-6516_0,:-26276_0_0,1834.158,downstream,G5,G0005006
-60745,-13558_0,,1834.158,downstream,G5,G0005006
-35381,-15914_0 -15914_1 -15914_2,:-35381_0_0 :-35381_1_0 :-35381_1_1 :-35381_1_2,1834.158,downstream,G5,G0005006
-31759,-3294_0 -3294_1 -3294_2,:-31759_0_0 :-31759_0_1 :-31759_0_2,1834.181,upstream,G5,G0005006
-31765,-2438_0 -2438_1 -2438_2,:-31765_0_0 :-31765_0_1 :-31765_0_2,1834.190,upstream,G5,G0005006
-55622,-16118_0 -16118_1 -16118_2,:-55622_0_0 :-55622_0_1,1834.239,downstream,G5,G0005006
-55409,-11350_0 -11350_1,:-55409_0_0 :-55409_0_1,1834.270,downstream,G5,G0005006
-42579,-6344_0 -6344_1 -6344_2,:-42579_0_0 :-42579_0_1 :-42579_0_2,1834.515,downstream,G5,G0005006
-46325,-15024_0,:-46325_0_0,1834.562,downstream,G5,G0005006
-35384,-3734_0 -3734_1 -3734_2,:-35384_0_0 :-35384_1_0 :-35384_1_1 :-35384_1_2,1834.562,downstream,G5,G0005006
-46326,-7800_0,:-46326_0_0,1834.562,downstream,G5,G0005006
-44218,-6910_0,:-44218_0_0,1834.562,downstream,G5,G0005006
-44217,-6908_0 -6908_1 -6908_2,:-44217_0_0 :-44217_0_1 :-44217_0_2,1834.660,downstream,G5,G0005006
1931056873,-2000000368_0 -2000000368_1,:1931056873_0_0 :1931056873_0_1,1834.665,upstream,G76,G0076001
-45267,-11254_0 -11254_1,:-45267_0_0 :-45267_1_0 :-45267_1_1,1834.666,downstream,G5,G0005006
3538592011,-2000000067_0 -2000000067_1,:3538592011_0_0 :3538592011_0_1,1834.774,upstream,G76,G0076001
3538592007,-2000000084_0 -2000000084_1,:3538592007_0_0 :3538592007_0_1,1834.794,upstream,G76,G0076001
3538591891,-2000000068_0 -2000000068_1,:3538591891_0_0 :3538591891_0_1,1834.924,upstream,G76,G0076001
3538591994,-2000000071_0 -2000000071_1,:3538591994_0_0 :3538591994_0_1,1835.012,upstream,G76,G0076001
1931049607,-2000000042_0 -2000000042_1,:1931049607_0_0 :1931049607_0_1,1835.018,upstream,G76,G0076001
3538592009,-2000000044_0 -2000000044_1,:3538592009_0_0 :3538592009_0_1,1835.059,upstream,G76,G0076001
6564540234,-2000000247_0 -2000000247_1,:6564540234_0_0 :6564540234_0_1,1835.076,upstream,G76,G0076001
9842540802,-2000000366_0 -2000000366_1,:9842540802_0_0 :9842540802_0_1,1835.110,upstream,G76,G0076001
1931049634,-2000000052_0 -2000000052_1,:1931049634_0_0 :1931049634_0_1,1835.158,downstream,G76,G0076001
-29698,-7374_0 -7374_1,:-29698_0_0 :-29698_0_1,1835.172,downstream,G5,G0005006
-42638,-6368_0,,1835.229,downstream,G5,G0005006
-42641,-11696_0 -6370_0,:-42641_0_0 :-42641_1_0,1835.229,downstream,G5,G0005006
-35196,-8578_0,:-35196_0_0,1835.229,downstream,G5,G0005006
-56369,,,1835.229,downstream,G5,G0005006
-35197,-3652_0,:-35197_0_0 :-35197_1_0,1835.229,downstream,G5,G0005006
-29699,-1832_0 -1832_1,:-29699_0_0 :-29699_0_1,1835.344,downstream,G5,G0005006
-37938,-10326_0 -10326_1,:-37938_0_0 :-37938_0_1,1835.551,downstream,G5,G0005006
-39733,-5312_0 -5312_1 -5312_2,:-39733_0_0 :-39733_0_1 :-39733_0_2,1835.846,upstream,G5,G0005006
-28505,-7784_0 -7784_1 -7784_2,:-28505_0_0 :-28505_0_1 :-28505_0_2,1835.854,upstream,G5,G0005006
-39732,-11222_0 -11222_1 -11222_2,:-39732_0_0 :-39732_0_1 :-39732_0_2,1835.862,upstream,G5,G0005006
-28512,-14288_0 -1500_0 -1500_1 -1500_2,:-28512_0_0 :-28512_1_0 :-28512_1_1 :-28512_1_2,1835.891,downstream,G5,G0005006
3538592028,-2000000043_0 -2000000043_1,:3538592028_0_0 :3538592028_0_1,1836.425,upstream,G76,G0076001
9804244517,-2000000362_0 -2000000040_0 -2000000040_1,:9804244517_0_0 :9804244517_1_0 :9804244517_1_1,1836.425,downstream,G76,G0076001
-55190,-12518_0 -12518_1 -12518_2,:-55190_0_0 :-55190_1_0 :-55190_1_1 :-55190_1_2,1837.583,downstream,G5,G0005006
-55197,-11124_0,:-55197_0_0 :-55197_1_0,1837.583,upstream,G5,G0005006
-67771,-16528_0,,1837.583,upstream,G5,G0005006
-43043,-16530_0,:-43043_0_0,1837.583,upstream,G5,G0005006
3426565830,-2000000085_0 -2000000085_1,:3426565830_0_0 :3426565830_0_1,1837.850,upstream,G76,G76厦蓉高速（纳黔段）
3538592048,-2000000081_0 -2000000081_1,:3538592048_0_0 :3538592048_0_1,1837.853,upstream,G76,G76厦蓉高速（纳黔段）
3538592043,-2000000061_0 -2000000061_1,:3538592043_0_0 :3538592043_0_1,1838.067,upstream,G76,G76厦蓉高速（纳黔段）
3538592050,-2000000055_0 -2000000055_1,:3538592050_0_0 :3538592050_0_1,1838.106,upstream,G76,G76厦蓉高速（纳黔段）
-50871,-11122_0 -11122_1 -11122_2,:-50871_0_0 :-50871_0_1 :-50871_0_2,1838.119,downstream,G5,G0005006
1931049654,-2000000038_0 -2000000038_1,:1931049654_0_0 :1931049654_0_1 :1931049654_2_0 :1931049654_2_1,1838.120,downstream,G76,G0076001
3538592086,-2000000062_0 -2000000062_1,:3538592086_0_0 :3538592086_0_1,1838.138,upstream,G76,G76厦蓉高速（纳黔段）
-50872,-9404_0 -9404_1 -9404_2,:-50872_0_0 :-50872_0_1 :-50872_0_2,1838.189,downstream,G5,G0005006
3426565867,-2000000098_0 -2000000098_1,:3426565867_0_0 :3426565867_1_0 :3426565867_1_1,1838.213,downstream,G76,G76厦蓉高速（纳黔段）
3538592027,-2000000039_0 -2000000039_1,:3538592027_0_0 :3538592027_0_1,1838.454,downstream,G76,G0076001
3538592030,-2000000054_0 -2000000054_1,:3538592030_0_0 :3538592030_0_1,1838.479,downstream,G76,G0076001
1931049702,-2000000205_0 -2000000205_1 -2000000095_0 -2000000095_1,:1931049702_0_0 :1931049702_0_1 :1931049702_2_0 :1931049702_2_1,1838.626,downstream,G76,G0076001
3538592031,-2000000099_0 -2000000099_1,:3538592031_0_0 :3538592031_0_1,1838.629,downstream,G76,G76厦蓉高速（纳黔段）
-40513,-7288_0 -7288_1 -7288_2,:-40513_0_0 :-40513_0_1 :-40513_0_2,1838.802,downstream,G5,G0005006
-40514,-5600_0 -5600_1 -5600_2,:-40514_0_0 :-40514_0_1 :-40514_0_2,1838.813,downstream,G5,G0005006
-67854,-17294_0 -17294_1 -17294_2,:-67854_0_0 :-67854_0_1 :-67854_0_2,1839.463,downstream,G5,G0005006
3538592044,-2000000096_0 -2000000096_1,:3538592044_0_0 :3538592044_0_1,1839.654,downstream,G76,G0076001
3426565834,-2000000041_0 -2000000041_1,:3426565834_0_0 :3426565834_0_1,1839.737,downstream,G76,G0076001
3538592012,-2000000057_0 -2000000057_1,:3538592012_0_0 :3538592012_0_1,1839.865,downstream,G76,G0076001
3538592047,-2000000066_0 -2000000066_1,:3538592047_0_0 :3538592047_0_1,1839.943,downstream,G76,G0076001
-50433,-16574_0 -16574_1 -16574_2,:-50433_0_0 :-50433_0_1 :-50433_0_2,1840.135,downstream,G5,G0005006
3426565833,-2000000064_0 -2000000064_1,:3426565833_0_0 :3426565833_0_1,1840.637,downstream,G76,G0076001
3538592051,-2000000083_0 -2000000083_1,:3538592051_0_0 :3538592051_0_1,1840.666,downstream,G76,G0076001
1931049723,-2000000049_0 -2000000049_1,:1931049723_0_0 :1931049723_0_1,1840.879,downstream,G76,G0076001
3538592010,-2000000045_0 -2000000045_1,:3538592010_0_0 :3538592010_0_1,1840.917,downstream,G76,G0076001
-41336,-9248_0 -9248_1 -9248_2,:-41336_0_0 :-41336_1_0 :-41336_1_1 :-41336_1_2,1841.060,downstream,G5,G0005006
3538592006,-2000000053_0 -2000000053_1,:3538592006_0_0 :3538592006_0_1,1841.117,downstream,G76,G0076001
-62769,,,1841.212,downstream,G5,G0005006
-37854,-13864_0,:-37854_0_0 :-37854_1_0,1841.301,upstream,G5,G0005006
-37889,-4668_0,:-37889_0_0,1841.301,upstream,G5,G0005006
-53634,-10546_0 -10546_1,:-53634_0_0 :-53634_1_0 :-53634_1_1,1841.301,upstream,G5,G0005006
-41353,-14270_0 -5886_0 -5886_1 -5886_2,:-41353_0_0 :-41353_1_0 :-41353_1_1 :-41353_1_2,1841.465,upstream,G5,G0005006
-36455,-8236_0 -8236_1 -8236_2,:-36455_0_0 :-36455_0_1 :-36455_0_2,1841.596,upstream,G5,G0005006
3538592087,-2000000088_0 -2000000088_1,:3538592087_0_0 :3538592087_0_1,1841.605,downstream,G76,G0076001
-41344,-5884_0,,1841.717,downstream,G5,G0005006
-36456,-4120_0 -4120_1 -4120_2,:-36456_0_0 :-36456_0_1 :-36456_0_2,1841.717,downstream,G5,G0005006
3538591993,-2000000087_0 -2000000087_1,:3538591993_0_0 :3538591993_0_1,1841.851,downstream,G76,G0076001
3538591890,-2000000070_0 -2000000070_1,:3538591890_0_0 :3538591890_0_1,1842.146,downstream,G76,G0076001
-35223,-3656_0 -3656_1 -3656_2 -3656_3,:-35223_0_0 :-35223_0_1 :-35223_0_2,1842.206,upstream,G5,G0005006
-35219,-16562_0 -8684_0 -8684_1,:-35219_0_0 :-35219_0_1 :-35219_2_0 :-35219_2_1,1842.227,upstream,G5,G0005006
-31887,-2492_0,:-31887_0_0,1842.370,upstream,G5,G0005006
-64756,-15124_0,:-64756_0_0,1842.370,upstream,G5,G0005006
-31868,-3836_0,:-31868_0_0 :-31868_1_0,1842.370,upstream,G5,G0005006
-31877,-2490_0,,1842.370,upstream,G5,G0005006
-35693,-13918_0 -13918_1,:-35693_0_0 :-35693_1_0 :-35693_1_1,1842.445,upstream,G5,G0005006
-25896,-706_0 -706_1,:-25896_0_0 :-25896_0_1,1842.506,upstream,G5,G0005006
-55747,-12058_0 -12058_1 -12058_2,:-55747_0_0 :-55747_0_1 :-55747_0_2,1842.513,upstream,G5,G0005006
-40862,-5726_0,:-40862_0_0,1842.519,upstream,G5,G0005006
-33998,-8078_0 -8078_1 -8078_2,:-33998_0_0 :-33998_0_1 :-33998_0_2,1842.519,downstream,G5,G0005006
-63121,-14420_0,:-63121_0_0,1842.519,upstream,G5,G0005006
3426565724,-2000000072_0 -2000000072_1,:3426565724_0_0 :3426565724_0_1,1842.618,downstream,G76,G0076001
-44998,-16456_0 -16456_1 -16456_2,:-44998_0_0 :-44998_0_1 :-44998_0_2,1843.171,downstream,G5,G0005006
-37474,-7246_0 -7246_1 -7246_2,:-37474_0_0 :-37474_0_1 :-37474_0_2,1843.260,downstream,G5,G0005006
-34012,-3280_0 -3280_1 -3280_2,:-34012_0_0 :-34012_0_1 :-34012_0_2,1843.951,downstream,G5,G0005006
-51670,-10192_0 -10192_1 -10192_2,:-51670_0_0 :-51670_0_1 :-51670_0_2,1843.976,downstream,G5,G0005006
5744988471,-2000000248_0 -2000000248_1,:5744988471_0_0 :5744988471_0_1,1844.031,downstream,G76,G0076001
6564540232,-2000000246_0 -2000000246_1,:6564540232_0_0 :6564540232_0_1,1844.189,downstream,G76,G0076001
-54774,,,1844.659,upstream,G5,G0005006
-28315,-10962_0 -9756_0 -9756_1 -9756_2,:-28315_0_0 :-28315_1_0 :-28315_1_1 :-28315_1_2,1844.659,downstream,G5,G0005006
-37491,-4544_0 -4544_1 -4544_2,:-37491_0_0 :-37491_0_1 :-37491_0_2,1845.524,downstream,G5,G0005006
-40246,-5504_0 -5504_1 -5504_2,:-40246_0_0 :-40246_0_1,1845.538,downstream,G5,G0005006
-28326,-1454_0 -1454_1 -1454_2,:-28326_0_0 :-28326_0_1 :-28326_0_2,1845.642,downstream,G5,G0005006
-50902,-9420_0 -9420_1,:-50902_0_0 :-50902_0_1 :-50902_2_0 :-50902_2_1,1846.160,downstream,G5,G0005006
-52129,-9988_0 -11776_0 -11776_1,:-52129_0_0 :-52129_1_0 :-52129_1_1,1846.213,downstream,G5,G0005006
-54367,-10814_0 -10814_1,:-54367_0_0 :-54367_1_0 :-54367_1_1,1846.213,downstream,G5,G0005006
-35449,-14102_0 -16366_0,:-35449_0_0 :-35449_1_0,1846.213,downstream,G5,G0005006
-35451,-3758_0,:-35451_0_0,1846.213,downstream,G5,G0005006
-56608,-11814_0,:-56608_0_0,1846.213,downstream,G5,G0005006
-44821,-16684_0,:-44821_0_0,1846.621,downstream,G5,G0005006
-45717,-7574_0,:-45717_0_0,1846.621,downstream,G5,G0005006
-30188,-11812_0 -11812_1,:-30188_0_0,1846.621,downstream,G5,G0005006
-44825,-7164_0,:-44825_0_0,1846.621,downstream,G5,G0005006
-55375,-11226_0,:-55375_0_0,1846.621,downstream,G5,G0005006
-30189,-1980_0,:-30189_0_0,1846.621,downstream,G5,G0005006
-27737,-1252_0,:-27737_0_0,1846.621,downstream,G5,G0005006
-27729,-15644_0,:-27729_0_0,1846.621,downstream,G5,G0005006
-44022,-11698_0 -12854_0 -12854_1 -12854_2,:-44022_0_0 :-44022_1_0 :-44022_1_1 :-44022_1_2,1846.621,downstream,G5,G0005006
-54365,-10812_0 -10812_1,:-54365_0_0 :-54365_0_1,1846.682,downstream,G5,G0005006
-33344,-11468_0 -11468_1,:-33344_0_0 :-33344_0_1,1846.711,downstream,G5,G0005006
-39656,-8542_0,:-39656_0_0 :-39656_1_0,1846.907,downstream,G5,G0005006
-39684,-5288_0,:-39684_0_0,1846.907,downstream,G5,G0005006
-33348,-14584_0 -3016_0 -3016_1,:-33348_0_0 :-33348_1_0 :-33348_1_1,1846.907,downstream,G5,G0005006
-39660,-5286_0,:-39660_0_0,1846.907,downstream,G5,G0005006
-48378,-8782_0,:-48378_0_0,1846.907,downstream,G5,G0005006
-33997,-3278_0 -3278_1 -3278_2,:-33997_0_0 :-33997_1_0 :-33997_1_1,1846.907,downstream,G5,G0005006
4529169654,-2000000310_0 -2000000310_1,:4529169654_0_0 :4529169654_0_1,1847.256,upstream,G76,G0076001
5729609182,-2000000029_0 -2000000029_1,:5729609182_0_0 :5729609182_0_1,1847.382,upstream,G76,G0076001
3426565785,-2000000199_0 -2000000199_1,:3426565785_0_0 :3426565785_0_1,1847.401,upstream,G76,G0076001
3426565754,-2000000112_0 -2000000112_1,:3426565754_0_0 :3426565754_0_1,1847.463,upstream,G76,G0076001
3426565765,-2000000114_0 -2000000114_1,:3426565765_0_0 :3426565765_0_1,1847.526,upstream,G76,G0076001
4529169647,-2000000161_0 -2000000161_1,:4529169647_0_0 :4529169647_0_1,1847.606,upstream,G76,G0076001
-36211,-6228_0 -15932_0 -15932_1,:-36211_0_0 :-36211_1_0 :-36211_1_1,1847.623,downstream,G5,G0005006
-37900,-4670_0,:-37900_0_0,1847.623,downstream,G5,G0005006
5743670180,-2000000203_0 -2000000105_0 -2000000105_1,:5743670180_0_0 :5743670180_1_0 :5743670180_1_1,1847.648,downstream,G76,G0076001
7515616345,-2000000024_0 -2000000024_1,:7515616345_0_0 :7515616345_1_0 :7515616345_1_1,1847.648,upstream,G76,G0076001
1931049756,-2000000079_0 -2000000079_1,:1931049756_0_0 :1931049756_0_1,1848.034,upstream,G76,G0076001
3538592457,-2000000080_0 -2000000080_1,:3538592457_0_0 :3538592457_0_1,1848.056,upstream,G76,G0076001
-36214,-4030_0 -4030_1,:-36214_0_0 :-36214_0_1,1848.073,downstream,G5,G0005006
1931049746,-2000000063_0 -2000000063_1,:1931049746_0_0 :1931049746_0_1,1848.102,upstream,G76,G0076001
9842540803,-2000000059_0 -2000000059_1,:9842540803_0_0 :9842540803_0_1,1848.165,downstream,G76,G0076001
1931049757,-2000000075_0 -2000000075_1,:1931049757_0_0 :1931049757_0_1,1848.222,upstream,G76,G0076001
3538592293,-2000000060_0 -2000000060_1,:3538592293_0_0 :3538592293_0_1,1848.324,upstream,G76,G0076001
3538592818,-2000000091_0 -2000000091_1,:3538592818_0_0 :3538592818_0_1,1848.400,downstream,G76,G0076001
3538592820,-2000000106_0 -2000000106_1,:3538592820_0_0 :3538592820_0_1,1848.856,downstream,G76,G0076001
3538592458,-2000000092_0 -2000000092_1,:3538592458_0_0 :3538592458_0_1,1849.566,downstream,G76,G0076001
5743670181,-2000000076_0 -2000000076_1,:5743670181_0_0 :5743670181_1_0 :5743670181_1_1,1849.689,downstream,G76,G0076001
5743670187,-2000000204_0 -2000000077_0 -2000000077_1,:5743670187_0_0 :5743670187_1_0 :5743670187_1_1,1850.043,downstream,G76,G0076001
3426565875,-2000000082_0 -2000000082_1,:3426565875_0_0 :3426565875_0_1,1850.284,downstream,G76,G0076001
-45264,-7370_0 -7370_1,:-45264_0_0 :-45264_0_1,1850.935,upstream,G5,G0005006
-25844,-14120_0 -14120_1,:-25844_0_0 :-25844_0_1,1851.172,upstream,G5,G0005006
-28430,-1478_0 -1478_1,:-28430_0_0 :-28430_0_1,1851.256,upstream,G5,G0005006
-25845,-700_0 -700_1,:-25845_0_0 :-25845_0_1,1851.372,upstream,G5,G0005006
-38823,-4984_0 -4984_1,:-38823_0_0 :-38823_0_1,1851.373,upstream,G5,G0005006
-28427,-3596_0 -3596_1,:-28427_0_0 :-28427_0_1,1851.377,upstream,G5,G0005006
-39203,-5118_0 -5118_1,:-39203_0_0 :-39203_0_1,1851.378,upstream,G5,G0005006
-29515,-14320_0 -14320_1,:-29515_0_0 :-29515_0_1,1851.385,downstream,G5,G0005006
1931049775,-2000000078_0 -2000000078_1,:1931049775_0_0 :1931049775_0_1,1851.875,downstream,G76,G0076001
3426565840,-2000000047_0 -2000000047_1,:3426565840_0_0 :3426565840_0_1,1851.893,downstream,G76,G0076001
3426565804,-2000000069_0 -2000000069_1,:3426565804_0_0 :3426565804_0_1,1852.313,downstream,G76,G0076001
3426565723,-2000000086_0 -2000000086_1,:3426565723_0_0 :3426565723_0_1,1853.009,downstream,G76,G0076001
3426565744,-2000000073_0 -2000000073_1,:3426565744_0_0 :3426565744_0_1,1853.608,downstream,G76,G0076001
1931049791,-2000000119_0 -2000000119_1,:1931049791_0_0 :1931049791_0_1,1853.930,downstream,G76,G0076001
1931049792,-2000000110_0 -2000000110_1,:1931049792_0_0 :1931049792_0_1,1854.349,downstream,G76,G0076001
1931049796,-2000000116_0 -2000000116_1,:1931049796_0_0 :1931049796_0_1,1854.568,downstream,G76,G0076001
1931049809,-2000000109_0 -2000000109_1,:1931049809_0_0 :1931049809_0_1,1856.528,downstream,G76,G0076001
5729609181,-2000000197_0 -2000000197_1,:5729609181_0_0 :5729609181_0_1,1857.136,downstream,G76,G0076001
9801624445,-2000000004_0 -2000000004_1,:9801624445_0_0 :9801624445_1_0 :9801624445_1_1,1857.690,downstream,G76,G0076001
4088993323,-2000000005_0 -2000000005_1,:4088993323_0_0 :4088993323_0_1,1858.883,downstream,G76,G0076001
2372095656,-2000000149_0 -2000000149_1,:2372095656_0_0 :2372095656_0_1,1858.967,downstream,G76,G0076001
7515616346,-2000000283_0 -2000000311_0 -2000000311_1,:7515616346_0_0 :7515616346_1_0 :7515616346_1_1,1859.707,downstream,G76,G0076001
1929482463,-2000000150_0 -2000000150_1,:1929482463_0_0 :1929482463_0_1,1860.633,downstream,G76,G0076001
9699745534,-2000000010_0 -2000000010_1,:9699745534_0_0 :9699745534_0_1 :9699745534_2_0 :9699745534_2_1,1860.983,downstream,G76,G0076001
9801624504,-2000000011_0 -2000000011_1,:9801624504_0_0 :9801624504_0_1,1861.175,downstream,G76,G0076001
9801624502,-2000000346_0 -2000000346_1,:9801624502_0_0 :9801624502_0_1,1861.194,downstream,G76,G0076001
-55847,-11478_0,,1862.059,downstream,G5,G0005006
-29567,-1772_0 -1772_1,:-29567_0_0 :-29567_1_0 :-29567_1_1,1862.089,downstream,G5,G0005006
-65275,,,1866.091,upstream,G5,G0005006
-45242,-7358_0 -7358_1,:-45242_0_0 :-45242_1_0 :-45242_1_1,1866.276,upstream,G5,G0005006
-55611,-15352_0 -11340_0 -11340_1,:-55611_0_0 :-55611_1_0 :-55611_1_1,1866.342,downstream,G5,G0005006
-55610,-11338_0,,1866.342,upstream,G5,G0005006
1585113601,-2000000126_0 -2000000126_1,:1585113601_0_0 :1585113601_0_1,1867.255,upstream,G76,G76厦蓉高速（隆纳段）
7518323809,-2000000143_0 -2000000324_0 -2000000324_1,:7518323809_0_0 :7518323809_1_0 :7518323809_1_1,1867.345,upstream,G76,G76厦蓉高速（隆纳段）
2155984928,-2000000022_0 -2000000350_0 -2000000350_1,:2155984928_0_0 :2155984928_1_0 :2155984928_1_1,1867.346,upstream,G76,G76厦蓉高速（隆纳段）
4834374293,-2000000183_0 -2000000183_1,:4834374293_0_0 :4834374293_0_1,1867.347,upstream,G76,G76厦蓉高速（隆纳段）
3544530247,-2000000121_0 -2000000123_0 -2000000123_1,:3544530247_0_0 :3544530247_1_0 :3544530247_1_1,1867.354,upstream,G76,G76厦蓉高速（隆纳段）
1585113606,-2000000124_0 -2000000124_1,:1585113606_0_0 :1585113606_0_1,1867.389,upstream,G76,G76厦蓉高速（隆纳段）
-57568,-12238_0 -12238_1,:-57568_0_0 :-57568_0_1,1867.439,upstream,G5,G0005006
5813973894,-2000000230_0 -2000000230_1,:5813973894_0_0 :5813973894_0_1,1867.442,upstream,G76,G76厦蓉高速（隆纳段）
5813973897,-2000000187_0 -2000000187_1,:5813973897_0_0 :5813973897_0_1,1867.450,upstream,G76,G76厦蓉高速（隆纳段）
12343159476,-2000000399_0 -2000000399_1,:12343159476_0_0 :12343159476_0_1,1867.452,upstream,G76,G76厦蓉高速（隆纳段）
3544530263,-2000000120_0 -2000000120_1,:3544530263_0_0 :3544530263_0_1,1867.459,upstream,G76,G76厦蓉高速（隆纳段）
5813973899,-2000000229_0 -2000000229_1,:5813973899_0_0 :5813973899_0_1,1867.471,upstream,G76,G76厦蓉高速（隆纳段）
4834374291,-2000000180_0 -2000000180_1,:4834374291_0_0 :4834374291_0_1,1867.471,upstream,G76,G76厦蓉高速（隆纳段）
-40442,-9410_0 -9410_1,:-40442_0_0 :-40442_0_1 :-40442_2_0 :-40442_2_1,1867.483,downstream,G5,G0005006
9801708918,-2000000355_0 -2000000355_1,:9801708918_0_0 :9801708918_0_1,1867.483,upstream,G76,G76厦蓉高速（隆纳段）
3544530225,-2000000325_0 -2000000325_1,:3544530225_0_0 :3544530225_0_1,1867.484,upstream,G76,G76厦蓉高速（隆纳段）
2155984952,-2000000349_0 -2000000349_1,:2155984952_0_0 :2155984952_1_0 :2155984952_1_1,1867.492,upstream,G76,G76厦蓉高速（隆纳段）
5813973903,-2000000240_0 -2000000240_1,:5813973903_0_0 :5813973903_0_1,1867.499,downstream,G76,G76厦蓉高速（隆纳段）
4832865342,-2000000323_0 -2000000323_1,:4832865342_0_0 :4832865342_1_0 :4832865342_1_1,1867.499,upstream,G76,G76厦蓉高速（隆纳段）
-40450,-5574_0 -5574_1,:-40450_0_0 :-40450_0_1 :-40450_2_0 :-40450_2_1,1867.506,upstream,G5,G0005006
-61961,-14844_0 -14844_1,:-61961_0_0 :-61961_0_1,1867.532,upstream,G5,G0005006
-57070,-15604_0 -15604_1,:-57070_0_0 :-57070_0_1,1867.562,upstream,G5,G0005006
-50882,-17282_0 -17282_1,:-50882_0_0 :-50882_0_1,1867.567,upstream,G5,G0005006
-44494,-7044_0 -7044_1,:-44494_0_0 :-44494_0_1,1867.583,upstream,G5,G0005006
-40437,-13122_0 -13122_1,:-40437_0_0 :-40437_0_1,1867.600,upstream,G5,G0005006
-43724,-6762_0 -6762_1,:-43724_0_0 :-43724_0_1,1867.607,upstream,G5,G0005006
-43722,-16416_0 -16416_1,:-43722_0_0 :-43722_0_1,1867.638,upstream,G5,G0005006
-40439,-5568_0 -5568_1,:-40439_0_0 :-40439_0_1,1867.638,upstream,G5,G0005006
-57071,-12048_0 -12048_1,:-57071_0_0 :-57071_0_1,1867.647,upstream,G5,G0005006
-43201,-6586_0 -6586_1,:-43201_0_0 :-43201_0_1,1867.650,upstream,G5,G0005006
-34429,-3412_0 -3412_1,:-34429_0_0 :-34429_0_1,1867.654,downstream,G5,G0005006
-43200,,,1867.654,upstream,G5,G0005006
-30850,-13120_0 -13120_1,:-30850_0_0 :-30850_0_1,1867.654,upstream,G5,G0005006
-30868,-2178_0 -2178_1,:-30868_0_0 :-30868_0_1,1867.654,upstream,G5,G0005006
9045699079,-2000000241_0 -2000000236_0 -2000000236_1,:9045699079_0_0 :9045699079_1_0 :9045699079_1_1,1867.662,downstream,G76,G76厦蓉高速（隆纳段）
-27704,-5572_0 -5572_1,:-27704_0_0 :-27704_0_1,1867.921,downstream,G5,G0005006
-27706,-1240_0 -1240_1,:-27706_0_0 :-27706_0_1,1868.360,downstream,G5,G0005006
-55875,-11480_0 -11480_1,:-55875_0_0 :-55875_0_1,1868.498,downstream,G5,G0005006
-35046,-16370_0 -16370_1,:-35046_0_0 :-35046_0_1,1868.540,downstream,G5,G0005006
-44728,-12704_0,:-44728_0_0,1868.628,upstream,G5,G0005006
-29000,-3202_0 -1630_0,:-29000_0_0 :-29000_1_0,1868.628,upstream,G5,G0005006
-32946,-15318_0 -12554_0 -12554_1,:-32946_0_0 :-32946_1_0 :-32946_1_1,1868.628,downstream,G5,G0005006
-28999,-7124_0,:-28999_0_0,1868.628,upstream,G5,G0005006
-32815,-2864_0 -2864_1,:-32815_0_0 :-32815_0_1,1868.685,downstream,G5,G0005006
-55177,,,1868.814,downstream,G5,G0005006
-35047,-3602_0 -3602_1,:-35047_0_0 :-35047_1_0 :-35047_1_1,1869.002,upstream,G5,G0005006
-34877,-11118_0 -12868_0 -12868_1,:-34877_0_0 :-34877_1_0 :-34877_1_1,1869.066,downstream,G5,G0005006
-58943,-12866_0,,1869.066,downstream,G5,G0005006
6837344521,-2000000237_0 -2000000237_1,:6837344521_0_0 :6837344521_0_1,1869.284,downstream,G76,G76厦蓉高速（隆纳段）
6837344519,-2000000252_0 -2000000252_1,:6837344519_0_0 :6837344519_0_1,1869.319,downstream,G76,G76厦蓉高速（隆纳段）
-32829,-2822_0 -2822_1,:-32829_0_0 :-32829_0_1,1870.494,downstream,G5,G0005006
-34655,-3478_0 -3478_1,:-34655_0_0 :-34655_0_1,1871.960,downstream,G5,G0005006
-28858,-13308_0 -13308_1,:-28858_0_0 :-28858_0_1,1871.971,downstream,G5,G0005006
4062089878,-2000000256_0 -2000000256_1,:4062089878_0_0 :4062089878_0_1,1871.971,downstream,G76,G76厦蓉高速（隆纳段）
-37847,-17136_0 -17136_1,:-37847_0_0 :-37847_0_1,1871.991,downstream,G5,G0005006
-63413,,,1872.214,upstream,G5,G0005006
-34602,-14570_0 -15560_0 -15560_1,:-34602_0_0 :-34602_1_0 :-34602_1_1,1872.214,downstream,G5,G0005006
-35344,-12070_0 -12070_1,:-35344_0_0 :-35344_0_1,1872.216,downstream,G5,G0005006
-35345,-3714_0 -3714_1,:-35345_0_0 :-35345_0_1,1872.258,downstream,G5,G0005006
-37853,-4666_0 -4666_1,,1872.507,downstream,G5,G0005006
-28862,-1582_0 -1582_1,:-28862_0_0 :-28862_0_1,1872.881,downstream,G5,G0005006
-50649,-9328_0 -9328_1,:-50649_0_0 :-50649_0_1,1872.909,downstream,G5,G0005006
-34882,-3536_0 -3536_1,:-34882_0_0 :-34882_0_1,1873.185,downstream,G5,G0005006
-42073,-16108_0 -16108_1,:-42073_0_0 :-42073_0_1,1873.193,downstream,G5,G0005006
-36972,-16120_0 -16120_1,:-36972_0_0 :-36972_0_1,1873.334,downstream,G5,G0005006
-36973,-4356_0 -4356_1,:-36973_0_0 :-36973_0_1,1873.358,downstream,G5,G0005006
3995743892,-2000000147_0 -2000000147_1,:3995743892_0_0 :3995743892_0_1,1873.384,downstream,G76,G76厦蓉高速（隆纳段）
3379648590,-2000000006_0 -2000000006_1,:3379648590_0_0 :3379648590_0_1 :3379648590_2_0 :3379648590_2_1,1873.423,downstream,G76,G76厦蓉高速（隆纳段）
1929482550,-2000000007_0 -2000000007_1,:1929482550_0_0 :1929482550_0_1,1873.504,downstream,G76,G76厦蓉高速（隆纳段）
-55357,-11210_0 -11210_1,:-55357_0_0 :-55357_0_1,1873.603,downstream,G5,G0005006
-42186,-13704_0 -13704_1,:-42186_0_0 :-42186_0_1,1873.621,downstream,G5,G0005006
9803798961,-2000000026_0 -2000000026_1 -2000000341_0 -2000000341_1,:9803798961_0_0 :9803798961_0_1 :9803798961_2_0 :9803798961_2_1,1873.671,downstream,G76,G76厦蓉高速（隆纳段）
9801624501,-2000000342_0 -2000000342_1,:9801624501_0_0 :9801624501_0_1,1873.788,downstream,G76,G76厦蓉高速（隆纳段）
9801624503,-2000000345_0 -2000000345_1,:9801624503_0_0 :9801624503_0_1,1873.807,downstream,G76,G76厦蓉高速（隆纳段）
3373413892,-2000000008_0 -2000000008_1,:3373413892_0_0 :3373413892_0_1,1874.397,downstream,G76,G76厦蓉高速（隆纳段）
-42191,-6204_0 -6204_1,:-42191_0_0 :-42191_0_1,1875.057,downstream,G5,G0005006
-55421,-11258_0 -11258_1,:-55421_0_0 :-55421_0_1,1875.070,downstream,G5,G0005006
-42079,-6160_0 -6160_1,:-42079_0_0 :-42079_0_1,1875.071,downstream,G5,G0005006
-58467,-16798_0 -16798_1,:-58467_0_0 :-58467_0_1,1875.088,downstream,G5,G0005006
-37637,-12616_0 -12616_1,:-37637_0_0 :-37637_1_0 :-37637_1_1,1875.190,downstream,G5,G0005006
-37645,-4588_0,:-37645_0_0,1875.190,downstream,G5,G0005006
-33764,-16110_0,:-33764_0_0,1875.190,downstream,G5,G0005006
-38712,-6128_0 -6128_1,:-38712_0_0 :-38712_0_1,1875.735,downstream,G5,G0005006
-27664,-1210_0,:-27664_0_0 :-27664_1_0 :-27664_1_1,1875.735,downstream,G5,G0005006
-37640,-4586_0 -4586_1,:-37640_0_0 :-37640_0_1 :-37640_2_0 :-37640_2_1,1875.735,downstream,G5,G0005006
-38714,-6808_0 -6808_1 -4946_0 -4946_1,:-38714_0_0 :-38714_0_1 :-38714_2_0 :-38714_2_1,1875.735,downstream,G5,G0005006
-43836,-12972_0 -12972_1,:-43836_0_0 :-43836_0_1,1875.735,downstream,G5,G0005006
-41987,-14760_0 -14760_1,:-41987_0_0 :-41987_0_1,1875.735,downstream,G5,G0005006
-27658,-12976_0 -12976_1,:-27658_0_0 :-27658_1_0 :-27658_1_1,1875.735,downstream,G5,G0005006
-42871,-6468_0 -6468_1 -12974_0 -12974_1,:-42871_0_0 :-42871_0_1 :-42871_2_0 :-42871_2_1,1876.133,downstream,G5,G0005006
-42866,-13996_0 -13996_1,:-42866_0_0 :-42866_0_1,1876.133,downstream,G5,G0005006
-29232,-1700_0 -16062_0 -16062_1,:-29232_0_0 :-29232_1_0 :-29232_1_1,1876.133,downstream,G5,G0005006
-45844,-14762_0,:-45844_0_0,1876.133,downstream,G5,G0005006
-29226,-7624_0,:-29226_0_0,1876.133,downstream,G5,G0005006
5813973902,-2000000254_0 -2000000254_1,:5813973902_0_0 :5813973902_0_1,1877.032,upstream,G76,G76厦蓉高速（隆纳段）
4834374294,-2000000184_0 -2000000184_1,:4834374294_0_0 :4834374294_0_1,1877.072,upstream,G76,G76厦蓉高速（隆纳段）
1929482559,-2000000344_0 -2000000344_1,:1929482559_0_0 :1929482559_0_1,1877.083,upstream,G76,G76厦蓉高速（隆纳段）
9803798959,-2000000242_0 -2000000242_1 -2000000343_0 -2000000343_1,:9803798959_0_0 :9803798959_0_1 :9803798959_2_0 :9803798959_2_1,1877.141,upstream,G76,G76厦蓉高速（隆纳段）
9801703697,-2000000358_0 -2000000231_0 -2000000231_1,:9801703697_0_0 :9801703697_1_0 :9801703697_1_1,1877.164,upstream,G76,G76厦蓉高速（隆纳段）
5813973896,-2000000228_0 -2000000228_1,:5813973896_0_0 :5813973896_0_1,1877.169,upstream,G76,G76厦蓉高速（隆纳段）
5813973895,-2000000239_0 -2000000239_1,:5813973895_0_0 :5813973895_0_1,1877.195,upstream,G76,G76厦蓉高速（隆纳段）
4834374288,-2000000181_0 -2000000181_1,:4834374288_0_0 :4834374288_0_1,1877.196,upstream,G76,G76厦蓉高速（隆纳段）
5813973898,-2000000238_0 -2000000238_1,:5813973898_0_0 :5813973898_0_1,1877.197,upstream,G76,G76厦蓉高速（隆纳段）
6837344520,-2000000255_0 -2000000255_1,:6837344520_0_0 :6837344520_0_1,1877.207,upstream,G76,G76厦蓉高速（隆纳段）
3544530232,-2000000352_0 -2000000352_1,:3544530232_0_0 :3544530232_1_0 :3544530232_1_1,1877.224,downstream,G76,G76厦蓉高速（隆纳段）
9801708919,-2000000353_0 -2000000353_1,:9801708919_0_0 :9801708919_0_1,1877.449,downstream,G76,G76厦蓉高速（隆纳段）
9801708948,-2000000354_0 -2000000354_1,:9801708948_0_0 :9801708948_0_1,1877.480,downstream,G76,G76厦蓉高速（隆纳段）
9801708922,-2000000023_0 -2000000137_0 -2000000137_1,:9801708922_0_0 :9801708922_1_0 :9801708922_1_1,1877.669,downstream,G76,G76厦蓉高速（隆纳段）
-33989,,,1877.907,upstream,G5,G0005006
-33991,-3272_0,:-33991_0_0 :-33991_1_0,1877.907,upstream,G5,G0005006
-61086,-14754_0 -14754_1,:-61086_0_0 :-61086_1_0 :-61086_1_1,1878.079,upstream,G5,G0005006
-37534,-7310_0 -7310_1,:-37534_0_0 :-37534_0_1,1878.122,upstream,G5,G0005006
-63715,-14678_0 -14678_1,:-63715_0_0 :-63715_0_1,1878.124,upstream,G5,G0005006
-29939,-9212_0 -13658_0 -13658_1,:-29939_0_0 :-29939_1_0 :-29939_1_1,1878.137,downstream,G5,G0005006
-34204,-9766_0 -9766_1,:-34204_0_0 :-34204_0_1,1878.698,downstream,G5,G0005006
-29947,-1926_0 -1926_1,:-29947_0_0 :-29947_0_1,1880.028,downstream,G5,G0005006
-29634,-1806_0,,1880.828,downstream,G5,G0005006
-29632,-12948_0 -13656_0,:-29632_0_0 :-29632_1_0,1880.828,downstream,G5,G0005006
-34213,-3354_0 -3354_1,:-34213_0_0 :-34213_1_0 :-34213_1_1,1880.828,downstream,G5,G0005006
-36175,-12950_0 -12950_1,:-36175_0_0 :-36175_0_1,1880.963,downstream,G5,G0005006
3544530252,-2000000138_0 -2000000138_1,:3544530252_0_0 :3544530252_0_1,1882.040,downstream,G76,G76厦蓉高速（隆纳段）
3544530211,-2000000125_0 -2000000125_1,:3544530211_0_0 :3544530211_0_1,1882.530,downstream,G76,G76厦蓉高速（隆纳段）
-30291,-6974_0 -6974_1,:-30291_0_0 :-30291_0_1 :-30291_2_0 :-30291_2_1,1882.587,downstream,G5,G0005006
-30301,-2014_0 -2014_1,:-30301_0_0 :-30301_0_1 :-30301_2_0,1882.587,upstream,G5,G0005006
-41839,-6062_0,:-41839_0_0,1882.587,upstream,G5,G0005006
-39598,-5266_0 -5266_1,:-39598_0_0 :-39598_0_1,1882.587,upstream,G5,G0005006
-46416,-12670_0 -12670_1,:-46416_0_0 :-46416_0_1,1882.587,upstream,G5,G0005006
-39596,-5264_0,:-39596_0_0,1882.587,upstream,G5,G0005006
-40671,-7844_0 -7844_1 -15020_0 -15020_1,:-40671_0_0 :-40671_0_1 :-40671_2_0 :-40671_2_1,1882.973,upstream,G5,G0005006
-59416,-13026_0 -13026_1,:-59416_0_0 :-59416_0_1,1882.973,upstream,G5,G0005006
-30293,-5056_0 -2012_0 -2012_1,:-30293_0_0 :-30293_1_0 :-30293_1_1,1882.973,downstream,G5,G0005006
-40673,-5672_0 -5672_1,:-40673_0_0 :-40673_0_1,1882.973,upstream,G5,G0005006
-44084,-15766_0 -15766_1 -15808_0 -15808_1,:-44084_0_0 :-44084_0_1 :-44084_2_0 :-44084_2_1,1882.973,upstream,G5,G0005006
-39007,-13024_0,:-39007_0_0,1882.973,upstream,G5,G0005006
-43162,-6568_0 -6568_1,:-43162_0_0 :-43162_1_0 :-43162_1_1,1882.973,upstream,G5,G0005006
-32494,-7326_0 -7326_1 -2696_0 -2696_1,:-32494_0_0 :-32494_0_1 :-32494_2_0 :-32494_2_1,1883.399,downstream,G5,G0005006
12343159475,-2000000401_0 -2000000401_1,:12343159475_0_0 :12343159475_0_1,1883.634,downstream,G76,G76厦蓉高速（隆纳段）
3544530242,-2000000398_0 -2000000398_1,:3544530242_0_0 :3544530242_0_1,1883.728,downstream,G76,G76厦蓉高速（隆纳段）
2087507417,,,1883.952,upstream,G76,G76厦蓉高速（隆纳段）
7518323838,-2000000168_0 -2000000168_1,:7518323838_0_0 :7518323838_1_0 :7518323838_1_1,1883.952,downstream,G76,G76厦蓉高速（隆纳段）
3544530314,-2000000139_0 -2000000139_1,:3544530314_0_0 :3544530314_1_0 :3544530314_1_1,1883.953,downstream,G76,G76厦蓉高速（隆纳段）
-30194,-5772_0 -5772_1,:-30194_0_0 :-30194_0_1,1884.069,upstream,G5,G0005006
-30871,-11946_0 -11946_1,:-30871_0_0 :-30871_0_1,1884.188,upstream,G5,G0005006
9801708971,-2000000128_0 -2000000140_0 -2000000140_1,:9801708971_0_0 :9801708971_1_0 :9801708971_1_1,1884.207,downstream,G76,G76厦蓉高速（隆纳段）
3544530218,-2000000141_0 -2000000141_1,:3544530218_0_0 :3544530218_0_1,1884.230,downstream,G76,G76厦蓉高速（隆纳段）
-48690,-9214_0 -8636_0 -8636_1,:-48690_0_0 :-48690_1_0 :-48690_1_1,1884.292,upstream,G5,G0005006
9801708970,-2000000142_0 -2000000142_1,:9801708970_0_0 :9801708970_1_0 :9801708970_1_1,1884.307,downstream,G76,G76厦蓉高速（隆纳段）
9801709020,-2000000169_0 -2000000169_1,:9801709020_0_0 :9801709020_1_0 :9801709020_1_1,1884.317,downstream,G76,G76厦蓉高速（隆纳段）
-30195,-1984_0 -1984_1,:-30195_0_0 :-30195_0_1,1884.413,upstream,G5,G0005006
-36176,-4006_0 -4006_1,:-36176_0_0 :-36176_0_1,1884.482,upstream,G5,G0005006
-41020,-11864_0 -11864_1,:-41020_0_0 :-41020_0_1,1884.482,upstream,G5,G0005006
-30872,-2182_0 -2182_1,:-30872_0_0 :-30872_0_1,1884.497,downstream,G5,G0005006
3544530202,-2000000135_0 -2000000170_0 -2000000170_1,:3544530202_0_0 :3544530202_1_0 :3544530202_1_1,1884.564,downstream,G76,G76厦蓉高速（隆纳段）
3544529333,-2000000144_0 -2000000129_0 -2000000129_1,:3544529333_0_0 :3544529333_1_0 :3544529333_1_1,1884.567,downstream,G76,G76厦蓉高速（隆纳段）
4832865353,-2000000130_0 -2000000130_1,:4832865353_0_0 :4832865353_1_0 :4832865353_1_1,1884.677,downstream,G76,G76厦蓉高速（隆纳段）
3544530254,-2000000171_0 -2000000171_1,,1884.851,downstream,G76,G76厦蓉高速（隆纳段）
4832865349,-2000000178_0 -2000000131_0 -2000000131_1,:4832865349_0_0 :4832865349_1_0 :4832865349_1_1,1885.340,downstream,G76,G76厦蓉高速（隆纳段）
9074260569,-2000000132_0 -2000000132_1,:9074260569_0_0 :9074260569_0_1,1888.051,downstream,G76,G76厦蓉高速（隆纳段）
9074260568,-2000000320_0 -2000000320_1,:9074260568_0_0 :9074260568_0_1,1888.096,downstream,G76,G76厦蓉高速（隆纳段）
-30895,-8444_0 -10174_0,:-30895_0_0 :-30895_1_0,1889.324,upstream,G5,G0005006
-30903,-2188_0,,1889.324,upstream,G5,G0005006
-32731,-2784_0,:-32731_0_0,1889.324,upstream,G5,G0005006
-34310,-4240_0 --3390_0,:-34310_0_0 :-34310_1_0,1889.324,upstream,G5,G0005006
-52526,--10174_0 -15060_0,:-52526_0_0 :-52526_1_0,1889.324,upstream,G5,G0005006
-48108,,,1889.324,upstream,G5,G0005006
-32733,-3388_0 -2786_0 -2786_1,:-32733_0_0 :-32733_1_0 :-32733_1_1,1889.324,downstream,G5,G0005006
-34326,--15060_0 -3390_0,:-34326_0_0 :-34326_1_0,1889.324,upstream,G5,G0005006
-42522,-16258_0 -16258_1,:-42522_0_0 :-42522_0_1,1890.816,upstream,G5,G0005006
-42523,-6314_0 -6314_1,:-42523_0_0 :-42523_0_1,1890.948,downstream,G5,G0005006
9074218322,-2000000196_0 -2000000196_1,,1891.184,downstream,G76,G76厦蓉高速（隆纳段）
-44468,-15460_0 -15460_1,:-44468_0_0 :-44468_1_0 :-44468_1_1,1891.746,downstream,G5,G0005006
-44474,-7024_0,:-44474_0_0 :-44474_1_0,1891.746,downstream,G5,G0005006
-44776,-7140_0,,1891.746,downstream,G5,G0005006
-44777,-7452_0 -7142_0,:-44777_0_0 :-44777_1_0,1892.495,downstream,G5,G0005006
-44476,-17374_0 -7026_0 -7026_1,:-44476_0_0 :-44476_1_0 :-44476_1_1,1892.495,downstream,G5,G0005006
-45447,,,1892.495,downstream,G5,G0005006
-39090,-9398_0,:-39090_0_0,1893.945,upstream,G5,G0005006
-37014,-4368_0,:-37014_0_0,1896.360,downstream,G5,G0005006
-37004,-8052_0 -8052_1,:-37004_0_0 :-37004_1_0 :-37004_1_1,1896.360,downstream,G5,G0005006
-26509,-10400_0 -10400_1,:-26509_0_0 :-26509_0_1,1896.664,downstream,G5,G0005006
-26510,-884_0 -884_1,:-26510_0_0 :-26510_0_1,1896.701,downstream,G5,G0005006
-37018,-6616_0 -4370_0 -4370_1,:-37018_0_0 :-37018_1_0 :-37018_1_1,1896.807,downstream,G5,G0005006
-34486,-8600_0 -8600_1,:-34486_0_0 :-34486_0_1,1897.326,downstream,G5,G0005006
-34487,-3438_0 -3438_1,:-34487_0_0 :-34487_0_1,1897.498,downstream,G5,G0005006
-25933,-716_0 -716_1,:-25933_0_0 :-25933_1_0 :-25933_1_1,1897.910,downstream,G5,G0005006
-45162,-8900_0 -8900_1,:-45162_0_0 :-45162_0_1,1898.352,downstream,G5,G0005006
-50832,-12980_0 -12980_1,:-50832_0_0 :-50832_1_0 :-50832_1_1,1900.270,downstream,G5,G0005006
-25917,-5082_0 -9396_0 -9396_1,:-25917_0_0 :-25917_1_0 :-25917_1_1,1900.749,downstream,G5,G0005006
-50831,-9394_0,:-50831_0_0,1904.974,upstream,G5,G0005006
-50822,-9676_0,:-50822_0_0,1904.974,upstream,G5,G0005006
-51362,-9628_0 -14312_0 -14312_1,:-51362_0_0 :-51362_1_0 :-51362_1_1,1905.445,upstream,G5,G0005006
-68403,-17196_0 -17196_1,:-68403_0_0 :-68403_0_1,1905.916,downstream,G5,G0005006
-44266,-14310_0,:-44266_0_0,1905.916,upstream,G5,G0005006
-54197,-14448_0 -14448_1,:-54197_0_0 :-54197_1_0 :-54197_1_1,1906.359,downstream,G5,G0005006
-34465,-10758_0,:-34465_0_0,1906.359,downstream,G5,G0005006
-33246,-10756_0 -10756_1,:-33246_0_0 :-33246_0_1,1906.391,downstream,G5,G0005006
-33247,-2976_0 -2976_1,:-33247_0_0 :-33247_0_1,1906.650,downstream,G5,G0005006
-41736,-6010_0 -6010_1,:-41736_0_0 :-41736_0_1,1906.975,upstream,G5,G0005006
-43117,-11930_0,:-43117_0_0 :-43117_1_0,1907.001,downstream,G5,G0005006
-33678,-6560_0 -6554_0 -6554_1,:-33678_0_0 :-33678_1_0 :-33678_1_1,1907.001,downstream,G5,G0005006
-56876,,,1907.001,downstream,G5,G0005006
-67949,-16628_0,,1911.464,upstream,G5,G0005006
-28086,-16860_0 -16860_1,:-28086_0_0 :-28086_1_0 :-28086_1_1,1911.464,downstream,G5,G0005006
-28114,-3428_0 -1370_0,:-28114_0_0 :-28114_1_0,1911.464,upstream,G5,G0005006
-28088,-6562_0 -1368_0 -1368_1,:-28088_0_0 :-28088_1_0 :-28088_1_1,1911.845,downstream,G5,G0005006
-49135,-8820_0 -8820_1,:-49135_0_0 :-49135_0_1,1911.893,downstream,G5,G0005006
-44270,-6942_0,:-44270_0_0,1916.417,downstream,G5,G0005006
-33721,-3170_0 -3170_1,:-33721_0_0 :-33721_0_1 :-33721_2_0 :-33721_2_1,1916.417,downstream,G5,G0005006
-35962,-6036_0 -6036_1 -10826_0,:-35962_0_0 :-35962_0_1 :-35962_2_0,1916.417,downstream,G5,G0005006
-41780,-9678_0 -9678_1 -6038_0 -6038_1,:-41780_0_0 :-41780_0_1 :-41780_2_0 :-41780_2_1,1917.561,downstream,G5,G0005006
-41626,-14338_0 -14338_1,:-41626_0_0 :-41626_0_1,1917.913,downstream,G5,G0005006
-46645,-7926_0 -7926_1,:-46645_0_0 :-46645_0_1 :-46645_2_0,1917.913,downstream,G5,G0005006
-25537,-610_0 -610_1,:-25537_0_0 :-25537_0_1,1921.550,upstream,G5,G0005006
-27864,-13466_0 -13466_1,:-27864_0_0 :-27864_0_1,1921.562,downstream,G5,G0005006
-43758,-6784_0,:-43758_0_0 :-43758_1_0,1921.562,upstream,G5,G0005006
-43753,,,1921.562,upstream,G5,G0005006
-29929,-1918_0 -8848_0,:-29929_0_0 :-29929_1_0,1927.232,downstream,G5,G0005006
-47397,-8210_0,,1927.232,downstream,G5,G0005006
-29918,-5980_0 -5980_1,:-29918_0_0 :-29918_1_0 :-29918_1_1,1927.232,downstream,G5,G0005006
-29920,-1916_0 -1916_1,:-29920_0_0 :-29920_0_1,1927.384,downstream,G5,G0005006
-36058,-7468_0 -7468_1,:-36058_0_0 :-36058_0_1,1927.405,downstream,G5,G0005006
-42411,-6292_0 -6292_1,:-42411_0_0 :-42411_0_1,1927.816,upstream,G5,G0005006
-36060,-11992_0 -3968_0 -3968_1,:-36060_0_0 :-36060_1_0 :-36060_1_1,1927.858,upstream,G5,G0005006
-38144,-10894_0 -10894_1,:-38144_0_0 :-38144_0_1,1927.930,downstream,G5,G0005006
-56994,-15018_0 -15366_0 -15366_1,:-56994_0_0 :-56994_1_0 :-56994_1_1,1927.979,upstream,G5,G0005006
-32480,-12010_0 -12010_1,:-32480_0_0 :-32480_0_1,1928.209,downstream,G5,G0005006
-51629,-11152_0,:-51629_0_0,1928.209,upstream,G5,G0005006
-29102,-11150_0,:-29102_0_0,1928.209,upstream,G5,G0005006
-33297,-2994_0 -2994_1,:-33297_0_0 :-33297_1_0,1928.209,upstream,G5,G0005006
-51634,-9738_0,:-51634_0_0,1928.209,upstream,G5,G0005006
-38157,-4752_0 -4752_1,:-38157_0_0 :-38157_0_1,1929.225,downstream,G5,G0005006
-32050,-2694_0 -2694_1,:-32050_0_0 :-32050_0_1,1929.512,downstream,G5,G0005006
-32052,-2554_0 -2554_1,:-32052_0_0 :-32052_0_1,1929.623,downstream,G5,G0005006
-67201,,,1929.678,upstream,G5,G0005006
-36069,-3970_0,:-36069_0_0,1929.678,upstream,G5,G0005006
-36061,-16220_0,:-36061_0_0 :-36061_1_0,1929.678,upstream,G5,G0005006
-26481,-10152_0,:-26481_0_0,1929.678,upstream,G5,G0005006
-36072,-3972_0,:-36072_0_0,1929.678,upstream,G5,G0005006
-28309,-1450_0,,1929.701,upstream,G5,G0005006
-28307,-2778_0 -15418_0 -15418_1,:-28307_0_0 :-28307_1_0,1929.701,upstream,G5,G0005006
-32060,-4414_0,:-32060_0_0,1929.728,downstream,G5,G0005006
-37109,-8276_0 -8276_1,:-37109_0_0 :-37109_1_0 :-37109_1_1,1929.728,downstream,G5,G0005006
-32065,-2560_0,:-32065_0_0,1929.728,downstream,G5,G0005006
-40805,-13782_0,:-40805_0_0,1929.728,downstream,G5,G0005006
-40812,-5718_0,:-40812_0_0,1929.728,downstream,G5,G0005006
-35832,-3878_0 -3878_1,:-35832_0_0 :-35832_1_0 :-35832_1_1,1929.805,downstream,G5,G0005006
-32704,-10858_0 -10858_1,:-32704_0_0 :-32704_1_0 :-32704_1_1,1929.898,upstream,G5,G0005006
-39757,-5322_0 -5322_1,:-39757_0_0 :-39757_0_1,1929.911,upstream,G5,G0005006
-25536,-11990_0 -8846_0 -8846_1,:-25536_0_0 :-25536_1_0 :-25536_1_1,1929.960,downstream,G5,G0005006
-26247,-802_0 -802_1,:-26247_0_0 :-26247_0_1,1930.029,upstream,G5,G0005006
-39956,-8710_0 -8710_1,:-39956_0_0 :-39956_0_1,1930.064,upstream,G5,G0005006
-26488,-878_0 -2780_0 -2780_1,:-26488_0_0 :-26488_1_0 :-26488_1_1,1930.095,downstream,G5,G0005006
-37123,-4416_0 -4416_1,:-37123_0_0 :-37123_0_1,1930.216,downstream,G5,G0005006
-29110,-1670_0,:-29110_0_0,1930.299,downstream,G5,G0005006
-34278,-3374_0,:-34278_0_0,1930.299,downstream,G5,G0005006
-34265,-8150_0,:-34265_0_0,1930.299,downstream,G5,G0005006
-52369,-14394_0 -14394_1,:-52369_0_0 :-52369_0_1,1930.537,upstream,G5,G0005006
-52374,-17016_0 -10098_0 -10098_1,:-52374_0_0 :-52374_1_0 :-52374_1_1,1930.549,downstream,G5,G0005006
-39506,-5218_0 -5218_1,:-39506_0_0 :-39506_1_0 :-39506_1_1,1931.010,downstream,G5,G0005006
-49949,-9090_0,:-49949_0_0,1931.010,upstream,G5,G0005006
-46149,-12224_0 -7734_0,:-46149_0_0 :-46149_1_0,1931.010,upstream,G5,G0005006
-46072,-7702_0,:-46072_0_0,1931.010,upstream,G5,G0005006
-26668,-1318_0 -1318_1,:-26668_0_0 :-26668_0_1,1931.059,downstream,G5,G0005006
-26670,-914_0 -914_1,:-26670_0_0 :-26670_1_0 :-26670_1_1,1931.363,downstream,G5,G0005006
-28234,-10512_0 -10512_1,:-28234_0_0 :-28234_0_1,1931.421,downstream,G5,G0005006
-53515,-12208_0 -12208_1,:-53515_0_0 :-53515_0_1 :-53515_2_0 :-53515_2_1,1931.421,downstream,G5,G0005006
-28236,-1424_0 -1424_1,:-28236_0_0 :-28236_0_1,1931.421,downstream,G5,G0005006
-41024,-7700_0 -7700_1,:-41024_0_0 :-41024_0_1,1931.455,downstream,G5,G0005006
-41025,-5774_0 -5774_1,:-41025_0_0 :-41025_0_1,1931.482,downstream,G5,G0005006
-26318,-10204_0,:-26318_0_0,1932.083,downstream,G5,G0005006
-42045,-6152_0,:-42045_0_0,1932.083,downstream,G5,G0005006
-45944,-7662_0 -10514_0 -10514_1,:-45944_0_0 :-45944_1_0 :-45944_1_1,1932.083,downstream,G5,G0005006
-26324,-832_0,:-26324_0_0,1932.083,downstream,G5,G0005006
-30930,-8584_0 -8584_1,:-30930_0_0 :-30930_0_1,1932.477,downstream,G5,G0005006
-30938,-2200_0 -2200_1,:-30938_0_0 :-30938_0_1,1932.857,downstream,G5,G0005006
-44618,-15306_0 -15306_1,:-44618_0_0 :-44618_0_1,1936.279,downstream,G5,G0005006
-44619,-7090_0 -7090_1,:-44619_0_0 :-44619_0_1,1936.342,downstream,G5,G0005006
-58672,-12722_0 -12722_1,:-58672_0_0 :-58672_0_1,1936.479,downstream,G5,G0005006
-69772,-17396_0 -17396_1,:-69772_0_0 :-69772_0_1,1936.543,downstream,G5,G0005006
-40569,-16198_0 -16198_1,:-40569_0_0 :-40569_0_1,1937.702,upstream,G5,G0005006
-40506,-13150_0 -13150_1,:-40506_0_0 :-40506_0_1,1937.848,upstream,G5,G0005006
-51005,-17394_0 -17394_1,:-51005_0_0 :-51005_0_1,1937.929,upstream,G5,G0005006
-51007,-9472_0 -9472_1,:-51007_0_0 :-51007_0_1,1937.951,upstream,G5,G0005006
-40570,-5628_0 -5628_1,:-40570_0_0 :-40570_0_1,1937.973,upstream,G5,G0005006
-32495,-5594_0 -5594_1,:-32495_0_0 :-32495_0_1,1938.011,downstream,G5,G0005006
-36554,-14932_0 -14932_1,:-36554_0_0 :-36554_0_1,1938.141,upstream,G5,G0005006
-48209,-9190_0 -8470_0 -8470_1,:-48209_0_0 :-48209_1_0 :-48209_1_1,1938.169,upstream,G5,G0005006
-48206,-15482_0 -15482_1,:-48206_0_0 :-48206_0_1,1938.210,upstream,G5,G0005006
-39209,-5122_0,:-39209_0_0 :-39209_1_0,1938.223,upstream,G5,G0005006
-36556,-4180_0 -4180_1,:-36556_0_0 :-36556_0_1,1938.223,downstream,G5,G0005006
-39206,,,1938.223,upstream,G5,G0005006
-32502,-2698_0 -2698_1,:-32502_0_0 :-32502_0_1,1939.109,downstream,G5,G0005006
-30539,-2100_0,,1939.243,downstream,G5,G0005006
-30536,-9424_0 -2540_0,:-30536_0_0 :-30536_1_0,1939.243,downstream,G5,G0005006
-32011,-13274_0 -13274_1,:-32011_0_0 :-32011_1_0 :-32011_1_1,1939.243,downstream,G5,G0005006
-38504,-4864_0 -4864_1,:-38504_0_0 :-38504_0_1,1939.299,downstream,G5,G0005006
-41722,-12698_0 -12698_1,:-41722_0_0 :-41722_0_1,1939.400,downstream,G5,G0005006
-32031,-2542_0 -2542_1,:-32031_0_0 :-32031_0_1,1939.543,downstream,G5,G0005006
-37090,-12186_0 -12186_1,:-37090_0_0 :-37090_0_1,1939.567,downstream,G5,G0005006
-29235,-12280_0 -4402_0 -4402_1,:-29235_0_0 :-29235_1_0 :-29235_1_1,1939.711,downstream,G5,G0005006
-28332,-6000_0 -6000_1,:-28332_0_0 :-28332_0_1,1939.738,downstream,G5,G0005006
-28333,-1460_0 -1460_1,:-28333_0_0 :-28333_0_1,1939.815,downstream,G5,G0005006
-30803,-7038_0 -7038_1,:-30803_0_0 :-30803_0_1,1940.440,downstream,G5,G0005006
-30805,-2158_0 -2158_1,:-30805_0_0 :-30805_0_1,1940.560,downstream,G5,G0005006
-36027,-13216_0 -13216_1,:-36027_0_0 :-36027_0_1,1940.688,upstream,G5,G0005006
-28239,-11854_0 -11854_1,:-28239_0_0 :-28239_0_1,1940.717,downstream,G5,G0005006
-51237,-13880_0 -13880_1,:-51237_0_0 :-51237_0_1,1940.770,upstream,G5,G0005006
-29239,-1704_0 -1704_1,:-29239_0_0 :-29239_0_1,1940.777,upstream,G5,G0005006
-26243,-1428_0 -1428_1,:-26243_0_0 :-26243_0_1,1940.778,downstream,G5,G0005006
-36028,-3954_0 -3954_1,:-36028_0_0 :-36028_0_1,1940.920,upstream,G5,G0005006
-43693,-6742_0,:-43693_0_0,1940.926,downstream,G5,G0005006
-25396,-9582_0 -9582_1,:-25396_0_0 :-25396_0_1,1940.926,downstream,G5,G0005006
-43692,-9188_0,:-43692_0_0,1940.926,downstream,G5,G0005006
-54922,-12772_0 -12772_1,:-54922_0_0 :-54922_0_1,1941.989,upstream,G5,G0005006
-54923,-11028_0 -11028_1,:-54923_0_0 :-54923_0_1,1942.065,upstream,G5,G0005006
-45863,-12770_0,:-45863_0_0,1942.089,upstream,G5,G0005006
-27119,-16510_0 -11950_0 -11950_1,:-27119_0_0 :-27119_1_0 :-27119_1_1,1942.089,downstream,G5,G0005006
-38629,-4906_0,:-38629_0_0,1942.089,upstream,G5,G0005006
-40577,-5632_0,:-40577_0_0,1942.679,upstream,G5,G0005006
-51175,-16278_0,:-51175_0_0,1942.679,upstream,G5,G0005006
-35591,-13566_0,:-35591_0_0,1942.679,upstream,G5,G0005006
-35596,-3798_0,:-35596_0_0 :-35596_1_0,1942.679,upstream,G5,G0005006
-25413,-586_0 -586_1,:-25413_0_0 :-25413_1_0 :-25413_1_1,1942.825,downstream,G5,G0005006
-68440,-16870_0,,1942.946,downstream,G5,G0005006
-45891,-13938_0 -7634_0,:-45891_0_0 :-45891_1_0,1942.946,downstream,G5,G5京昆高速（成雅段）
-37324,-13936_0 -13936_1,:-37324_0_0 :-37324_0_1,1943.094,downstream,G5,G5京昆高速（成雅段）
-37325,-4486_0 -4486_1,:-37325_0_0 :-37325_0_1,1943.141,downstream,G5,G5京昆高速（成雅段）
-38628,-16982_0,:-38628_0_0,1943.229,downstream,G5,G5京昆高速（成雅段）
-33091,-16980_0 -16980_1 -5532_0 -5532_1,:-33091_0_0 :-33091_0_1 :-33091_2_0 :-33091_2_1,1943.229,downstream,G5,G5京昆高速（成雅段）
-65619,,,1943.229,downstream,G5,G5京昆高速（成雅段）
-65625,-15520_0 -15520_1,:-65625_0_0 :-65625_0_1 :-65625_2_0,1943.229,downstream,G5,G5京昆高速（成雅段）
-51035,-15372_0 -15372_1,:-51035_0_0 :-51035_0_1,1943.487,upstream,G5,G0005006
-52998,-14134_0 -14134_1,:-52998_0_0 :-52998_0_1,1943.608,upstream,G5,G0005006
-51036,-9490_0 -9490_1,:-51036_0_0 :-51036_0_1,1943.623,upstream,G5,G0005006
-34145,-3330_0,:-34145_0_0,1943.653,upstream,G5,G0005006
-40520,-5604_0 -5604_1,:-40520_0_0 :-40520_0_1,1943.664,upstream,G5,G0005006
-39685,-10344_0 -10344_1,:-39685_0_0 :-39685_0_1,1943.681,upstream,G5,G0005006
-34141,-13908_0 -13908_1,:-34141_0_0 :-34141_1_0 :-34141_1_1,1943.698,upstream,G5,G0005006
-40515,-15748_0 -15748_1,:-40515_0_0 :-40515_0_1,1943.701,upstream,G5,G0005006
-34142,-11756_0 -11756_1 -3328_0 -3328_1,:-34142_0_0 :-34142_1_0 :-34142_1_1 :-34142_3_0 :-34142_3_1 :-34142_6_0,1943.704,downstream,G5,G0005006
-61833,-17052_0 -17052_1,:-61833_0_0 :-61833_0_1,1943.716,upstream,G5,G0005006
-40579,-5634_0 -5634_1,:-40579_0_0 :-40579_0_1,1943.730,upstream,G5,G0005006
-57689,-12300_0 -12300_1,:-57689_0_0 :-57689_0_1,1943.739,upstream,G5,G0005006
-64847,-16158_0,:-64847_0_0,1943.743,upstream,G5,G0005006
-45060,-10524_0,:-45060_0_0,1943.743,upstream,G5,G0005006
-52157,-9998_0 -9998_1,:-52157_0_0 :-52157_0_1,1943.743,upstream,G5,G0005006
-34800,-15462_0,:-34800_0_0 :-34800_0_1,1943.743,upstream,G5,G0005006
-44789,-16276_0 -7274_0,:-44789_0_0 :-44789_1_0,1943.743,upstream,G5,G0005006
-44791,-7148_0,:-44791_0_0,1943.743,upstream,G5,G0005006
-34804,-3508_0 -3508_1 -8378_0 -8378_1,:-34804_0_0 :-34804_0_1 :-34804_2_0 :-34804_2_1,1943.743,downstream,G5,G0005006
-65310,,,1943.743,upstream,G5,G0005006
-32415,-15172_0,:-32415_0_0,1943.743,upstream,G5,G0005006
-32416,-2664_0 -5290_0 -5290_1,:-32416_0_0 :-32416_1_0 :-32416_1_1,1943.743,upstream,G5,G0005006
-33663,-14286_0 -12298_0 -12298_1,:-33663_0_0 :-33663_1_0 :-33663_1_1,1943.845,downstream,G5,G0005006
-33813,-3218_0 -3218_1,:-33813_0_0,1943.845,upstream,G5,G0005006
-33667,-3160_0 -3160_1,:-33667_0_0 :-33667_0_1,1943.931,downstream,G5,G0005006
-42115,-9200_0 -9200_1,:-42115_0_0 :-42115_0_1,1943.960,downstream,G5,G0005006
-27138,-1046_0 -1046_1,:-27138_0_0 :-27138_0_1,1944.009,downstream,G5,G0005006
-56980,-12004_0 -12004_1,:-56980_0_0 :-56980_0_1,1944.051,downstream,G5,G0005006
-37812,-6174_0 -6174_1,:-37812_0_0 :-37812_0_1,1944.102,downstream,G5,G0005006
-37791,-4644_0 -4644_1,:-37791_0_0 :-37791_0_1,1944.186,downstream,G5,G0005006
-54370,-12016_0 -12016_1,:-54370_0_0 :-54370_0_1,1944.235,upstream,G5,G0005006
-54375,-10818_0 -10818_1,:-54375_0_0 :-54375_0_1,1944.268,upstream,G5,G0005006
-36749,-13392_0 -13392_1,:-36749_0_0 :-36749_0_1,1944.361,downstream,G5,G0005006
-36750,-4242_0 -4242_1,:-36750_0_0 :-36750_0_1,1944.374,downstream,G5,G0005006
-33092,-2932_0 -2932_1,:-33092_0_0 :-33092_0_1,1944.548,upstream,G5,G0005006
-41208,-15712_0 -15712_1,:-41208_0_0 :-41208_0_1,1944.548,downstream,G5,G0005006
-37800,-4636_0 -4636_1,:-37800_0_0 :-37800_0_1,1944.831,downstream,G5,G0005006
-57345,-15012_0,:-57345_0_0,1944.849,upstream,G5,G0005006
-50914,-12170_0,:-50914_0_0,1944.849,upstream,G5,G0005006
-61785,-13886_0 -13886_1,:-61785_0_0 :-61785_1_0 :-61785_1_1,1944.849,downstream,G5,G0005006
-50656,-9330_0 -9330_1,:-50656_0_0 :-50656_0_1,1944.960,downstream,G5,G0005006
-64009,-16590_0 -16590_1,:-64009_0_0 :-64009_0_1,1945.026,downstream,G5,G0005006
-48515,-14772_0 -14772_1,:-48515_0_0 :-48515_0_1,1945.232,downstream,G5,G0005006
-64497,-15014_0 -15014_1,:-64497_0_0 :-64497_0_1,1945.255,downstream,G5,G0005006
-35039,-3594_0 -3594_1,:-35039_0_0 :-35039_0_1,1945.372,downstream,G5,G0005006
-46650,-8308_0 -8308_1,:-46650_0_0 :-46650_0_1,1945.390,downstream,G5,G0005006
-48554,-8586_0 -8586_1,,1945.852,downstream,G5,G0005006
-46655,-7932_0 -7932_1,:-46655_0_0 :-46655_0_1,1945.949,downstream,G5,G0005006
-33792,-5840_0 -5840_1,:-33792_0_0 :-33792_0_1 :-33792_2_0 :-33792_2_1,1946.437,downstream,G5,G0005006
-27953,-1320_0 -1320_1,:-27953_0_0 :-27953_0_1,1946.552,upstream,G5,G0005007
-51093,-9518_0 -9518_1,:-51093_0_0 :-51093_1_0 :-51093_1_1,1946.609,downstream,G5,G0005006
-27345,-3216_0 -3216_1,:-27345_0_0 :-27345_0_1,1946.638,downstream,G5,G0005006
-26821,-970_0 -970_1,:-26821_0_0 :-26821_0_1,1946.677,upstream,G5,G0005007
-27349,-1128_0 -1128_1,:-27349_0_0 :-27349_0_1,1946.702,downstream,G5,G0005006
-41877,-6070_0,:-41877_0_0,1946.772,downstream,G5,G0005006
-36741,-4234_0 -4234_1,:-36741_0_0 :-36741_1_0 :-36741_1_1,1946.772,downstream,G5,G0005006
-36394,-9510_0,:-36394_0_0,1946.772,downstream,G5,G0005006
-36412,-4102_0 -8988_0 -8988_1,:-36412_0_0 :-36412_1_0 :-36412_1_1,1946.772,downstream,G5,G0005006
-58520,-13066_0 -13066_1,:-58520_0_0 :-58520_0_1,1946.794,upstream,G5,G0005007
-35692,-3832_0 -3832_1,:-35692_0_0 :-35692_0_1,1946.807,upstream,G5,G0005007
-41868,-6068_0 -6068_1,:-41868_0_0 :-41868_0_1,1946.808,downstream,G5,G0005006
-59526,-15906_0 -15906_1,:-59526_0_0 :-59526_0_1,1946.859,upstream,G5,G0005007
-50959,-9432_0 -9432_1,:-50959_0_0 :-50959_0_1,1946.877,upstream,G5,G0005007
-27684,-8072_0 -8072_1,:-27684_0_0 :-27684_0_1,1946.899,downstream,G5,G0005006
-43349,-10488_0 -10488_1,:-43349_0_0 :-43349_0_1,1946.909,upstream,G5,G0005007
-27686,-1224_0 -1224_1,:-27686_0_0 :-27686_0_1,1946.922,downstream,G5,G0005006
-26817,-10406_0 -10406_1,:-26817_0_0 :-26817_0_1,1946.927,upstream,G5,G0005007
-65748,-15600_0 -15600_1,:-65748_0_0 :-65748_0_1,1946.932,upstream,G5,G0005007
-43746,-11610_0 -11610_1,:-43746_0_0 :-43746_0_1,1946.938,upstream,G5,G0005007
-50139,-9162_0 -9162_1,:-50139_0_0 :-50139_0_1,1946.944,upstream,G5,G0005007
-35778,-12508_0 -12508_1,:-35778_0_0 :-35778_0_1,1946.960,downstream,G5,G0005006
-41740,-12642_0 -12642_1,:-41740_0_0 :-41740_0_1,1946.965,upstream,G5,G0005007
-67802,-16552_0 -16552_1,:-67802_0_0 :-67802_0_1,1946.972,upstream,G5,G0005007
-63068,-14384_0 -14384_1,:-63068_0_0 :-63068_0_1,1946.975,upstream,G5,G0005007
-43747,-6778_0 -6778_1,:-43747_0_0 :-43747_0_1,1946.981,upstream,G5,G0005007
-56199,-16780_0 -16780_1,:-56199_0_0 :-56199_0_1,1946.989,upstream,G5,G0005007
-50137,-16814_0 -16814_1,:-50137_0_0 :-50137_0_1,1947.000,upstream,G5,G0005007
-41741,-6016_0 -6016_1,:-41741_0_0 :-41741_0_1,1947.008,upstream,G5,G0005007
-27949,-9850_0 -9850_1,:-27949_0_0 :-27949_0_1,1947.038,upstream,G5,G0005007
-25848,-9516_0 -9516_1,:-25848_0_0 :-25848_0_1,1947.038,downstream,G5,G0005007
-31246,-7878_0 -7878_1,:-31246_0_0 :-31246_0_1,1948.673,upstream,G5,G0005007
-48388,-8548_0 -8548_1,:-48388_0_0 :-48388_0_1,1948.826,upstream,G5,G0005007
-33476,-3072_0 -3858_0 -3858_1,:-33476_0_0 :-33476_1_0 :-33476_1_1,1948.924,upstream,G5,G0005007
-33649,-15496_0 -15496_1,:-33649_0_0 :-33649_0_1,1948.980,upstream,G5,G0005007
-42113,-15920_0 -15920_1,:-42113_0_0 :-42113_0_1,1948.984,upstream,G5,G0005007
-46507,-9486_0 -9486_1,:-46507_0_0 :-46507_0_1,1949.021,upstream,G5,G0005007
-33651,-3154_0 -3154_1,:-33651_0_0 :-33651_0_1,1949.048,upstream,G5,G0005007
-34933,-10708_0,:-34933_0_0,1949.084,downstream,G5,G0005006
-53541,-10710_0,:-53541_0_0,1949.084,downstream,G5,G0005006
-36109,-3994_0,:-36109_0_0,1949.084,downstream,G5,G0005006
-36107,-13434_0 -13434_1,:-36107_0_0 :-36107_1_0 :-36107_1_1,1949.084,downstream,G5,G0005006
-37912,-12956_0,:-37912_0_0,1949.084,downstream,G5,G0005006
-25659,-13052_0,:-25659_0_0,1949.084,downstream,G5,G0005006
-33469,-3558_0 -15116_0,:-33469_0_0 :-33469_1_0,1949.084,downstream,G5,G0005007
-25671,-648_0,:-25671_0_0,1949.084,downstream,G5,G0005006
-37916,-4674_0,:-37916_0_0 :-37916_1_0,1949.084,downstream,G5,G0005006
-31247,-2318_0 -2318_1,:-31247_0_0 :-31247_0_1,1949.084,downstream,G5,G0005007
-51191,-9558_0,:-51191_0_0,1949.084,downstream,G5,G0005006
-37077,-14502_0,:-37077_0_0,1949.386,upstream,G5,G0005007
-42114,-6172_0 -6172_1,:-42114_0_0 :-42114_0_1,1949.386,downstream,G5,G0005007
-52393,-10116_0,:-52393_0_0,1949.386,upstream,G5,G0005007
-55341,-14008_0 -14008_1,:-55341_0_0 :-55341_0_1,1949.486,downstream,G5,G0005007
-55342,-11200_0 -11200_1,:-55342_0_0 :-55342_0_1,1949.609,downstream,G5,G0005007
-64023,-15776_0 -15776_1,:-64023_0_0 :-64023_0_1,1949.787,downstream,G5,G0005007
-27823,-14780_0 -14780_1,:-27823_0_0 :-27823_0_1,1949.809,downstream,G5,G0005007
-68053,-16668_0,,1949.881,downstream,G5,G0005007
-45033,-7256_0,:-45033_0_0,1949.881,downstream,G5,G0005007
-48095,-8590_0 -8438_0,:-48095_0_0 :-48095_1_0,1949.881,downstream,G5,G0005007
-45010,-12100_0 -12100_1,:-45010_0_0 :-45010_1_0 :-45010_1_1,1949.881,downstream,G5,G0005007
-27831,-1300_0 -1300_1,:-27831_0_0 :-27831_0_1,1950.639,downstream,G5,G0005007
-45625,-7524_0 -7524_1,:-45625_0_0 :-45625_0_1,1950.767,downstream,G5,G0005007
-40760,-5694_0 -5694_1,:-40760_0_0 :-40760_0_1,1950.784,upstream,G5,G0005007
-52388,-14100_0,:-52388_0_0,1950.868,downstream,G5,G0005007
-32786,,,1950.868,downstream,G5,G0005007
-40759,-14098_0 -7254_0 -7254_1,:-40759_0_0 :-40759_1_0 :-40759_1_1,1950.868,upstream,G5,G0005007
-42852,-6458_0 -6458_1,:-42852_0_0 :-42852_0_1,1950.868,downstream,G5,G0005007
-32788,-2810_0,:-32788_0_0 :-32788_1_0,1950.868,downstream,G5,G0005007
-49742,-9032_0 -9032_1,:-49742_0_0 :-49742_0_1,1951.279,downstream,G5,G0005007
-56863,-11920_0 -11920_1,:-56863_0_0 :-56863_0_1,1951.348,downstream,G5,G0005007
-25894,-704_0 -704_1,:-25894_0_0 :-25894_0_1,1951.453,downstream,G5,G0005007
-47203,-8124_0 -8124_1,:-47203_0_0 :-47203_0_1,1951.581,downstream,G5,G0005007
-36021,-11246_0,:-36021_0_0,1951.655,upstream,G5,G0005007
-26463,-11886_0 -11886_1,:-26463_0_0 :-26463_1_0 :-26463_1_1,1951.655,downstream,G5,G0005007
-26475,-872_0,:-26475_0_0,1951.655,upstream,G5,G0005007
-36026,-3952_0,:-36026_0_0,1951.655,upstream,G5,G0005007
-31523,-15394_0 -10806_0 -10806_1,:-31523_0_0 :-31523_1_0 :-31523_1_1,1951.738,upstream,G5,G0005006
-31493,-9996_0,:-31493_0_0,1951.738,upstream,G5,G0005007
-42312,-6262_0,:-42312_0_0,1951.738,upstream,G5,G0005006
-42310,-13958_0,:-42310_0_0,1951.738,upstream,G5,G0005006
-52138,-16130_0 -16130_1,:-52138_0_0 :-52138_1_0 :-52138_1_1,1951.738,downstream,G5,G0005007
-31498,-2366_0,:-31498_0_0,1951.738,upstream,G5,G0005006
-26478,-4400_0 -874_0 -874_1,:-26478_0_0 :-26478_1_0 :-26478_1_1,1951.893,downstream,G5,G0005007
-38427,-17254_0 -17254_1,:-38427_0_0 :-38427_0_1,1955.272,downstream,G5,G0005007
-38429,-4842_0 -4842_1,:-38429_0_0 :-38429_0_1,1955.569,downstream,G5,G0005007
-43279,-11346_0 -11346_1,:-43279_0_0 :-43279_0_1,1956.774,downstream,G5,G0005007
-33390,-6608_0 -6608_1,:-33390_0_0 :-33390_0_1,1959.050,downstream,G5,G0005007
-33392,-3030_0 -3030_1,:-33392_0_0 :-33392_0_1,1959.313,downstream,G5,G0005007
-35264,-3668_0 -3668_1,:-35264_0_0 :-35264_0_1,1959.637,downstream,G5,G0005007
-35892,-3906_0 -3906_1,:-35892_0_0 :-35892_0_1,1959.776,downstream,G5,G0005007
-47723,-8328_0 -8328_1,:-47723_0_0 :-47723_0_1,1959.947,downstream,G5,G0005007
-47813,-8368_0 -8368_1,:-47813_0_0 :-47813_0_1,1960.040,downstream,G5,G0005007
-48792,-10190_0 -10190_1,:-48792_0_0 :-48792_0_1,1960.250,downstream,G5,G0005007
-42752,-8682_0 -8682_1,:-42752_0_0 :-42752_0_1,1960.413,downstream,G5,G0005007
-42753,-6402_0 -6402_1,:-42753_0_0 :-42753_0_1,1960.510,downstream,G5,G0005007
-59400,-16226_0 -16226_1,:-59400_0_0 :-59400_0_1,1960.624,downstream,G5,G0005007
-38015,-13010_0 -13010_1,:-38015_0_0 :-38015_0_1,1960.803,downstream,G5,G0005007
-38016,-4706_0 -4706_1,:-38016_0_0 :-38016_0_1,1960.825,downstream,G5,G0005007
-49180,-8844_0 -8844_1,:-49180_0_0 :-49180_0_1,1960.973,downstream,G5,G0005007
-53891,-10646_0 -10646_1,:-53891_0_0 :-53891_0_1,1961.464,downstream,G5,G0005007
-43748,-11668_0 -11668_1,:-43748_0_0 :-43748_0_1,1961.849,downstream,G5,G0005007
-26559,-6780_0 -6780_1,:-26559_0_0 :-26559_0_1,1962.541,downstream,G5,G0005007
-34928,-9726_0,:-34928_0_0,1970.117,downstream,G5,G5京昆高速（雅泸段）
-51303,-9602_0,,1970.117,downstream,G5,G0005007
-42040,-9160_0,:-42040_0_0,1970.117,downstream,G5,G5京昆高速（雅泸段）
-50553,-9284_0,:-50553_0_0,1970.117,downstream,G5,G0005007
-34930,-3554_0 -6148_0,:-34930_0_0 :-34930_1_0,1970.117,downstream,G5,G0005007
-61840,-14964_0 -14964_1,:-61840_0_0 :-61840_0_1,1971.284,upstream,G5,G5京昆高速（雅泸段）
-49078,-8802_0 -8802_1,:-49078_0_0 :-49078_0_1,1971.312,upstream,G5,G5京昆高速（雅泸段）
-31921,-13914_0 -13914_1,:-31921_0_0 :-31921_0_1,1971.318,upstream,G5,G5京昆高速（雅泸段）
-25566,-4320_0 -4320_1,:-25566_0_0 :-25566_0_1,1971.408,upstream,G5,G5京昆高速（雅泸段）
-37810,-4640_0 -4640_1,:-37810_0_0 :-37810_0_1,1971.553,upstream,G5,G5京昆高速（雅泸段）
-58688,-13462_0 -13462_1,:-58688_0_0 :-58688_0_1,1971.581,upstream,G5,G5京昆高速（雅泸段）
-49357,-8910_0 -8910_1,:-49357_0_0 :-49357_0_1,1971.616,upstream,G5,G5京昆高速（雅泸段）
-49062,-12740_0 -12740_1,:-49062_0_0 :-49062_0_1,1971.624,upstream,G5,G5京昆高速（雅泸段）
-57127,-12076_0 -12076_1,:-57127_0_0 :-57127_0_1,1971.656,upstream,G5,G5京昆高速（雅泸段）
-25570,-624_0 -624_1,:-25570_0_0 :-25570_0_1,1971.660,upstream,G5,G5京昆高速（雅泸段）
-26562,-892_0 -892_1,:-26562_0_0 :-26562_0_1,1971.671,upstream,G5,G5京昆高速（雅泸段）
-60530,-13940_0 -13940_1,:-60530_0_0 :-60530_0_1,1971.673,upstream,G5,G5京昆高速（雅泸段）
-49353,-11686_0 -11686_1,:-49353_0_0 :-49353_0_1,1971.702,upstream,G5,G5京昆高速（雅泸段）
-49852,-11804_0 -11804_1,:-49852_0_0 :-49852_0_1,1971.721,upstream,G5,G5京昆高速（雅泸段）
-31923,-2506_0 -2506_1,:-31923_0_0 :-31923_0_1,1971.726,upstream,G5,G5京昆高速（雅泸段）
-46315,-7788_0 -7788_1,:-46315_0_0 :-46315_0_1,1971.742,upstream,G5,G5京昆高速（雅泸段）
-51580,-15720_0 -15720_1,:-51580_0_0 :-51580_1_0 :-51580_1_1,1971.783,downstream,G5,G5京昆高速（雅泸段）
-35013,-3586_0,:-35013_0_0,1972.622,downstream,G5,G0005007
-51604,-13398_0 -9728_0 -9728_1,:-51604_0_0 :-51604_1_0 :-51604_1_1,1972.622,downstream,G5,G5京昆高速（雅泸段）
-35012,-8130_0,:-35012_0_0 :-35012_1_0,1972.622,downstream,G5,G5京昆高速（雅泸段）
-39612,-5270_0,:-39612_0_0,1972.622,downstream,G5,G5京昆高速（雅泸段）
-35014,-3588_0,:-35014_0_0,1972.622,downstream,G5,G5京昆高速（雅泸段）
-39606,,,1972.622,downstream,G5,G5京昆高速（雅泸段）
-38188,-15728_0 -15728_1,:-38188_0_0 :-38188_0_1,1972.744,upstream,G5,G0005007
-44965,-7228_0 -7228_1,:-44965_0_0 :-44965_0_1,1972.746,upstream,G5,G0005007
-56884,-14610_0 -14610_1,:-56884_0_0 :-56884_0_1,1972.819,upstream,G5,G0005007
-56887,-11936_0 -11936_1,:-56887_0_0 :-56887_0_1,1972.822,upstream,G5,G0005007
-37730,-4624_0 -4624_1,:-37730_0_0 :-37730_0_1,1972.916,upstream,G5,G0005007
-63286,-14486_0 -14486_1,:-63286_0_0 :-63286_0_1,1972.919,downstream,G5,G5京昆高速（雅泸段）
-50967,-9440_0 -9440_1,:-50967_0_0 :-50967_0_1,1972.920,upstream,G5,G0005007
-59758,-13152_0 -13152_1,:-59758_0_0 :-59758_0_1,1972.930,upstream,G5,G0005007
-55818,-15880_0 -15880_1,:-55818_0_0 :-55818_0_1,1972.953,downstream,G5,G5京昆高速（雅泸段）
-52441,-10136_0 -10136_1,:-52441_0_0 :-52441_0_1,1972.992,upstream,G5,G0005007
-50964,-17412_0 -17412_1,:-50964_0_0 :-50964_0_1,1972.995,upstream,G5,G0005007
-38824,-9644_0 -9644_1,:-38824_0_0 :-38824_0_1,1973.003,upstream,G5,G0005007
-39553,-12644_0 -12644_1,:-39553_0_0 :-39553_0_1,1973.006,upstream,G5,G0005007
-37728,-5246_0 -5246_1,:-37728_0_0 :-37728_0_1,1973.022,upstream,G5,G0005007
-38189,-4772_0 -4772_1,:-38189_0_0 :-38189_0_1,1973.026,upstream,G5,G0005007
-26263,-4986_0 -4986_1,:-26263_0_0 :-26263_0_1,1973.044,downstream,G5,G0005007
-48106,-17356_0 -17356_1,:-48106_0_0 :-48106_0_1,1973.623,upstream,G5,G0005007
-48107,-8442_0 -8442_1,:-48107_0_0 :-48107_0_1,1973.713,upstream,G5,G0005007
-55819,-11460_0 -11460_1,:-55819_0_0 :-55819_0_1,1973.725,upstream,G5,G0005007
-42286,-11562_0 -11562_1,:-42286_0_0 :-42286_0_1,1973.725,downstream,G5,G0005007
-26275,-816_0 -816_1,:-26275_0_0 :-26275_0_1,1974.206,downstream,G5,G0005007
-26787,-960_0 -960_1,:-26787_0_0 :-26787_0_1,1974.682,downstream,G5,G0005007
-58416,-12596_0 -12596_1,:-58416_0_0 :-58416_0_1,1974.701,downstream,G5,G0005007
-26825,-6256_0 -6256_1,:-26825_0_0 :-26825_0_1,1974.865,downstream,G5,G0005007
-63558,-16184_0 -16184_1,:-63558_0_0 :-63558_0_1,1974.930,downstream,G5,G0005007
-53323,-14634_0 -14634_1,:-53323_0_0 :-53323_0_1,1974.948,downstream,G5,G0005007
-46853,-10442_0 -10442_1,:-46853_0_0 :-46853_0_1,1974.988,downstream,G5,G0005007
-26831,-974_0 -974_1,:-26831_0_0 :-26831_0_1,1975.263,downstream,G5,G0005007
-52890,-13440_0 -13440_1,:-52890_0_0 :-52890_0_1,1975.343,downstream,G5,G0005007
-52893,-10270_0 -10270_1,:-52893_0_0 :-52893_0_1,1975.611,downstream,G5,G0005007
-40017,-5410_0,:-40017_0_0,1975.683,upstream,G5,G0005007
-32467,-2686_0,:-32467_0_0,1975.683,upstream,G5,G0005007
-32440,-8024_0 -8024_1,:-32440_0_0 :-32440_1_0 :-32440_1_1,1975.683,downstream,G5,G0005007
-60632,-13510_0 -13510_1,:-60632_0_0 :-60632_0_1,1975.685,downstream,G5,G0005007
-46722,-15990_0 -15990_1,:-46722_0_0 :-46722_0_1,1976.134,downstream,G5,G0005007
-51471,-9684_0,:-51471_0_0,1976.197,upstream,G5,G5京昆高速（雅泸段）
-28555,-14806_0,:-28555_0_0,1976.197,upstream,G5,G0005007
-28577,-1520_0 -2688_0 -2688_1,:-28577_0_0 :-28577_1_0 :-28577_1_1,1976.197,downstream,G5,G0005007
-46729,-7952_0 -7952_1,:-46729_0_0 :-46729_0_1,1976.593,downstream,G5,G0005007
-44528,-13322_0 -13322_1,:-44528_0_0 :-44528_0_1,1976.852,downstream,G5,G0005007
-44529,-7056_0 -7056_1,:-44529_0_0 :-44529_0_1,1976.893,downstream,G5,G0005007
-54599,-11634_0 -11634_1,:-54599_0_0 :-54599_0_1,1976.971,downstream,G5,G0005007
-54600,-10904_0 -10904_1,:-54600_0_0 :-54600_0_1,1977.006,downstream,G5,G0005007
-64330,-16680_0 -16680_1,:-64330_0_0 :-64330_0_1,1977.598,downstream,G5,G0005007
-51172,-9552_0 -9552_1,:-51172_0_0 :-51172_0_1,1977.836,downstream,G5,G0005007
-59435,-14930_0 -14930_1,:-59435_0_0 :-59435_0_1,1978.092,downstream,G5,G0005007
-50782,-13036_0 -13036_1,:-50782_0_0 :-50782_0_1,1978.416,downstream,G5,G0005007
-50785,-9372_0 -9372_1,:-50785_0_0 :-50785_0_1,1978.583,downstream,G5,G0005007
-56363,-13934_0 -13934_1,:-56363_0_0 :-56363_0_1,1979.776,downstream,G5,G0005007
-41588,-11688_0 -11688_1,:-41588_0_0 :-41588_0_1,1979.894,downstream,G5,G0005007
-41605,-5974_0 -5974_1,:-41605_0_0 :-41605_0_1,1980.870,downstream,G5,G0005007
-53821,-10608_0 -10608_1,:-53821_0_0 :-53821_0_1,1981.153,downstream,G5,G0005007
-45958,-16240_0 -16240_1,:-45958_0_0 :-45958_0_1,1981.561,downstream,G5,G0005007
-33736,-3178_0 -3178_1,:-33736_0_0 :-33736_0_1,1981.731,upstream,G5,G5京昆高速（雅泸段）
-27550,-1170_0,:-27550_0_0,1981.734,downstream,G5,G5京昆高速（雅泸段）
-39734,-12234_0,:-39734_0_0,1981.734,downstream,G5,G5京昆高速（雅泸段）
-35677,-3824_0,:-35677_0_0,1981.734,downstream,G5,G5京昆高速（雅泸段）
-27547,-5164_0,:-27547_0_0,1981.734,downstream,G5,G5京昆高速（雅泸段）
-45962,-7670_0 -7670_1,:-45962_0_0 :-45962_0_1,1981.783,downstream,G5,G0005007
-45038,-15708_0 -15708_1,:-45038_0_0 :-45038_0_1,1981.819,upstream,G5,G5京昆高速（雅泸段）
-51442,-9668_0 -9668_1,:-51442_0_0 :-51442_0_1,1981.826,downstream,G5,G0005007
-39297,-16972_0 -16972_1,:-39297_0_0 :-39297_1_0 :-39297_1_1,1981.883,upstream,G5,G5京昆高速（雅泸段）
-56905,-14950_0 -14950_1,:-56905_0_0 :-56905_0_1,1981.915,upstream,G5,G5京昆高速（雅泸段）
-63343,-14530_0 -14530_1,:-63343_0_0 :-63343_0_1,1981.923,upstream,G5,G5京昆高速（雅泸段）
-33730,-4642_0 -4642_1,:-33730_0_0 :-33730_0_1,1981.970,upstream,G5,G5京昆高速（雅泸段）
-67918,-16612_0 -16612_1,:-67918_0_0 :-67918_0_1,1981.971,upstream,G5,G5京昆高速（雅泸段）
-39300,-5166_0 -5166_1,:-39300_0_0 :-39300_0_1,1982.006,upstream,G5,G5京昆高速（雅泸段）
-45039,-7264_0 -7264_1,:-45039_0_0 :-45039_0_1,1982.007,upstream,G5,G5京昆高速（雅泸段）
-33814,-9318_0,:-33814_0_0 :-33814_1_0,1982.031,downstream,G5,G5京昆高速（雅泸段）
-33817,-3220_0,:-33817_0_0,1982.031,downstream,G5,G5京昆高速（雅泸段）
-29582,,,1982.031,downstream,G5,G5京昆高速（雅泸段）
-29591,-1778_0,:-29591_0_0,1982.031,downstream,G5,G5京昆高速（雅泸段）
-50290,-9202_0 -17316_0 -17316_1,:-50290_0_0 :-50290_1_0 :-50290_1_1,1982.031,downstream,G5,G5京昆高速（雅泸段）
-50622,-10706_0,:-50622_0_0,1982.031,downstream,G5,G5京昆高速（雅泸段）
-60072,-13294_0,:-60072_0_0,1982.031,downstream,G5,G5京昆高速（雅泸段）
-54062,-16686_0,:-54062_0_0,1982.031,downstream,G5,G5京昆高速（雅泸段）
-33822,-3222_0,:-33822_0_0,1982.031,downstream,G5,G5京昆高速（雅泸段）
-63940,-15890_0 -15890_1,:-63940_0_0 :-63940_0_1,1982.077,downstream,G5,G0005007
-26815,-10044_0 -10044_1,:-26815_0_0 :-26815_0_1,1982.400,downstream,G5,G5京昆高速（雅泸段）
-26816,-968_0 -968_1,:-26816_0_0 :-26816_0_1,1982.600,downstream,G5,G5京昆高速（雅泸段）
-31099,-2260_0 -2260_1,:-31099_0_0 :-31099_0_1,1982.800,upstream,G5,G0005007
-27344,-1126_0 -1126_1,:-27344_0_0 :-27344_0_1,1982.814,downstream,G5,G5京昆高速（雅泸段）
-53535,-14744_0 -14744_1,:-53535_0_0 :-53535_0_1,1982.877,downstream,G5,G0005007
-51838,-10516_0 -10516_1,:-51838_0_0 :-51838_0_1,1982.987,downstream,G5,G0005007
-31098,-5514_0 -5514_1,:-31098_0_0 :-31098_0_1,1983.000,upstream,G5,G0005007
-27718,-9794_0 -9794_1,:-27718_0_0 :-27718_0_1,1983.165,upstream,G5,G0005007
-25373,-14388_0 -14388_1,:-25373_0_0 :-25373_0_1,1983.254,upstream,G5,G0005007
-52210,-10028_0 -10028_1,:-52210_0_0 :-52210_0_1,1983.270,upstream,G5,G0005007
-47742,-10852_0 -10852_1,:-47742_0_0 :-47742_0_1,1983.289,upstream,G5,G0005007
-53145,-12388_0 -12388_1,:-53145_0_0 :-53145_0_1,1983.306,upstream,G5,G0005007
-45237,-7354_0 -7354_1,:-45237_0_0 :-45237_0_1,1983.315,upstream,G5,G0005007
-40028,-10380_0 -10380_1,:-40028_0_0 :-40028_0_1,1983.316,upstream,G5,G0005007
-54437,-13690_0 -13690_1,:-54437_0_0 :-54437_0_1,1983.324,upstream,G5,G0005007
-28173,-1396_0 -1396_1,:-28173_0_0 :-28173_0_1,1983.337,upstream,G5,G0005007
-27227,-14128_0 -14128_1,:-27227_0_0 :-27227_0_1,1983.351,upstream,G5,G0005007
-34283,-3380_0 -3380_1,:-34283_0_0 :-34283_0_1,1983.361,upstream,G5,G0005007
-40030,-5420_0 -5420_1,:-40030_0_0 :-40030_0_1,1983.374,upstream,G5,G0005007
-34190,-3346_0 -3346_1,:-34190_0_0 :-34190_0_1,1983.389,upstream,G5,G0005007
-35343,-3712_0 -3712_1,:-35343_0_0 :-35343_0_1,1983.391,upstream,G5,G0005007
-45233,-9862_0 -9862_1,:-45233_0_0 :-45233_0_1,1983.396,upstream,G5,G0005007
-28171,-7002_0 -7002_1,:-28171_0_0 :-28171_0_1,1983.400,upstream,G5,G0005007
-27719,-1246_0 -1246_1,:-27719_0_0 :-27719_0_1,1983.403,upstream,G5,G0005007
-27230,-1086_0 -1086_1,:-27230_0_0 :-27230_0_1,1983.407,downstream,G5,G0005007
-36794,-4260_0 -4260_1,:-36794_0_0 :-36794_0_1,1983.407,upstream,G5,G0005007
-47760,-8354_0 -8354_1,:-47760_0_0 :-47760_0_1,1983.424,upstream,G5,G0005007
-29886,-16878_0 -16878_1,:-29886_0_0 :-29886_0_1,1983.426,upstream,G5,G0005007
-29890,-1894_0 -1894_1,:-29890_0_0 :-29890_0_1,1983.438,downstream,G5,G0005007
-35342,-7886_0 -7886_1,:-35342_0_0 :-35342_0_1,1983.438,upstream,G5,G0005007
-64775,-16470_0 -16470_1,:-64775_0_0 :-64775_0_1,1983.579,downstream,G5,G0005007
-39827,-5384_0 -5384_1,:-39827_0_0 :-39827_0_1,1983.611,downstream,G5,G0005007
-31948,-5358_0 -5358_1,:-31948_0_0 :-31948_0_1,1983.734,downstream,G5,G0005007
-48383,-15144_0 -15144_1,:-48383_0_0 :-48383_0_1,1983.783,downstream,G5,G0005007
-42791,-6424_0 -6424_1,:-42791_0_0 :-42791_0_1,1983.800,upstream,G5,G0005007
-48384,-8546_0 -8546_1,:-48384_0_0 :-48384_0_1,1983.808,downstream,G5,G0005007
-31950,-2518_0 -2518_1,:-31950_0_0 :-31950_0_1,1983.821,downstream,G5,G0005007
-42790,-13972_0 -13972_1,:-42790_0_0 :-42790_0_1,1984.000,upstream,G5,G0005007
-33640,-16454_0 -16454_1,:-33640_0_0 :-33640_0_1,1984.000,upstream,G5,G5京昆高速（雅泸段）
-34193,-3348_0 -3348_1,:-34193_0_0 :-34193_0_1,1984.031,downstream,G5,G0005007
-35829,-8964_0 -8964_1,:-35829_0_0 :-35829_0_1,1984.046,downstream,G5,G0005007
-35830,-3876_0 -3876_1,:-35830_0_0 :-35830_0_1,1984.129,downstream,G5,G0005007
-50416,-9236_0 -9236_1,:-50416_0_0 :-50416_0_1,1984.200,upstream,G5,G5京昆高速（雅泸段）
-65757,-15610_0 -15610_1,:-65757_0_0 :-65757_0_1,1984.243,downstream,G5,G0005007
-42161,-7914_0 -7914_1,:-42161_0_0 :-42161_0_1,1984.280,downstream,G5,G0005007
-42162,-6194_0 -6194_1,:-42162_0_0 :-42162_0_1,1984.351,downstream,G5,G0005007
-47851,-17364_0 -17364_1,:-47851_0_0 :-47851_0_1,1984.444,downstream,G5,G0005007
-26374,-848_0,:-26374_0_0,1984.508,upstream,G5,G0005007
-40023,-5412_0,:-40023_0_0,1984.508,upstream,G5,G0005007
-36010,-3942_0,:-36010_0_0,1984.508,upstream,G5,G5京昆高速（雅泸段）
-58747,-12774_0,,1984.508,upstream,G5,G0005007
-32010,-2538_0,:-32010_0_0,1984.508,upstream,G5,G0005007
-39740,-10610_0 -5314_0,:-39740_0_0 :-39740_1_0,1984.508,upstream,G5,G5京昆高速（雅泸段）
-26368,-3184_0,:-26368_0_0,1984.508,upstream,G5,G0005007
-33740,-8384_0 -8384_1,:-33740_0_0 :-33740_1_0 :-33740_1_1,1984.508,downstream,G5,G0005007
-40018,-6716_0,:-40018_0_0,1984.508,upstream,G5,G5京昆高速（雅泸段）
-33746,-3186_0 -3186_1,:-33746_0_0 :-33746_0_1,1984.777,downstream,G5,G0005007
-63306,-14866_0 -14866_1,:-63306_0_0 :-63306_0_1,1984.902,downstream,G5,G0005007
-60330,-14500_0 -14500_1,:-60330_0_0 :-60330_0_1,1984.934,downstream,G5,G0005007
-41310,-13396_0 -13396_1,:-41310_0_0 :-41310_0_1,1985.137,downstream,G5,G0005007
-40247,-5876_0 -5876_1,:-40247_0_0 :-40247_0_1,1985.254,downstream,G5,G0005007
-28863,-11662_0 -11662_1,:-28863_0_0 :-28863_0_1,1985.375,downstream,G5,G0005007
-65802,-15626_0,:-65802_0_0,1985.468,upstream,G5,G0005007
-28865,-17058_0 -1584_0 -1584_1,:-28865_0_0 :-28865_1_0 :-28865_1_1,1985.468,downstream,G5,G0005007
-39900,-5386_0,:-39900_0_0,1985.468,upstream,G5,G5京昆高速（雅泸段）
-39899,-9238_0,:-39899_0_0,1985.468,upstream,G5,G5京昆高速（雅泸段）
-38772,-8172_0 -8172_1,:-38772_0_0 :-38772_0_1,1985.699,downstream,G5,G0005007
-38773,-4960_0 -4960_1,:-38773_0_0 :-38773_0_1,1985.817,downstream,G5,G0005007
-53924,-10662_0 -10662_1,:-53924_0_0 :-53924_0_1,1985.865,downstream,G5,G0005007
-60467,-13432_0 -13432_1,:-60467_0_0 :-60467_0_1,1986.278,downstream,G5,G0005007
-44960,-17436_0 -17436_1,:-44960_0_0 :-44960_0_1,1986.490,downstream,G5,G0005007
-40269,-5506_0 -5506_1,:-40269_0_0 :-40269_0_1,1988.804,downstream,G5,G0005007
-30524,-15328_0 -15328_1,:-30524_0_0 :-30524_0_1,1989.167,downstream,G5,G0005007
-30529,-2094_0 -2094_1,:-30529_0_0 :-30529_0_1,1989.486,downstream,G5,G0005007
-29073,-3740_0 -3740_1,:-29073_0_0 :-29073_0_1,1989.621,downstream,G5,G0005007
-29076,-1662_0 -1662_1,:-29076_0_0 :-29076_0_1,1989.848,downstream,G5,G0005007
-45454,-15894_0 -15894_1,:-45454_0_0 :-45454_0_1,1990.142,downstream,G5,G0005007
-29570,-7454_0 -7454_1,:-29570_0_0 :-29570_0_1,1990.240,downstream,G5,G0005007
-29581,-1776_0 -1776_1,:-29581_0_0 :-29581_0_1,1991.328,downstream,G5,G0005007
-41095,-5806_0 -5806_1,:-41095_0_0 :-41095_0_1,1991.629,downstream,G5,G0005007
-65162,-17324_0 -17324_1,:-65162_0_0 :-65162_0_1,1991.856,downstream,G5,G0005007
-63094,-15302_0 -15302_1,:-63094_0_0 :-63094_0_1,1991.953,downstream,G5,G0005007
-43766,-14402_0 -14402_1,:-43766_0_0 :-43766_0_1,1992.050,downstream,G5,G0005007
-57467,-12216_0 -12216_1,:-57467_0_0 :-57467_0_1,1992.200,downstream,G5,G5京昆高速（雅泸段）
-42026,-16160_0 -16160_1,:-42026_0_0 :-42026_0_1,1992.350,downstream,G5,G0005007
-35613,-12734_0 -12734_1,:-35613_0_0 :-35613_0_1,1992.500,downstream,G5,G5京昆高速（雅泸段）
-42036,-6142_0 -6142_1,:-42036_0_0 :-42036_0_1,1992.650,downstream,G5,G0005007
-40797,-9700_0 -9700_1,:-40797_0_0 :-40797_0_1,2019.664,upstream,G5,G0005007
-27223,-1082_0 -1082_1,:-27223_0_0 :-27223_0_1,2019.684,upstream,G5,G0005007
-62722,-14258_0 -14258_1,:-62722_0_0 :-62722_0_1,2019.756,upstream,G5,G0005007
-43728,-7904_0 -7904_1,:-43728_0_0 :-43728_0_1,2019.762,upstream,G5,G0005007
-33164,-9900_0 -9900_1,:-33164_0_0 :-33164_0_1,2019.776,upstream,G5,G0005007
-29654,-1820_0 -1820_1,:-29654_0_0 :-29654_0_1,2019.829,upstream,G5,G0005007
-27217,-4440_0 -16706_0 -16706_1,:-27217_0_0 :-27217_1_0 :-27217_1_1,2019.839,upstream,G5,G0005007
-40799,-5710_0 -5710_1,:-40799_0_0 :-40799_0_1,2019.843,upstream,G5,G0005007
-41587,-5972_0 -5972_1,:-41587_0_0 :-41587_0_1,2019.853,upstream,G5,G0005007
-33167,-2956_0 -2956_1,:-33167_0_0 :-33167_0_1,2019.869,upstream,G5,G0005007
-55705,-14374_0 -14374_1,:-55705_0_0 :-55705_0_1,2019.876,upstream,G5,G0005007
-51900,-14864_0 -14864_1,:-51900_0_0 :-51900_0_1,2019.880,upstream,G5,G0005007
-45062,-11822_0 -11822_1,:-45062_0_0 :-45062_0_1,2019.884,upstream,G5,G0005007
-29652,-8882_0 -8882_1,:-29652_0_0 :-29652_0_1,2019.886,upstream,G5,G0005007
-40340,-9810_0 -9810_1,:-40340_0_0 :-40340_0_1,2019.920,upstream,G5,G0005007
-41425,-5912_0 -5912_1,:-41425_0_0 :-41425_0_1,2019.926,upstream,G5,G0005007
-43729,-6766_0 -6766_1,:-43729_0_0 :-43729_1_0 :-43729_1_1,2019.926,upstream,G5,G0005007
-40740,-13688_0 -13688_1,:-40740_0_0 :-40740_0_1,2019.927,upstream,G5,G0005007
-40341,-5542_0 -5542_1,:-40341_0_0 :-40341_0_1,2019.946,upstream,G5,G0005007
-44448,-7012_0 -7012_1,:-44448_0_0 :-44448_0_1,2019.946,upstream,G5,G0005007
-55706,-11412_0 -11412_1,:-55706_0_0 :-55706_0_1,2019.948,upstream,G5,G0005007
-56391,-11704_0 -11704_1,:-56391_0_0 :-56391_0_1,2019.950,upstream,G5,G0005007
-44938,-7208_0 -7208_1,:-44938_0_0 :-44938_0_1,2019.966,upstream,G5,G0005007
-50083,-12506_0,:-50083_0_0,2019.966,upstream,G5,G0005007
-56390,-11702_0,:-56390_0_0,2019.966,upstream,G5,G0005007
-48755,,,2019.966,upstream,G5,G0005007
-40744,-5682_0 -5682_1,:-40744_0_0 :-40744_0_1,2019.966,downstream,G5,G0005007
-37212,-8664_0,:-37212_0_0 :-37212_1_0,2019.966,upstream,G5,G0005007
-56629,-12014_0 -12014_1,:-56629_0_0 :-56629_0_1,2019.987,upstream,G5,G0005007
-31011,-5618_0 -5618_1,:-31011_0_0 :-31011_0_1,2019.989,upstream,G5,G0005007
-33482,-3076_0 -3076_1,:-33482_0_0 :-33482_0_1,2020.052,upstream,G5,G0005007
-49174,-9770_0 -9770_1,:-49174_0_0 :-49174_0_1,2020.111,upstream,G5,G0005007
-53882,-10694_0 -10694_1,:-53882_0_0 :-53882_0_1,2020.138,upstream,G5,G0005007
-33477,-8838_0 -8838_1,:-33477_0_0 :-33477_0_1,2020.149,upstream,G5,G0005007
-44443,-10636_0 -10636_1,:-44443_0_0 :-44443_0_1,2020.164,upstream,G5,G0005007
-41552,-7276_0 -7276_1,:-41552_0_0 :-41552_0_1,2020.180,upstream,G5,G0005007
-36257,-4050_0 -4050_1,:-36257_0_0 :-36257_0_1,2020.229,upstream,G5,G0005007
-31403,-14586_0 -14586_1,:-31403_0_0 :-31403_0_1,2020.255,upstream,G5,G0005007
-41556,-5958_0 -5958_1,:-41556_0_0 :-41556_0_1,2020.255,downstream,G5,G0005007
-31767,-9364_0 -9364_1,:-31767_0_0 :-31767_0_1,2020.262,downstream,G5,G0005007
-43767,-6790_0 -6790_1,:-43767_0_0 :-43767_0_1,2020.262,downstream,G5,G0005007
-31768,-2444_0 -2444_1,:-31768_0_0 :-31768_0_1,2020.341,downstream,G5,G0005007
-57721,-15504_0 -15504_1,:-57721_0_0 :-57721_0_1,2020.449,downstream,G5,G0005007
-29814,-3666_0 -3666_1,:-29814_0_0 :-29814_0_1,2020.514,downstream,G5,G0005007
-41098,-12318_0 -12318_1,:-41098_0_0 :-41098_0_1,2020.532,downstream,G5,G0005007
-28310,-5810_0 -5810_1,:-28310_0_0 :-28310_0_1,2020.828,downstream,G5,G0005007
-29818,-1870_0 -1870_1,:-29818_0_0 :-29818_0_1,2020.884,downstream,G5,G0005007
-41493,-5932_0 -5932_1,:-41493_0_0 :-41493_0_1,2021.038,downstream,G5,G0005007
-28314,-1452_0 -1452_1,:-28314_0_0 :-28314_0_1,2021.311,downstream,G5,G0005007
-40467,-5582_0 -5582_1,:-40467_0_0 :-40467_0_1,2021.393,downstream,G5,G0005007
-39260,-16584_0 -16584_1,:-39260_0_0 :-39260_0_1,2021.787,downstream,G5,G0005007
-29896,-1900_0,:-29896_0_0,2021.882,downstream,G5,G0005007
-50096,-9140_0,:-50096_0_0,2021.882,downstream,G5,G0005007
-55278,-15118_0 -11154_0,:-55278_0_0 :-55278_1_0,2021.882,downstream,G5,G0005007
-65421,-15434_0,,2021.882,downstream,G5,G0005007
-29894,-12674_0 -12674_1,:-29894_0_0 :-29894_1_0 :-29894_1_1,2021.882,downstream,G5,G0005007
-29895,-1898_0 -1898_1,:-29895_0_0 :-29895_0_1,2021.882,downstream,G5,G0005007
-30423,-4442_0 -2060_0 -2060_1,:-30423_0_0 :-30423_1_0 :-30423_1_1,2022.090,downstream,G5,G0005007
-39312,-16316_0 -16316_1,:-39312_0_0 :-39312_0_1,2022.133,downstream,G5,G0005007
-39313,-5170_0 -5170_1,:-39313_0_0 :-39313_0_1,2022.173,downstream,G5,G0005007
-39268,-5152_0 -5152_1,:-39268_0_0 :-39268_0_1,2022.285,downstream,G5,G0005007
-41571,-5966_0 -5966_1,:-41571_0_0 :-41571_0_1,2022.360,downstream,G5,G0005007
-41090,-11282_0 -11282_1,:-41090_0_0 :-41090_0_1,2022.437,downstream,G5,G0005007
-41092,-5804_0 -5804_1,:-41092_0_0 :-41092_0_1,2022.516,downstream,G5,G0005007
-49743,-12452_0 -12452_1,:-49743_0_0 :-49743_0_1,2022.519,downstream,G5,G0005007
-33435,-9034_0 -9034_1,:-33435_0_0 :-33435_0_1,2022.631,downstream,G5,G0005007
-33437,-3054_0 -3054_1,:-33437_0_0 :-33437_0_1,2022.749,downstream,G5,G0005007
-55236,-11138_0 -11138_1,:-55236_0_0 :-55236_0_1,2022.902,downstream,G5,G0005007
-54983,-11054_0 -11054_1,:-54983_0_0 :-54983_0_1,2022.923,downstream,G5,G0005007
-57215,-16136_0 -16136_1,:-57215_0_0 :-57215_0_1,2023.117,downstream,G5,G0005007
-52089,-13448_0 -13448_1,:-52089_0_0 :-52089_0_1,2023.234,downstream,G5,G0005007
-45278,-12116_0 -12116_1,:-45278_0_0 :-45278_0_1,2023.488,downstream,G5,G0005007
-45281,-7382_0 -7382_1,:-45281_0_0 :-45281_0_1,2023.692,downstream,G5,G0005007
-52094,-9962_0 -9962_1,:-52094_0_0 :-52094_0_1,2023.848,downstream,G5,G0005007
-55787,-15192_0 -15192_1,:-55787_0_0 :-55787_0_1,2024.028,downstream,G5,G0005007
-44620,-10474_0 -10474_1,:-44620_0_0 :-44620_0_1,2024.088,downstream,G5,G0005007
-44621,-7092_0 -7092_1,:-44621_0_0 :-44621_0_1,2024.165,downstream,G5,G0005007
-54150,-10730_0 -10730_1,:-54150_0_0 :-54150_0_1,2024.207,downstream,G5,G0005007
-55790,-11448_0 -11448_1,:-55790_0_0 :-55790_0_1,2024.258,downstream,G5,G0005007
-25792,-12500_0 -12500_1,:-25792_0_0 :-25792_0_1,2024.303,downstream,G5,G0005007
-25505,-11466_0 -11466_1,:-25505_0_0 :-25505_0_1,2024.308,downstream,G5,G0005007
-25794,-680_0 -680_1,:-25794_0_0 :-25794_0_1,2024.527,downstream,G5,G0005007
-25519,-600_0 -600_1,:-25519_0_0 :-25519_0_1,2025.729,downstream,G5,G0005007
-29839,-7772_0 -7772_1,:-29839_0_0 :-29839_0_1,2026.266,downstream,G5,G0005007
-29859,-1886_0 -1886_1,:-29859_0_0 :-29859_0_1,2027.813,downstream,G5,G0005007
-57123,-12074_0 -12074_1,:-57123_0_0 :-57123_0_1,2027.961,downstream,G5,G0005007
-45283,-7384_0 -7384_1,:-45283_0_0 :-45283_0_1,2031.283,upstream,G5,G5京昆高速（雅泸段）
-45282,-13716_0 -13716_1,:-45282_0_0 :-45282_0_1,2031.290,upstream,G5,G5京昆高速（雅泸段）
-54769,-12978_0 -12978_1,:-54769_0_0 :-54769_0_1,2031.344,downstream,G5,G5京昆高速（雅泸段）
-32171,-2588_0,:-32171_0_0,2031.565,downstream,G5,G5京昆高速（雅泸段）
-64401,-14970_0,:-64401_0_0,2031.565,downstream,G5,G0005007
-32169,-10956_0 -10956_1,:-32169_0_0 :-32169_1_0 :-32169_1_1,2031.565,downstream,G5,G5京昆高速（雅泸段）
-32170,-2586_0 -2586_1,:-32170_0_0 :-32170_0_1,2031.585,downstream,G5,G5京昆高速（雅泸段）
-37589,-12540_0 -12540_1,:-37589_0_0 :-37589_0_1,2031.618,downstream,G5,G5京昆高速（雅泸段）
-27788,-4576_0 -4576_1,:-27788_0_0 :-27788_0_1,2031.733,downstream,G5,G5京昆高速（雅泸段）
-51236,-9580_0 -9580_1,:-51236_0_0 :-51236_0_1,2031.871,downstream,G5,G5京昆高速（雅泸段）
-27791,-15420_0 -15420_1 -1278_0 -1278_1,:-27791_0_0 :-27791_0_1 :-27791_2_0 :-27791_2_1,2031.871,downstream,G5,G5京昆高速（雅泸段）
-32740,-10588_0 -10588_1,:-32740_0_0 :-32740_0_1,2031.871,downstream,G5,G5京昆高速（雅泸段）
-32742,-2794_0 -2794_1,:-32742_0_0 :-32742_0_1,2031.871,downstream,G5,G5京昆高速（雅泸段）
-51234,,,2031.871,downstream,G5,G5京昆高速（雅泸段）
-52971,-10310_0 -10310_1,:-52971_0_0 :-52971_0_1,2031.951,downstream,G5,G5京昆高速（雅泸段）
-46003,-10318_0 -10318_1,:-46003_0_0 :-46003_0_1,2032.079,downstream,G5,G5京昆高速（雅泸段）
-33954,-3250_0 -3250_1 -4388_0,:-33954_0_0 :-33954_1_0,2032.198,downstream,G5,G5京昆高速（雅泸段）
-37035,-7696_0 -7696_1,:-37035_0_0 :-37035_1_0 :-37035_1_1,2032.198,downstream,G5,G5京昆高速（雅泸段）
-44945,-7214_0,:-44945_0_0,2032.198,downstream,G5,G5京昆高速（雅泸段）
-43229,-16068_0 -14232_0,:-43229_0_0 :-43229_1_0,2033.924,upstream,G5,G0005007
-33726,-4386_0 -4386_1,:-33726_0_0 :-33726_0_1,2034.014,downstream,G5,G5京昆高速（雅泸段）
-33122,-3174_0 -3174_1,:-33122_0_0 :-33122_0_1,2034.253,downstream,G5,G5京昆高速（雅泸段）
-25530,-2944_0 -2944_1,:-25530_0_0 :-25530_0_1,2034.523,downstream,G5,G5京昆高速（雅泸段）
-25533,-606_0 -606_1,:-25533_0_0 :-25533_0_1,2034.801,downstream,G5,G5京昆高速（雅泸段）
-30368,-8842_0 -8842_1,:-30368_0_0 :-30368_0_1,2034.848,downstream,G5,G5京昆高速（雅泸段）
-30372,-2044_0 -2044_1,:-30372_0_0 :-30372_0_1,2035.179,downstream,G5,G5京昆高速（雅泸段）
-29061,-2758_0 -2758_1,:-29061_0_0 :-29061_0_1,2035.433,upstream,G5,G0005007
-59529,-14594_0 -14594_1,:-59529_0_0 :-59529_0_1,2035.437,upstream,G5,G0005007
-27777,-1272_0 -1272_1,:-27777_0_0 :-27777_0_1,2035.453,upstream,G5,G0005007
-53142,-11598_0 -11598_1,:-53142_0_0 :-53142_0_1,2035.464,upstream,G5,G0005007
-39111,-8632_0,:-39111_0_0,2035.466,upstream,G5,G0005007
-39114,-5088_0,:-39114_0_0,2035.466,upstream,G5,G0005007
-45823,-7610_0,,2035.466,upstream,G5,G0005007
-27775,-10378_0 -10378_1,:-27775_0_0 :-27775_0_1,2035.468,upstream,G5,G0005007
-26725,-934_0 -934_1,:-26725_0_0 :-26725_0_1,2035.486,upstream,G5,G0005007
-51335,-13102_0 -13102_1,:-51335_0_0 :-51335_0_1,2035.490,upstream,G5,G0005007
-25672,-14230_0 -14230_1,:-25672_0_0 :-25672_0_1,2035.515,upstream,G5,G0005007
-49612,-9004_0 -9004_1,:-49612_0_0 :-49612_0_1,2035.522,upstream,G5,G0005007
-25673,-650_0 -650_1,:-25673_0_0 :-25673_0_1,2035.539,upstream,G5,G0005007
-28583,-1524_0 -1524_1,:-28583_0_0 :-28583_0_1,2035.539,upstream,G5,G0005007
-56663,-11846_0 -11846_1,:-56663_0_0 :-56663_0_1,2035.543,upstream,G5,G0005007
-57177,-12090_0 -12090_1,:-57177_0_0 :-57177_0_1,2035.547,upstream,G5,G0005007
-28581,-9876_0 -9876_1,:-28581_0_0 :-28581_0_1,2035.553,upstream,G5,G0005007
-38074,-4722_0 -4722_1,,2035.555,upstream,G5,G0005007
-38059,-9002_0 -9002_1,:-38059_0_0 :-38059_0_1,2035.555,upstream,G5,G0005007
-37424,-4524_0,:-37424_0_0,2035.555,upstream,G5,G0005007
-29062,-1652_0 -1652_1,:-29062_0_0 :-29062_0_1,2035.571,upstream,G5,G0005007
-56153,-13068_0 -13068_1,:-56153_0_0 :-56153_0_1,2035.579,upstream,G5,G0005007
-49607,-12262_0 -12262_1,:-49607_0_0 :-49607_0_1 :-49607_2_0 :-49607_2_1,2035.579,upstream,G5,G0005007
-38950,-16428_0,:-38950_0_0,2035.583,upstream,G5,G0005007
-38955,-5030_0,:-38955_0_0,2035.583,upstream,G5,G0005007
-57657,-12284_0 -12284_1,:-57657_0_0 :-57657_0_1,2035.587,upstream,G5,G0005007
-26722,-10032_0 -13850_0 -13850_1,:-26722_0_0 :-26722_1_0 :-26722_1_1,2035.593,upstream,G5,G0005007
-36820,-4276_0 -4276_1,:-36820_0_0 :-36820_0_1,2035.603,downstream,G5,G0005007
-38703,-11838_0 -11838_1,:-38703_0_0 :-38703_0_1,2035.629,upstream,G5,G0005007
-48684,-10106_0 -10106_1,:-48684_0_0 :-48684_1_0 :-48684_1_1,2035.665,upstream,G5,G0005007
-38705,-4940_0 -4940_1,:-38705_0_0 :-38705_0_1,2035.716,upstream,G5,G0005007
-37422,-13896_0 -13896_1,:-37422_0_0 :-37422_1_0 :-37422_1_1,2035.789,upstream,G5,G0005007
-48687,-8634_0 -8634_1,:-48687_0_0 :-48687_0_1,2035.801,upstream,G5,G0005007
-37427,-4526_0 -4526_1,:-37427_0_0 :-37427_0_1,2035.807,upstream,G5,G0005007
-57659,-14670_0 -14670_1,:-57659_0_0 :-57659_0_1,2035.839,upstream,G5,G0005007
-51336,-9616_0 -9616_1,:-51336_0_0 :-51336_0_1,2035.851,upstream,G5,G0005007
-33616,-10598_0 -17050_0 -17050_1,:-33616_0_0 :-33616_1_0 :-33616_1_1,2035.863,downstream,G5,G0005007
-50678,-9340_0 -9340_1,:-50678_0_0 :-50678_0_1,2035.863,upstream,G5,G0005007
-33617,-3134_0 -3134_1,:-33617_0_0 :-33617_0_1,2035.964,downstream,G5,G0005007
-37492,-12744_0 -12744_1,:-37492_0_0 :-37492_0_1,2035.975,downstream,G5,G0005007
-36221,-4546_0 -4546_1,:-36221_0_0 :-36221_0_1,2036.075,downstream,G5,G0005007
-36222,-4036_0 -4036_1,:-36222_0_0 :-36222_1_0 :-36222_1_1,2036.103,downstream,G5,G0005007
-32745,-16594_0 -16594_1,:-32745_0_0 :-32745_0_1,2036.294,upstream,G5,G5京昆高速（雅泸段）
-42669,-6380_0 -6380_1,:-42669_0_0 :-42669_0_1,2036.358,downstream,G5,G0005007
-52174,-16596_0,:-52174_0_0,2036.435,downstream,G5,G5京昆高速（雅泸段）
-32746,-10010_0 -2798_0 -2798_1,:-32746_0_0 :-32746_1_0 :-32746_1_1,2036.435,downstream,G5,G5京昆高速（雅泸段）
-66328,-15904_0 -15904_1,:-66328_0_0 :-66328_0_1,2036.653,downstream,G5,G5京昆高速（雅泸段）
-29860,,,2036.781,downstream,G5,G5京昆高速（雅泸段）
-29873,-1888_0 -17414_0 -17414_1,:-29873_0_0 :-29873_1_0 :-29873_1_1,2036.781,downstream,G5,G5京昆高速（雅泸段）
-45988,-11212_0 -11212_1,:-45988_0_0 :-45988_0_1,2037.182,downstream,G5,G5京昆高速（雅泸段）
-33251,-2978_0 -2978_1,:-33251_0_0 :-33251_0_1,2038.376,upstream,G5,G0005007
-33248,-7684_0 -7684_1,:-33248_0_0 :-33248_0_1,2038.590,upstream,G5,G0005007
-44622,-17288_0 -17288_1,:-44622_0_0 :-44622_0_1,2038.590,downstream,G5,G0005007
-50342,-17090_0 -17090_1,:-50342_0_0 :-50342_0_1,2039.429,downstream,G5,G0005007
-50343,-9220_0 -9220_1,:-50343_0_0 :-50343_0_1,2039.496,downstream,G5,G0005007
-40633,-7094_0 -7094_1,:-40633_0_0 :-40633_0_1,2040.140,downstream,G5,G0005007
-40638,-5662_0 -5662_1,:-40638_0_0 :-40638_0_1,2041.495,downstream,G5,G0005007
-66028,-15762_0 -15762_1,:-66028_0_0 :-66028_0_1,2041.551,downstream,G5,G0005007
-62636,-17078_0 -17078_1,:-62636_0_0 :-62636_0_1,2042.953,downstream,G5,G0005007
-36921,-14236_0 -14236_1,:-36921_0_0 :-36921_0_1,2042.980,downstream,G5,G0005007
-36926,-4328_0 -4328_1,:-36926_0_0 :-36926_0_1,2043.728,downstream,G5,G0005007
-44079,-6866_0 -6866_1,:-44079_0_0 :-44079_0_1,2045.737,downstream,G5,G0005007
-58382,-13400_0 -13400_1,:-58382_0_0 :-58382_0_1,2049.262,downstream,G5,G0005007
-39287,-12576_0 -12576_1,:-39287_0_0 :-39287_0_1,2050.854,downstream,G5,G0005007
-39292,-5160_0 -5160_1,:-39292_0_0 :-39292_0_1,2051.795,downstream,G5,G0005007
-56211,-11636_0 -11636_1,:-56211_0_0 :-56211_0_1,2052.004,downstream,G5,G0005007
-57329,-12162_0,:-57329_0_0,2061.313,upstream,G5,G0005007
-51229,-9576_0,:-51229_0_0,2061.313,upstream,G5,G5京昆高速（雅泸段）
-57306,-12326_0,:-57306_0_0,2061.313,upstream,G5,G5京昆高速（雅泸段）
-51226,-14004_0 -14004_1,:-51226_0_0 :-51226_1_0 :-51226_1_1,2062.663,downstream,G5,G5京昆高速（雅泸段）
-69866,,,2062.717,upstream,G5,G0005007
-47872,-8390_0,:-47872_0_0,2062.717,upstream,G5,G0005007
-47871,-17440_0,:-47871_0_0 :-47871_1_0,2062.717,upstream,G5,G0005007
-28878,-9574_0 -9574_1,:-28878_0_0 :-28878_0_1,2062.807,downstream,G5,G5京昆高速（雅泸段）
-28879,-1592_0 -1592_1,:-28879_0_0 :-28879_0_1,2062.864,downstream,G5,G5京昆高速（雅泸段）
-49959,-9092_0 -10122_0 -10122_1,:-49959_0_0 :-49959_1_0 :-49959_1_1,2063.038,downstream,G5,G0005007
-28214,-15778_0 -11068_0 -11068_1,:-28214_0_0 :-28214_1_0 :-28214_1_1,2063.109,downstream,G5,G5京昆高速（雅泸段）
-47873,-8392_0,:-47873_0_0,2063.109,downstream,G5,G5京昆高速（雅泸段）
-28215,-1412_0 -1412_1,:-28215_0_0 :-28215_0_1,2063.296,downstream,G5,G5京昆高速（雅泸段）
-43228,-6596_0 -6596_1,:-43228_0_0 :-43228_0_1,2063.395,upstream,G5,G0005007
-55332,-11186_0 -11186_1,:-55332_0_0 :-55332_0_1,2063.781,upstream,G5,G0005007
-45377,-7410_0 -7410_1,:-45377_0_0 :-45377_1_0 :-45377_1_1,2063.791,upstream,G5,G0005007
-55330,-14994_0 -14994_1,:-55330_0_0 :-55330_0_1,2063.832,upstream,G5,G0005007
-44461,-16538_0 -12862_0,:-44461_0_0 :-44461_1_0,2063.859,upstream,G5,G0005007
-52964,-10302_0 -10302_1,:-52964_0_0 :-52964_0_1,2063.859,downstream,G5,G0005007
-44462,-7020_0,,2063.859,upstream,G5,G0005007
-52962,-10300_0,:-52962_0_0,2063.859,upstream,G5,G0005007
-52399,-16778_0 -16778_1,:-52399_0_0 :-52399_0_1,2063.918,downstream,G5,G0005007
-32517,-13450_0 -13450_1,:-32517_0_0 :-32517_0_1,2064.218,downstream,G5,G5京昆高速（雅泸段）
-51739,-12008_0 -12008_1,:-51739_0_0 :-51739_0_1,2064.239,downstream,G5,G0005007
-49032,-9792_0 -9792_1,:-49032_0_0 :-49032_0_1,2065.808,downstream,G5,G0005007
-32525,-2712_0 -2712_1,:-32525_0_0 :-32525_0_1,2066.049,downstream,G5,G5京昆高速（雅泸段）
-49052,-8788_0 -8788_1,:-49052_0_0 :-49052_0_1,2067.046,downstream,G5,G0005007
-35893,-14050_0 -14050_1,:-35893_0_0 :-35893_0_1,2067.381,downstream,G5,G5京昆高速（雅泸段）
-35357,-3908_0 -3908_1,:-35357_0_0 :-35357_0_1,2068.508,downstream,G5,G5京昆高速（雅泸段）
-35358,-3720_0 -3720_1,:-35358_0_0 :-35358_0_1,2068.664,downstream,G5,G5京昆高速（雅泸段）
-31091,-13380_0 -13380_1,:-31091_0_0 :-31091_0_1,2068.717,downstream,G5,G5京昆高速（雅泸段）
-37922,-16208_0 -16208_1,:-37922_0_0 :-37922_0_1,2068.800,downstream,G5,G0005007
-37937,-4680_0 -4680_1,:-37937_0_0 :-37937_0_1,2070.037,downstream,G5,G0005007
-45441,-7448_0 -7448_1,:-45441_0_0 :-45441_0_1,2071.807,upstream,G5,G0005007
-45569,-7500_0 -7500_1,:-45569_0_0 :-45569_0_1,2071.833,downstream,G5,G0005007
-30870,-2180_0 -2180_1,:-30870_0_0 :-30870_0_1,2071.980,upstream,G5,G0005007
-44360,-13794_0 -13794_1,:-44360_0_0 :-44360_0_1,2071.999,upstream,G5,G0005007
-63424,-14576_0 -14576_1,:-63424_0_0 :-63424_0_1,2072.006,upstream,G5,G0005007
-27410,-1146_0 -1146_1,:-27410_0_0 :-27410_0_1,2072.045,upstream,G5,G0005007
-36256,-4048_0 -4048_1,:-36256_0_0 :-36256_0_1,2072.057,upstream,G5,G0005007
-27408,-10126_0 -10126_1,:-27408_0_0 :-27408_0_1,2072.066,upstream,G5,G0005007
-61474,-13860_0 -13860_1,:-61474_0_0 :-61474_0_1,2072.070,upstream,G5,G0005007
-48246,-8484_0 -8484_1,:-48246_0_0 :-48246_0_1,2072.087,upstream,G5,G0005007
-36255,-16692_0 -16692_1,:-36255_0_0 :-36255_0_1,2072.095,upstream,G5,G0005007
-30869,-9442_0 -9442_1,:-30869_0_0 :-30869_0_1,2072.097,upstream,G5,G0005007
-45436,-14518_0 -14518_1,:-45436_0_0 :-45436_0_1,2072.111,upstream,G5,G0005007
-31097,-2258_0 -2258_1,:-31097_0_0 :-31097_0_1,2072.116,downstream,G5,G5京昆高速（雅泸段）
-50616,-13046_0 -13046_1,:-50616_0_0 :-50616_0_1,2072.119,downstream,G5,G0005007
-32338,-2642_0 -2642_1,:-32338_0_0 :-32338_0_1,2072.127,upstream,G5,G0005007
-51413,-12046_0 -12046_1,:-51413_0_0,2072.149,upstream,G5,G0005007
-32337,-9654_0,:-32337_0_0 :-32337_0_1,2072.149,upstream,G5,G0005007
-43675,-6736_0 -6736_1,:-43675_0_0 :-43675_0_1,2072.149,downstream,G5,G0005007
-29130,-8132_0 -8132_1,:-29130_0_0 :-29130_0_1,2072.431,downstream,G5,G0005007
-29152,-1680_0 -1680_1,:-29152_0_0 :-29152_0_1,2074.242,downstream,G5,G0005007
-50621,-9316_0 -9316_1,:-50621_0_0 :-50621_0_1,2074.280,downstream,G5,G0005007
-40154,-17070_0 -17070_1,:-40154_0_0 :-40154_0_1,2074.458,downstream,G5,G5京昆高速（雅泸段）
-50605,-16378_0 -16378_1,:-50605_0_0 :-50605_0_1,2074.509,downstream,G5,G0005007
-50607,-9310_0 -9310_1,:-50607_0_0 :-50607_0_1,2074.650,downstream,G5,G0005007
-50635,-9322_0 -9322_1,:-50635_0_0 :-50635_0_1,2075.332,downstream,G5,G0005007
-58561,-12676_0 -12676_1,:-58561_0_0 :-58561_0_1,2075.405,downstream,G5,G0005007
-47387,-8206_0 -8206_1,:-47387_0_0 :-47387_0_1,2075.477,downstream,G5,G0005007
-40162,-5482_0 -5482_1,:-40162_0_0 :-40162_0_1,2076.054,downstream,G5,G5京昆高速（雅泸段）
-51973,-9936_0 -9936_1,:-51973_0_0 :-51973_0_1,2077.228,downstream,G5,G0005007
-61506,-13798_0 -13798_1,:-61506_0_0 :-61506_0_1,2078.069,downstream,G5,G0005007
-61448,-15370_0 -15370_1,:-61448_0_0 :-61448_0_1,2078.326,downstream,G5,G0005007
-53276,-13778_0 -13778_1,:-53276_0_0 :-53276_0_1,2078.481,downstream,G5,G0005007
-47848,-10414_0 -10414_1,:-47848_0_0 :-47848_0_1,2078.588,downstream,G5,G0005007
-38706,-8380_0 -8380_1,:-38706_0_0 :-38706_0_1,2078.782,downstream,G5,G0005007
-38707,-4942_0 -4942_1,:-38707_0_0 :-38707_0_1,2078.875,downstream,G5,G0005007
-49234,-8866_0 -8866_1,:-49234_0_0 :-49234_0_1,2079.572,downstream,G5,G5京昆高速（雅泸段）
-41478,-5926_0 -5926_1,:-41478_0_0 :-41478_0_1,2080.776,downstream,G5,G0005007
-56404,-13488_0 -13488_1,:-56404_0_0 :-56404_0_1,2081.024,downstream,G5,G0005007
-56405,-11712_0 -11712_1,:-56405_0_0 :-56405_0_1,2081.397,downstream,G5,G0005007
-28701,-16146_0 -16146_1,:-28701_0_0 :-28701_0_1,2081.475,downstream,G5,G0005007
-41048,-13214_0 -13214_1,:-41048_0_0 :-41048_0_1,2093.866,upstream,G5,G5京昆高速（雅泸段）
-64417,-14974_0 -14974_1,:-64417_0_0 :-64417_0_1,2093.905,upstream,G5,G5京昆高速（雅泸段）
-49258,-13574_0 -13574_1,:-49258_0_0 :-49258_0_1,2093.910,upstream,G5,G5京昆高速（雅泸段）
-41545,-5952_0 -5952_1,:-41545_0_0 :-41545_0_1,2093.954,upstream,G5,G5京昆高速（雅泸段）
-45396,-8876_0 -8876_1,:-45396_0_0 :-45396_0_1,2094.048,upstream,G5,G5京昆高速（雅泸段）
-41035,-5782_0 -5782_1,:-41035_0_0 :-41035_1_0 :-41035_1_1,2094.184,upstream,G5,G5京昆高速（雅泸段）
-35198,-13110_0 -13110_1,:-35198_0_0 :-35198_0_1,2094.199,upstream,G5,G5京昆高速（雅泸段）
-43996,-13088_0 -13088_1,:-43996_0_0 :-43996_0_1,2094.201,upstream,G5,G5京昆高速（雅泸段）
-34431,-12274_0 -12274_1,:-34431_0_0 :-34431_0_1,2094.208,upstream,G5,G5京昆高速（雅泸段）
-45398,-7424_0 -7424_1,:-45398_0_0 :-45398_0_1,2094.212,upstream,G5,G5京昆高速（雅泸段）
-41051,-5790_0 -5790_1,:-41051_0_0 :-41051_0_1,2094.226,upstream,G5,G5京昆高速（雅泸段）
-58580,-12688_0 -12688_1,:-58580_0_0 :-58580_0_1,2094.231,upstream,G5,G5京昆高速（雅泸段）
-64985,-15226_0 -15226_1,:-64985_0_0 :-64985_0_1,2094.240,upstream,G5,G5京昆高速（雅泸段）
-58577,-16342_0 -16342_1,:-58577_0_0 :-58577_0_1,2094.242,upstream,G5,G5京昆高速（雅泸段）
-42726,-6396_0 -6396_1,:-42726_0_0 :-42726_0_1,2094.259,upstream,G5,G5京昆高速（雅泸段）
-34432,-3416_0 -3416_1,:-34432_0_0 :-34432_0_1,2094.300,upstream,G5,G5京昆高速（雅泸段）
-57671,-15558_0 -15558_1,:-57671_0_0 :-57671_0_1,2094.312,upstream,G5,G5京昆高速（雅泸段）
-37620,-4582_0,,2094.342,upstream,G5,G5京昆高速（雅泸段）
-37596,-15224_0 -8940_0,:-37596_0_0 :-37596_1_0,2094.342,upstream,G5,G5京昆高速（雅泸段）
-57672,-12294_0 -12294_1,:-57672_0_0 :-57672_0_1,2094.342,downstream,G5,G5京昆高速（雅泸段）
-27354,-1130_0 -1130_1,:-27354_0_0 :-27354_1_0 :-27354_1_1,2094.342,upstream,G5,G5京昆高速（雅泸段）
-28713,-1560_0 -1560_1,:-28713_0_0 :-28713_0_1,2094.342,upstream,G5,G5京昆高速（雅泸段）
-63297,-14492_0 -14492_1,:-63297_0_0 :-63297_0_1,2094.406,downstream,G5,G5京昆高速（雅泸段）
-26157,-13888_0,:-26157_0_0 :-26157_1_0,2094.710,downstream,G5,G0005007
-37095,-17300_0 -4406_0 -4406_1,:-37095_0_0 :-37095_1_0 :-37095_1_1,2094.710,downstream,G5,G5京昆高速（雅泸段）
-37697,-4608_0,:-37697_0_0,2094.710,downstream,G5,G5京昆高速（雅泸段）
-26175,-786_0,:-26175_0_0,2094.710,downstream,G5,G5京昆高速（雅泸段）
-61786,,,2094.710,downstream,G5,G5京昆高速（雅泸段）
-26190,-788_0 -15938_0 -15938_1,:-26190_0_0 :-26190_1_0 :-26190_1_1,2094.727,downstream,G5,G0005007
-42202,-9186_0 -9186_1,:-42202_0_0 :-42202_0_1,2095.092,downstream,G5,G0005007
-42204,-6214_0 -6214_1,:-42204_0_0 :-42204_0_1,2095.480,downstream,G5,G0005007
-51103,-9524_0 -9524_1,:-51103_0_0 :-51103_0_1,2096.061,downstream,G5,G0005007
-46079,-15870_0 -15870_1,:-46079_0_0 :-46079_0_1,2096.437,downstream,G5,G0005007
-33111,-9078_0,:-33111_0_0 :-33111_0_1,2096.480,downstream,G5,G0005007
-46080,-7710_0 -7710_1,:-46080_0_0,2096.480,downstream,G5,G0005007
-26120,-778_0 -778_1,:-26120_0_0 :-26120_0_1,2113.798,upstream,G5,G5京昆高速（雅泸段）
-51238,-15054_0 -15054_1,:-51238_0_0 :-51238_0_1,2113.933,upstream,G5,G5京昆高速（雅泸段）
-38689,-12816_0 -12816_1,:-38689_0_0 :-38689_0_1,2113.977,upstream,G5,G5京昆高速（雅泸段）
-50024,-9116_0 -9116_1,:-50024_0_0 :-50024_0_1,2114.001,upstream,G5,G5京昆高速（雅泸段）
-30788,-2148_0 -2148_1,:-30788_0_0 :-30788_0_1,2114.071,upstream,G5,G5京昆高速（雅泸段）
-51699,-11328_0 -11328_1,:-51699_0_0 :-51699_0_1,2114.138,upstream,G5,G5京昆高速（雅泸段）
-29250,-3904_0 -3904_1,:-29250_0_0 :-29250_1_0 :-29250_1_1,2114.146,upstream,G5,G5京昆高速（雅泸段）
-29264,-1708_0,:-29264_0_0,2114.146,upstream,G5,G5京昆高速（雅泸段）
-29907,-1906_0,,2114.146,upstream,G5,G5京昆高速（雅泸段）
-32966,-2872_0,:-32966_0_0,2114.146,upstream,G5,G5京昆高速（雅泸段）
-29905,-7580_0 -5968_0,:-29905_0_0 :-29905_1_0,2114.146,upstream,G5,G5京昆高速（雅泸段）
-48148,-8458_0 -8458_1,:-48148_0_0 :-48148_0_1,2114.158,upstream,G5,G5京昆高速（雅泸段）
-30782,-9584_0 -9584_1,:-30782_0_0 :-30782_0_1,2114.186,upstream,G5,G5京昆高速（雅泸段）
-35340,-3708_0 -3708_1,:-35340_0_0 :-35340_0_1,2114.202,upstream,G5,G5京昆高速（雅泸段）
-58408,-12584_0 -12584_1,:-58408_0_0 :-58408_0_1,2114.205,upstream,G5,G5京昆高速（雅泸段）
-53044,-10360_0 -10360_1,:-53044_0_0 :-53044_0_1,2114.206,upstream,G5,G5京昆高速（雅泸段）
-40277,-7672_0 -7672_1,:-40277_0_0 :-40277_0_1,2114.241,upstream,G5,G5京昆高速（雅泸段）
-35339,-5020_0 -5020_1,:-35339_0_0 :-35339_0_1,2114.241,upstream,G5,G5京昆高速（雅泸段）
-38690,-4934_0 -4934_1,:-38690_0_0 :-38690_0_1,2114.253,upstream,G5,G5京昆高速（雅泸段）
-50850,-13628_0 -13628_1,:-50850_0_0 :-50850_0_1,2114.254,upstream,G5,G5京昆高速（雅泸段）
-64579,-16222_0 -16222_1,:-64579_0_0 :-64579_0_1,2114.262,upstream,G5,G5京昆高速（雅泸段）
-26104,-3148_0 -3148_1,:-26104_0_0 :-26104_0_1,2114.293,upstream,G5,G5京昆高速（雅泸段）
-40281,-5510_0 -5510_1,:-40281_0_0 :-40281_1_0 :-40281_1_1,2114.293,downstream,G5,G5京昆高速（雅泸段）
-29967,-1932_0 -7582_0 -7582_1,:-29967_0_0 :-29967_1_0 :-29967_1_1,2115.004,downstream,G5,G5京昆高速（雅泸段）
-52065,-15052_0,:-52065_0_0,2115.004,downstream,G5,G5京昆高速（雅泸段）
-29973,-1934_0,:-29973_0_0,2115.004,downstream,G5,G5京昆高速（雅泸段）
-31643,,,2115.004,downstream,G5,G5京昆高速（雅泸段）
-29957,-2404_0,:-29957_0_0 :-29957_1_0,2115.004,downstream,G5,G5京昆高速（雅泸段）
-29272,-9956_0 -1710_0 -1710_1,:-29272_0_0 :-29272_1_0 :-29272_1_1,2115.004,downstream,G5,G5京昆高速（雅泸段）
-55408,-11250_0 -11250_1,:-55408_0_0 :-55408_0_1,2115.399,downstream,G5,G5京昆高速（雅泸段）
-60230,-13338_0 -13338_1,:-60230_0_0 :-60230_0_1,2115.429,downstream,G5,G5京昆高速（雅泸段）
-29006,-13710_0 -13710_1,:-29006_0_0 :-29006_0_1,2115.514,downstream,G5,G5京昆高速（雅泸段）
-29015,-1636_0 -1636_1,:-29015_0_0 :-29015_0_1,2118.520,downstream,G5,G5京昆高速（雅泸段）
-49904,-10072_0 -10072_1,:-49904_0_0 :-49904_0_1,2122.188,downstream,G5,G5京昆高速（雅泸段）
-44028,-9072_0 -9072_1,:-44028_0_0 :-44028_0_1,2122.303,downstream,G5,G5京昆高速（雅泸段）
-31150,-6852_0 -6852_1,:-31150_0_0 :-31150_0_1,2122.509,downstream,G5,G5京昆高速（雅泸段）
-31151,-2278_0 -2278_1,:-31151_0_0 :-31151_0_1,2122.546,downstream,G5,G5京昆高速（雅泸段）
-26999,-6268_0 -6268_1,:-26999_0_0 :-26999_0_1,2123.348,downstream,G5,G5京昆高速（雅泸段）
-27000,-1018_0 -1018_1,:-27000_0_0 :-27000_0_1,2123.412,downstream,G5,G5京昆高速（雅泸段）
-28203,-10842_0 -10842_1,:-28203_0_0 :-28203_0_1,2123.904,downstream,G5,G5京昆高速（雅泸段）
-25564,-1404_0 -1404_1,:-25564_0_0 :-25564_0_1,2124.003,downstream,G5,G5京昆高速（雅泸段）
-25565,-622_0 -622_1,:-25565_0_0 :-25565_0_1,2124.059,downstream,G5,G5京昆高速（雅泸段）
-40593,-5640_0 -5640_1,:-40593_0_0 :-40593_0_1,2130.848,upstream,G5,G0005007
-42234,-6230_0 -6230_1,:-42234_0_0 :-42234_0_1,2130.885,upstream,G5,G0005007
-42229,-9300_0 -9300_1,:-42229_0_0 :-42229_0_1,2131.090,upstream,G5,G0005007
-30904,-9158_0 -9158_1,:-30904_0_0 :-30904_0_1,2131.179,upstream,G5,G0005007
-40586,-6818_0 -6818_1,:-40586_0_0 :-40586_0_1,2131.268,upstream,G5,G0005007
-30906,-2190_0 -2190_1,:-30906_0_0 :-30906_0_1,2131.273,upstream,G5,G0005007
-43862,-12908_0 -12908_1,:-43862_0_0 :-43862_0_1,2131.281,upstream,G5,G0005007
-44958,-7224_0 -7224_1,:-44958_0_0 :-44958_0_1,2131.283,upstream,G5,G0005007
-54984,-11056_0 -11056_1,:-54984_0_0 :-54984_0_1,2131.303,upstream,G5,G0005007
-59073,-14346_0 -14346_1,:-59073_0_0 :-59073_0_1,2131.311,upstream,G5,G0005007
-56973,-11998_0 -11998_1,:-56973_0_0 :-56973_0_1,2131.340,downstream,G5,G0005007
-50132,-16944_0 -16944_1,:-50132_0_0 :-50132_0_1,2131.340,upstream,G5,G0005007
-41880,-16718_0 -16718_1,:-41880_0_0 :-41880_0_1,2131.913,downstream,G5,G0005007
-35107,-6078_0 -6078_1,:-35107_0_0 :-35107_0_1,2131.992,downstream,G5,G0005007
-35109,-3612_0 -3612_1,:-35109_0_0 :-35109_0_1,2132.132,downstream,G5,G0005007
-57229,-14422_0 -14422_1,:-57229_0_0 :-57229_0_1,2132.464,downstream,G5,G0005007
-61591,-13822_0 -13822_1,:-61591_0_0 :-61591_0_1,2132.626,upstream,G5,G5京昆高速（雅泸段）
-61596,-14672_0,:-61596_0_0,2132.662,downstream,G5,G5京昆高速（雅泸段）
-44889,-7188_0,:-44889_0_0,2132.662,downstream,G5,G5京昆高速（雅泸段）
-41243,-5846_0,:-41243_0_0,2132.662,downstream,G5,G5京昆高速（雅泸段）
-44204,-6904_0,,2132.662,downstream,G5,G0005007
-26990,-1008_0,:-26990_0_0,2132.662,downstream,G5,G5京昆高速（雅泸段）
-44199,-12684_0 -13384_0,:-44199_0_0 :-44199_1_0,2132.662,downstream,G5,G0005007
-61602,-13832_0,:-61602_0_0,2132.662,downstream,G5,G5京昆高速（雅泸段）
-63692,-17306_0,:-63692_0_0,2132.662,downstream,G5,G5京昆高速（雅泸段）
-41242,-7586_0,:-41242_0_0,2132.662,downstream,G5,G5京昆高速（雅泸段）
-26987,-15236_0,:-26987_0_0,2132.662,downstream,G5,G5京昆高速（雅泸段）
-63278,-14482_0,:-63278_0_0,2132.662,downstream,G5,G5京昆高速（雅泸段）
-57232,-12122_0 -12122_1,:-57232_0_0 :-57232_1_0 :-57232_1_1,2132.662,downstream,G5,G0005007
-38422,-11218_0 -11218_1,:-38422_0_0 :-38422_0_1,2132.665,upstream,G5,G5京昆高速（雅泸段）
-30367,-2042_0 -2042_1,:-30367_0_0 :-30367_0_1,2132.751,upstream,G5,G5京昆高速（雅泸段）
-30358,-14896_0 -14896_1,:-30358_0_0 :-30358_0_1,2132.824,upstream,G5,G5京昆高速（雅泸段）
-36974,-5868_0 -5868_1,:-36974_0_0 :-36974_0_1,2132.958,upstream,G5,G5京昆高速（雅泸段）
-36714,-4228_0 -13382_0 -13382_1,:-36714_0_0 :-36714_1_0 :-36714_1_1,2132.985,downstream,G5,G0005007
-33729,-3176_0 -3176_1,:-33729_0_0 :-33729_0_1,2133.012,upstream,G5,G5京昆高速（雅泸段）
-39321,-5174_0 -5174_1,:-39321_0_0 :-39321_0_1,2133.019,downstream,G5,G0005007
-51694,-16750_0 -16750_1,:-51694_0_0 :-51694_0_1,2133.022,upstream,G5,G5京昆高速（雅泸段）
-42241,-9764_0 -9764_1,:-42241_0_0 :-42241_0_1,2133.036,upstream,G5,G5京昆高速（雅泸段）
-42242,-6234_0 -6234_1,:-42242_0_0 :-42242_0_1,2133.046,upstream,G5,G5京昆高速（雅泸段）
-38423,-4836_0 -4836_1,:-38423_0_0 :-38423_0_1,2133.047,upstream,G5,G5京昆高速（雅泸段）
-30806,-2160_0 -2160_1,:-30806_0_0 :-30806_0_1,2133.062,downstream,G5,G5京昆高速（雅泸段）
-49017,-16092_0 -16092_1,:-49017_0_0 :-49017_0_1,2133.076,downstream,G5,G0005007
-43163,-10040_0 -10040_1,:-43163_0_0 :-43163_0_1,2133.124,downstream,G5,G5京昆高速（雅泸段）
-49018,-8766_0 -8766_1,:-49018_0_0 :-49018_0_1,2133.133,downstream,G5,G0005007
-43164,-6570_0 -6570_1,:-43164_0_0 :-43164_0_1,2133.183,downstream,G5,G5京昆高速（雅泸段）
-54128,-16710_0 -16710_1,:-54128_0_0 :-54128_0_1,2133.281,downstream,G5,G0005007
-36674,-10144_0,:-36674_0_0 :-36674_1_0,2133.710,downstream,G5,G0005007
-32314,-4226_0 -8572_0 -8572_1,:-32314_0_0 :-32314_1_0 :-32314_1_1,2133.710,downstream,G5,G5京昆高速（雅泸段）
-52445,,,2133.710,downstream,G5,G0005007
-32315,-2628_0 -2628_1,:-32315_0_0 :-32315_0_1,2133.759,downstream,G5,G5京昆高速（雅泸段）
-54137,-10724_0 -10724_1,:-54137_0_0 :-54137_0_1,2133.915,downstream,G5,G0005007
-46320,-15710_0 -15710_1,:-46320_0_0 :-46320_0_1,2134.118,downstream,G5,G5京昆高速（雅泸段）
-43518,-7794_0 -7794_1,:-43518_0_0 :-43518_0_1,2134.220,downstream,G5,G5京昆高速（雅泸段）
-43519,-6686_0 -6686_1,:-43519_0_0 :-43519_0_1,2134.298,downstream,G5,G5京昆高速（雅泸段）
-61475,-16176_0 -16176_1,:-61475_0_0 :-61475_0_1,2134.398,downstream,G5,G0005007
-26316,-10642_0 -10642_1,:-26316_0_0 :-26316_0_1,2134.864,downstream,G5,G5京昆高速（雅泸段）
-26317,-830_0 -830_1,:-26317_0_0 :-26317_0_1,2134.895,downstream,G5,G5京昆高速（雅泸段）
-30126,-16000_0 -16000_1,:-30126_0_0 :-30126_0_1,2134.938,downstream,G5,G5京昆高速（雅泸段）
-61480,-13796_0 -13796_1,:-61480_0_0 :-61480_0_1,2135.257,downstream,G5,G0005007
-39769,-14444_0 -14444_1,:-39769_0_0 :-39769_0_1,2135.290,downstream,G5,G0005007
-37377,-5334_0 -5334_1,:-37377_0_0 :-37377_0_1,2135.341,downstream,G5,G0005007
-35798,-4508_0 -4508_1,:-35798_0_0 :-35798_0_1,2135.422,downstream,G5,G0005007
-30136,-1970_0 -1970_1,:-30136_0_0 :-30136_0_1,2136.053,downstream,G5,G5京昆高速（雅泸段）
-36941,-11402_0 -11402_1,:-36941_0_0 :-36941_0_1,2136.137,downstream,G5,G5京昆高速（雅泸段）
-36946,-4342_0 -4342_1,:-36946_0_0 :-36946_0_1,2137.076,downstream,G5,G5京昆高速（雅泸段）
-31358,-7664_0 -7664_1,:-31358_0_0 :-31358_0_1,2137.531,downstream,G5,G5京昆高速（雅泸段）
-34481,-3862_0 -3862_1,:-34481_0_0 :-34481_0_1,2137.802,downstream,G5,G0005007
-33017,-3432_0 -3432_1,:-33017_0_0 :-33017_0_1,2137.835,downstream,G5,G0005007
-33022,-2904_0 -2904_1,:-33022_0_0 :-33022_0_1,2138.627,downstream,G5,G0005007
-42201,-6212_0 -6212_1,:-42201_0_0 :-42201_0_1,2138.724,downstream,G5,G0005007
-31370,-2336_0 -2336_1,:-31370_0_0 :-31370_0_1,2139.075,downstream,G5,G5京昆高速（雅泸段）
-54127,-10720_0 -10720_1,:-54127_0_0 :-54127_0_1,2140.062,downstream,G5,G5京昆高速（雅泸段）
-38894,-11352_0 -11352_1,:-38894_0_0 :-38894_0_1,2140.203,downstream,G5,G5京昆高速（雅泸段）
-38108,-5018_0 -5018_1,:-38108_0_0 :-38108_0_1,2140.324,downstream,G5,G5京昆高速（雅泸段）
-38109,-4734_0 -4734_1,:-38109_0_0 :-38109_0_1,2140.384,downstream,G5,G5京昆高速（雅泸段）
-27144,-5330_0 -5330_1,:-27144_0_0 :-27144_0_1,2141.440,downstream,G5,G5京昆高速（雅泸段）
-27146,-1052_0 -1052_1,:-27146_0_0 :-27146_0_1,2141.571,downstream,G5,G5京昆高速（雅泸段）
-57462,-13692_0 -13692_1,:-57462_0_0 :-57462_0_1,2141.896,downstream,G5,G5京昆高速（雅泸段）
-64605,-15068_0 -15068_1,:-64605_0_0 :-64605_0_1,2149.265,upstream,G5,G0005007
-56724,-11874_0 -11874_1,:-56724_0_0 :-56724_0_1,2149.322,upstream,G5,G0005007
-39311,-5168_0 -5168_1,:-39311_0_0 :-39311_0_1,2149.376,upstream,G5,G0005007
-44255,-16608_0 -16608_1,:-44255_0_0 :-44255_0_1,2149.397,downstream,G5,G0005007
-30815,-2162_0 -2162_1,:-30815_0_0 :-30815_0_1,2149.439,upstream,G5,G0005007
-45442,-9520_0 -9520_1,:-45442_0_0 :-45442_0_1,2149.468,upstream,G5,G0005007
-33245,-2974_0 -2974_1,:-33245_0_0 :-33245_0_1,2149.581,upstream,G5,G0005007
-44953,-12482_0 -12482_1,:-44953_0_0 :-44953_0_1,2149.614,upstream,G5,G0005007
-61854,-15872_0 -15872_1,:-61854_0_0 :-61854_0_1,2149.632,upstream,G5,G0005007
-47221,-15108_0 -15108_1,:-47221_0_0 :-47221_0_1,2149.714,upstream,G5,G0005007
-47223,-8134_0 -8134_1,:-47223_0_0 :-47223_0_1,2149.734,upstream,G5,G0005007
-39301,-7220_0 -7220_1,:-39301_0_0 :-39301_0_1,2149.764,upstream,G5,G0005007
-33240,-7890_0 -7890_1,:-33240_0_0 :-33240_0_1,2149.765,upstream,G5,G0005007
-55491,-12876_0 -12876_1,:-55491_0_0 :-55491_0_1,2149.778,upstream,G5,G0005007
-58192,-13924_0 -13924_1,:-58192_0_0 :-58192_0_1,2149.788,upstream,G5,G0005007
-41716,-5994_0 -5994_1,:-41716_0_0 :-41716_0_1,2149.809,downstream,G5,G0005007
-44262,-6936_0 -6936_1,:-44262_0_0 :-44262_0_1,2150.187,downstream,G5,G0005007
-35636,-16880_0 -16880_1,:-35636_0_0 :-35636_0_1,2150.266,downstream,G5,G0005007
-53655,-10554_0 -10554_1,:-53655_0_0 :-53655_0_1,2150.556,downstream,G5,G0005007
-35650,-3814_0 -3814_1,:-35650_0_0 :-35650_0_1,2152.379,downstream,G5,G0005007
-49352,-8908_0 -8908_1,:-49352_0_0 :-49352_0_1,2152.440,downstream,G5,G0005007
-35410,-15534_0 -15534_1,:-35410_0_0 :-35410_0_1,2152.796,downstream,G5,G0005007
-35413,-3742_0 -3742_1,:-35413_0_0 :-35413_0_1,2153.048,downstream,G5,G0005007
-30949,-17260_0 -17260_1,:-30949_0_0 :-30949_0_1,2153.184,downstream,G5,G0005007
-37421,-4522_0 -4522_1,:-37421_0_0 :-37421_0_1,2153.197,downstream,G5,G0005007
-30954,-2210_0 -2210_1,:-30954_0_0 :-30954_0_1,2154.248,downstream,G5,G0005007
-55597,-11336_0 -11336_1,:-55597_0_0 :-55597_0_1,2154.643,upstream,G5,G0005007
-55304,-16384_0 -16384_1,:-55304_0_0 :-55304_0_1,2154.737,upstream,G5,G0005007
-36182,-8182_0 -8182_1,:-36182_0_0 :-36182_0_1,2154.790,upstream,G5,G0005007
-43413,-13758_0 -13758_1,:-43413_0_0 :-43413_0_1,2154.848,upstream,G5,G0005007
-33238,-4092_0 -4092_1,:-33238_0_0 :-33238_0_1,2154.943,upstream,G5,G0005007
-42216,-11798_0 -11798_1,:-42216_0_0 :-42216_0_1,2154.948,downstream,G5,G0005007
-46821,-7994_0 -7994_1,:-46821_0_0 :-46821_0_1,2154.978,upstream,G5,G0005007
-26956,-11168_0 -11168_1,:-26956_0_0 :-26956_0_1,2154.989,upstream,G5,G0005007
-43414,-6642_0 -6642_1,:-43414_0_0 :-43414_0_1,2155.013,upstream,G5,G0005007
-36183,-4012_0 -4012_1,:-36183_0_0 :-36183_0_1,2155.014,upstream,G5,G0005007
-67492,-16862_0 -16862_1,:-67492_0_0 :-67492_0_1,2155.017,upstream,G5,G0005007
-36361,-16840_0 -16840_1,:-36361_0_0 :-36361_0_1,2155.026,upstream,G5,G0005007
-47300,-14044_0 -14044_1,:-47300_0_0 :-47300_0_1,2155.028,upstream,G5,G0005007
-33239,-2972_0 -2972_1,:-33239_0_0 :-33239_0_1,2155.028,upstream,G5,G0005007
-38786,-4966_0 -4966_1,:-38786_0_0 :-38786_0_1,2155.039,downstream,G5,G0005007
-55588,-11914_0 -11914_1,:-55588_0_0 :-55588_0_1,2155.039,upstream,G5,G0005007
-34034,-9232_0 -9232_1,:-34034_0_0 :-34034_0_1,2155.239,upstream,G5,G0005007
-34035,-3286_0 -3286_1,:-34035_0_0 :-34035_0_1,2155.266,downstream,G5,G0005007
-27272,-6226_0 -6226_1,:-27272_0_0 :-27272_0_1,2155.388,downstream,G5,G0005007
-27274,-1100_0 -1100_1,:-27274_0_0 :-27274_0_1,2155.476,downstream,G5,G0005007
J144,-2390_0,:J144_0_0,2155.817,downstream,G5,G5京昆高速（雅泸段）
-31568,-3812_0 -3812_1,:-31568_0_0 :-31568_1_0 :-31568_1_1,2155.817,downstream,G5,G5京昆高速（雅泸段）
-48349,-14130_0 -14130_1,:-48349_0_0 :-48349_0_1,2155.996,upstream,G5,G0005007
-26851,-2306_0 -982#1_0,:-26851_0_0 :-26851_1_0,2155.996,downstream,G5,G0005007
-61472,-13790_0,:-61472_0_0,2155.996,downstream,G5,G0005007
-45367,-16472_0 -8520_0 -8520_1,:-45367_0_0 :-45367_1_0 :-45367_1_1,2155.996,downstream,G5,G0005007
-31225,,,2155.996,downstream,G5,G0005007
-46718,-7946_0,:-46718_0_0,2155.996,downstream,G5,G0005007
-31621,-2392_0 -2392_1,:-31621_0_0 :-31621_0_1,2156.253,downstream,G5,G5京昆高速（雅泸段）
-40358,-9422_0 -9422_1,:-40358_0_0 :-40358_0_1,2156.347,downstream,G5,G0005007
-27742,-5548_0 -5548_1,:-27742_0_0 :-27742_0_1,2156.433,downstream,G5,G0005007
-27748,-1258_0 -1258_1,:-27748_0_0 :-27748_0_1,2156.826,downstream,G5,G0005007
-32998,-10364_0 -10364_1,:-32998_0_0 :-32998_0_1,2156.867,downstream,G5,G0005007
-48768,-10582_0 -10582_1,:-48768_0_0 :-48768_1_0 :-48768_1_1,2156.987,downstream,G5,G0005007
-26028,-14730_0,:-26028_0_0,2156.987,downstream,G5,G0005007
-48772,-8674_0,:-48772_0_0,2156.987,downstream,G5,G0005007
-26035,-752_0,:-26035_0_0,2156.987,downstream,G5,G0005007
-36564,-8672_0 -8672_1,:-36564_0_0 :-36564_0_1,2157.078,downstream,G5,G0005007
-25974,-4184_0 -4184_1,:-25974_0_0 :-25974_0_1,2157.115,downstream,G5,G0005007
-33000,-2892_0 -2892_1,:-33000_0_0 :-33000_0_1,2157.200,downstream,G5,G0005007
-45373,-7404_0 -7404_1,:-45373_0_0 :-45373_1_0 :-45373_1_1,2157.266,downstream,G5,G0005007
-41278,-10426_0 -10426_1,:-41278_0_0 :-41278_0_1,2157.351,downstream,G5,G0005007
-26842,-3120#0_0,:-26842_0_0 :-26842_1_0,2157.562,downstream,G5,G0005007
-25642,-644_0,:-25642_0_0,2157.562,downstream,G5,G0005007
-25658,-646_0 -734_0 -734_1,:-25658_0_0 :-25658_1_0 :-25658_1_1,2157.562,downstream,G5,G0005007
-26838,-980_0 -3120#1_0,:-26838_0_0 :-26838_1_0,2157.562,downstream,G5,G0005007
-25641,-2390.856_0,:-25641_0_0 :-25641_1_0,2157.562,downstream,G5,G0005007
-36742,-4236_0,,2157.562,downstream,G5,G0005007
-28009,-10234_0 -10234_1,:-28009_0_0 :-28009_0_1,2157.639,downstream,G5,G5京昆高速（雅泸段）
-52756,-12334_0 -12334_1,:-52756_0_0 :-52756_0_1,2157.712,downstream,G5,G0005007
-40845,-8574_0 -8574_1,:-40845_0_0 :-40845_0_1,2157.995,downstream,G5,G0005007
-26304,-824_0,:-26304_0_0 :-26304_1_0,2158.388,downstream,G5,G0005007
-26303,,,2158.388,downstream,G5,G0005007
-28013,-4874_0 -1342_0 -1342_1,:-28013_0_0 :-28013_1_0 :-28013_1_1,2158.388,downstream,G5,G5京昆高速（雅泸段）
-57490,-13780_0 -13780_1,:-57490_0_0 :-57490_0_1,2158.631,downstream,G5,G0005007
-36553,-4178_0 -4178_1,:-36553_0_0 :-36553_0_1,2158.631,upstream,G5,G0005007
-49901,-9068_0 -9068_1,:-49901_0_0 :-49901_0_1,2159.461,downstream,G5,G0005007
-59032,-12902_0 -12902_1,:-59032_0_0 :-59032_0_1,2159.510,downstream,G5,G0005007
-55713,-13616_0 -13616_1,:-55713_0_0 :-55713_1_0 :-55713_1_1,2159.716,downstream,G5,G0005007
-30463,-2070_0,,2159.716,downstream,G5,G0005007
-30460,-12332_0 -11418_0,:-30460_0_0 :-30460_1_0,2159.716,downstream,G5,G0005007
-38574,-4876_0 -11420_0 -11420_1,:-38574_0_0 :-38574_1_0 :-38574_1_1,2160.207,downstream,G5,G0005007
-57519,-12230_0 -12230_1,:-57519_0_0 :-57519_0_1,2163.056,downstream,G5,G0005007
-67636,-16446_0 -16446_1,:-67636_0_0 :-67636_0_1,2163.100,downstream,G5,G0005007
-52926,-16580_0 -16580_1,:-52926_0_0 :-52926_0_1,2165.989,downstream,G5,G0005007
-39718,-10282_0 -10282_1,:-39718_0_0 :-39718_0_1,2166.039,downstream,G5,G0005007
-36532,-5302_0 -5302_1,:-36532_0_0 :-36532_0_1,2166.535,downstream,G5,G0005007
-36533,-4164_0 -4164_1,:-36533_0_0 :-36533_0_1,2166.558,downstream,G5,G0005007
-29650,-5760_0 -5760_1,:-29650_0_0 :-29650_0_1,2166.679,downstream,G5,G0005007
-29651,-1818_0 -1818_1,:-29651_0_0 :-29651_0_1,2166.703,downstream,G5,G0005007
-28174,-5014_0 -5014_1,:-28174_0_0 :-28174_0_1,2166.893,downstream,G5,G0005007
-28175,-1398_0 -1398_1,:-28175_0_0 :-28175_0_1,2166.919,downstream,G5,G0005007
-51687,-9760_0 -9760_1,:-51687_0_0 :-51687_0_1,2166.973,downstream,G5,G0005007
-56760,-12618_0 -12618_1,:-56760_0_0 :-56760_0_1,2167.335,downstream,G5,G0005007
-50738,-11896_0 -11896_1,:-50738_0_0 :-50738_0_1,2171.543,downstream,G5,G0005007
-27958,-9358_0 -9358_1,:-27958_0_0 :-27958_0_1,2171.643,downstream,G5,G0005007
-27961,-1324_0 -1324_1,:-27961_0_0 :-27961_0_1,2172.243,downstream,G5,G0005007
-55246,-16080_0 -16080_1,:-55246_0_0 :-55246_0_1,2172.292,downstream,G5,G0005007
-51549,-11144_0 -11144_1,:-51549_0_0 :-51549_0_1,2173.089,downstream,G5,G0005007
-51556,-9716_0 -9716_1,:-51556_0_0 :-51556_0_1,2173.563,downstream,G5,G0005007
-52195,-16386_0 -16386_1,:-52195_0_0 :-52195_0_1,2173.884,downstream,G5,G0005007
-38163,-10016_0 -10016_1,:-38163_0_0 :-38163_0_1,2173.932,downstream,G5,G0005007
-38165,-4758_0 -4758_1,:-38165_0_0 :-38165_0_1,2174.675,downstream,G5,G0005007
-56981,-16260_0 -16260_1,:-56981_0_0 :-56981_0_1,2210.923,upstream,G5,G5京昆高速（泸黄段）
-27595,-1186_0 -1186_1,:-27595_0_0 :-27595_0_1,2211.313,upstream,G5,G5京昆高速（泸黄段）
-27594,-12006_0 -12006_1,:-27594_0_0 :-27594_1_0 :-27594_1_1,2211.329,upstream,G5,G5京昆高速（泸黄段）
-26375,-1184_0,:-26375_0_0,2211.352,upstream,G5,G5京昆高速（泸黄段）
-26376,-850_0,:-26376_0_0,2211.352,upstream,G5,G5京昆高速（泸黄段）
-28884,-1596_0,,2211.352,upstream,G5,G5京昆高速（泸黄段）
-28881,-17222_0 -2284_0,:-28881_0_0 :-28881_1_0,2211.352,upstream,G5,G5京昆高速（泸黄段）
-46308,-7780_0 -7780_1,:-46308_0_0 :-46308_0_1,2211.352,downstream,G5,G5京昆高速（泸黄段）
-55338,-11196_0 -11196_1,:-55338_0_0 :-55338_0_1,2211.623,downstream,G5,G5京昆高速（泸黄段）
-43512,-16362_0 -16362_1,:-43512_0_0 :-43512_0_1,2211.651,downstream,G5,G5京昆高速（泸黄段）
-28474,-1488_0,:-28474_0_0,2211.781,downstream,G5,G5京昆高速（泸黄段）
-28452,-6340_0,:-28452_0_0 :-28452_1_0,2211.781,downstream,G5,G5京昆高速（泸黄段）
-42574,,,2211.781,downstream,G5,G5京昆高速（泸黄段）
-28459,-1486_0 -6680_0 -6680_1,:-28459_0_0 :-28459_1_0 :-28459_1_1,2211.781,downstream,G5,G5京昆高速（泸黄段）
-31158,-15918_0,:-31158_0_0,2215.452,upstream,G5,G0005008
-50221,-9184_0,:-50221_0_0,2215.452,upstream,G5,G0005008
-49293,-12080_0,:-49293_0_0,2215.865,upstream,G5,G0005008
-47534,-8254_0 -8254_1,:-47534_0_0 :-47534_0_1,2215.947,downstream,G5,G5京昆高速（泸黄段）
-57227,-12118_0 -12118_1,:-57227_0_0 :-57227_0_1,2216.811,downstream,G5,G5京昆高速（泸黄段）
-58871,-15030_0 -15030_1,:-58871_0_0 :-58871_0_1,2218.019,downstream,G5,G5京昆高速（泸黄段）
-54413,-12830_0 -12830_1,:-54413_0_0 :-54413_0_1,2218.078,downstream,G5,G5京昆高速（泸黄段）
-31288,-9808_0,:-31288_0_0,2218.413,upstream,G5,G0005008
-27657,-1206_0 -1206_1 -1206_2,:-27657_0_0 :-27657_1_0 :-27657_1_1 :-27657_1_2,2218.652,upstream,G5,G0005008
-34673,-10840_0 -10840_1,:-34673_0_0 :-34673_0_1,2218.697,downstream,G5,G5京昆高速（泸黄段）
-34675,-3488_0 -3488_1,:-34675_0_0 :-34675_0_1,2218.826,downstream,G5,G5京昆高速（泸黄段）
-30998,-14104_0 -14104_1 -14104_2,:-30998_0_0 :-30998_0_1,2218.933,upstream,G5,G0005008
-27496,-1516_0 -1516_1,:-27496_0_0 :-27496_0_1,2218.999,upstream,G5,G0005008
-27498,-1156_0 -1156_1,:-27498_0_0 :-27498_0_1,2219.067,upstream,G5,G0005008
-27653,-12780_0 -12780_1,:-27653_0_0 :-27653_0_1 :-27653_0_2,2219.068,upstream,G5,G0005008
-30999,-2228_0 -2228_1,:-30999_0_0 :-30999_0_1,2219.069,upstream,G5,G0005008
-31309,-2326_0 -12078_0 -12078_1,:-31309_0_0 :-31309_1_0 :-31309_1_1,2219.128,downstream,G5,G0005008
-53572,-13290_0 -13290_1,:-53572_0_0 :-53572_0_1,2219.184,upstream,G5,G0005008
-56358,-11774_0 -11774_1,:-56358_0_0 :-56358_0_1,2219.197,upstream,G5,G0005008
-37019,-6250_0 -6250_1,:-37019_0_0 :-37019_0_1,2219.313,upstream,G5,G0005008
-57945,-12396_0 -12396_1,:-57945_0_0 :-57945_0_1,2219.413,upstream,G5,G0005008
-42427,-6302_0 -6302_1,:-42427_0_0 :-42427_0_1,2219.490,upstream,G5,G0005008
-36464,-4124_0 -4124_1,:-36464_0_0 :-36464_0_1,2219.529,upstream,G5,G0005008
-44493,-13452_0 -7042_0 -7042_1,:-44493_0_0 :-44493_1_0 :-44493_1_1,2219.559,upstream,G5,G0005008
-28549,-1514_0 -1514_1,:-28549_0_0 :-28549_0_1,2219.561,upstream,G5,G0005008
-50219,-9182_0 -9182_1,:-50219_0_0 :-50219_0_1,2219.572,upstream,G5,G0005008
-50248,-16712_0 -16712_1,:-50248_0_0 :-50248_0_1,2219.574,upstream,G5,G0005008
-36463,-11678_0 -11678_1,:-36463_0_0 :-36463_0_1,2219.583,upstream,G5,G0005008
-25934,-4372_0 -4372_1,:-25934_0_0 :-25934_0_1,2219.594,upstream,G5,G0005008
-42426,-11450_0 -11450_1,:-42426_0_0 :-42426_0_1,2219.610,upstream,G5,G0005008
-44492,-7920_0 -7920_1,:-44492_0_0 :-44492_0_1,2219.611,upstream,G5,G0005008
-51721,-9776_0,:-51721_0_0,2219.624,upstream,G5,G0005008
-47681,-8310_0 -8310_1,:-47681_0_0 :-47681_0_1,2219.624,downstream,G5,G0005008
-38299,-6850_0 -6850_1,:-38299_0_0 :-38299_0_1,2220.870,downstream,G5,G0005008
-45059,-17420_0 -17420_1,:-45059_0_0 :-45059_0_1,2221.098,downstream,G5,G5京昆高速（泸黄段）
-29189,-7272_0 -7272_1,:-29189_0_0 :-29189_0_1,2221.211,downstream,G5,G5京昆高速（泸黄段）
-48775,-14536_0,:-48775_0_0 :-48775_1_0,2221.250,downstream,G5,G5京昆高速（泸黄段）
-63348,,,2221.250,downstream,G5,G5京昆高速（泸黄段）
-48791,-8680_0 -15072_0 -15072_1,:-48791_0_0 :-48791_1_0 :-48791_1_1,2221.250,downstream,G5,G5京昆高速（泸黄段）
-48783,-8678_0,:-48783_0_0,2221.250,downstream,G5,G5京昆高速（泸黄段）
-40103,-8888_0,:-40103_0_0,2221.256,downstream,G5,G0005008
-53612,-10542_0 -10542_1,:-53612_0_0 :-53612_1_0 :-53612_1_1,2221.256,downstream,G5,G0005008
-42565,-6334_0,,2221.256,downstream,G5,G0005008
-40111,-15070_0 -5460_0,:-40111_0_0 :-40111_1_0,2221.256,downstream,G5,G5京昆高速（泸黄段）
-28589,-4798_0 -4798_1,:-28589_0_0 :-28589_0_1,2221.509,downstream,G5,G0005008
-29204,-1694_0 -1694_1,:-29204_0_0 :-29204_0_1,2224.425,downstream,G5,G5京昆高速（泸黄段）
-28982,-15646_0 -15646_1,:-28982_0_0 :-28982_0_1,2224.834,downstream,G5,G5京昆高速（泸黄段）
-44198,-6902_0 -6902_1,:-44198_0_0 :-44198_0_1,2224.853,downstream,G5,G5京昆高速（泸黄段）
-28983,-1622_0 -1622_1,:-28983_0_0 :-28983_0_1 :-28983_0_2,2224.952,downstream,G5,G5京昆高速（泸黄段）
-52861,-14106_0,:-52861_0_0,2225.358,downstream,G5,G0005008
-52873,-10266_0 -12398_0 -12398_1 -12398_2,:-52873_0_0 :-52873_1_0 :-52873_1_1 :-52873_1_2,2225.358,downstream,G5,G5京昆高速（泸黄段）
-44865,-9612_0 -9612_1,:-44865_0_0 :-44865_0_1,2225.594,downstream,G5,G5京昆高速（泸黄段）
-44866,-7178_0 -7178_1,:-44866_0_0 :-44866_0_1,2225.642,downstream,G5,G5京昆高速（泸黄段）
-55992,-11530_0 -11530_1,:-55992_0_0 :-55992_0_1,2225.963,downstream,G5,G5京昆高速（泸黄段）
-63729,-14686_0 -14686_1 -14686_2,:-63729_0_0 :-63729_0_1,2226.293,downstream,G5,G5京昆高速（泸黄段）
-59356,-16916_0 -16916_1,:-59356_0_0 :-59356_0_1,2226.368,downstream,G5,G5京昆高速（泸黄段）
-28617,-1528_0 -1528_1,:-28617_0_0 :-28617_0_1,2226.904,downstream,G5,G0005008
-51943,-12094_0 -12094_1,:-51943_0_0 :-51943_0_1,2227.101,downstream,G5,G0005008
-51944,-9922_0 -9922_1,:-51944_0_0 :-51944_0_1,2227.197,downstream,G5,G0005008
-35862,-12994_0 -12994_1,:-35862_0_0 :-35862_0_1,2227.501,downstream,G5,G5京昆高速（泸黄段）
-35864,-3896_0 -3896_1,:-35864_0_0 :-35864_0_1,2227.638,downstream,G5,G5京昆高速（泸黄段）
-51104,-16678_0 -16678_1,:-51104_0_0 :-51104_0_1,2235.581,upstream,G5,G0005008
-54576,-10940_0 -10940_1,:-54576_0_0 :-54576_0_1,2235.588,upstream,G5,G0005008
-28331,-1458_0 -1458_1,:-28331_0_0 :-28331_0_1,2235.594,upstream,G5,G0005008
-51526,-16498_0 -16498_1,:-51526_0_0 :-51526_0_1,2235.600,upstream,G5,G0005008
-55671,-11390_0 -11390_1,:-55671_0_0 :-55671_0_1,2235.616,downstream,G5,G0005008
-28330,-6606_0 -6606_1,:-28330_0_0 :-28330_0_1,2235.616,upstream,G5,G0005008
-28588,-1526_0 -1526_1,:-28588_0_0 :-28588_0_1,2238.828,upstream,G5,G0005008
-38078,-4726_0,:-38078_0_0 :-38078_1_0,2238.840,upstream,G5,G0005008
-38077,,,2238.840,upstream,G5,G0005008
-40762,-16630_0 -5696_0 -5696_1,:-40762_0_0 :-40762_1_0 :-40762_1_1,2238.968,downstream,G5,G0005008
-65945,-17092_0 -17092_1,:-65945_0_0 :-65945_0_1,2240.440,downstream,G5,G0005008
-35923,-6746_0,:-35923_0_0,2240.660,downstream,G5,G0005008
-43699,-15718_0 -15718_1,:-43699_0_0 :-43699_1_0 :-43699_1_1,2240.660,downstream,G5,G0005008
-41428,-6748_0 -6748_1,:-41428_0_0 :-41428_0_1,2240.690,downstream,G5,G0005008
-41429,-5916_0 -5916_1,:-41429_0_0 :-41429_0_1,2240.778,downstream,G5,G5京昆高速（泸黄段）
-62746,-16632_0 -15548_0 -15548_1,:-62746_0_0 :-62746_1_0 :-62746_1_1,2241.196,downstream,G5,G0005008
-33397,-3034_0 -3034_1,:-33397_0_0 :-33397_0_1 :-33397_0_2,2241.202,upstream,G5,G0005008
-31705,-3696_0 -3696_1 -3696_2,:-31705_0_0 :-31705_0_1 :-31705_0_2,2241.264,downstream,G5,G0005008
-36484,-9698_0 -9698_1,:-36484_0_0 :-36484_0_1,2243.630,downstream,G5,G0005008
-36485,-4134_0 -4134_1,:-36485_0_0 :-36485_0_1,2243.683,downstream,G5,G0005008
-45503,-7480_0 -7480_1,:-45503_0_0 :-45503_0_1,2244.901,downstream,G5,G0005008
-60670,-15138_0 -15138_1,:-60670_0_0 :-60670_0_1,2244.931,downstream,G5,G0005008
-26075,-14262_0 -14262_1 -14262_2,:-26075_0_0 :-26075_0_1 :-26075_0_2,2245.352,downstream,G5,G0005008
-26076,-768_0 -768_1 -768_2,:-26076_0_0 :-26076_0_1 :-26076_0_2,2245.378,downstream,G5,G0005008
-35924,-3918_0,:-35924_0_0,2245.426,downstream,G5,G0005008
-54980,-11052_0 -16438_0,:-54980_0_0 :-54980_1_0,2245.426,downstream,G5,G0005008
-57035,-12028_0,,2245.426,downstream,G5,G0005008
-31713,-2418_0 -2418_1 -2418_2,:-31713_0_0 :-31713_1_0 :-31713_1_1,2245.426,downstream,G5,G0005008
-38886,-11050_0 -11050_1,:-38886_0_0 :-38886_0_1,2245.834,downstream,G5,G0005008
-28584,-5010_0 -5010_1,:-28584_0_0 :-28584_0_1,2245.866,downstream,G5,G0005008
-58990,-13532_0 -13532_1,:-58990_0_0 :-58990_0_1,2247.310,downstream,G5,G0005008
-58991,-12880_0 -12880_1,:-58991_0_0 :-58991_0_1,2247.381,downstream,G5,G0005008
-27630,-13050_0 -13050_1,:-27630_0_0 :-27630_0_1,2248.987,downstream,G5,G0005008
-27631,-1198_0 -1198_1,:-27631_0_0 :-27631_0_1,2249.040,downstream,G5,G0005008
-61666,-15230_0 -17030_0 -17030_1,:-61666_0_0 :-61666_1_0 :-61666_1_1,2249.057,upstream,G5,G0005008
-41424,-5910_0 -5910_1,:-41424_0_0 :-41424_0_1,2249.247,upstream,G5,G0005008
-56485,-11734_0 -16192_0,:-56485_0_0 :-56485_1_0,2249.265,upstream,G5,G5京昆高速（泸黄段）
-38079,-13858_0 -13858_1,:-38079_0_0 :-38079_0_1 :-38079_0_2,2249.265,downstream,G5,G0005008
-55508,,,2249.265,upstream,G5,G5京昆高速（泸黄段）
-31636,-2398_0,:-31636_0_0,2249.265,upstream,G5,G0005008
-41423,-8516_0 -8516_1,:-41423_0_0 :-41423_0_1,2249.265,upstream,G5,G0005008
-31624,-11298_0 -11298_1 -11298_2,:-31624_0_0 :-31624_1_0 :-31624_1_1 :-31624_1_2,2249.265,upstream,G5,G5京昆高速（泸黄段）
-35115,-14960_0,:-35115_0_0,2249.265,upstream,G5,G0005008
-35117,-15654_0 -3620_0,:-35117_0_0 :-35117_1_0,2249.265,upstream,G5,G0005008
-31627,-2396_0 -2396_1 -2396_2,:-31627_0_0,2249.265,upstream,G5,G5京昆高速（泸黄段）
-65863,-17408_0,:-65863_0_0,2249.265,upstream,G5,G0005008
-56486,-11736_0,:-56486_0_0,2249.265,upstream,G5,G0005008
-56470,-13356_0,:-56470_0_0 :-56470_1_0,2249.265,upstream,G5,G0005008
-51383,-9636_0 -9636_1 -9636_2,:-51383_0_0 :-51383_0_1,2249.803,downstream,G5,G0005008
-40562,-14748_0 -14748_1,:-40562_0_0 :-40562_0_1,2249.949,upstream,G5,G5京昆高速（泸黄段）
-40563,-5624_0 -5624_1,:-40563_0_0 :-40563_0_1,2250.013,downstream,G5,G5京昆高速（泸黄段）
-44131,-12986_0,:-44131_0_0,2250.165,downstream,G5,G5京昆高速（泸黄段）
-57455,-12210_0 -12210_1,:-57455_0_0 :-57455_1_0 :-57455_1_1,2250.165,downstream,G5,G5京昆高速（泸黄段）
-41714,-5992_0 -11344_0 -11344_1 -11344_2,:-41714_0_0 :-41714_1_0 :-41714_1_1 :-41714_1_2,2250.429,downstream,G5,G0005008
-55613,-12988_0 -12988_1,:-55613_0_0 :-55613_0_1 :-55613_0_2,2250.429,upstream,G5,G0005008
-29936,-1922_0 -1922_1,:-29936_0_0 :-29936_0_1,2250.926,downstream,G5,G0005008
-28550,-4148_0 -4148_1,:-28550_0_0 :-28550_0_1,2250.969,downstream,G5,G0005008
-32970,-3310_0 -6884_0,:-32970_0_0 :-32970_1_0,2254.260,downstream,G5,G0005008
-34107,-4728_0 -4728_1 -4728_2,:-34107_0_0 :-34107_1_0 :-34107_1_1,2254.260,downstream,G5,G0005008
-32972,-2878_0,,2254.260,downstream,G5,G0005008
-33349,-3312_0 -3312_1,:-33349_0_0 :-33349_0_1,2254.404,downstream,G5,G0005008
-33350,-3018_0 -3018_1,:-33350_0_0 :-33350_0_1,2254.465,downstream,G5,G0005008
-42182,,,2254.567,downstream,G5,G0005008
-36821,-5990_0 -16344_0 -16344_1,:-36821_0_0 :-36821_1_0 :-36821_1_1,2254.567,downstream,G5,G0005008
-41693,-6200_0,:-41693_0_0 :-41693_1_0,2254.567,downstream,G5,G0005008
-33395,-4280_0 -4280_1,:-33395_0_0 :-33395_0_1,2254.647,downstream,G5,G0005008
-59708,-14290_0 -14290_1 -14290_2,:-59708_0_0 :-59708_0_1,2255.308,downstream,G5,G0005008
-56248,-11640_0,:-56248_0_0,2256.769,upstream,G5,G5京昆高速（泸黄段）
-32514,-2708_0,:-32514_0_0,2256.769,upstream,G5,G0005008
-31657,-2406_0,,2256.769,upstream,G5,G5京昆高速（泸黄段）
-38608,-4896_0,:-38608_0_0 :-38608_1_0,2256.769,upstream,G5,G5京昆高速（泸黄段）
-58230,-16132_0,:-58230_0_0,2256.769,upstream,G5,G5京昆高速（泸黄段）
-34592,-16624_0,:-34592_0_0,2256.769,upstream,G5,G0005008
-31648,-11638_0 -3474_0,:-31648_0_0 :-31648_1_0,2256.769,upstream,G5,G0005008
-43503,-13134_0 -13134_1,:-43503_0_0 :-43503_1_0 :-43503_1_1,2257.031,downstream,G5,G0005008
-42155,-6188_0,,2257.031,downstream,G5,G0005008
-32429,-6768_0,:-32429_0_0,2257.031,downstream,G5,G0005008
-32430,-2676_0,:-32430_0_0,2257.031,downstream,G5,G0005008
-32675,-9918_0,:-32675_0_0,2257.031,downstream,G5,G0005008
-32513,-10970_0,:-32513_0_0,2257.031,downstream,G5,G0005008
-32681,-2768_0 -13178_0,:-32681_0_0 :-32681_1_0,2257.031,downstream,G5,G0005008
-43504,-6668_0,:-43504_0_0 :-43504_1_0,2257.031,downstream,G5,G0005008
-43733,-6770_0,:-43733_0_0,2257.031,downstream,G5,G0005008
-43505,-6670_0 -6670_1,:-43505_0_0 :-43505_0_1,2257.459,downstream,G5,G0005008
-64552,-17168_0 -17168_1,:-64552_0_0 :-64552_0_1,2257.491,downstream,G5,G0005008
-54793,-15034_0 -15034_1,:-54793_0_0 :-54793_0_1,2257.616,downstream,G5,G0005008
-27154,-4024_0 -4024_1,:-27154_0_0 :-27154_0_1,2257.913,upstream,G5,G5京昆高速（泸黄段）
-38612,-4898_0 -4898_1,:-38612_0_0 :-38612_0_1,2257.927,downstream,G5,G5京昆高速（泸黄段）
-54946,-16346_0 -16346_1,:-54946_0_0 :-54946_0_1,2258.042,downstream,G5,G5京昆高速（泸黄段）
-38075,-11040_0 -11040_1,:-38075_0_0 :-38075_0_1,2258.109,downstream,G5,G5京昆高速（泸黄段）
-54794,-10972_0 -10972_1,:-54794_0_0 :-54794_0_1,2258.220,upstream,G5,G0005008
-51538,-14034_0 -14034_1,:-51538_0_0 :-51538_0_1,2258.224,upstream,G5,G0005008
-38076,-4724_0 -4724_1,:-38076_0_0 :-38076_0_1,2258.234,downstream,G5,G5京昆高速（泸黄段）
-60233,-13346_0 -13346_1,:-60233_0_0 :-60233_0_1,2258.250,upstream,G5,G0005008
-32923,-11484_0 -7922_0,:-32923_0_0 :-32923_1_0,2258.282,downstream,G5,G0005008
-55879,-11934_0,:-55879_0_0 :-55879_1_0,2258.282,downstream,G5,G0005008
-56883,,,2258.282,downstream,G5,G0005008
-35818,-3864_0,:-35818_0_0,2258.282,downstream,G5,G0005008
-55907,-11486_0 -12504_0,:-55907_0_0 :-55907_1_0,2258.282,downstream,G5,G5京昆高速（泸黄段）
-35817,-13176_0,:-35817_0_0,2258.282,downstream,G5,G0005008
-59790,-13912_0,:-59790_0_0 :-59790_1_0,2258.282,downstream,G5,G0005008
-32928,-2852_0 -9710_0 -9710_1,:-32928_0_0 :-32928_1_0 :-32928_1_1,2258.282,downstream,G5,G0005008
-34264,-3372_0 -3372_1,:-34264_0_0 :-34264_0_1,2259.723,downstream,G5,G0005008
-44929,-7204_0 -7204_1,:-44929_0_0 :-44929_0_1,2259.752,downstream,G5,G0005008
-35826,-16364_0 -16364_1,:-35826_0_0 :-35826_0_1,2261.600,downstream,G5,G0005008
-34838,-3870_0 -3870_1,:-34838_0_0 :-34838_0_1,2261.664,downstream,G5,G0005008
-34840,-3518_0 -3518_1,:-34840_0_0 :-34840_0_1,2262.432,downstream,G5,G0005008
-63100,-17076_0 -17076_1,:-63100_0_0 :-63100_0_1,2262.505,upstream,G5,G5京昆高速（泸黄段）
-58641,-14408_0 -14408_1,:-58641_0_0 :-58641_0_1,2262.568,upstream,G5,G5京昆高速（泸黄段）
-62575,-16340_0,:-62575_0_0,2262.573,downstream,G5,G0005008
-38459,-11714_0 -14214_0,:-38459_0_0 :-38459_1_0,2262.573,downstream,G5,G5京昆高速（泸黄段）
-56406,-12714_0 -12714_1,:-56406_0_0 :-56406_1_0 :-56406_1_1,2262.573,downstream,G5,G5京昆高速（泸黄段）
-38460,-4860_0,,2262.573,downstream,G5,G5京昆高速（泸黄段）
-67006,-16764_0 -16764_1,:-67006_0_0 :-67006_1_0 :-67006_1_1,2262.923,downstream,G5,G0005008
-67041,-16168_0,:-67041_0_0,2262.923,downstream,G5,G0005008
-41784,-10672_0 -11716_0 -11716_1,:-41784_0_0 :-41784_1_0 :-41784_1_1,2263.313,downstream,G5,G5京昆高速（泸黄段）
-37262,,,2263.313,downstream,G5,G5京昆高速（泸黄段）
-32036,-10670_0,:-32036_0_0,2263.313,downstream,G5,G5京昆高速（泸黄段）
-37263,-4462_0,:-37263_0_0 :-37263_1_0,2263.313,downstream,G5,G5京昆高速（泸黄段）
-32037,-2548_0,:-32037_0_0,2263.539,downstream,G5,G0005008
-53812,-10604_0 -16166_0 -16166_1,:-53812_0_0 :-53812_1_0 :-53812_1_1,2263.539,downstream,G5,G0005008
-41788,-6042_0 -6042_1,:-41788_0_0 :-41788_0_1,2263.590,downstream,G5,G5京昆高速（泸黄段）
-44544,-7070_0 -7070_1,:-44544_0_0 :-44544_0_1,2264.362,downstream,G5,G5京昆高速（泸黄段）
-60193,-13752_0 -13752_1,:-60193_0_0 :-60193_0_1,2264.422,downstream,G5,G5京昆高速（泸黄段）
-28132,-13680_0 -13680_1,:-28132_0_0 :-28132_0_1,2265.146,downstream,G5,G0005008
-36203,-13334_0 -13334_1,:-36203_0_0 :-36203_0_1,2266.275,downstream,G5,G5京昆高速（泸黄段）
-48946,-17256_0,:-48946_0_0,2268.721,upstream,G5,G0005009
-42250,-6242_0,:-42250_0_0,2268.721,upstream,G5,G0005009
-55422,,,2270.179,upstream,G5,G5京昆高速（西攀段）
-46091,-11260_0,:-46091_0_0 :-46091_1_0,2270.179,upstream,G5,G0005009
-65872,-16310_0 -16310_1,:-65872_0_0 :-65872_0_1,2270.301,upstream,G5,G0005009
-40681,-5676_0 -5676_1,:-40681_0_0 :-40681_0_1,2270.334,upstream,G5,G0005009
-37127,-7720_0 -4418_0 -4418_1,:-37127_0_0 :-37127_1_0 :-37127_1_1,2270.347,upstream,G5,G0005009
-33489,-3080_0 -3080_1,:-33489_0_0 :-33489_0_1,2270.388,upstream,G5,G0005009
-40677,-10590_0 -10590_1,:-40677_0_0 :-40677_0_1,2270.401,upstream,G5,G0005009
-59368,-15658_0 -15658_1,:-59368_0_0 :-59368_0_1,2270.449,upstream,G5,G0005009
-33488,-15926_0 -15926_1,:-33488_0_0 :-33488_0_1,2270.464,upstream,G5,G0005009
-56634,-11824_0 -11824_1,:-56634_0_0 :-56634_0_1,2270.491,upstream,G5,G0005009
-48906,-8730_0 -8730_1,:-48906_0_0 :-48906_0_1,2270.493,upstream,G5,G0005009
-37124,-4474_0 -4474_1,:-37124_0_0 :-37124_0_1,2270.498,upstream,G5,G0005009
-37310,-6240_0 -6240_1,:-37310_0_0 :-37310_0_1,2270.512,upstream,G5,G0005009
-38101,-6760_0 -6760_1,:-38101_0_0 :-38101_0_1,2270.514,downstream,G5,G0005009
-28935,-16004_0 -16004_1,:-28935_0_0 :-28935_0_1,2271.562,upstream,G5,G0005008
-28133,-1378_0 -1378_1,:-28133_0_0 :-28133_0_1,2271.622,upstream,G5,G0005008
-37816,-16252_0 -16252_1,:-37816_0_0 :-37816_0_1,2271.622,upstream,G5,G0005008
-49498,-16898_0 -16898_1,:-49498_0_0 :-49498_0_1,2271.622,upstream,G5,G0005008
-37819,-4648_0 -4648_1,:-37819_0_0 :-37819_0_1,2271.628,downstream,G5,G0005008
-31314,-2328_0 -5356_0 -5356_1,:-31314_0_0 :-31314_1_0 :-31314_1_1,2272.900,downstream,G5,G0005008
-39824,-13344_0 -13344_1,:-39824_0_0 :-39824_0_1,2272.900,upstream,G5,G0005008
-31310,-17178_0,:-31310_0_0,2272.900,downstream,G5,G0005008
-51420,-9656_0,,2274.508,downstream,G5,G0005008
-64723,-15114_0 -15114_1,:-64723_0_0 :-64723_1_0 :-64723_1_1,2274.508,downstream,G5,G0005008
-32965,-16124_0 -2868_0,:-32965_0_0 :-32965_1_0,2274.508,downstream,G5,G0005008
-27285,-16122_0 -16122_1,:-27285_0_0 :-27285_0_1,2274.720,downstream,G5,G0005008
-27286,-1108_0 -1108_1,:-27286_0_0 :-27286_0_1,2274.805,downstream,G5,G0005008
-60280,-15458_0 -15458_1 -17032_0,:-60280_0_0 :-60280_0_1 :-60280_2_0,2274.876,upstream,G5,G0005009
-27598,-1188_0 -1188_1,:-27598_0_0 :-27598_1_0 :-27598_1_1,2274.916,downstream,G5,G5京昆高速（泸黄段）
-32949,-13342_0,:-32949_0_0,2274.916,downstream,G5,G5京昆高速（泸黄段）
-68858,-17034_0,:-68858_0_0,2275.024,upstream,G5,G0005008
-68817,,,2275.024,upstream,G5,G0005009
-42821,-13360_0 -13360_1,:-42821_0_0 :-42821_0_1,2275.024,downstream,G5,G0005009
-68819,-17024_0,:-68819_0_0 :-68819_1_0,2275.024,upstream,G5,G0005009
-34421,-3404_0 -3404_1,:-34421_0_0 :-34421_0_1,2275.705,downstream,G5,G0005008
-27596,-4732_0 -4732_1,:-27596_0_0 :-27596_0_1,2275.982,downstream,G5,G0005009
-41125,-12728_0 -12728_1,:-41125_0_0 :-41125_0_1,2277.227,downstream,G5,G0005008
-41126,-5820_0 -5820_1,:-41126_0_0 :-41126_0_1,2277.240,downstream,G5,G0005008
-59137,-12932_0 -12932_1,:-59137_0_0 :-59137_0_1,2278.265,downstream,G5,G0005008
-69581,-17378_0 -17378_1,:-69581_0_0 :-69581_0_1,2278.277,downstream,G5,G0005008
-42828,-6440_0 -6440_1,:-42828_0_0 :-42828_0_1,2280.505,downstream,G5,G0005009
-55303,-11166_0 -11166_1,:-55303_0_0 :-55303_0_1,2280.596,downstream,G5,G0005009
-55648,-14208_0 -14208_1,:-55648_0_0 :-55648_0_1,2280.952,downstream,G5,G0005009
-28368,-11370_0 -11370_1,:-28368_0_0 :-28368_0_1,2281.169,downstream,G5,G0005009
-28379,-1468_0 -1468_1,:-28379_0_0 :-28379_0_1,2284.613,downstream,G5,G0005009
-40238,-17450_0 -17450_1,:-40238_0_0 :-40238_0_1,2290.116,upstream,G5,G5京昆高速（西攀段）
-30964,-2216_0 -2216_1,:-30964_0_0 :-30964_0_1,2290.265,upstream,G5,G5京昆高速（西攀段）
-40239,-5496_0 -5496_1,:-40239_0_0 :-40239_0_1,2290.308,upstream,G5,G5京昆高速（西攀段）
-48976,-17174_0 -8742_0,:-48976_0_0 :-48976_1_0,2290.331,downstream,G5,G5京昆高速（西攀段）
-59958,-13240_0,,2290.331,downstream,G5,G5京昆高速（西攀段）
-42408,-6290_0 -6290_1,:-42408_0_0 :-42408_1_0 :-42408_1_1,2290.331,downstream,G5,G5京昆高速（西攀段）
-31248,-17172_0 -17172_1,:-31248_0_0 :-31248_0_1,2290.611,downstream,G5,G5京昆高速（西攀段）
-31249,-2320_0 -2320_1,:-31249_0_0 :-31249_0_1,2290.646,downstream,G5,G5京昆高速（西攀段）
-45275,-7378_0 -7378_1 -7722_0,:-45275_0_0 :-45275_0_1 :-45275_2_0,2291.125,downstream,G5,G5京昆高速（西攀段）
-40596,-9414_0 -9414_1,:-40596_0_0 :-40596_0_1,2292.460,downstream,G5,G5京昆高速（西攀段）
-40597,-5644_0 -5644_1,:-40597_0_0 :-40597_0_1,2292.502,downstream,G5,G5京昆高速（西攀段）
-44351,-6978_0 -6978_1,:-44351_0_0 :-44351_0_1,2292.754,downstream,G5,G5京昆高速（西攀段）
-44165,-16440_0 -16440_1,:-44165_0_0 :-44165_0_1,2292.855,downstream,G5,G5京昆高速（西攀段）
-44166,-6888_0 -6888_1,:-44166_0_0 :-44166_0_1,2293.523,downstream,G5,G5京昆高速（西攀段）
-28626,-17238_0 -17238_1,:-28626_0_0 :-28626_0_1,2293.613,downstream,G5,G5京昆高速（西攀段）
-28633,-1534_0 -1534_1,:-28633_0_0 :-28633_0_1,2296.345,downstream,G5,G5京昆高速（西攀段）
-31801,-2464_0 -2464_1,:-31801_0_0 :-31801_0_1,2296.424,downstream,G5,G5京昆高速（西攀段）
-58298,-15264_0 -15264_1,:-58298_0_0 :-58298_0_1,2310.138,upstream,G5,G0005009
-34566,-3464_0 -3464_1,:-34566_0_0 :-34566_0_1,2310.334,upstream,G5,G0005009
-31778,-2452_0 -2452_1,:-31778_0_0 :-31778_0_1,2310.482,upstream,G5,G0005009
-34659,-3482_0 -3482_1,:-34659_0_0 :-34659_0_1,2310.493,upstream,G5,G0005009
-25542,-614_0 -614_1,:-25542_0_0 :-25542_0_1,2310.505,upstream,G5,G0005009
-47337,-8196_0 -8196_1,:-47337_0_0 :-47337_0_1,2310.520,upstream,G5,G0005009
-58299,-12516_0 -12516_1,:-58299_0_0 :-58299_0_1,2310.533,downstream,G5,G0005009
-31777,-13130_0 -13130_1,:-31777_0_0 :-31777_0_1,2310.533,upstream,G5,G0005009
-55808,-11454_0 -11454_1,:-55808_0_0 :-55808_0_1,2311.439,upstream,G5,G0005009
-53656,-13206_0 -13206_1,:-53656_0_0 :-53656_0_1,2311.765,downstream,G5,G0005009
-34963,-3564_0 -3564_1,:-34963_0_0 :-34963_0_1,2311.765,upstream,G5,G0005009
-59492,-14920_0 -14920_1,:-59492_0_0 :-59492_0_1,2311.816,downstream,G5,G0005009
-59493,-13062_0 -13062_1,:-59493_0_0 :-59493_0_1,2311.862,downstream,G5,G0005009
-59488,-13660_0 -13660_1,:-59488_0_0 :-59488_0_1,2312.518,downstream,G5,G0005009
-53660,-10556_0 -10556_1,:-53660_0_0 :-53660_0_1,2313.054,downstream,G5,G0005009
-54185,-10742_0 -10742_1,:-54185_0_0 :-54185_0_1,2313.086,upstream,G5,G0005009
-52942,-14108_0 -14108_1,:-52942_0_0 :-52942_0_1,2313.121,downstream,G5,G0005009
-39110,-5086_0 -5086_1,:-39110_0_0 :-39110_0_1,2313.167,upstream,G5,G0005009
-42557,-11858_0 -11858_1,:-42557_0_0 :-42557_0_1,2313.210,upstream,G5,G0005009
-42829,-10490_0 -10490_1,:-42829_0_0 :-42829_0_1,2313.225,upstream,G5,G0005009
-31221,-7584_0 -7584_1,:-31221_0_0 :-31221_0_1,2313.265,upstream,G5,G0005009
-33960,-3254_0 -3254_1,:-33960_0_0 :-33960_0_1,2313.324,upstream,G5,G0005009
-45473,-7792_0 -7792_1,:-45473_0_0 :-45473_0_1,2313.344,upstream,G5,G0005009
-51861,-10434_0 -10434_1,:-51861_0_0 :-51861_0_1,2313.361,upstream,G5,G0005009
-48631,-8618_0 -8618_1,:-48631_0_0 :-48631_0_1,2313.402,upstream,G5,G0005009
-31222,-2302_0 -2302_1,:-31222_0_0 :-31222_0_1,2313.422,upstream,G5,G0005009
-46319,-9878_0 -9878_1,:-46319_0_0 :-46319_0_1,2313.459,upstream,G5,G0005009
-48629,-12686_0 -12686_1,:-48629_0_0 :-48629_0_1,2313.459,upstream,G5,G0005009
-42830,-6442_0 -6442_1,:-42830_0_0 :-42830_0_1,2313.477,upstream,G5,G0005009
-53306,-11220_0 -11220_1,:-53306_0_0 :-53306_0_1,2313.480,upstream,G5,G0005009
-40270,-10066_0 -10066_1,:-40270_0_0 :-40270_0_1,2313.481,upstream,G5,G0005009
-33958,-13766_0 -13766_1,:-33958_0_0 :-33958_0_1,2313.486,upstream,G5,G0005009
-45474,-7458_0 -7458_1,:-45474_0_0 :-45474_0_1,2313.488,upstream,G5,G0005009
-51862,-9868_0 -9868_1,:-51862_0_0 :-51862_0_1,2313.492,upstream,G5,G0005009
-39687,-6328_0 -6328_1,:-39687_0_0 :-39687_0_1,2313.508,downstream,G5,G0005009
-53305,-10432_0 -10432_1,:-53305_0_0 :-53305_0_1,2313.508,upstream,G5,G0005009
-48357,-10290_0 -10290_1,:-48357_0_0 :-48357_0_1,2313.912,downstream,G5,G0005009
-48358,-8528_0 -8528_1,:-48358_0_0 :-48358_0_1,2313.940,downstream,G5,G0005009
-34911,-5658_0,:-34911_0_0,2314.411,downstream,G5,G0005009
J189,,,2314.411,downstream,G5,G0005009
-40632,-14852.57_0,:-40632_0_0,2314.411,downstream,G5,G0005009
-41067,-6676_0 -5798_0 -5798_1,:-41067_0_0 :-41067_1_0 :-41067_1_1,2314.411,downstream,G5,G5京昆高速（西攀段）
-28217,-1414_0,:-28217_0_0,2314.411,downstream,G5,G5京昆高速（西攀段）
-28216,-3548_0,:-28216_0_0,2314.411,downstream,G5,G0005009
-42803,-13060_0 -13060_1,:-42803_0_0 :-42803_0_1,2314.699,upstream,G5,G0005009
-34959,-6696_0 -6696_1,:-34959_0_0 :-34959_0_1,2314.888,downstream,G5,G5京昆高速（西攀段）
-42805,-6436_0 -6436_1,:-42805_0_0 :-42805_1_0 :-42805_1_1,2314.918,downstream,G5,G0005009
J190,-14878_0,,2314.918,downstream,G5,G0005009
J188,,,2315.472,downstream,G5,G0005009
-64116,-14854.61_0 -14880_0 -14880_1,:-64116_0_0 :-64116_1_0 :-64116_1_1,2315.472,downstream,G5,G0005009
-39691,-5294_0 -5294_1,:-39691_0_0 :-39691_1_0 :-39691_1_1,2315.607,downstream,G5,G0005009
-41085,-5800_0,:-41085_0_0,2315.607,downstream,G5,G5京昆高速（西攀段）
J191,-7978_0,,2315.607,downstream,G5,G0005009
-46787,-8108_0,:-46787_0_0,2315.607,downstream,G5,G0005009
-54993,-11060_0 -11060_1,:-54993_0_0 :-54993_0_1,2315.691,downstream,G5,G0005009
-55707,-11414_0 -11414_1,:-55707_0_0 :-55707_0_1,2315.745,downstream,G5,G0005009
-44755,-15304_0 -15304_1,:-44755_0_0 :-44755_0_1,2317.320,downstream,G5,G0005009
-44756,-7134_0 -7134_1,:-44756_0_0 :-44756_0_1,2317.347,downstream,G5,G0005009
-27185,-12254_0 -12254_1,:-27185_0_0 :-27185_0_1,2317.498,downstream,G5,G0005009
-35309,-11556_0 -11556_1,:-35309_0_0 :-35309_0_1,2317.561,downstream,G5,G0005009
-35310,-3690_0 -3690_1,:-35310_0_0 :-35310_0_1,2317.643,downstream,G5,G0005009
-27187,-1064_0 -1064_1,:-27187_0_0 :-27187_0_1,2317.948,downstream,G5,G0005009
-46360,-12678_0 -12678_1,:-46360_0_0 :-46360_0_1,2317.980,downstream,G5,G0005009
-41748,-7822_0 -7822_1,:-41748_0_0 :-41748_0_1,2318.274,downstream,G5,G0005009
-41749,-6022_0 -6022_1,:-41749_0_0 :-41749_0_1,2318.333,downstream,G5,G0005009
-48294,-11142_0 -11142_1,:-48294_0_0 :-48294_0_1,2319.697,downstream,G5,G0005009
-48295,-8496_0 -8496_1,:-48295_0_0 :-48295_0_1,2319.738,downstream,G5,G0005009
-31937,-16572_0 -16572_1,:-31937_0_0 :-31937_0_1,2320.067,downstream,G5,G0005009
-31938,-2510_0 -2510_1,:-31938_0_0 :-31938_0_1,2320.166,downstream,G5,G0005009
-44168,-13650_0 -13650_1,:-44168_0_0 :-44168_0_1,2321.645,downstream,G5,G0005009
-41253,-6892_0 -6892_1,:-41253_0_0 :-41253_0_1,2321.703,downstream,G5,G0005009
-65979,-16514_0 -16514_1,:-65979_0_0 :-65979_0_1,2321.733,downstream,G5,G0005009
-27991,-5854_0 -5854_1,:-27991_0_0 :-27991_0_1,2321.912,downstream,G5,G0005009
-27992,-1332_0 -1332_1,:-27992_0_0 :-27992_0_1,2322.012,downstream,G5,G0005009
-59110,-15732_0 -15732_1,:-59110_0_0 :-59110_0_1,2322.123,downstream,G5,G0005009
-31730,-2424_0 -2424_1,:-31730_0_0 :-31730_0_1,2322.385,downstream,G5,G0005009
-43838,-14624_0 -14624_1,:-43838_0_0 :-43838_0_1,2322.425,downstream,G5,G0005009
-43842,-6810_0 -6810_1,:-43842_0_0 :-43842_0_1,2323.275,downstream,G5,G0005009
-53790,-11512_0 -11512_1,:-53790_0_0 :-53790_0_1,2323.937,downstream,G5,G0005009
-37020,-10600_0 -10600_1,:-37020_0_0 :-37020_0_1,2324.120,downstream,G5,G0005009
-37021,-4374_0 -4374_1,:-37021_0_0 :-37021_0_1,2324.610,downstream,G5,G0005009
-50980,-12920_0 -12920_1,:-50980_0_0 :-50980_0_1,2326.223,downstream,G5,G0005009
-41728,-9460_0 -9460_1,:-41728_0_0 :-41728_0_1,2326.325,downstream,G5,G0005009
-41732,-6006_0 -6006_1,:-41732_0_0 :-41732_0_1,2327.205,downstream,G5,G0005009
-53494,-10504_0 -10504_1,:-53494_0_0 :-53494_0_1,2327.285,downstream,G5,G0005009
-58686,-16978_0 -16978_1,:-58686_0_0 :-58686_0_1,2330.031,downstream,G5,G0005009
-58687,-12738_0 -12738_1,:-58687_0_0 :-58687_0_1,2330.121,downstream,G5,G0005009
-59198,-12954_0 -12954_1,:-59198_0_0 :-59198_0_1,2330.789,downstream,G5,G0005009
-43415,-9856_0 -9856_1,:-43415_0_0 :-43415_0_1,2337.103,upstream,G5,G5京昆高速（西攀段）
-49691,-15076_0 -15076_1,:-49691_0_0 :-49691_0_1,2337.119,upstream,G5,G5京昆高速（西攀段）
-26832,-16064_0 -16064_1,:-26832_0_0 :-26832_0_1,2337.124,upstream,G5,G5京昆高速（西攀段）
-26835,-976_0 -976_1,:-26835_0_0 :-26835_0_1,2337.139,upstream,G5,G5京昆高速（西攀段）
-26775,-956_0 -956_1,:-26775_0_0 :-26775_0_1,2337.185,upstream,G5,G5京昆高速（西攀段）
-33277,-2988_0 -2988_1,:-33277_0_0 :-33277_0_1,2337.195,upstream,G5,G5京昆高速（西攀段）
-37273,-8798_0 -8798_1,:-37273_0_0 :-37273_0_1,2337.201,upstream,G5,G5京昆高速（西攀段）
-32038,-7618_0 -7618_1,:-32038_0_0 :-32038_0_1,2337.245,upstream,G5,G5京昆高速（西攀段）
-33276,-9028_0 -9028_1,:-33276_0_0 :-33276_0_1,2337.326,upstream,G5,G5京昆高速（西攀段）
-27667,-1212_0 -1212_1,:-27667_0_0 :-27667_0_1,2337.327,upstream,G5,G5京昆高速（西攀段）
-45859,-7628_0 -7628_1,:-45859_0_0 :-45859_0_1,2337.341,upstream,G5,G5京昆高速（西攀段）
-26771,-16730_0 -16730_1,:-26771_0_0 :-26771_0_1,2337.356,upstream,G5,G5京昆高速（西攀段）
-61020,-13644_0 -13644_1,:-61020_0_0 :-61020_0_1,2337.449,upstream,G5,G5京昆高速（西攀段）
-49058,-9026_0 -9026_1,:-49058_0_0 :-49058_0_1,2337.460,upstream,G5,G5京昆高速（西攀段）
-57238,-12126_0 -12126_1,:-57238_0_0 :-57238_0_1,2337.467,upstream,G5,G5京昆高速（西攀段）
-43416,-6644_0 -6644_1,:-43416_0_0 :-43416_0_1,2337.468,upstream,G5,G5京昆高速（西攀段）
-45839,-9010_0 -9010_1,:-45839_0_0 :-45839_0_1,2337.480,upstream,G5,G5京昆高速（西攀段）
-32039,-2550_0 -2550_1,:-32039_0_0 :-32039_0_1,2337.487,upstream,G5,G5京昆高速（西攀段）
-28240,-14224_0 -14224_1,:-28240_0_0 :-28240_1_0 :-28240_1_1,2337.499,downstream,G5,G5京昆高速（西攀段）
-57237,-16508_0 -16508_1,:-57237_0_0 :-57237_0_1,2337.499,upstream,G5,G5京昆高速（西攀段）
-28267,-1432_0 -1432_1,:-28267_0_0 :-28267_0_1,2337.831,downstream,G5,G5京昆高速（西攀段）
-61216,-16032_0 -16032_1,:-61216_0_0 :-61216_0_1,2337.890,downstream,G5,G5京昆高速（西攀段）
-35970,-12750_0 -13676_0 -13676_1,:-35970_0_0 :-35970_1_0 :-35970_1_1,2337.908,downstream,G5,G5京昆高速（西攀段）
-58707,-14618_0,:-58707_0_0,2337.908,downstream,G5,G5京昆高速（西攀段）
-45749,-7578_0,:-45749_0_0,2337.908,downstream,G5,G0005009
-31924,-10572_0 -10572_1,:-31924_0_0 :-31924_0_1,2340.062,upstream,G5,G0005009
-35984,-3932_0 -3932_1,:-35984_0_0 :-35984_0_1,2340.378,upstream,G5,G0005009
-30197,-1986_0 -1986_1,:-30197_0_0 :-30197_0_1,2340.378,downstream,G5,G0005009
-31080,-14058_0 -14058_1,:-31080_0_0 :-31080_0_1,2340.687,upstream,G5,G0005009
-32090,-11026_0,:-32090_0_0,2340.790,upstream,G5,G0005009
-32136,-2572_0,:-32136_0_0,2340.790,upstream,G5,G0005009
-28493,-15618_0,:-28493_0_0,2340.790,upstream,G5,G0005009
-28498,-1496_0 -2248_0 -2248_1,:-28498_0_0 :-28498_1_0 :-28498_1_1,2340.875,downstream,G5,G0005009
-43868,-6826_0 -6826_1,:-43868_0_0 :-43868_0_1,2340.932,downstream,G5,G0005009
-34366,-10374_0 -10374_1,:-34366_0_0 :-34366_0_1,2342.081,downstream,G5,G0005009
-34367,-3398_0 -3398_1,:-34367_0_0 :-34367_0_1,2342.356,downstream,G5,G0005009
-38627,-4904_0 -4904_1,:-38627_0_0 :-38627_0_1,2342.635,downstream,G5,G0005009
7373856599,-4000000224_0,:7373856599_0_0,2342.857,upstream,G5,G0005009
7373856598,-4000000177_0,:7373856598_0_0,2342.857,upstream,G5,G0005009
-27842,-16502_0 -16502_1,:-27842_0_0 :-27842_0_1,2342.888,downstream,G5,G0005009
-27850,-1308_0 -1308_1,:-27850_0_0 :-27850_0_1,2343.912,downstream,G5,G0005009
-68008,-16650_0 -16650_1,:-68008_0_0 :-68008_0_1,2344.160,downstream,G5,G0005009
12179778326,-4000000505_0 -4000000505_1,:12179778326_0_0 :12179778326_0_1,2344.738,downstream,G5,G0005009
-32646,-4000000504_0 -4000000504_1,:-32646_0_0 :-32646_0_1,2344.982,upstream,G5,G0005009
12179778325,-4000000507_0 -4000000507_1,:12179778325_0_0 :12179778325_0_1,2344.998,upstream,G5,G0005009
3329908393,-4000000512_0 -4000000512_1,:3329908393_0_0 :3329908393_0_1,2345.056,upstream,G5,G0005009
7373856658,,,2345.061,upstream,G5,G0005009
7373856650,-4000000235_0,:7373856650_0_0 :7373856650_1_0,2345.061,upstream,G5,G0005009
7373841483,-4000000232_0,:7373841483_0_0,2345.061,upstream,G5,G0005009
7373856593,-4000000183_0 -4000000183_1,:7373856593_0_0 :7373856593_0_1,2345.122,upstream,G5,G0005009
-40651,-5666_0 -5666_1,:-40651_0_0 :-40651_0_1,2345.133,upstream,G5,G0005009
4225648848,-4000000186_0 -4000000186_1,:4225648848_0_0 :4225648848_0_1,2345.144,upstream,G5,G0005009
-28514,-1502_0 -1502_1,:-28514_0_0 :-28514_0_1,2345.147,upstream,G5,G0005009
-32649,-2754_0 -2754_1,:-32649_0_0 :-32649_0_1,2345.153,upstream,G5,G0005009
3330302318,-4000000233_0 -4000000506_0 -4000000506_1,:3330302318_0_0 :3330302318_1_0 :3330302318_1_1,2345.168,upstream,G5,G0005009
4225649024,-4000000516_0 -4000000516_1,:4225649024_0_0 :4225649024_0_1,2345.187,upstream,G5,G0005009
7373856595,-4000000221_0 -4000000221_1,:7373856595_0_0 :7373856595_0_1,2345.212,upstream,G5,G0005009
3329908889,-4000000514_0 -4000000514_1,:3329908889_0_0 :3329908889_0_1,2345.225,upstream,G5,G0005009
7373856657,-4000000234_0,,2345.241,downstream,G5,G0005009
3330301767,-4000000508_0 -4000000508_1,:3330301767_0_0 :3330301767_1_0 :3330301767_1_1,2345.241,downstream,G5,G0005009
7373856649,-4000000225_0 -4000000219_0,:7373856649_0_0 :7373856649_1_0,2345.241,downstream,G5,G0005009
7373856616,-4000000223_0 -4000000223_1,:7373856616_0_0 :7373856616_0_1,2345.245,upstream,G5,G0005009
3329908366,-4000000229_0 -4000000229_1,:3329908366_0_0 :3329908366_0_1,2345.260,upstream,G5,G0005009
3329908340,-4000000510_0 -4000000510_1,:3329908340_0_0 :3329908340_0_1,2345.274,upstream,G5,G0005009
-46548,-15946_0 -15946_1,:-46548_0_0 :-46548_0_1,2345.274,downstream,G5,G0005009
7373856614,-4000000509_0 -4000000509_1,:7373856614_0_0 :7373856614_0_1,2345.538,downstream,G5,G0005009
7373856617,-4000000227_0 -4000000227_1,:7373856617_0_0 :7373856617_0_1,2345.566,downstream,G5,G0005009
7373856618,-4000000226_0,:7373856618_0_0,2345.621,downstream,G5,G0005009
456818363,-4000000231_0 -4000000230_0 -4000000230_1,:456818363_0_0 :456818363_1_0 :456818363_1_1,2345.621,downstream,G5,G0005009
7373856615,-4000000218_0,:7373856615_0_0,2345.621,downstream,G5,G0005009
7373856592,-4000000222_0 -4000000222_1,:7373856592_0_0 :7373856592_0_1,2345.743,downstream,G5,G0005009
-41296,-5870_0,:-41296_0_0,2346.178,downstream,G5,G0005009
-55393,-14344_0,:-55393_0_0,2346.178,downstream,G5,G0005009
-34661,-3484_0 -3484_1,:-34661_0_0 :-34661_1_0 :-34661_1_1,2346.178,downstream,G5,G0005009
-41281,-12084_0,:-41281_0_0,2346.178,downstream,G5,G0005009
-31052,-7894_0 -7894_1,:-31052_0_0 :-31052_0_1,2346.411,downstream,G5,G0005009
-31053,-2236_0 -2236_1,:-31053_0_0 :-31053_0_1,2346.610,downstream,G5,G0005009
-43246,-15582_0,:-43246_0_0,2346.636,downstream,G5,G0005009
-51860,-9866_0 -9866_1,:-51860_0_0 :-51860_1_0 :-51860_1_1,2346.636,downstream,G5,G0005009
-41508,-6602_0,:-41508_0_0,2346.636,downstream,G5,G0005009
-58930,-15584_0 -15584_1,:-58930_0_0 :-58930_0_1,2346.976,downstream,G5,G0005009
-34139,-12082_0 -12082_1,:-34139_0_0 :-34139_0_1,2347.078,downstream,G5,G0005009
-51577,-12864_0 -12864_1,:-51577_0_0 :-51577_0_1,2347.210,downstream,G5,G0005009
-34140,-3326_0 -3326_1,:-34140_0_0 :-34140_0_1,2347.472,downstream,G5,G0005009
-31554,-9724_0 -9724_1,:-31554_0_0 :-31554_0_1,2347.497,downstream,G5,G0005009
-55647,-11368_0 -11368_1,:-55647_0_0 :-55647_0_1,2347.766,downstream,G5,G0005009
-31555,-2384_0 -2384_1,:-31555_0_0 :-31555_0_1,2347.889,downstream,G5,G0005009
-62152,-15022_0 -15022_1,:-62152_0_0 :-62152_0_1,2348.004,downstream,G5,G0005009
4225646046,-4000000220_0 -4000000220_1,:4225646046_0_0 :4225646046_0_1,2348.515,downstream,G5,G0005009
4225649038,-4000000185_0 -4000000185_1,:4225649038_0_0 :4225649038_0_1,2348.774,downstream,G5,G0005009
-39842,-8046_0 -5362_0 -5362_1,:-39842_0_0 :-39842_1_0 :-39842_1_1,2348.791,downstream,G5,G0005009
-46939,-14494_0,:-46939_0_0,2348.791,downstream,G5,G0005009
456818573,-4000000517_0 -4000000517_1,:456818573_0_0 :456818573_0_1,2348.952,downstream,G5,G0005009
456818599,-4000000515_0 -4000000515_1,:456818599_0_0 :456818599_0_1,2349.052,downstream,G5,G0005009
-47834,-12462_0 -12462_1,:-47834_0_0 :-47834_0_1,2349.319,downstream,G5,G0005009
-28282,-8374_0 -8374_1,:-28282_0_0 :-28282_0_1,2349.563,downstream,G5,G0005009
-28295,-1442_0 -1442_1,:-28295_0_0 :-28295_0_1,2351.148,downstream,G5,G0005009
456818757,-4000000184_0 -4000000184_1,:456818757_0_0 :456818757_0_1,2351.344,downstream,G5,G0005009
11263931650,-4000000513_0 -4000000513_1,:11263931650_0_0 :11263931650_0_1,2351.762,downstream,G5,G0005009
-59702,-13128_0 -13128_1,:-59702_0_0 :-59702_0_1,2351.794,downstream,G5,G0005009
456818775,-4000000511_0 -4000000511_1,:456818775_0_0 :456818775_0_1,2351.906,downstream,G5,G0005009
456818791,-4000000002_0 -4000000002_1,:456818791_0_0 :456818791_0_1,2352.204,downstream,G5,G0005009
4323076351,-4000000001_0 -4000000001_1,:4323076351_0_0 :4323076351_0_1,2352.245,downstream,G5,G0005009
-59736,-15148_0 -15148_1,:-59736_0_0 :-59736_1_0 :-59736_1_1,2352.430,downstream,G5,G0005009
-46321,-7796_0,,2352.430,downstream,G5,G0005009
-28264,-13146_0 -1430_0,:-28264_0_0 :-28264_1_0,2352.430,downstream,G5,G0005009
-55771,-13148_0 -13148_1,:-55771_0_0 :-55771_0_1,2352.724,downstream,G5,G0005009
-28204,-11434_0 -11434_1,:-28204_0_0 :-28204_0_1,2352.784,downstream,G5,G0005009
-52657,,,2353.022,downstream,G5,G0005009
-45718,-10216_0,:-45718_0_0 :-45718_1_0,2353.022,downstream,G5,G0005009
-28206,-7576_0 -1406_0 -1406_1,:-28206_0_0 :-28206_1_0 :-28206_1_1,2353.022,downstream,G5,G0005009
-32652,-7194_0 -7194_1,:-32652_0_0 :-32652_0_1,2355.619,downstream,G5,G0005009
-32653,-2760_0 -2760_1,:-32653_0_0 :-32653_0_1,2355.718,downstream,G5,G0005009
-58811,-14110_0 -14110_1,:-58811_0_0 :-58811_0_1,2359.150,downstream,G5,G0005009
-58815,-12806_0 -12806_1,:-58815_0_0 :-58815_0_1,2359.733,downstream,G5,G0005009
-31156,-14796_0 -14796_1,:-31156_0_0 :-31156_0_1,2359.811,downstream,G5,G0005009
-31157,-2282_0 -2282_1,:-31157_0_0 :-31157_0_1,2359.872,downstream,G5,G0005009
2390028784,-4000000068_0 -4000000068_1,:2390028784_0_0 :2390028784_0_1,2372.694,upstream,G5,G5京昆高速（西攀段）
2390028657,-4000000070_0 -4000000070_1,:2390028657_0_0 :2390028657_0_1,2372.769,upstream,G5,G5京昆高速（西攀段）
3119271910,-4000000170_0,:3119271910_0_0,2372.816,upstream,G5,G5京昆高速（西攀段）
2390028634,-4000000065_0 -4000000065_1,:2390028634_0_0 :2390028634_0_1,2372.816,upstream,G5,G5京昆高速（西攀段）
3119271930,-4000000017_0 -4000000246_0,,2372.816,upstream,G5,G5京昆高速（西攀段）
3119271922,-4000000171_0 -4000000171_1,:3119271922_0_0 :3119271922_1_0 :3119271922_1_1,2372.816,upstream,G5,G5京昆高速（西攀段）
2390028665,-4000000058_0 -4000000058_1,:2390028665_0_0 :2390028665_0_1,2372.871,upstream,G5,G5京昆高速（西攀段）
2390028767,-4000000067_0 -4000000067_1,:2390028767_0_0 :2390028767_0_1,2372.876,upstream,G5,G5京昆高速（西攀段）
2390028672,-4000000035_0 -4000000035_1,:2390028672_0_0 :2390028672_0_1,2372.954,upstream,G5,G5京昆高速（西攀段）
2390028796,-4000000024_0 -4000000024_1,:2390028796_0_0 :2390028796_1_0 :2390028796_1_1,2372.980,upstream,G5,G5京昆高速（西攀段）
2390028683,-4000000063_0 -4000000063_1,:2390028683_0_0 :2390028683_0_1,2373.016,upstream,G5,G5京昆高速（西攀段）
2390028689,-4000000056_0 -4000000056_1,:2390028689_0_0 :2390028689_0_1,2373.063,upstream,G5,G5京昆高速（西攀段）
2390028687,-4000000054_0 -4000000054_1,:2390028687_0_0 :2390028687_0_1,2373.064,upstream,G5,G5京昆高速（西攀段）
2390028659,-4000000040_0 -4000000040_1,:2390028659_0_0 :2390028659_0_1,2373.067,upstream,G5,G5京昆高速（西攀段）
3119271921,-4000000025_0 -4000000025_1,:3119271921_0_0 :3119271921_0_1,2373.069,upstream,G5,G5京昆高速（西攀段）
2390028694,-4000000055_0 -4000000055_1,:2390028694_0_0 :2390028694_0_1,2373.084,upstream,G5,G5京昆高速（西攀段）
456821066,-4000000041_0 -4000000041_1,:456821066_0_0 :456821066_0_1,2373.111,upstream,G5,G5京昆高速（西攀段）
2390028769,-4000000043_0 -4000000043_1,:2390028769_0_0 :2390028769_0_1,2373.114,upstream,G5,G5京昆高速（西攀段）
2390028691,-4000000032_0 -4000000032_1,:2390028691_0_0 :2390028691_0_1,2373.131,upstream,G5,G5京昆高速（西攀段）
2390028786,-4000000036_0 -4000000036_1,:2390028786_0_0 :2390028786_0_1,2373.135,upstream,G5,G5京昆高速（西攀段）
2390028753,-4000000033_0 -4000000033_1,:2390028753_0_0 :2390028753_0_1,2373.139,upstream,G5,G5京昆高速（西攀段）
2390028619,-4000000061_0 -4000000061_1,:2390028619_0_0 :2390028619_0_1,2373.143,upstream,G5,G5京昆高速（西攀段）
3119271926,-4000000172_0 -4000000172_1,:3119271926_0_0 :3119271926_0_1,2373.143,downstream,G5,G5京昆高速（西攀段）
3330363065,-4000000173_0 -4000000173_1,:3330363065_0_0 :3330363065_0_1,2373.294,downstream,G5,G5京昆高速（西攀段）
3119271912,-4000000166_0,:3119271912_0_0,2373.423,downstream,G5,G5京昆高速（西攀段）
4323698784,-4000000168_0,:4323698784_0_0 :4323698784_1_0,2373.423,downstream,G5,G5京昆高速（西攀段）
9621003294,,,2373.423,downstream,G5,G5京昆高速（西攀段）
2390028795,-4000000174_0 -4000000174_1 -4000000167_0,:2390028795_0_0 :2390028795_0_1 :2390028795_2_0,2373.423,downstream,G5,G5京昆高速（西攀段）
3330369219,-4000000169_0 -4000000247_0 -4000000247_1,:3330369219_0_0 :3330369219_1_0 :3330369219_1_1,2373.423,downstream,G5,G5京昆高速（西攀段）
3330363209,-4000000178_0 -4000000178_1,:3330363209_0_0 :3330363209_0_1,2374.039,downstream,G5,G5京昆高速（西攀段）
4323700423,-4000000209_0 -4000000209_1,:4323700423_0_0 :4323700423_0_1,2374.285,downstream,G5,G5京昆高速（西攀段）
3330363002,-4000000216_0 -4000000216_1,:3330363002_0_0 :3330363002_0_1,2374.747,downstream,G5,G5京昆高速（西攀段）
3330363383,-4000000207_0 -4000000207_1,:3330363383_0_0 :3330363383_0_1,2374.876,downstream,G5,G5京昆高速（西攀段）
9621030503,-4000000249_0 -4000000249_1,:9621030503_0_0 :9621030503_0_1,2377.998,downstream,G5,G5京昆高速（西攀段）
9621030502,-4000000250_0 -4000000250_1,:9621030502_0_0 :9621030502_0_1,2378.016,downstream,G5,G5京昆高速（西攀段）
3330363389,-4000000251_0 -4000000251_1,:3330363389_0_0 :3330363389_0_1,2379.641,downstream,G5,G5京昆高速（西攀段）
9621030504,-4000000252_0 -4000000252_1,:9621030504_0_0 :9621030504_0_1,2379.758,downstream,G5,G5京昆高速（西攀段）
3330363386,-4000000214_0 -4000000214_1,:3330363386_0_0 :3330363386_0_1,2381.960,downstream,G5,G5京昆高速（西攀段）
3330363198,-4000000210_0 -4000000210_1,:3330363198_0_0 :3330363198_0_1,2382.060,downstream,G5,G5京昆高速（西攀段）
2390028521,-4000000014_0,:2390028521_0_0,2383.633,upstream,G5,G5京昆高速（西攀段）
2390028465,-4000000012_0,,2383.633,upstream,G5,G5京昆高速（西攀段）
2390028475,-4000000011_0 -4000000010_0,:2390028475_0_0 :2390028475_1_0,2383.633,upstream,G5,G5京昆高速（西攀段）
2390028463,-4000000112_0 -4000000112_1,:2390028463_0_0 :2390028463_1_0 :2390028463_1_1,2383.633,upstream,G5,G5京昆高速（西攀段）
2390028505,-4000000016_0,:2390028505_0_0,2383.633,upstream,G5,G5京昆高速（西攀段）
456821183,-4000000009_0 -4000000009_1,:456821183_0_0 :456821183_0_1,2384.014,upstream,G5,G5京昆高速（西攀段）
2390028622,-4000000066_0 -4000000066_1,:2390028622_0_0 :2390028622_0_1,2384.105,upstream,G5,G5京昆高速（西攀段）
2390028635,-4000000069_0 -4000000069_1,:2390028635_0_0 :2390028635_0_1,2384.108,upstream,G5,G5京昆高速（西攀段）
2390028581,-4000000072_0 -4000000072_1,:2390028581_0_0 :2390028581_0_1,2384.145,upstream,G5,G5京昆高速（西攀段）
456820748,-4000000039_0 -4000000039_1,:456820748_0_0 :456820748_0_1,2384.190,upstream,G5,G5京昆高速（西攀段）
2390028610,-4000000064_0 -4000000064_1,:2390028610_0_0 :2390028610_0_1,2384.239,upstream,G5,G5京昆高速（西攀段）
2390028666,-4000000038_0 -4000000038_1,:2390028666_0_0 :2390028666_0_1,2384.272,upstream,G5,G5京昆高速（西攀段）
2390028673,-4000000062_0 -4000000062_1,:2390028673_0_0 :2390028673_0_1,2384.336,upstream,G5,G5京昆高速（西攀段）
456820734,-4000000053_0 -4000000053_1,:456820734_0_0 :456820734_0_1,2384.381,upstream,G5,G5京昆高速（西攀段）
456820755,-4000000042_0 -4000000042_1,:456820755_0_0 :456820755_0_1,2384.385,upstream,G5,G5京昆高速（西攀段）
456820730,-4000000046_0 -4000000046_1,:456820730_0_0 :456820730_0_1,2384.385,upstream,G5,G5京昆高速（西攀段）
456820729,-4000000004_0 -4000000004_1,:456820729_0_0 :456820729_0_1,2384.402,upstream,G5,G5京昆高速（西攀段）
2390028620,-4000000044_0 -4000000044_1,:2390028620_0_0 :2390028620_0_1,2384.428,upstream,G5,G5京昆高速（西攀段）
456821152,-4000000047_0 -4000000047_1,:456821152_0_0 :456821152_0_1,2384.441,upstream,G5,G5京昆高速（西攀段）
2390028690,-4000000034_0 -4000000034_1,:2390028690_0_0 :2390028690_0_1,2384.450,upstream,G5,G5京昆高速（西攀段）
2390028600,-4000000027_0 -4000000027_1,:2390028600_0_0 :2390028600_0_1,2384.455,upstream,G5,G5京昆高速（西攀段）
2390028609,-4000000045_0 -4000000045_1,:2390028609_0_0 :2390028609_0_1,2384.457,upstream,G5,G5京昆高速（西攀段）
4964087869,-4000000049_0 -4000000049_1,:4964087869_0_0 :4964087869_1_0 :4964087869_1_1,2384.462,downstream,G5,G5京昆高速（西攀段）
2390028752,-4000000030_0 -4000000030_1,:2390028752_0_0 :2390028752_0_1,2384.462,upstream,G5,G5京昆高速（西攀段）
2390028507,-4000000020_0,:2390028507_0_0,2384.880,downstream,G5,G5京昆高速（西攀段）
2390028524,-4000000015_0,:2390028524_0_0,2384.880,downstream,G5,G5京昆高速（西攀段）
2390028464,,,2384.880,downstream,G5,G5京昆高速（西攀段）
2390028538,-4000000018_0 -4000000113_0 -4000000113_1,:2390028538_0_0 :2390028538_1_0 :2390028538_1_1,2384.880,downstream,G5,G5京昆高速（西攀段）
2390028468,-4000000013_0 -4000000050_0 -4000000050_1,:2390028468_0_0 :2390028468_1_0 :2390028468_1_1,2384.880,downstream,G5,G5京昆高速（西攀段）
2390028477,-4000000019_0,:2390028477_0_0 :2390028477_1_0,2384.880,downstream,G5,G5京昆高速（西攀段）
2390046993,-4000000051_0 -4000000051_1,:2390046993_0_0 :2390046993_0_1,2385.321,downstream,G5,G5京昆高速（西攀段）
2390046991,-4000000091_0 -4000000091_1,:2390046991_0_0 :2390046991_0_1,2385.427,downstream,G5,G5京昆高速（西攀段）
2390046986,-4000000118_0 -4000000118_1,:2390046986_0_0 :2390046986_0_1,2385.647,downstream,G5,G5京昆高速（西攀段）
2390046985,-4000000086_0 -4000000086_1,:2390046985_0_0 :2390046985_0_1,2385.679,downstream,G5,G5京昆高速（西攀段）
2390046975,-4000000127_0 -4000000127_1,:2390046975_0_0 :2390046975_0_1,2386.072,downstream,G5,G5京昆高速（西攀段）
2390046971,-4000000119_0 -4000000119_1,:2390046971_0_0 :2390046971_0_1,2386.345,downstream,G5,G5京昆高速（西攀段）
456821494,-4000000109_0 -4000000109_1,:456821494_0_0 :456821494_0_1,2386.360,downstream,G5,G5京昆高速（西攀段）
2390046968,-4000000006_0 -4000000006_1,:2390046968_0_0 :2390046968_0_1,2386.877,downstream,G5,G5京昆高速（西攀段）
3820745079,-4000000206_0 -4000000206_1,:3820745079_0_0 :3820745079_0_1,2387.058,downstream,G5,G5京昆高速（西攀段）
456821511,-4000000007_0 -4000000007_1,:456821511_0_0 :456821511_0_1,2387.139,downstream,G5,G5京昆高速（西攀段）
456821514,-4000000131_0 -4000000131_1,:456821514_0_0 :456821514_0_1,2387.383,downstream,G5,G5京昆高速（西攀段）
456821526,-4000000008_0 -4000000008_1,:456821526_0_0 :456821526_0_1,2387.488,downstream,G5,G5京昆高速（西攀段）
2390046950,-4000000126_0 -4000000126_1,:2390046950_0_0 :2390046950_0_1,2387.606,downstream,G5,G5京昆高速（西攀段）
2390046945,-4000000135_0 -4000000135_1,:2390046945_0_0 :2390046945_0_1,2387.747,downstream,G5,G5京昆高速（西攀段）
3820745080,-4000000180_0 -4000000180_1,:3820745080_0_0 :3820745080_0_1,2387.780,downstream,G5,G5京昆高速（西攀段）
2390046943,-4000000107_0 -4000000107_1,:2390046943_0_0 :2390046943_0_1,2387.807,downstream,G5,G5京昆高速（西攀段）
2390046941,-4000000102_0 -4000000102_1,:2390046941_0_0 :2390046941_0_1,2387.990,downstream,G5,G5京昆高速（西攀段）
2390046932,-4000000148_0 -4000000148_1,:2390046932_0_0 :2390046932_0_1,2388.294,downstream,G5,G5京昆高速（西攀段）
2390046917,-4000000159_0 -4000000159_1,:2390046917_0_0 :2390046917_0_1,2388.988,downstream,G5,G5京昆高速（西攀段）
2390046916,-4000000097_0 -4000000097_1,:2390046916_0_0 :2390046916_0_1,2389.171,downstream,G5,G5京昆高速（西攀段）
9649045245,-4000000179_0 -4000000179_1,:9649045245_0_0 :9649045245_0_1,2389.302,downstream,G5,G5京昆高速（西攀段）
3820745090,-4000000259_0 -4000000259_1,:3820745090_0_0 :3820745090_0_1,2389.514,downstream,G5,G5京昆高速（西攀段）
2390046900,-4000000156_0 -4000000156_1,:2390046900_0_0 :2390046900_0_1,2389.738,downstream,G5,G5京昆高速（西攀段）
2390046898,-4000000100_0 -4000000100_1,:2390046898_0_0 :2390046898_0_1,2389.762,downstream,G5,G5京昆高速（西攀段）
4323076352,-4000000205_0 -4000000205_1,:4323076352_0_0 :4323076352_0_1,2390.365,downstream,G5,G5京昆高速（西攀段）
3820745095,-4000000203_0 -4000000203_1,:3820745095_0_0 :3820745095_0_1,2390.409,downstream,G5,G5京昆高速（西攀段）
3329908411,-4000000181_0 -4000000181_1,:3329908411_0_0 :3329908411_0_1,2390.707,downstream,G5,G5京昆高速（西攀段）
2390046864,-4000000079_0 -4000000079_1,:2390046864_0_0 :2390046864_0_1,2390.880,downstream,G5,G5京昆高速（西攀段）
