id,report_id,类型,开始时间,结束时间,发生地点,车道方向,占用车道情况,所在高速公路,伤亡情况,管控措施,上下行,junction_id,edge_id,inc_lanes,int_lanes,管控开始时间,管控结束时间,管控收费站,管控范围,详细信息,匹配地点
1,12547,交通事故,2025-07-14 01:53:49,2025-07-14 03:22:39,1576.0,广元至绵阳方向,应急车道,G5京昆高速（绵广段）,暂无人员伤亡,,下行,-35882,-4688,-3898_0 -3898_1,:-35882_0_0 :-35882_0_1,,,,,"【交通事故首报】2025/7/14 1:53:49,接罗海燕报：京昆高速绵广段广元至绵阳方向K1576+000发生一起两货车追尾事故，占用应急车道，目前无人员伤亡，已通知高速交警,执法,路维到场处置,该事件为未达4级事件。",
2,12557,交通事故,2025-07-14 09:33:52,2025-07-14 09:42:47,1822.85,成都至雅安方向,应急车道,G5京昆高速（成雅段）,暂无人员伤亡,,上行,-49209,-1024,-8858_0 -8858_1 -8858_2,,,,,,"【交通事故首报】2025/7/14 9:33:52,接李春晖报：京昆高速成雅段成都至雅安方向K1822+850发生一起单车自燃事故事故，占用应急车道，目前无人员伤亡，已通知高速交警,执法,路维,消防到场处置,该事件为未达4级事件。（7月12日16时45分，G5京昆高速成雅段，路管报：成都至雅安方向K1822+850处客车自燃（明火已扑灭），无人员伤亡，无路产损失，车上共20人（车主已联系转运），占用应急车，已通知相关部门前往处置）",
3,12565,交通事故,2025-07-14 20:37:16,2025-07-14 21:53:51,1564.0,广元至绵阳方向,第一车道,G5京昆高速（绵广段）,暂无人员伤亡,,下行,-62495,,-16412_0 -16412_1,:-62495_0_0 :-62495_1_0 :-62495_1_1,,,,,"【交通事故首报】2025/7/14 20:37:16,接江明芝报：京昆高速绵广段广元至绵阳方向K1564+000发生一起一辆小车和一辆货车发生擦挂，小车掉边沟事故，占用第一车道，目前无人员伤亡，已通知高速交警,执法,路维到场处置,该事件为未达4级事件。",
4,12574,交通事故,2025-07-15 12:44:26,2025-07-15 13:20:44,1922.7,成都至雅安方向,应急车道,G5京昆高速（成雅段）,受伤1人,,上行,-43758,-1318,-6784_0,:-43758_0_0 :-43758_1_0,,,,,"【交通事故首报】2025/7/15 12:44:26,接董霜报：京昆高速成雅段成都至雅安方向K1922+700发生一起两辆小车追尾事故，占用应急车道，目前造成0死亡1受伤，已通知高速交警,执法,路维到场处置,该事件为未达4级事件。2025年7月15日12时43分，G5京昆高速成雅段，高速公安四分局一大队报：成雅向K1922+700两辆小车追尾，一人轻微伤，事故车都已移至应急车道，已通知执法、路管队前往处置。",
5,12575,交通事故,2025-07-15 12:48:57,2025-07-15 14:24:53,1558.4,广元至绵阳方向,"第二车道,应急车道",G5京昆高速（绵广段）,暂无人员伤亡,,下行,-51354,-2046,-9864_0 -9864_1,:-51354_0_0 :-51354_0_1,,,,,"【交通事故首报】2025/7/15 12:48:57,接姚娟报：京昆高速绵广段广元至绵阳方向K1558+400发生一起两辆货车追尾事故，占用第二车道,应急车道，目前无人员伤亡，已通知高速交警,执法,路维到场处置,该事件为未达4级事件。",
6,12583,交通事故,2025-07-15 17:00:58,2025-07-15 17:41:46,1707.0,绵阳至成都方向,第二车道,G5京昆高速（成绵段）,暂无人员伤亡,,下行,-35679,-3828,-17018_0 -17018_1,:-35679_0_0 :-35679_0_1,2025-07-15 17:01:00,,"213,214",,"【交通事故首报】2025/7/15 17:00:58,接杨国韬报：京昆高速成绵段绵阳至成都方向K1707+000发生一起单车撞护栏事故，占用第二车道，目前无人员伤亡，已通知高速交警,路维到场处置,该事件为未达4级事件。",
7,12585,交通事故,2025-07-15 01:21:00,2025-07-15 18:03:33,1710.0,绵阳至成都方向,应急车道,G5京昆高速（成绵段）,死亡1人,,下行,-43032,-6506,-6506_0 -6506_1,:-43032_0_0 :-43032_0_1,,,,,【交通事故】2025年7月15日1时21分，G5京昆高速成绵段，绵阳至成都方向1710Km，小车撞到障碍物，1时29分，120、高速交警、路管队、工程部、殡仪馆陆续到达现场，无法确认障碍物是否是人（待法医鉴定），事故车上无人受伤，3时42分处理毕，历时2小时21分钟。16时20分，经高速交警确认：撞到的障碍物确实是人。,
8,12587,交通事故,2025-07-15 21:46:34,2025-07-15 23:08:59,1846.0,成都至雅安方向,应急车道,G5京昆高速（成雅段）,受伤1人,,上行,4529169654,-2000000059,-2000000310_0 -2000000310_1,:4529169654_0_0 :4529169654_0_1,,,,,"【交通事故首报】2025/7/15 21:46:34,接张萌报：京昆高速成雅段成都至雅安方向K1846+000发生一起三小车事故事故，占用应急车道，目前造成0死亡1受伤，已通知高速交警,执法,路维,急救到场处置,该事件为未达4级事件。（2025年7月15日21时43分，G5京昆高速成雅段，司机报：雅成向，青龙枢纽附近发生三辆小车交通事故，有1人伤（已通知120），占用应急车道，现场无阻断，已通知高交、执法、路管前往处置。）",
9,12609,交通事故,2025-07-17 05:55:24,2025-07-17 10:25:23,1594.0,广元至绵阳方向,第一车道,G5京昆高速（绵广段）,暂无人员伤亡,,下行,-38283,,-13320#1_0 -13320#1_1 -4788#3_0 -4788#3_1,:-38283_0_0 :-38283_0_1 :-38283_2_0 :-38283_2_1,2025-07-17 06:47:00,,,,"【交通事故首报】2025/7/17 5:55:24,接姚娟报：京昆高速绵广段广元至绵阳方向K1594+000发生一起货车单车事故事故，占用第一车道，目前无人员伤亡，已通知高速交警,执法,路维到场处置,该事件为未达4级事件。",
10,12629,交通管制,2025-07-17 19:35:02,2025-07-17 20:24:58,1618.39,绵阳至广元方向,,G5京昆高速（绵广段）,,因大雨天气，现小溪坝站、厚坝站入口广元方向封闭,上行,-40061,-12700,-12708_0 -12708_1,:-40061_0_0 :-40061_0_1,2025-07-17 19:35:00,,"250,255",小溪坝站 到 厚坝站,"【交通管制首报】2025/7/17 19:35:02，接汪燕莎报：因大雾雷雨天气，京昆高速绵广段小溪坝站至厚坝站路段交通管制，小溪坝站、厚坝站入口广元方向封闭，,预计1小时后解除。",
11,12637,交通管制,2025-07-17 23:21:36,2025-07-18 00:32:36,1618.39,双向方向,,G5京昆高速（绵广段）,,因大雨天气，现小溪坝站入口广元方向、厚坝站、二郎庙站入口封闭。,双向,-40061|-36508,-12700,-12708_0 -12708_1,:-40061_0_0 :-40061_0_1,2025-07-17 23:25:00,,"250,255,256",小溪坝站 到 二郎庙站,"【交通管制首报】2025/7/17 23:21:36，接汪燕莎报：因大雾雷雨天气，京昆高速绵广段小溪坝站至二郎庙站路段交通管制小溪坝站入口广元方向，二郎庙站，厚坝站，入口关闭，,预计1小时后解除。",
12,12641,交通事故,2025-07-18 01:10:18,2025-07-18 02:41:31,1537.2,广元至绵阳方向,应急车道,G5京昆高速（绵广段）,受伤1人,,下行,-42361,-14588,-6278_0 -8784_0 -8784_1,:-42361_0_0 :-42361_1_0 :-42361_1_1,,,,,"【交通事故首报】2025/7/18 1:10:18,接12122报：京昆高速绵广段广元至绵阳方向K1537+200发生一起两货车追尾事故事故，占用应急车道，目前造成0死亡1受伤，已通知高速交警,执法,路维,急救到场处置,该事件为未达4级事件。",
13,12672,交通事故,2025-07-18 13:36:55,2025-07-18 14:07:46,1579.55,广元至绵阳方向,应急车道,G5京昆高速（绵广段）,受伤1人,,下行,-28168,-8020,-1392_0 -1392_1,:-28168_0_0 :-28168_0_1,,,,,"【交通事故首报】2025/7/18 13:36:55,接张欢报：京昆高速绵广段广元至绵阳方向K1579+550发生一起货车追尾小车事故，占用应急车道，目前造成0死亡1受伤，已通知高速交警,执法,路维,急救到场处置,该事件为4级事件。",
14,12684,交通事故,2025-07-18 14:48:37,2025-07-18 15:45:25,1579.2,广元至绵阳方向,应急车道,G5京昆高速（绵广段）,暂无人员伤亡,,下行,-46850,-1392,-13390_0 -13390_1,:-46850_0_0 :-46850_0_1,,,,,"【交通事故首报】2025/7/18 14:48:37,接张欢报：京昆高速绵广段广元至绵阳方向K1579+200发生一起一辆货车擦挂一辆小车事故，占用应急车道，目前无人员伤亡，已通知高速交警,执法,路维到场处置,该事件为未达4级事件。",
15,12817,交通事故,2025-07-19 06:42:59,2025-07-19 12:07:39,1767.2,绵阳至成都方向,"应急车道,第二车道",G5京昆高速（成绵段）,暂无人员伤亡,新都北站入口成都方向关闭,下行,-39216,-3000000074,-14784_0,:-39216_0_0 :-39216_1_0,2025-07-19 06:44:00,,601,,"【交通事故首报】2025/7/19 6:42:59,接岳秋报：京昆高速成绵段绵阳至成都方向K1767+200发生一起两货车追尾，其中一车侧翻事故，占用应急车道,第二车道，目前无人员伤亡，已通知高速交警,路维到场处置新都北站入口成都方向关闭,该事件为未达4级事件。",
16,12836,交通阻塞,2025-07-19 10:51:19,2025-07-19 11:42:02,1685.0,广元至绵阳方向,,G5京昆高速（绵广段）,,,下行,-43062,-13472,-6534_0 -6534_1,:-43062_0_0 :-43062_0_1,,,,,"【交通阻塞首报】2025/7/19 10:51:19,接任良秀报：京昆高速绵广段广元至绵阳方向K1685+000处发生一起高速交警通知非事故非施工抢险原因交通管制，因主线车流量大，现绵阳南站，绵阳站入口成都方向封闭。已通知高速交警,执法,路维察看原因并进行疏导。",
17,12837,车辆故障,2025-07-19 11:15:01,2025-07-19 12:38:41,1599.0,广元至绵阳方向,,G5京昆高速（绵广段）,,,下行,-38283,,-13320#1_0 -13320#1_1 -4788#3_0 -4788#3_1,:-38283_0_0 :-38283_0_1 :-38283_2_0 :-38283_2_1,,,,,"【车辆故障首报】2025/7/19 11:15:01,接任良秀报：京昆高速绵广段广元至绵阳方向K1599+000发生一起车辆故障事件。经现场勘察，该车辆为危化品车,所属无,装载货物:三类易燃物品,广绵向K1599一辆危险品运输车辆故障，占用应急车道。已通知高交、执法、路维。经与司机核实货物为三类易燃物品。11:11视频查看路维已到现场。该事件为未达4级事件",
18,12853,交通事故,2025-07-19 19:35:28,2025-07-19 20:21:03,1562.0,广元至绵阳方向,第一车道,G5京昆高速（绵广段）,暂无人员伤亡,,下行,-62495,,-16412_0 -16412_1,:-62495_0_0 :-62495_1_0 :-62495_1_1,,,,,"【交通事故首报】2025/7/19 19:35:28,接张欢报：京昆高速绵广段广元至绵阳方向K1562+000发生一起单车事故事故，占用第一车道，目前无人员伤亡，已通知高速交警,执法,路维到场处置,该事件为未达4级事件。",
19,13028,交通事故,2025-07-21 00:02:52,2025-07-21 01:46:25,1576.0,广元至绵阳方向,"第二车道,应急车道",G5京昆高速（绵广段）,暂无人员伤亡,,下行,-35882,-4688,-3898_0 -3898_1,:-35882_0_0 :-35882_0_1,,,,,"【交通事故首报】2025/7/21 0:02:52,接任良秀报：京昆高速绵广段广元至绵阳方向K1576+000发生一起两货车追尾事故，占用第二车道,应急车道，目前无人员伤亡，已通知高速交警,执法,路维到场处置,该事件为未达4级事件。",
20,13031,交通事故,2025-07-21 05:37:00,2025-07-21 07:56:07,1821.0,纳溪至贵州方向,第二车道,G76厦蓉高速（纳黔段）,受伤1人,,上行,-39758,-1580,-17362_0,:-39758_0_0,,,,,"【交通事故首报】2025/7/21 5:37:00,接李小玲报：厦蓉高速纳黔段纳溪至贵州方向K1821+000发生一起2车追尾（小车：1辆，两轴货车：1辆）事故，占用第二车道，目前造成0死亡1受伤，已通知高速交警,执法,路维,急救到场处置,该事件为未达4级事件。",
21,13047,交通事故,2025-07-21 19:43:18,2025-07-21 20:32:06,1821.0,纳溪至贵州方向,第一车道,G76厦蓉高速（纳黔段）,暂无人员伤亡,,上行,-39758,-1580,-17362_0,:-39758_0_0,,,,,"【交通事故首报】2025/7/21 19:43:18,接温静报：厦蓉高速纳黔段纳溪至贵州方向K1821+000发生一起3辆小车追尾事故，占用第一车道，目前无人员伤亡，已通知高速交警,执法,路维到场处置,该事件为未达4级事件。",
22,13060,交通事故,2025-07-22 07:43:19,2025-07-22 12:16:56,142.0,外环方向方向,"第二车道,第三车道,第四车道,应急车道",SA2成都第二绕城高速（西段）,暂无人员伤亡,,下行,-44753,-7128,-7128_0 -7128_1,:-44753_0_0 :-44753_0_1,,,,,"【交通事故首报】2025/7/22 7:43:19,接唐颖报：成都二绕高速(西)外环方向方向K142+000发生一起两轴货车单车侧翻事故，占用第二车道,第三车道,第四车道,应急车道，目前无人员伤亡，已通知高速交警,执法,路维到场处置,该事件为未达4级事件。",
23,13071,车辆故障,2025-07-22 18:44:39,2025-07-22 19:28:21,1778.091,纳溪至贵州方向,,G76厦蓉高速（纳黔段）,,,上行,3426565789,-14276,-3000000069_0 -3000000069_1,:3426565789_0_0 :3426565789_0_1,,,,,"【车辆故障首报】2025/7/22 18:44:39,接温静报：厦蓉高速纳黔段纳溪至贵州方向K1778+091发生一起车辆故障事件。经现场勘察，该车辆为运营客车,所属无,运营路线:叙永—分水,核载人数:17,实载人数:14,该事件为未达4级事件",
24,13087,交通事故,2025-07-22 23:41:03,2025-07-23 00:41:34,1817.0,贵州至纳溪方向,第二车道,G76厦蓉高速（纳黔段）,暂无人员伤亡,,双向,-40007|-33402,-8982|-2000000377,-5404_0,:-40007_0_0,,,,,"【交通事故首报】2025/7/22 23:41:03,接罗晓彤报：厦蓉高速纳黔段贵州至纳溪方向K1817+000发生一起单车撞护栏事故，占用第二车道，目前无人员伤亡，已通知高速交警,执法,路维到场处置,该事件为未达4级事件。",
25,13145,交通事故,2025-07-23 09:32:03,2025-07-23 10:57:39,1567.0,广元至绵阳方向,第二车道,G5京昆高速（绵广段）,暂无人员伤亡,,下行,-38174,,-9260_0 -9260_1,:-38174_0_0 :-38174_0_1,,,,,"【交通事故首报】2025/7/23 9:32:03,接任良秀报：京昆高速绵广段广元至绵阳方向K1567+000发生一起两辆货车追尾事故，占用第二车道，目前无人员伤亡，已通知高速交警,执法,路维到场处置,该事件为未达4级事件。",
26,13156,交通阻塞,2025-07-23 10:50:23,2025-07-23 11:03:25,1593.0,广元至绵阳方向,,G5京昆高速（绵广段）,,因交通管制需要，现主线广绵向K1593（辛家沟隧道入口）道路封闭。,下行,-38280,-4786#2,-4786#1_0 -4786#1_1,:-38280_0_0 :-38280_0_1,2025-07-23 10:51:00,,,,"【交通阻塞首报】2025/7/23 10:50:23,接任良秀报：京昆高速绵广段广元至绵阳方向K1593+000处发生一起高速交警通知非事故非施工抢险原因交通管制，因交通管制需要，现主线广绵向K1593（辛家沟隧道入口）道路封闭。已通知高速交警,执法,路维察看原因并进行疏导。",
27,13162,交通事故,2025-07-23 12:30:43,2025-07-23 12:38:17,1932.05,成都至雅安方向,应急车道,G5京昆高速（成雅段）,受伤1人,,上行,-49949,-10514,-9090_0,:-49949_0_0,,,,,"【交通事故首报】2025/7/23 12:30:43,接董霜报：京昆高速成雅段成都至雅安方向K1932+050发生一起车辆追尾事故，占用应急车道，目前造成0死亡1受伤，已通知高速交警,执法,路维到场处置,该事件为未达4级事件。12时20分，G5京昆高速成雅段，路管队报： 成雅向K1932+050两辆小车追尾，经高交确认一人轻伤，事故车辆已移至应急车道，无阻断，已通知执法前往处置，事故正在处理中。",
28,13165,交通阻塞,2025-07-23 12:56:47,2025-07-23 13:19:11,1606.0,广元至绵阳方向,,G5京昆高速（绵广段）,,,下行,-62985,-1062,-14360_0 -14360_1,:-62985_0_0 :-62985_1_0 :-62985_1_1,,,,,"【交通阻塞首报】2025/7/23 12:56:47,接任良秀报：京昆高速绵广段广元至绵阳方向K1606+000处发生一起高速交警通知非事故非施工抢险原因交通管制，因主线车流量大，现厚坝站、小溪坝站入口成都方向封闭。已通知高速交警,执法,路维察看原因并进行疏导。",
29,13166,交通阻塞,2025-07-23 13:48:43,2025-07-23 14:07:47,1685.0,广元至绵阳方向,,G5京昆高速（绵广段）,,,下行,-43062,-13472,-6534_0 -6534_1,:-43062_0_0 :-43062_0_1,,,,,"【交通阻塞首报】2025/7/23 13:48:43,接任良秀报：京昆高速绵广段广元至绵阳方向K1685+000处发生一起高速交警通知非事故非施工抢险原因交通管制，因主线车流量大，现绵阳南站入口成都方向封闭。已通知高速交警,执法,路维察看原因并进行疏导。",
30,13169,交通阻塞,2025-07-23 14:42:47,2025-07-23 16:07:45,1567.0,广元至绵阳方向,,G5京昆高速（绵广段）,,因供电部门处置K1572-K1574跨高速公路高压电线，现金子山站入口封闭、主线广绵向K1567、绵广向K1576道路封闭。,下行,-38174,,-9260_0 -9260_1,:-38174_0_0 :-38174_0_1,2025-07-23 14:43:00,,,,"【交通阻塞首报】2025/7/23 14:42:47,接任良秀报：京昆高速绵广段广元至绵阳方向K1567+000处发生一起高速交警通知非事故非施工抢险原因交通管制，因供电部门处置K1572-K1574跨高速公路高压电线，现金子山站入口封闭、主线广绵向K1567、绵广向K1576道路封闭。已通知高速交警,执法,路维察看原因并进行疏导。",
31,13229,交通管制,2025-07-23 21:13:08,2025-07-23 23:58:28,1618.39,绵阳至广元方向,,G5京昆高速（绵广段）,,因大雨天气，现小溪坝站至二郎庙站入口广元方向封闭。,上行,-40061,-12700,-12708_0 -12708_1,:-40061_0_0 :-40061_0_1,2025-07-23 21:13:00,,"250,255,256,246,244,243,236,225",绵阳南站 到,"【交通管制首报】2025/7/23 21:13:08，接姜春蓉报：因大雾雷雨天气，京昆高速绵广段小溪坝站至二郎庙站路段交通管制二郎庙站，厚坝站，小溪坝站入口广元方向关闭,预计1小时后解除。",
32,13252,交通事故,2025-07-24 06:01:28,2025-07-24 07:57:51,1602.0,广元至绵阳方向,"第一车道,第二车道,第三车道",G5京昆高速（绵广段）,暂无人员伤亡,,下行,-27161,,-1470_0 -1470_1,:-27161_0_0 :-27161_0_1,2025-07-24 07:49:00,,,,"【交通事故首报】2025/7/24 6:01:28,接姜春蓉报：京昆高速绵广段广元至绵阳方向K1602+000发生一起两货车追尾事故，占用第一车道,第二车道,第三车道，目前无人员伤亡，已通知高速交警,执法,路维到场处置,该事件为未达4级事件。",
33,13254,交通事故,2025-07-24 06:33:58,2025-07-24 07:35:57,1600.0,广元至绵阳方向,"第一车道,第二车道,第三车道",G5京昆高速（绵广段）,暂无人员伤亡,主线广绵向K1602道路中断，金子山入口成都封闭。,下行,-27161,,-1470_0 -1470_1,:-27161_0_0 :-27161_0_1,2025-07-24 06:34:00,2025-07-24 07:36:00,258,,"【交通事故首报】2025/7/24 6:33:58,接姜春蓉报：京昆高速绵广段广元至绵阳方向K1600+000发生一起两货车追尾事故，占用第一车道,第二车道,第三车道，目前无人员伤亡，已通知高速交警,执法,路维到场处置主线广绵向K1602道路中断，金子山入口成都封闭。该事件为未达4级事件。",
34,13270,交通管制,2025-07-24 16:48:22,2025-07-24 17:03:30,1685.63,双向方向,,G5京昆高速（绵广段）,,因大雨天气，现绵阳南站入口广元方向、绵阳站入口成都方向封闭。,双向,-29722|-34923,-16326,-1848_0 -5554_0 -5554_1,:-29722_0_0 :-29722_1_0 :-29722_1_1,2025-07-24 16:49:00,,"225,236",绵阳南站 到 绵阳站,【交通管制首报】2025/7/24 16:48:22，接任良秀报：因大雾雷雨天气，京昆高速绵广段因大雨天气，现绵阳南站入口广元方向、绵阳站入口成都方向封闭。预计1小时后解除。,
35,13278,交通管制,2025-07-24 18:26:50,2025-07-24 19:19:36,1669.23,双向方向,,G5京昆高速（绵广段）,,因大雨天气，绵阳北站入口关闭。,双向,-41368|-31681,-7944,-5894_0,:-41368_0_0,2025-07-24 18:27:00,,243,绵阳北站 到 绵阳北站,"【交通管制首报】2025/7/24 18:26:50，接任良秀报：因大雾雷雨天气，京昆高速绵广段因大雨天气，绵阳北站入口关闭，,预计1小时后解除。",
36,13283,交通管制,2025-07-24 20:35:04,2025-07-24 21:15:29,1685.63,双向方向,,G5京昆高速（绵广段）,,因大雨天气，现绵阳南站入口广元方向、绵阳站入口、绵阳北站入口成都方向封闭。,双向,-29722|-34923,-16326,-1848_0 -5554_0 -5554_1,:-29722_0_0 :-29722_1_0 :-29722_1_1,2025-07-24 20:35:00,,"243,236,225",绵阳南站 到 绵阳北站,【交通管制首报】2025/7/24 20:35:04，接任良秀报：因大雾雷雨天气，京昆高速绵广段绵阳南站至绵阳北站路段交通管制绵阳北站，绵阳站，绵阳南站入口关闭，因大雨天气，现绵阳南站入口广元方向、绵阳站入口、绵阳北站入口成都方向封闭。预计1小时后解除。,
37,13287,交通阻塞,2025-07-24 21:53:16,2025-07-24 23:32:35,1685.0,广元至绵阳方向,,G5京昆高速（绵广段）,,,下行,-43062,-13472,-6534_0 -6534_1,:-43062_0_0 :-43062_0_1,,,,,"【交通阻塞首报】2025/7/24 21:53:16,接任良秀报：京昆高速绵广段广元至绵阳方向K1685+000处发生一起高速交警通知非事故非施工抢险原因交通管制，因主线车流量大，现绵阳南站、绵阳站入口成都方向封闭。已通知高速交警,执法,路维察看原因并进行疏导。",
38,13322,交通事故,2025-07-25 11:01:42,2025-07-25 11:26:39,1846.0,贵州至纳溪方向,第二车道,G76厦蓉高速（纳黔段）,受伤1人,,双向,4529169654|-50902,-2000000059,-2000000310_0 -2000000310_1,:4529169654_0_0 :4529169654_0_1,,,,,"【交通事故首报】2025/7/25 11:01:42,接周媛媛报：厦蓉高速纳黔段贵州至纳溪方向K1846+000发生一起小车单车事故事故，占用第二车道，目前造成0死亡1受伤，已通知高速交警,执法,路维到场处置,该事件为未达4级事件。",
39,13371,交通事故,2025-07-25 20:09:24,2025-07-25 20:30:06,1754.7,绵阳至成都方向,第一车道,G5京昆高速（成绵段）,暂无人员伤亡,,下行,-59979,-13106,-13258_0,:-59979_0_0,2025-07-25 20:10:00,,"215,209",,"【交通事故首报】2025/7/25 20:09:24,接祖福明报：京昆高速成绵段绵阳至成都方向K1754+700发生一起三车追尾事故，占用第一车道，目前无人员伤亡，已通知高速交警,路维,消防到场处置,该事件为未达4级事件。",
40,13470,地质灾害,2025-07-26 07:27:17,2025-07-27 20:41:08,2093.0,泸沽至雅安方向,"第二车道,第三车道",G5京昆高速（雅泸段）,暂无人员伤亡暂无车辆被困,,下行,-57672,,-12294_0 -12294_1,:-57672_0_0 :-57672_0_1,2025-07-26 07:47:00,2025-07-26 08:19:00,,,"【地质灾害首报】2025/7/26 7:27:17,接姜琴报：因地质灾害京昆高速雅泸段泸沽至雅安方向K2093+000发生泥水流入主线路面,占用第二车道,第三车道,无人员伤亡,暂无人员伤亡暂无车辆被困,已通知高速交警,执法,路维到场处置。",
41,13489,车辆故障,2025-07-26 12:10:28,2025-07-26 13:12:46,1629.0,广元至绵阳方向,,G5京昆高速（绵广段）,,,下行,-66471,-15950,-15950_0 -15950_1,:-66471_0_0 :-66471_0_1,,,,,"【车辆故障首报】2025/7/26 12:10:28,接张欢报：京昆高速绵广段广元至绵阳方向K1629+000发生一起车辆故障事件。经现场勘察，该车辆为危化品车,所属无,装载货物:无,该事件为未达4级事件",
42,13497,交通事故,2025-07-26 15:13:54,2025-07-26 15:53:01,1676.0,广元至绵阳方向,"应急车道,第一车道",G5京昆高速（绵广段）,暂无人员伤亡,,下行,-33399,-5470,-3036_0,:-33399_0_0,,,,,"【交通事故首报】2025/7/26 15:13:54,接张欢报：京昆高速绵广段广元至绵阳方向K1676+000发生一起五小车追尾事故事故，占用应急车道,第一车道，目前无人员伤亡，已通知高速交警,执法,路维到场处置,该事件为未达4级事件。",
43,13553,车辆故障,2025-07-28 14:36:19,2025-07-28 15:49:34,1756.0,纳溪至贵州方向,,G76厦蓉高速（纳黔段）,,,上行,-64586,-14572,-15058_0 -16900_0 -16900_1 -16900_2,:-64586_0_0 :-64586_1_0 :-64586_1_1 :-64586_1_2,,,,,"【车辆故障首报】2025/7/28 14:36:19,接王英报：厦蓉高速纳黔段纳溪至贵州方向K1756+000发生一起车辆故障事件，占用应急车道及部分主车道。经现场勘察，该车辆为运营客车,所属贵州兴黔交公司,运营路线:泸州至六盘水,核载人数:18,实载人数:15,该事件为未达4级事件",
44,13566,车辆故障,2025-07-29 11:02:15,2025-07-29 11:14:27,1587.0,绵阳至广元方向,,G5京昆高速（绵广段）,,,上行,-50465,,-11970_0 -11970_1,:-50465_0_0 :-50465_0_1,,,,,"【车辆故障首报】2025/7/29 11:02:15,接江明芝报：京昆高速绵广段绵阳至广元方向K1587+000发生一起车辆故障事件。经现场勘察，该车辆为运营客车,所属恩施巴山旅游运输有限责任公司,运营路线:无,核载人数:61,实载人数:61,该事件为未达4级事件",
45,13598,交通事故,2025-07-29 23:38:11,2025-07-30 01:34:14,1562.0,广元至绵阳方向,"应急车道,第一车道",G5京昆高速（绵广段）,暂无人员伤亡,,下行,-62495,,-16412_0 -16412_1,:-62495_0_0 :-62495_1_0 :-62495_1_1,,,,,"【交通事故首报】2025/7/29 23:38:11,接罗海燕报：京昆高速绵广段广元至绵阳方向K1562+000发生一起两货车擦挂事故，占用应急车道,第一车道，目前无人员伤亡，高速交警,路维已到达现场处置,该事件为未达4级事件。",
46,13638,交通管制,2025-07-30 21:05:48,2025-07-30 21:26:40,1726.51,双向方向,,G5京昆高速（成绵段）,,,双向,-50199|-41414,-3026|-13944,-12406_0 -12406_1 -12406_2 -12406_3,:-50199_0_0 :-50199_0_1 :-50199_0_2 :-50199_0_3,2025-07-30 21:06:00,2025-07-30 21:27:00,"215,211,210,209",德阳站 到 德阳南站,"【交通管制首报】2025/7/30 21:05:48，接李芳报：因大雾雷雨天气，京昆高速成绵段德阳站至德阳南站路段交通管制广汉北站，德阳北站，德阳站，德阳南站入口关闭，,预计小时后解除。",
47,13647,交通事故,2025-07-31 04:48:47,2025-07-31 05:16:08,1551.85,绵阳至广元方向,"应急车道,第二车道",G5京昆高速（绵广段）,暂无人员伤亡,,上行,-28279,-11078,-9930_0 -9930_1,:-28279_0_0 :-28279_0_1,,,,,"【交通事故首报】2025/7/31 4:48:47,接江明芝报：京昆高速绵广段绵阳至广元方向K1551+850发生一起单车事故事故，占用应急车道,第二车道，目前无人员伤亡，已通知高速交警,执法,路维到场处置,该事件为未达4级事件。",
48,13663,交通事故,2025-08-01 08:17:53,2025-08-01 09:40:24,2222.0,泸沽至黄联关方向,第三车道,G5京昆高速（泸黄段）,暂无人员伤亡,,上行,-51721,-1694,-9776_0,:-51721_0_0,,,,,"【交通事故首报】2025/8/1 8:17:53,接刘波报：京昆高速泸黄段泸沽至黄联关方向K2222+000发生一起两车发生擦挂事故，占用第三车道，目前无人员伤亡，已通知高速交警,执法,路维到场处置,该事件为未达4级事件。",
49,13688,车辆故障,2025-08-01 19:26:58,2025-08-01 20:13:42,1823.604,贵州至纳溪方向,,G76厦蓉高速（纳黔段）,,,双向,-36424|-61378,-1024|-2000000090,-12408_0 -4108_0,:-36424_0_0 :-36424_1_0,,,,,"【车辆故障首报】2025/8/1 19:26:58,接刘长红报：厦蓉高速纳黔段贵州至纳溪方向K1823+604发生一起车辆故障事件。经现场勘察，该车辆为运营客车,所属无,运营路线:无,核载人数:14,实载人数:14,该事件为未达4级事件",
50,13692,交通事故,2025-08-02 01:10:57,2025-08-02 01:25:23,1662.875,绵阳至广元方向,"第一车道,应急车道",G5京昆高速（绵广段）,暂无人员伤亡,绵阳南站至科学城站入口广元方向封闭,上行,-32257,-13846,-2610_0,:-32257_0_0,,,"225,236,243,244",,"【交通事故首报】2025/8/2 1:10:57,接姚娟报：京昆高速绵广段绵阳至广元方向K1662+875发生一起两车追尾事故，占用第一车道,应急车道，目前无人员伤亡，已通知高速交警,执法,路维到场处置绵阳南站至科学城站入口广元方向封闭,该事件为未达4级事件。",
51,13694,交通事故,2025-08-02 09:17:28,2025-08-02 09:52:22,1671.0,绵阳至广元方向,"第一车道,应急车道",G5京昆高速（绵广段）,暂无人员伤亡,绵阳南站、绵阳站入口广元方向封闭。,上行,-30177,-7944,-10690_0,:-30177_0_0,2025-08-02 09:37:00,,"225,236",,"【交通事故首报】2025/8/2 9:17:28,接何勇报：京昆高速绵广段绵阳至广元方向K1671+000发生一起多车追尾事故，占用第一车道,应急车道，目前无人员伤亡，已通知高速交警,执法,路维到场处置绵阳南站、绵阳站入口广元方向封闭。,该事件为未达4级事件。",
52,13703,交通事故,2025-08-02 12:05:31,2025-08-02 12:28:39,1645.0,绵阳至广元方向,第一车道,G5京昆高速（绵广段）,暂无人员伤亡,因处置该事故，现江油站入口广元方向封闭。,上行,-31957,-1690,-2522_0 -13664_0 -13664_1,:-31957_0_0 :-31957_1_0 :-31957_1_1,2025-08-02 12:20:00,,246,,"【交通事故首报】2025/8/2 12:05:31,接何勇报：京昆高速绵广段绵阳至广元方向K1645+000发生一起两辆小车追尾事故，占用第一车道，目前无人员伤亡，已通知高速交警,执法,路维到场处置因处置该事故，现江油站入口广元方向封闭。,该事件为未达4级事件。",
53,13707,交通事故,2025-08-02 14:56:27,2025-08-02 15:20:25,1674.0,绵阳至广元方向,"第一车道,第二车道",G5京昆高速（绵广段）,受伤1人,因处置该事故，绵阳站入口广元方向封闭。,上行,-30177,-16050,-10690_0,:-30177_0_0,2025-08-02 15:00:00,,236,,"【交通事故首报】2025/8/2 14:56:27,接何勇报：京昆高速绵广段绵阳至广元方向K1674+000发生一起三辆小车追尾事故事故，占用第一车道,第二车道，目前造成0死亡1受伤，已通知高速交警,执法,路维,急救到场处置因处置该事故，绵阳站入口广元方向封闭。,该事件为未达4级事件。",
54,13748,交通事故,2025-08-04 08:06:09,2025-08-04 10:24:04,182.2,外环方向方向,第一车道,SA2成都第二绕城高速（西段）,受伤1人,,下行,-52302,-17066,-10280_0,:-52302_0_0,,,,,"【交通事故首报】2025/8/4 8:06:09,接曾英报：成都二绕高速(西)外环方向方向K182+200发生一起小车单车事故，占用第一车道，目前造成0死亡1受伤，已通知高速交警,执法,路维,急救到场处置,该事件为未达4级事件。",
55,13754,交通事故,2025-08-04 16:04:17,2025-08-04 16:18:07,1730.6,纳溪至贵州方向,第一车道,G76厦蓉高速（纳黔段）,暂无人员伤亡,,上行,-33835,-4122,-17210_0 -3228_0 -3228_1 -3228_2,:-33835_0_0 :-33835_1_0 :-33835_1_1 :-33835_1_2,,,,,"【交通事故首报】2025/8/4 16:04:17,接陈宇报：厦蓉高速纳黔段纳溪至贵州方向（雪山关1号隧道内）K1730+600发生一起交通事故事故，占用第一车道，目前无人员伤亡，已通知高速交警,执法,路维到场处置,该事件为未达4级事件。",
56,13774,车辆故障,2025-08-05 10:59:18,2025-08-05 13:05:57,1780.0,纳溪至贵州方向,,G76厦蓉高速（纳黔段）,,,上行,3538967798,-3000000068,-3000000063_0 -3000000063_1,:3538967798_0_0 :3538967798_0_1,,,,,"【车辆故障首报】2025/8/5 10:59:18,接金健报：厦蓉高速纳黔段纳溪至贵州方向K1780+000发生一起车辆故障事件。经现场勘察，该车辆为危化品车,所属内蒙展家公司,装载货物:天然气,该事件为未达4级事件",
57,13778,车辆故障,2025-08-05 13:54:24,2025-08-05 14:51:37,1660.0,绵阳至广元方向,,G5京昆高速（绵广段）,,,上行,-56614,,-11818_0 -11818_1,:-56614_0_0 :-56614_0_1,,,,,"【车辆故障首报】2025/8/5 13:54:24,接汪燕莎报：京昆高速绵广段绵阳至广元方向K1660+000发生一起车辆故障事件。经现场勘察，该车辆为危化品车,所属成都晨源物流有限公司,装载货物:液氮,该事件为未达4级事件",
58,13779,交通事故,2025-08-05 16:19:29,2025-08-05 17:16:53,1552.6,绵阳至广元方向,第二车道,G5京昆高速（绵广段）,暂无人员伤亡,,上行,-28279,-11078,-9930_0 -9930_1,:-28279_0_0 :-28279_0_1,,,,,"【交通事故首报】2025/8/5 16:19:29,接汪燕莎报：京昆高速绵广段绵阳至广元方向K1552+600发生一起三小车追尾事故，占用第二车道，目前无人员伤亡，已通知高速交警,执法,路维到场处置,该事件为未达4级事件。",
59,13785,车辆故障,2025-08-05 18:17:38,2025-08-05 18:48:43,1572.0,绵阳至广元方向,,G5京昆高速（绵广段）,,,上行,-37323,-4768,-7568_0 -7568_1,:-37323_0_0 :-37323_0_1,,,,,"【车辆故障首报】2025/8/5 18:17:38,接任良秀报：京昆高速绵广段绵阳至广元方向K1572+000发生一起车辆故障事件。经现场勘察，该车辆为危化品车,所属甘肃景辉运输有限公司,装载货物:液化气,该事件为未达4级事件",
60,13786,车辆故障,2025-08-05 18:23:31,2025-08-05 18:40:27,1567.0,广元至绵阳方向,,G5京昆高速（绵广段）,,,下行,-38174,,-9260_0 -9260_1,:-38174_0_0 :-38174_0_1,,,,,"【车辆故障首报】2025/8/5 18:23:31,接任良秀报：京昆高速绵广段广元至绵阳方向K1567+000发生一起车辆故障事件。广绵向K1567（分水岭隧道出口）一辆危化品车辆故障，运载32吨硫酸，占用应急车道。经现场勘察，该车辆为危化品车,所属无,装载货物:硫酸,该事件为未达4级事件",
61,13820,交通事故,2025-08-06 05:13:42,2025-08-06 07:09:55,1909.0,雅安至成都方向,"第二车道,应急车道",G5京昆高速（成雅段）,暂无人员伤亡,,下行,-43117,-3170,-11930_0,:-43117_0_0 :-43117_1_0,,,,,"【交通事故首报】2025/8/6 5:13:42,接董霜报：京昆高速成雅段雅安至成都方向K1909+000发生一起货车撞倒伏树木事故，占用第二车道,应急车道，目前无人员伤亡，已通知高速交警,执法,路维到场处置,该事件为未达4级事件。2025年8月6日04时56分，G5京昆高速成雅段，接12122报：雅成向离太平站2公里一辆货车撞倒伏树，占用部分第二车道、应急车道，无人员伤亡，车也能开动，无阻断，已通知高交、执法、路管队前往处置。",
62,14028,交通事故,2025-08-07 22:18:05,2025-08-07 23:46:58,1606.0,广元至绵阳方向,"应急车道,第二车道",G5京昆高速（绵广段）,暂无人员伤亡,,下行,-62985,-1062,-14360_0 -14360_1,:-62985_0_0 :-62985_1_0 :-62985_1_1,2025-08-07 22:42:00,,",258",,"【交通事故首报】2025/8/7 22:18:05,接江明芝报：京昆高速绵广段广元至绵阳方向K1606+000发生一起一辆货车侧翻事故，占用应急车道,第二车道，目前无人员伤亡，已通知高速交警,执法,路维到场处置,该事件为未达4级事件。",
63,14042,车辆故障,2025-08-08 10:52:09,2025-08-08 12:10:17,195.1,外环方向方向,,SA2成都第二绕城高速（西段）,,,下行,-29183,-10054,-7244_0 -7244_1 -7244_2,:-29183_0_0 :-29183_0_1 :-29183_0_2,,,,,"【车辆故障首报】2025/8/8 10:52:09,接罗馨瑶报：成都二绕高速(西)外环方向方向K195+100发生一起车辆故障事件。经现场勘察，该车辆为危化品车,所属无,装载货物:汽油,该事件为未达4级事件",
64,14065,交通阻塞,2025-08-08 16:15:03,2025-08-08 16:35:36,1685.0,广元至绵阳方向,,G5京昆高速（绵广段）,,,下行,-43062,-13472,-6534_0 -6534_1,:-43062_0_0 :-43062_0_1,,,,,"【交通阻塞首报】2025/8/8 16:15:03,接任良秀报：京昆高速绵广段广元至绵阳方向K1685+000处发生一起高速交警通知非事故非施工抢险原因交通管制，因主线车流量大，现绵阳南站入口成都方向封闭。已通知高速交警,执法,路维察看原因并进行疏导。",
65,14074,交通事故,2025-08-08 17:36:41,2025-08-08 19:34:20,1593.0,绵阳至广元方向,"第二车道,第三车道",G5京昆高速（绵广段）,暂无人员伤亡,绵广向K1593一辆运输百货的两轴货车侧翻，无人员受伤，占用主车道及应急车道，因处置该事故，江油站至厚坝站入口广元方向封闭。,上行,-58810,-4786#2,-12804_0 -12804_1,:-58810_0_0 :-58810_0_1,2025-08-08 17:37:00,,"255,250,249,247",,"【交通事故首报】2025/8/8 17:36:41,接姜春蓉报：京昆高速绵广段绵阳至广元方向K1593+000发生一起货车侧翻事故事故，占用第二车道,第三车道，目前无人员伤亡，已通知高速交警,执法,路维到场处置绵广向K1593一辆运输百货的两轴货车侧翻，无人员受伤，占用主车道及应急车道，因处置该事故，江油站至厚坝站入口广元方向封闭。,该事件为未达4级事件。",
66,14125,交通事故,2025-08-09 05:37:18,2025-08-09 18:55:42,1754.5,绵阳至成都方向,匝道,G5京昆高速（成绵段）,暂无人员伤亡,,下行,3538591806,-13106,-3000000046_0 -3000000046_1,:3538591806_0_0 :3538591806_0_1,2025-08-09 05:50:00,,",208",,"【交通事故首报】2025/8/9 5:37:18,接岳秋报：京昆高速成绵段绵阳至成都方向K1754+500发生一起单车侧翻事故，占用匝道，目前无人员伤亡，已通知路维到场处置,该事件为未达4级事件。",
67,14160,交通事故,2025-08-09 12:50:28,2025-08-09 13:23:02,1781.0,纳溪至贵州方向,第一车道,G76厦蓉高速（纳黔段）,受伤1人,,上行,3538967798,-3000000121,-3000000063_0 -3000000063_1,:3538967798_0_0 :3538967798_0_1,,,,,"【交通事故首报】2025/8/9 12:50:28,接陈茜报：厦蓉高速纳黔段纳溪至贵州方向K1781+000发生一起2车追尾交通事故事故，占用第一车道，目前造成0死亡1受伤，已通知高速交警,执法,路维,急救到场处置,该事件为未达4级事件。",
68,14164,交通事故,2025-08-09 14:18:37,2025-08-09 15:27:10,1788.0,纳溪至贵州方向,第一车道,G76厦蓉高速（纳黔段）,暂无人员伤亡,,上行,-32512,,-2706_0 -2706_1,:-32512_0_0 :-32512_0_1,,,,,"【交通事故首报】2025/8/9 14:18:37,接刘丹报：厦蓉高速纳黔段纳溪至贵州方向K1788+000发生一起1辆小车事故，占用第一车道，目前无人员伤亡，已通知高速交警,执法,路维到场处置,该事件为未达4级事件。",
69,14186,交通事故,2025-08-09 17:29:51,2025-08-09 17:52:50,1844.0,贵州至纳溪方向,第一车道,G76厦蓉高速（纳黔段）,暂无人员伤亡,,双向,-54774|-51670,-9756|-2000000248,,,,,,,"【交通事故首报】2025/8/9 17:29:51,接刘丹报：厦蓉高速纳黔段贵州至纳溪方向K1844+000发生一起3车追尾事故，占用第一车道，目前无人员伤亡，已通知高速交警,执法,路维到场处置,该事件为未达4级事件。",
70,14209,交通事故,2025-08-09 22:40:42,2025-08-10 00:48:09,1596.0,绵阳至广元方向,第二车道,G5京昆高速（绵广段）,暂无人员伤亡,,上行,-58810,,-12804_0 -12804_1,:-58810_0_0 :-58810_0_1,2025-08-09 23:44:00,,",246,247,249,250,255,244,243,236,225",,"【交通事故首报】2025/8/9 22:40:42,接姚娟报：京昆高速绵广段绵阳至广元方向K1596+000发生一起两辆货车追尾事故，占用第二车道，目前无人员伤亡，已通知高速交警,执法,路维,消防,急救到场处置,该事件为未达4级事件。",
71,14583,交通事故,2025-08-11 15:10:19,2025-08-11 16:40:00,1624.0,绵阳至广元方向,"应急车道,第二车道",G5京昆高速（绵广段）,受伤1人,,上行,-51738,-15950,-15840_0,,2025-08-11 15:25:00,,",225,236,243,244,246,247,249",,"【交通事故首报】2025/8/11 15:10:19,接张欢报：京昆高速绵广段绵阳至广元方向K1624+000发生一起三车追尾（一小车，两货车）事故，占用应急车道,第二车道，目前造成0死亡1受伤，已通知高速交警,执法,路维,消防,急救到场处置,该事件为未达4级事件。",
72,14588,交通事故,2025-08-11 17:44:13,2025-08-11 18:56:13,1596.0,绵阳至广元方向,"应急车道,第一车道",G5京昆高速（绵广段）,暂无人员伤亡,江油站至厚坝站入口广元方向封闭。,上行,-58810,,-12804_0 -12804_1,:-58810_0_0 :-58810_0_1,2025-08-11 18:03:00,,"246,247,249,250,255",,"【交通事故首报】2025/8/11 17:44:13,接何勇报：京昆高速绵广段绵阳至广元方向K1596+000发生一起三小车追尾事故，占用应急车道,第一车道，目前无人员伤亡，已通知高速交警,执法,路维到场处置江油站至厚坝站入口广元方向封闭。,该事件为未达4级事件。",
73,14589,交通事故,2025-08-11 18:28:01,2025-08-11 19:17:28,1624.0,广元至绵阳方向,"第一车道,第二车道",G5京昆高速（绵广段）,暂无人员伤亡,小溪坝站、厚坝站入口绵阳方向封闭。,下行,-53412,-15950,-14240_0 -14240_1,:-53412_0_0 :-53412_0_1,2025-08-11 18:50:00,,"250,255",,"【交通事故首报】2025/8/11 18:28:01,接何勇报：京昆高速绵广段广元至绵阳方向K1624+000发生一起三车追尾事故事故，占用第一车道,第二车道，目前无人员伤亡，已通知高速交警,执法,路维到场处置小溪坝站、厚坝站入口绵阳方向封闭。,该事件为未达4级事件。",
74,14590,车辆故障,2025-08-11 21:52:31,2025-08-11 23:02:48,1661.0,绵阳至广元方向,,G5京昆高速（绵广段）,,,上行,-56614,,-11818_0 -11818_1,:-56614_0_0 :-56614_0_1,,,,,"【车辆故障首报】2025/8/11 21:52:31,接何勇报：京昆高速绵广段绵阳至广元方向K1661+000发生一起车辆故障事件。经现场勘察，该车辆为危化品车,所属暂无,装载货物:盐酸,该事件为未达4级事件",
75,14598,交通事故,2025-08-12 11:43:48,2025-08-12 13:03:29,1927.18,成都至雅安方向,应急车道,G5京昆高速（成雅段）,受伤1人,,上行,-42411,-1318,-6292_0 -6292_1,:-42411_0_0 :-42411_0_1,,,,,"【交通事故首报】2025/8/12 11:43:48,接董霜报：京昆高速成雅段成都至雅安方向K1927+180发生一起三辆小车追尾事故，占用应急车道，目前造成0死亡1受伤，已通知高速交警,执法,路维,急救到场处置,该事件为未达4级事件。11时38分，G5京昆高速成雅段，高交报：成雅向快到名山站出口，三辆小车追尾交通事故，有人伤（司机自行通知120），占用应急车道，现场无阻断，已通知执法、路管前往处置。",
76,14617,交通阻塞,2025-08-13 09:04:46,2025-08-13 09:37:29,1685.0,广元至绵阳方向,,G5京昆高速（绵广段）,,,下行,-43062,-13472,-6534_0 -6534_1,:-43062_0_0 :-43062_0_1,,,,,"【交通阻塞首报】2025/8/13 9:04:46,接罗海燕报：京昆高速绵广段广元至绵阳方向K1685+000处发生一起主线交通阻塞，目前拥堵距离1公里，绵阳南站、绵阳站入口成都方向封闭。已通知高速交警,执法,路维察看原因并进行疏导。",
77,14624,交通阻塞,2025-08-13 16:32:26,2025-08-13 18:50:26,1675.0,广元至绵阳方向,,G5京昆高速（绵广段）,,,下行,-44416,-16050,-16050_0 -16050_1,:-44416_0_0 :-44416_0_1,,,,,"【交通阻塞首报】2025/8/13 16:32:26,接罗海燕报：京昆高速绵广段广元至绵阳方向K1675+000处发生一起主线交通阻塞，目前已阻断，绵阳站入口成都方向封闭；已通知高速交警,执法,路维察看原因并进行疏导。",
78,14626,交通事故,2025-08-13 17:50:10,2025-08-13 18:30:36,1537.2,广元至绵阳方向,"应急车道,第二车道",G5京昆高速（绵广段）,暂无人员伤亡,,下行,-42361,-14588,-6278_0 -8784_0 -8784_1,:-42361_0_0 :-42361_1_0 :-42361_1_1,,,,,"【交通事故首报】2025/8/13 17:50:10,接高速公安报：京昆高速绵广段广元至绵阳方向K1537+200发生一起小车单车事故事故，占用应急车道,第二车道，目前无人员伤亡，,执法,路维到场处置,该事件为未达4级事件。",
79,14630,车辆故障,2025-08-14 00:27:09,2025-08-14 01:36:48,1857.5,纳溪至贵州方向,,G76厦蓉高速（纳黔段）,,,上行,-39203,-1772,-5118_0 -5118_1,:-39203_0_0 :-39203_0_1,,,,,"【车辆故障首报】2025/8/14 0:27:09,接李英报：厦蓉高速纳黔段纳溪至贵州方向K1857+500发生一起车辆故障事件。经现场勘察，该车辆为危化品车,所属重庆市捷帮达运输公司,装载货物:硝酸,管护已在现场处理，该事件为未达4级事件",
80,14631,交通事故,2025-08-14 02:00:18,2025-08-14 03:51:18,2240.64,泸沽至黄联关方向,"第一车道,匝道",G5京昆高速（泸黄段）,受伤1人,,上行,-33397,-9698,-3034_0 -3034_1,:-33397_0_0 :-33397_0_1 :-33397_0_2,,,,,"【交通事故首报】2025/8/14 2:00:18,接蒋雪报：京昆高速泸黄段泸沽至黄联关方向K2240+640发生一起两辆货车追尾事故，占用第一车道,匝道，目前造成0死亡1受伤，已通知高速交警,执法,路维,消防,急救到场处置,该事件为未达4级事件。",
81,14687,交通事故,2025-08-15 16:18:18,2025-08-15 16:47:39,1771.8,绵阳至成都方向,"第一车道,第二车道",G5京昆高速（成绵段）,暂无人员伤亡,,下行,-27536,-3000000326,-12548_0 -12548_1 -12548_2,:-27536_0_0 :-27536_0_1 :-27536_0_2,2025-08-15 16:20:00,,601,,"【交通事故首报】2025/8/15 16:18:18,接杨侹报：京昆高速成绵段绵阳至成都方向K1771+800发生一起三车追尾事故，占用第一车道,第二车道，目前无人员伤亡，已通知高速交警,路维到场处置,该事件为未达4级事件。",
82,14688,交通事故,2025-08-15 16:21:16,2025-08-15 18:02:15,1756.7,成都至绵阳方向,第一车道,G5京昆高速（成绵段）,暂无人员伤亡,,上行,-64586,-9620,-15058_0 -16900_0 -16900_1 -16900_2,:-64586_0_0 :-64586_1_0 :-64586_1_1 :-64586_1_2,2025-08-15 16:22:00,,"601,206",,"【交通事故首报】2025/8/15 16:21:16,接杨侹报：京昆高速成绵段成都至绵阳方向K1756+700发生一起两个三车追尾事故，占用第一车道，目前无人员伤亡，已通知高速交警,执法到场处置,该事件为未达4级事件。",
83,14702,交通管制,2025-08-15 21:24:20,2025-08-15 21:53:39,1669.23,绵阳至广元方向,,G5京昆高速（绵广段）,,因大雨天气，现绵阳北站至科学城站入口广元方向封闭。,上行,-41368,-7944,-5894_0,:-41368_0_0,2025-08-15 21:16:00,2025-08-15 21:50:00,"244,243",绵阳北站 到 科学城站,【交通管制首报】2025/8/15 21:24:20，接江明芝报：因大雾雷雨天气，京昆高速绵广段绵阳北站至科学城站路段交通管制科学城站，绵阳北站入口广元方向关闭，预计小时后解除。,
84,14709,交通事故,2025-08-15 22:51:45,2025-08-16 00:56:40,1707.0,成都至绵阳方向,第一车道,G5京昆高速（成绵段）,暂无人员伤亡,管制入口所有车辆,上行,-44436,-630,,,2025-08-15 22:53:00,,"211,212",,"【交通事故首报】2025/8/15 22:51:45,接李芳报：京昆高速成绵段成都至绵阳方向K1707+000发生一起两车追尾事故，占用第一车道，目前无人员伤亡，已通知高速交警,路维到场处置管制入口所有车辆,该事件为未达4级事件。",
85,14718,交通管制,2025-08-16 00:26:09,2025-08-16 01:52:55,1572.87,双向方向,,G5京昆高速（绵广段）,,金子山站入口封闭。,双向,-29937|-39126,-1674,-8440_0 -8440_1,:-29937_0_0 :-29937_0_1,2025-08-16 00:30:00,,258,金子山站 到 金子山站,【交通管制首报】2025/8/16 0:26:09，接江明芝报：因大雾雷雨天气，京昆高速绵广段金子山站至金子山站路段交通管制金子山站入口关闭，预计小时后解除。,
86,14731,交通阻塞,2025-08-16 10:20:56,2025-08-16 10:40:25,1685.0,广元至绵阳方向,,G5京昆高速（绵广段）,,,下行,-43062,-13472,-6534_0 -6534_1,:-43062_0_0 :-43062_0_1,,,,,"【交通阻塞首报】2025/8/16 10:20:56,接杨婷报：京昆高速绵广段广元至绵阳方向K1685+000处发生一起高速交警通知非事故非施工抢险原因交通管制，目前绵阳南站入口成都方向封闭，已通知高速交警察看原因并进行疏导。",
87,14733,交通事故,2025-08-16 10:46:30,2025-08-16 11:44:35,1924.1,成都至雅安方向,应急车道,G5京昆高速（成雅段）,受伤1人,,上行,-43758,-1318,-6784_0,:-43758_0_0 :-43758_1_0,,,,,"【交通事故首报】2025/8/16 10:46:30,接叶启慧报：京昆高速成雅段成都至雅安方向K1924+100发生一起三辆小车追尾事故，占用应急车道，目前造成0死亡1受伤，已通知高速交警,执法,路维,急救到场处置,该事件为未达4级事件。2025年8月16日10时36分，G5京昆高速成雅段，路管报：成雅向K1924处三辆小车追尾事故，车辆已移至应急车道，经高交确认1人受伤（已前往医院检查），事故正在处理中。",
88,14738,交通事故,2025-08-16 13:20:18,2025-08-16 14:22:22,1733.4,成都至绵阳方向,第一车道,G5京昆高速（成绵段）,暂无人员伤亡,德阳南站成都至绵阳方向关闭,上行,-38996,-9758,-5052_0,:-38996_0_0,2025-08-16 13:22:00,,209,,"【交通事故首报】2025/8/16 13:20:18,接杨国韬报：京昆高速成绵段成都至绵阳方向K1733+400发生一起面包车侧翻事故，占用第一车道，目前无人员伤亡，已通知高速交警,执法,路维到场处置德阳南站成都至绵阳方向关闭,该事件为未达4级事件。",
89,14996,交通管制,2025-08-20 23:26:36,2025-08-21 00:09:17,1685.63,双向方向,,G5京昆高速（绵广段）,,因大雨天气，绵阳南站入口广元方向封闭；绵阳站、绵阳北站入口封闭；科学城站、江油站入口成都方向封闭。,双向,-29722|-34923,-16326,-1848_0 -5554_0 -5554_1,:-29722_0_0 :-29722_1_0 :-29722_1_1,2025-08-20 23:26:00,2025-08-21 00:09:00,"225,236,243,244",绵阳南站 到 江油站,【交通管制首报】2025/8/20 23:26:36，接张欢报：因大雾雷雨天气，京昆高速绵广段绵阳南站至江油站路段交通管制科学城站，绵阳北站，绵阳站，绵阳南站入口关闭，预计小时后解除。,
90,15031,交通事故,2025-08-21 11:24:45,2025-08-21 13:11:54,2390.69,攀枝花至西昌方向,匝道,G5京昆高速（西攀段）,暂无人员伤亡,,下行,3329908411,-4000000079,-4000000181_0 -4000000181_1,:3329908411_0_0 :3329908411_0_1,,,,,"【交通事故首报】2025/8/21 11:24:45,接刘波报：京昆高速西攀段攀枝花至西昌方向K2390+690发生一起单车事故事故，占用匝道，目前无人员伤亡，已通知高速交警,执法,路维到场处置,该事件为未达4级事件。",
91,15039,交通阻塞,2025-08-21 15:12:12,2025-08-21 15:33:56,1685.0,广元至绵阳方向,,G5京昆高速（绵广段）,,,下行,-43062,-13472,-6534_0 -6534_1,:-43062_0_0 :-43062_0_1,,,,,"【交通阻塞首报】2025/8/21 15:12:12,接罗海燕报：京昆高速绵广段广元至绵阳方向K1685+000处发生一起主线交通阻塞，目前因主线车流量大，绵阳南站入口成都方向封闭，已通知高速交警,执法,路维察看原因并进行疏导。",
92,15496,车辆故障,2025-08-25 10:32:30,2025-08-25 11:40:33,1764.0,纳溪至贵州方向,,G76厦蓉高速（纳黔段）,,,上行,-67933,-3000000076,-16618_0 -16618_1,,,,,,"【车辆故障首报】2025/8/25 10:32:30,接王英报：厦蓉高速纳黔段纳溪至贵州方向K1764+000发生一起车辆故障事件。经现场勘察，该车辆为运营客车,所属泸州龙马潭区石洞运输有限公司,运营路线:泸州至中山,核载人数:52,实载人数:20,该事件为未达4级事件",
93,15498,车辆故障,2025-08-25 10:58:57,2025-08-25 12:05:22,1817.0,纳溪至贵州方向,,G76厦蓉高速（纳黔段）,,,上行,-40007,-8982,-5404_0,:-40007_0_0,,,,,"【车辆故障首报】2025/8/25 10:58:57,接王英报：厦蓉高速纳黔段纳溪至贵州方向K1817+000发生一起车辆故障事件。经现场勘察，该车辆为危化品车,所属延安瑞发有限公司,装载货物:柴油,该事件为未达4级事件",
94,15503,交通事故,2025-08-25 13:19:54,2025-08-25 13:50:23,1777.741,纳溪至贵州方向,"第一车道,第二车道",G76厦蓉高速（纳黔段）,受伤2人,,上行,3426565789,-12928,-3000000069_0 -3000000069_1,:3426565789_0_0 :3426565789_0_1,,,,,"【交通事故首报】2025/8/25 13:19:54,接李英报：厦蓉高速纳黔段纳溪至贵州方向K1777+741发生一起2辆小车追尾事故，占用第一车道,第二车道，目前造成0死亡2受伤（车主告知2人受伤），已通知高速交警,执法,路维,急救到场处置,该事件为未达4级事件。",
95,15525,车辆故障,2025-08-26 08:53:59,2025-08-26 09:20:22,1631.0,广元至绵阳方向,,G5京昆高速（绵广段）,,,下行,-66471,-15950,-15950_0 -15950_1,:-66471_0_0 :-66471_0_1,,,,,"【车辆故障首报】2025/8/26 8:53:59,接姚娟报：京昆高速绵广段广元至绵阳方向K1631+000发生一起车辆故障事件。经现场勘察，该车辆为危化品车,所属山东省东阿县明星物流公司,装载货物:正丁醛,该事件为未达4级事件",
96,15536,车辆故障,2025-08-26 17:57:59,2025-08-26 18:23:46,1557.0,广元至绵阳方向,,G5京昆高速（绵广段）,,,下行,-42012,-2046,-16396_0 -16396_1,:-42012_0_0 :-42012_0_1,,,,,"【车辆故障首报】2025/8/26 17:57:59,接汪燕莎报：京昆高速绵广段广元至绵阳方向K1557+000发生一起车辆故障事件。经现场勘察，该车辆为运营客车,所属无,运营路线:无,核载人数:55,实载人数:55,该事件为未达4级事件",
97,15541,交通事故,2025-08-26 20:29:12,2025-08-26 22:14:00,134.0,内环方向方向,应急车道,SA2成都第二绕城高速（西段）,暂无人员伤亡,,上行,-39511,-8360,-8144_0 -8144_1 -8144_2,:-39511_0_0 :-39511_0_1 :-39511_0_2,,,,,"【交通事故首报】2025/8/26 20:29:12,接严巧燕报：成都二绕高速(西)内环方向方向K134+000发生一起货车单车自燃事故，占用应急车道，目前无人员伤亡，已通知高速交警,执法,路维,消防到场处置,该事件为未达4级事件。",
98,15556,交通事故,2025-08-27 13:49:51,2025-08-27 14:37:40,1777.3,绵阳至成都方向,第二车道,G5京昆高速（成绵段）,暂无人员伤亡,新都、新都北站入口绵阳至成都方向禁止通行,下行,-36514,-3000000327,-15336_0 -15336_1 -15336_2,:-36514_0_0 :-36514_0_1 :-36514_0_2,2025-08-27 13:50:00,,"601,202",,"【交通事故首报】2025/8/27 13:49:51,接黄欢报：京昆高速成绵段绵阳至成都方向K1777+300发生一起两货车追尾事故，占用第二车道，目前无人员伤亡，已通知高速交警,路维到场处置新都、新都北站入口绵阳至成都方向禁止通行,该事件为未达4级事件。",
99,15585,车辆故障,2025-08-27 20:42:47,2025-08-27 22:18:31,1753.0,纳溪至贵州方向,,G76厦蓉高速（纳黔段）,,,上行,-38983,-14622,-14572_0 -14572_1 -14572_2 -14572_3,:-38983_0_0 :-38983_0_1 :-38983_0_2 :-38983_0_3,,,,,"【车辆故障首报】2025/8/27 20:42:47,接金健报：厦蓉高速纳黔段纳溪至贵州方向K1753+000发生一起车辆故障事件。经现场勘察，该车辆为危化品车,所属泸州市叁陆运业,装载货物:液氨,该事件为未达4级事件",
100,15618,交通事故,2025-08-28 03:34:42,2025-08-28 05:58:49,1708.0,成都至绵阳方向,"第一车道,应急车道",G5京昆高速（成绵段）,暂无人员伤亡,,上行,-43418,-630,-14376_0,:-43418_0_0,,,,,"【交通事故首报】2025/8/28 3:34:42,接李芳报：京昆高速成绵段成都至绵阳方向K1708+000发生一起单车侧翻事故，占用第一车道,应急车道，目前无人员伤亡，已通知路维到场处置,该事件为未达4级事件。",
101,15698,交通管制,2025-08-28 22:50:27,2025-08-28 23:15:03,1664.84,双向方向,,G5京昆高速（绵广段）,,因大雨天气，现科学城站入口广元方向，江油站、贯山站入口，江油北站入口成都方向封闭。,双向,-32257|-45176,-12610,-2610_0,:-32257_0_0,2025-08-28 22:51:00,,"249,247,246,244",科学城站 到 江油北站,"【交通管制首报】2025/8/28 22:50:27，接杨娇报：因大雾雷雨天气，京昆高速绵广段科学城站至江油北站路段交通管制江油北站，贯山站，江油站，科学城站入口关闭,预计2小时后解除。",
102,15723,交通事故,2025-08-29 04:47:41,2025-08-29 06:01:09,1737.9,绵阳至成都方向,"应急车道,第一车道",G5京昆高速（成绵段）,暂无人员伤亡,,下行,-38732,-8698,-4950_0 -8698_0 -8698_1 -8698_2 -8698_3,:-38732_0_0 :-38732_0_1 :-38732_2_0 :-38732_2_1 :-38732_2_2 :-38732_2_3,2025-08-29 04:48:00,2025-08-29 06:01:00,"210,211,212,213,214,209",,"【交通事故首报】2025/8/29 4:47:41,接李芳报：京昆高速成绵段绵阳至成都方向K1737+900发生一起两货车追尾事故，占用应急车道,第一车道，目前无人员伤亡，已通知高速交警,路维,急救到场处置,该事件为未达4级事件。",
103,15732,交通事故,2025-08-29 12:58:12,2025-08-29 13:52:52,1706.4,成都至绵阳方向,第一车道,G5京昆高速（成绵段）,暂无人员伤亡,德阳至白马关站入口成都至绵阳方向,上行,-44436,-630,,,2025-08-29 12:59:00,,"211,210,212",,"【交通事故首报】2025/8/29 12:58:12,接黄欢报：京昆高速成绵段成都至绵阳方向K1706+400发生一起三车追尾事故，占用第一车道，目前无人员伤亡，已通知高速交警,路维到场处置德阳至白马关站入口成都至绵阳方向,该事件为未达4级事件。",
104,15737,交通阻塞,2025-08-29 16:43:13,2025-08-29 17:02:56,1685.0,广元至绵阳方向,,G5京昆高速（绵广段）,,,下行,-43062,-13472,-6534_0 -6534_1,:-43062_0_0 :-43062_0_1,,,,,"【交通阻塞首报】2025/8/29 16:43:13,接杨婷报：京昆高速绵广段广元至绵阳方向K1685+000处发生一起高速交警通知非事故非施工抢险原因交通管制，目前绵阳南站入口成都方向封闭，已通知高速交警察看原因并进行疏导。",
105,15741,交通阻塞,2025-08-29 19:01:38,2025-08-29 19:35:23,1685.0,广元至绵阳方向,,G5京昆高速（绵广段）,,,下行,-43062,-13472,-6534_0 -6534_1,:-43062_0_0 :-43062_0_1,,,,,"【交通阻塞首报】2025/8/29 19:01:38,接杨婷报：京昆高速绵广段广元至绵阳方向K1685+000处发生一起高速交警通知非事故非施工抢险原因交通管制，目前绵阳南站、绵阳站入口成都方向封闭，已通知高速交警察看原因并进行疏导。",
106,15743,交通事故,2025-08-29 23:50:45,2025-08-30 01:20:58,1824.0,贵州至纳溪方向,第二车道,G76厦蓉高速（纳黔段）,暂无人员伤亡,,双向,-36424|-61378,-1024|-2000000090,-12408_0 -4108_0,:-36424_0_0 :-36424_1_0,,,,,"【交通事故首报】2025/8/29 23:50:45,接陈茜报：厦蓉高速纳黔段贵州至纳溪方向，江门隧道内，K1824+000发生一起2辆货车发生追尾事故事故，占用第二车道，目前无人员伤亡，已通知高速交警,执法,路维到场处置,该事件为未达4级事件。",
107,15754,车辆故障,2025-08-30 10:19:12,2025-08-30 13:55:13,1587.0,绵阳至广元方向,,G5京昆高速（绵广段）,,,上行,-50465,,-11970_0 -11970_1,:-50465_0_0 :-50465_0_1,,,,,"【车辆故障首报】2025/8/30 10:19:12,接何勇报：京昆高速绵广段绵阳至广元方向K1587+000发生一起车辆故障事件。经现场勘察，该车辆为运营客车,所属无,运营路线:无,核载人数:55,实载人数:55,该事件为未达4级事件",
108,15770,车辆故障,2025-08-30 23:41:42,2025-08-31 02:09:53,1791.0,纳溪至贵州方向,,G76厦蓉高速（纳黔段）,,,上行,1931068307,-14414,-3000000064_0 -3000000064_1,:1931068307_0_0 :1931068307_0_1,,,,,"【车辆故障首报】2025/8/30 23:41:42,接李英报：厦蓉高速纳黔段纳溪至贵州方向K1791+000发生一起车辆故障事件。经现场勘察，该车辆为危化品车,所属鑫磊运输有限公司,装载货物:柴油,该事件为未达4级事件",
109,15784,车辆故障,2025-09-01 08:56:16,2025-09-01 10:32:23,148.0,内环方向方向,,SA2成都第二绕城高速（西段）,,,上行,-42381,-3664,-17444_0 -17444_1 -17444_2,:-42381_0_0 :-42381_1_0 :-42381_1_1 :-42381_1_2,,,,,"【车辆故障首报】2025/9/1 8:56:16,接陈程报：成都二绕高速(西)内环方向方向K148+000发生一起车辆故障事件。经现场勘察，该车辆为危化品车,所属无,装载货物:甲烷,该事件为未达4级事件",
110,15787,交通事故,2025-09-01 13:27:58,2025-09-01 14:10:31,1685.0,广元至绵阳方向,第一车道,G5京昆高速（绵广段）,暂无人员伤亡,,下行,-43062,-13472,-6534_0 -6534_1,:-43062_0_0 :-43062_0_1,,,,,"【交通事故首报】2025/9/1 13:27:58,接任良秀报：京昆高速绵广段广元至绵阳方向K1685+000发生一起三车追尾事故，占用第一车道，目前无人员伤亡，已通知高速交警,执法,路维到场处置,该事件为未达4级事件。",
111,15788,交通事故,2025-09-01 16:17:04,2025-09-01 16:31:19,1624.0,广元至绵阳方向,第一车道,G5京昆高速（绵广段）,暂无人员伤亡,,下行,-53412,-15950,-14240_0 -14240_1,:-53412_0_0 :-53412_0_1,,,,,"【交通事故首报】2025/9/1 16:17:04,接任良秀报：京昆高速绵广段广元至绵阳方向K1624+000发生一起一辆小车与货车追尾事故，占用第一车道，目前无人员伤亡，已通知高速交警,执法,路维到场处置,该事件为未达4级事件。",
112,15792,交通事故,2025-09-01 19:23:33,2025-09-02 10:54:56,1882.078,雅安至成都方向,应急车道,G5京昆高速（成雅段）,死亡1人,,下行,3544530252,-2000000125,-2000000138_0 -2000000138_1,:3544530252_0_0 :3544530252_0_1,,,,,"【交通事故首报】2025/9/1 19:23:33,接张萌报：京昆高速成雅段雅安至成都方向K1882+078发生一起高速公路下方管涵（过水管涵直径大约1米）内有一名男性死亡事故，占用应急车道，目前造成1死亡0受伤，已通知地方公安到场处置,该事件为未达4级事件。（2025年9月1日20时24分，G5京昆高速成雅段，路管报：雅成向1882+078边网破损，经了解与蒲江公安核实：雅成向1882+078处高速公路下方管涵（过水管涵直径大约1米）内有一名男性死亡，相关情况不明。蒲江刑警到场破开边网处理完毕，要求公司恢复边网。）",
113,15793,交通事故,2025-09-01 23:00:33,2025-09-02 00:56:39,1582.0,广元至绵阳方向,应急车道,G5京昆高速（绵广段）,暂无人员伤亡,,下行,-56969,-16616,-11994_0 -11994_1,:-56969_0_0 :-56969_0_1,,,,,"【交通事故首报】2025/9/1 23:00:33,接姜春蓉报：京昆高速绵广段广元至绵阳方向K1582+000发生一起一辆货车轮胎自燃事故，占用应急车道，目前无人员伤亡，已通知高速交警,执法,路维,消防到场处置,该事件为未达4级事件。",
114,15853,交通事故,2025-09-03 17:12:56,2025-09-03 20:01:55,1760.7,成都至绵阳方向,"第一车道,应急车道",G5京昆高速（成绵段）,暂无人员伤亡,入口管制,上行,3976561392,-9222,-3000000332_0 -3000000002_0 -3000000002_1,:3976561392_0_0 :3976561392_1_0 :3976561392_1_1,2025-09-03 17:14:00,2025-09-03 20:02:00,"601,202,206",,"【交通事故首报】2025/9/3 17:12:56,接李芳报：京昆高速成绵段成都至绵阳方向K1760+700发生一起货车侧翻事故，占用第一车道,应急车道，目前无人员伤亡，已通知高速交警,路维到场处置入口管制,该事件为未达4级事件。",
115,15939,交通管制,2025-09-05 10:27:10,2025-09-05 11:04:38,1669.23,双向方向,,G5京昆高速（绵广段）,,绵阳北站入口广元方向封闭、科学城站入口封闭、江油站入口成都方向封闭。,双向,-41368|-31681,-7944,-5894_0,:-41368_0_0,2025-09-05 10:27:00,,"243,244,246",绵阳北站 到 江油站,"【交通管制首报】2025/9/5 10:27:10，接姚娟报：因大雾雷雨天气，京昆高速绵广段绵阳北站至江油站路段交通管制江油站入口成都方向，科学城站入口，绵阳北站入口广元 方向关闭，,预计小时后解除。",
116,15945,交通管制,2025-09-05 10:56:50,2025-09-05 17:12:13,1770.4,双向方向,,G5京昆高速（成绵段）,,关闭新都至广汉站入口,双向,3426565849|5949103158,-12656,-3000000128_0 -3000000128_1,:3426565849_0_0 :3426565849_0_1,2025-09-05 10:57:00,,"202,206,208,601",新都站 到 广汉站,"【交通管制首报】2025/9/5 10:56:50，接杨国韬报：因大雾雷雨天气，京昆高速成绵段新都站至广汉站路段交通管制新都北站，广汉站，青白江，新都站入口关闭，,预计2小时后解除。",
117,15946,车辆故障,2025-09-05 11:11:33,2025-09-05 12:43:05,1565.0,广元至绵阳方向,,G5京昆高速（绵广段）,,,下行,-62495,,-16412_0 -16412_1,:-62495_0_0 :-62495_1_0 :-62495_1_1,,,,,"【车辆故障首报】2025/9/5 11:11:33,接姚娟报：京昆高速绵广段广元至绵阳方向K1565+000发生一起车辆故障事件。经现场勘察，该车辆为运营客车,所属乐山市牧马运业公司,运营路线:旅游大巴,核载人数:54,实载人数:2,该事件为未达4级事件",
118,15966,车辆故障,2025-09-05 13:16:30,2025-09-05 14:47:11,1556.0,广元至绵阳方向,,G5京昆高速（绵广段）,,,下行,-39779,-2046,-11534_0 -11534_1,:-39779_0_0 :-39779_0_1,,,,,"【车辆故障首报】2025/9/5 13:16:30,接姚娟报：京昆高速绵广段广元至绵阳方向K1556+000发生一起车辆故障事件。经视频查看，该车辆为危化品车,所属无,装载货物:无,该事件为未达4级事件",
119,16061,交通事故,2025-09-06 00:43:29,2025-09-06 02:31:23,1820.0,雅安至成都方向,"第三车道,应急车道",G5京昆高速（成雅段）,暂无人员伤亡,,下行,-32262,-2000000009,,,,,,,"【交通事故首报】2025/9/6 0:43:29,接张萌报：京昆高速成雅段雅安至成都方向K1819+000发生一起多车事故事故，占用第三车道,应急车道，目前无人员伤亡，已通知高速交警,执法,路维到场处置,该事件为未达4级事件。（2025年9月6日00时30分，G5京昆高速成雅段，接12122报：雅成向K1820附近发生多车交通事故，两辆小车占用雅成向应急车道，一辆普通货车（玻璃）跨越中央护栏冲到成雅向，目前占用成雅向第三车道、应急车道，现场有货物洒落。已通知高交、执法、路管前往处置。）",
120,16093,交通事故,2025-09-06 11:25:51,2025-09-06 12:29:10,1753.5,绵阳至成都方向,第一车道,G5京昆高速（成绵段）,暂无人员伤亡,德阳南、广汉北站入口（绵阳至成都方向）,下行,-46848,-15362,-15362_0 -15362_1 -15362_2 -15362_3,:-46848_0_0 :-46848_0_1 :-46848_0_2 :-46848_0_3,2025-09-06 11:26:00,,"209,215",,"【交通事故首报】2025/9/6 11:25:51,接黄欢报：京昆高速成绵段绵阳至成都方向K1753+500发生一起五车追尾事故，占用第一车道，目前无人员伤亡，已通知高速交警,路维到场处置德阳南、广汉北站入口（绵阳至成都方向）,该事件为未达4级事件。",
121,16096,交通事故,2025-09-06 15:25:29,2025-09-06 16:55:47,1595.32,广元至绵阳方向,第一车道,G5京昆高速（绵广段）,暂无人员伤亡,,下行,-38283,,-13320#1_0 -13320#1_1 -4788#3_0 -4788#3_1,:-38283_0_0 :-38283_0_1 :-38283_2_0 :-38283_2_1,,,,,"【交通事故首报】2025/9/6 15:25:29,接罗雯报：京昆高速绵广段广元至绵阳方向K1595+320发生一起单车事故事故，占用第一车道，目前无人员伤亡，已通知高速交警,执法,路维到场处置,该事件为未达4级事件。",
122,16103,交通事故,2025-09-06 18:52:50,2025-09-06 19:14:09,1645.0,广元至绵阳方向,第一车道,G5京昆高速（绵广段）,暂无人员伤亡,,下行,-55372,-1690,-11224_0 -11224_1,:-55372_0_0 :-55372_0_1 :-55372_2_0 :-55372_2_1,,,,,"【交通事故首报】2025/9/6 18:52:50,接任良秀报：京昆高速绵广段广元至绵阳方向K1645+000发生一起单车事故事故，占用第一车道，目前无人员伤亡，已通知高速交警,执法,路维到场处置,该事件为未达4级事件。",
123,16104,交通阻塞,2025-09-06 19:25:34,2025-09-06 19:32:51,1685.0,广元至绵阳方向,,G5京昆高速（绵广段）,,,下行,-43062,-13472,-6534_0 -6534_1,:-43062_0_0 :-43062_0_1,,,,,"【交通阻塞首报】2025/9/6 19:25:34,接任良秀报：京昆高速绵广段广元至绵阳方向K1685+000处发生一起高速交警通知非事故非施工抢险原因交通管制，因主线车流量大，现绵阳南站入口成都方向封闭，已通知高速交警,执法,路维察看原因并进行疏导。",
124,16126,交通事故,2025-09-08 06:28:25,2025-09-08 13:54:32,1575.0,广元至绵阳方向,"第一车道,第二车道,应急车道",G5京昆高速（绵广段）,暂无人员伤亡上行方向交通阻断，下行方向交通阻断,,下行,-45627,-3898,-7526_0 -7526_1,:-45627_0_0 :-45627_0_1,2025-09-08 06:50:00,,"258,256,255,250,249,247,246,244,243,236,225",,"【交通事故首报】2025/9/8 6:28:25,接罗海燕报：京昆高速绵广段广元至绵阳方向K1575+000发生一起两货车追尾事故，占用第一车道,第二车道,应急车道，目前无人员伤亡，已通知高速交警,执法,路维到场处置,该事件为未达4级事件。",
125,16131,交通事故,2025-09-08 07:36:57,2025-09-08 08:20:52,1782.0,纳溪至贵州方向,第一车道,G76厦蓉高速（纳黔段）,暂无人员伤亡,入口往贵州方向关闭。,上行,3538967798,-3000000121,-3000000063_0 -3000000063_1,:3538967798_0_0 :3538967798_0_1,2025-09-08 07:32:00,2025-09-08 08:20:00,553,,"【交通事故首报】2025/9/8 7:36:57,接刘璐报：厦蓉高速纳黔段纳溪至贵州方向K1782+000发生一起小车单车事故事故，占用第一车道，目前无人员伤亡，已通知高速交警,执法,路维到场处置入口往贵州方向关闭。,该事件为未达4级事件。",
126,16145,车辆故障,2025-09-08 10:48:17,2025-09-08 11:37:16,1779.0,纳溪至贵州方向,,G76厦蓉高速（纳黔段）,,,上行,3426565789,-3000000400,-3000000069_0 -3000000069_1,:3426565789_0_0 :3426565789_0_1,,,,,"【车辆故障首报】2025/9/8 10:48:17,接郭婷婷报：厦蓉高速纳黔段纳溪至贵州方向K1779+000发生一起车辆故障事件。经现场勘察，该车辆为运营客车,所属泸州永林公司,运营路线:叙永至摩尼,核载人数:19,实载人数:4,该事件为未达4级事件",
127,16151,交通事故,2025-09-08 16:43:48,2025-09-08 18:21:07,1562.0,广元至绵阳方向,"应急车道,第二车道",G5京昆高速（绵广段）,暂无人员伤亡,,下行,-62495,,-16412_0 -16412_1,:-62495_0_0 :-62495_1_0 :-62495_1_1,,,,,"【交通事故首报】2025/9/8 16:43:48,接何勇报：京昆高速绵广段广元至绵阳方向K1562+000发生一起两辆货车追尾事故，占用应急车道,第二车道，目前无人员伤亡，已通知高速交警,执法,路维到场处置,该事件为未达4级事件。",
128,16152,交通事故,2025-09-08 16:53:43,2025-09-08 19:30:44,1639.0,广元至绵阳方向,"第一车道,第二车道",G5京昆高速（绵广段）,暂无人员伤亡,,下行,J177,-16112,E58_0 E58_1,:J177_0_0 :J177_0_1,2025-09-08 17:22:00,,",249,250,255",,"【交通事故首报】2025/9/8 16:53:43,接何勇报：京昆高速绵广段广元至绵阳方向K1639+000发生一起多车追尾事故，占用第一车道,第二车道，目前无人员伤亡，已通知高速交警,执法,路维到场处置,该事件为未达4级事件。",
129,16161,交通事故,2025-09-09 06:46:06,2025-09-09 13:13:53,1777.4,绵阳至成都方向,"第一车道,第二车道",G5京昆高速（成绵段）,暂无人员伤亡,,下行,4598078126,-3000000327,-3000000084_0 -3000000084_1,:4598078126_0_0 :4598078126_0_1,2025-09-09 07:03:00,,",601,202,208,206",,"【交通事故首报】2025/9/9 6:46:06,接李芳报：京昆高速成绵段绵阳至成都方向K1777+400发生一起三车追尾事故，占用第一车道,第二车道，目前无人员伤亡，已通知路维到场处置,该事件为未达4级事件。",
130,16171,交通事故,2025-09-09 20:58:59,2025-09-09 21:43:09,2215.1,泸沽至黄联关方向,"应急车道,第一车道",G5京昆高速（泸黄段）,暂无人员伤亡,,上行,-31158,-8254,-15918_0,:-31158_0_0,,,,,"【交通事故首报】2025/9/9 20:58:59,接刘波报：京昆高速泸黄段泸沽至黄联关方向K2215+100发生一起单车撞护栏事故，占用应急车道,第一车道，目前无人员伤亡，已通知高速交警,执法,路维到场处置,该事件为未达4级事件。",
131,16185,交通事故,2025-09-10 09:11:36,2025-09-10 09:59:00,149.0,内环方向方向,第一车道,SA2成都第二绕城高速（西段）,暂无人员伤亡,,上行,-51822,-3664,-9838_0 -9838_1 -9838_2,:-51822_0_0 :-51822_0_1 :-51822_0_2,,,,,"【交通事故首报】2025/9/10 9:11:36,接严巧燕报：成都二绕高速(西)内环方向方向K149+000发生一起小车单车事故事故，占用第一车道，目前无人员伤亡，已通知高速交警,执法,路维到场处置,该事件为未达4级事件。",
132,16187,交通事故,2025-09-10 10:57:29,2025-09-10 11:21:01,1584.0,绵阳至广元方向,第二车道,G5京昆高速（绵广段）,暂无人员伤亡,因处置绵广向K1584（官垭子隧道内）两车擦挂事故，现江油北站至二郎庙站入口广元方向封闭。,上行,-50465,,-11970_0 -11970_1,:-50465_0_0 :-50465_0_1,2025-09-10 11:00:00,,"249,250,255,256",,"【交通事故首报】2025/9/10 10:57:29,接汪燕莎报：京昆高速绵广段绵阳至广元方向K1584+000发生一起两车擦挂事故，占用第二车道，目前无人员伤亡，已通知高速交警,执法,路维到场处置。因处置绵广向K1584（官垭子隧道内）两车擦挂事故，现江油北站至二郎庙站入口广元方向封闭。,该事件为未达4级事件。",
133,16190,交通事故,2025-09-10 15:23:07,2025-09-10 16:05:34,1613.0,广元至绵阳方向,第一车道,G5京昆高速（绵广段）,暂无人员伤亡,,下行,-32812,-2818,-2818_0 -2818_1,:-32812_0_0 :-32812_0_1,,,,,"【交通事故首报】2025/9/10 15:23:07,接汪燕莎报：京昆高速绵广段广元至绵阳方向K1613+000发生一起两车追尾事故事故，占用第一车道，目前无人员伤亡，已通知高速交警,执法,路维到场处置,该事件为未达4级事件。",
134,16198,交通管制,2025-09-11 01:57:40,2025-09-11 03:11:28,1685.63,双向方向,,G5京昆高速（绵广段）,,因大雨天气，现绵阳南站至绵阳北站入口广元方向、江油站至厚坝站入口封闭,双向,-29722|-34923,-16326,-1848_0 -5554_0 -5554_1,:-29722_0_0 :-29722_1_0 :-29722_1_1,2025-09-11 01:57:00,,"255,250,249,247,246,243,236,225",绵阳南站 到 厚坝站,【交通管制首报】2025/9/11 1:57:40，接任良秀报：因大雨天气，京昆高速绵广段绵阳南站至厚坝站路段交通管制厚坝站、小溪坝站、江油北站、贯山站、江油站入口关闭，绵阳北站、绵阳站、绵阳南站入口广元方向关闭，预计1小时后解除。,
135,16211,交通阻塞,2025-09-11 08:29:32,2025-09-11 09:17:43,1648.0,双向方向,,G5京昆高速（绵广段）,,,双向,-36281|-51407,-14642,-4060_0 -4060_1,:-36281_0_0 :-36281_0_1,,,,,"【交通阻塞首报】2025/9/11 8:29:32,接任良秀报：京昆高速绵广段双向方向K1648+000处发生一起高速交警通知非事故非施工抢险原因交通管制，目前江油站、贯山站、江油北站入口封闭，已通知高速交警察看原因并进行疏导。",
136,16220,交通事故,2025-09-11 11:12:53,2025-09-11 12:31:24,1661.0,广元至绵阳方向,应急车道,G5京昆高速（绵广段）,受伤1人,,下行,-45843,,-7622_0 -7622_1,:-45843_0_0 :-45843_1_0 :-45843_1_1,,,,,"【交通事故首报】2025/9/11 11:12:53,接江明芝报：京昆高速绵广段广元至绵阳方向K1661+000发生一起一辆一辆皮卡车追尾事故事故，占用应急车道，目前造成0死亡1受伤，已通知高速交警,执法,路维,急救到场处置,该事件为未达4级事件。",
137,16228,交通事故,2025-09-11 13:50:39,2025-09-11 14:47:02,1661.0,广元至绵阳方向,第一车道,G5京昆高速（绵广段）,暂无人员伤亡,,下行,-45843,,-7622_0 -7622_1,:-45843_0_0 :-45843_1_0 :-45843_1_1,2025-09-11 14:01:00,,",249,247,246",,"【交通事故首报】2025/9/11 13:50:39,接江明芝报：京昆高速绵广段广元至绵阳方向K1661+000发生一起一辆货和一辆小车发生追尾事故事故，占用第一车道，目前无人员伤亡，已通知高速交警,执法,路维到场处置,该事件为未达4级事件。",
138,16269,交通事故,2025-09-11 20:32:51,2025-09-11 21:05:33,1658.0,广元至绵阳方向,第二车道,G5京昆高速（绵广段）,暂无人员伤亡,,下行,-41881,,-8974_0 -8974_1,:-41881_0_0 :-41881_0_1,,,,,"【交通事故首报】2025/9/11 20:32:51,接汪燕莎报：京昆高速绵广段广元至绵阳方向K1658+000发生一起两货车追尾事故事故，占用第二车道，目前无人员伤亡，已通知高速交警,执法,路维到场处置,该事件为未达4级事件。",
139,16272,交通事故,2025-09-11 21:39:51,2025-09-11 22:02:36,1732.0,绵阳至成都方向,应急车道,G5京昆高速（成绵段）,受伤1人,,下行,-49298,-8890,-8890_0 -8890_1 -8890_2 -8890_3,:-49298_0_0 :-49298_0_1 :-49298_0_2 :-49298_0_3,2025-09-11 21:34:00,2025-09-11 22:02:00,"214,213,212,211,210",,"【交通事故首报】2025/9/11 21:39:51,接黄欢报：京昆高速成绵段绵阳至成都方向K1732+000发生一起两货车追尾事故，占用应急车道，目前造成0死亡1受伤，已通知高速交警,执法,路维,消防,急救到场处置,该事件为未达4级事件。",
140,16298,交通事故,2025-09-12 00:07:21,2025-09-12 02:32:23,1578.5,绵阳至广元方向,"第二车道,应急车道",G5京昆高速（绵广段）,暂无人员伤亡,,上行,-46263,-4688,-7768_0 -7768_1,:-46263_0_0 :-46263_0_1,,,,,"【交通事故首报】2025/9/12 0:07:21,接汪燕莎报：京昆高速绵广段绵阳至广元方向K1578+500发生一起两货车追尾事故事故，占用第二车道,应急车道，目前无人员伤亡，已通知高速交警,执法,路维到场处置,该事件为未达4级事件。",
141,16426,交通事故,2025-09-12 19:01:55,2025-09-12 19:51:45,1773.0,贵州至纳溪方向,第二车道,G76厦蓉高速（纳黔段）,受伤1人,,双向,-26480|9540576135,-3000000386,-876_0 -876_1 -876_2,:-26480_0_0 :-26480_0_1 :-26480_0_2,2025-09-12 19:15:00,,"183,555",,"【交通事故首报】2025/9/12 19:01:55,接刘丹报：厦蓉高速纳黔段贵州至纳溪方向K1773+000发生一起小车单车事故事故，占用第二车道，目前造成0死亡1受伤，已通知高速交警,执法,路维到场处置,该事件为未达4级事件。",
142,16429,交通事故,2025-09-13 06:44:31,2025-09-13 11:17:26,1757.0,贵州至纳溪方向,"第一车道,第二车道",G76厦蓉高速（纳黔段）,暂无人员伤亡,因处置瑞公山隧道交通事故，现关闭麻城站、摩尼站、赤水河站贵州至泸州方向入口、高桥服务区贵州至泸州方向出口,双向,-64586|3538591775,-9620|-10176,-15058_0 -16900_0 -16900_1 -16900_2,:-64586_0_0 :-64586_1_0 :-64586_1_1 :-64586_1_2,2025-09-13 06:47:00,,"555,183",,"【交通事故首报】2025/9/13 6:44:31,接刘丹报：厦蓉高速纳黔段贵州至纳溪方向K1757+000发生一起货车侧翻事故，占用第一车道,第二车道，目前无人员伤亡，已通知高速交警,执法,路维到场处置因处置瑞公山隧道交通事故，现关闭麻城站、摩尼站、赤水河站贵州至泸州方向入口、高桥服务区贵州至泸州方向出口,该事件为未达4级事件。",
143,16431,交通事故,2025-09-13 10:12:57,2025-09-13 11:46:13,1742.2,绵阳至成都方向,"第一车道,应急车道",G5京昆高速（成绵段）,暂无人员伤亡,,下行,-29792,,-1858_0 -1858_1 -1858_2 -1858_3,:-29792_0_0 :-29792_0_1 :-29792_0_2 :-29792_0_3,2025-09-13 10:13:00,,"212,211,210,209",,"【交通事故首报】2025/9/13 10:12:57,接杨国韬报：京昆高速成绵段绵阳至成都方向K1742+200发生一起多车追尾事故，占用第一车道,应急车道，目前无人员伤亡，已通知高速交警,路维到场处置,该事件为未达4级事件。",
144,16436,车辆故障,2025-09-13 15:02:16,2025-09-13 15:30:11,1592.0,广元至绵阳方向,,G5京昆高速（绵广段）,,,下行,-38348,-9822,-4810_0 -4810_1,:-38348_0_0 :-38348_0_1,,,,,"【车辆故障首报】2025/9/13 15:02:16,接任良秀报：京昆高速绵广段广元至绵阳方向广绵向K1592一辆满载硫酸的危化品运输车辆故障，占用应急车道；已通知高交、执法、路维。经现场勘察，该车辆为危化品车,所属丰茂有限公司,装载货物:硫酸,该事件为未达4级事件",
145,16437,车辆故障,2025-09-13 15:21:59,2025-09-13 15:31:18,1562.0,广元至绵阳方向,,G5京昆高速（绵广段）,,,下行,-62495,,-16412_0 -16412_1,:-62495_0_0 :-62495_1_0 :-62495_1_1,,,,,"【车辆故障首报】2025/9/13 15:21:59,接任良秀报：京昆高速绵广段广元至绵阳方向K1562+000发生一起车辆故障事件。广绵向K1562一辆危化品运输车辆故障，占用主车道，已通知高交、执法、路维。经现场勘察，该车辆为危化品车,所属无,装载货物:无,该事件为未达4级事件",
146,16463,交通事故,2025-09-15 06:30:02,2025-09-15 09:12:00,1752.0,绵阳至成都方向,"第一车道,第二车道,第三车道,第四车道,应急车道",G5京昆高速（成绵段）,暂无人员伤亡上行方向交通阻断,,下行,-26837,-3000000219,-978_0 -978_1 -978_2 -978_3,:-26837_0_0 :-26837_0_1 :-26837_0_2 :-26837_0_3,2025-09-15 06:50:00,,"215,209,210,211,212,213,214",,"【交通事故首报】2025/9/15 6:30:02,接杨国韬报：京昆高速成绵段绵阳至成都方向K1752+000发生一起两货车追尾，其中小货车侧翻事故，占用第一车道,第二车道,第三车道,第四车道,应急车道，目前人员受伤情况待定，已通知高速交警,执法,路维到场处置,该事件为未达4级事件。",
147,16467,交通事故,2025-09-15 14:29:13,2025-09-15 15:33:59,1555.0,广元至绵阳方向,应急车道,G5京昆高速（绵广段）,暂无人员伤亡,,下行,-40453,-5576,-5576_0 -5576_1,:-40453_0_0 :-40453_0_1,,,,,"【交通事故首报】2025/9/15 14:29:13,接何勇报：京昆高速绵广段广元至绵阳方向K1555+000发生一起一辆货车追尾一辆小车事故，占用应急车道，目前无人员伤亡，已通知高速交警,执法,路维到场处置,该事件为未达4级事件。",
148,16473,交通事故,2025-09-15 17:26:13,2025-09-15 18:25:08,1580.0,广元至绵阳方向,第一车道,G5京昆高速（绵广段）,暂无人员伤亡,,下行,-57722,-6322,-13004_0 -13004_1,:-57722_0_0 :-57722_0_1,,,,,"【交通事故首报】2025/9/15 17:26:13,接罗海燕报：京昆高速绵广段广元至绵阳方向K1580+000发生一起单车掉边沟事故，占用第一车道，目前无人员伤亡，已通知高速交警,执法,路维到场处置,该事件为未达4级事件。",
149,16566,交通管制,2025-09-16 08:58:04,2025-09-16 12:36:17,1766.0,双向方向,,G5京昆高速（成绵段）,,入口关闭,双向,-30773|9022331090,-3000000074,-2140_0,:-30773_0_0,2025-09-16 09:00:00,,"213,212,211,209,601,214,215",新都北站 到 金山站,"【交通管制首报】2025/9/16 8:58:04，接黄欢报：因大雾雷雨天气，京昆高速成绵段新都北站至金山站路段交通管制新都北站，广汉北站，金山站，罗江站，白马关站，德阳北站，德阳南站入口关闭，,预计小时后解除。",
150,16634,交通事故,2025-09-16 18:19:31,2025-09-16 21:45:29,34.64,会理至德昌方向,"第一车道,第二车道",S81德会高速,暂无人员伤亡下行方向交通阻断,由于K34+640（石家坝隧道）一辆两轴小货车发生侧翻单车事故，会理至德昌方向所有车辆均在益门收费站分流出站。益门收费站入口会理至德昌方向所有车辆禁止上站。,双向,J89|-39211,-13706,-2680_0 -2680_1 -2680_2 -2680_3,:J89_0_0 :J89_1_0 :J89_1_1 :J89_1_2,2025-09-16 18:20:00,,621,,"【交通事故首报】2025/9/16 18:19:31,接雷红月报：德会高速会理至德昌方向K34+640发生一起单车侧翻事故，占用第一车道,第二车道，目前无人员伤亡，已通知高速交警,执法,路维到场处置由于K34+640（石家坝隧道）一辆两轴小货车发生侧翻单车事故，会理至德昌方向所有车辆均在益门收费站分流出站。益门收费站入口会理至德昌方向所有车辆禁止上站。,该事件为未达4级事件。",
151,16775,交通事故,2025-09-17 21:21:06,2025-09-17 22:10:13,1674.0,广元至绵阳方向,第二车道,G5京昆高速（绵广段）,暂无人员伤亡,,下行,-33995,-16050,-3276_0 -3276_1,:-33995_0_0 :-33995_0_1,2025-09-17 21:37:00,,",243",,"【交通事故首报】2025/9/17 21:21:06,接姜春蓉报：京昆高速绵广段广元至绵阳方向K1674+000发生一起小车追尾货车事故，占用第二车道，目前无人员伤亡，已通知高速交警,执法,路维,急救到场处置,该事件为未达4级事件。",
152,16825,交通事故,2025-09-18 10:11:27,2025-09-18 11:12:25,1675.0,广元至绵阳方向,第一车道,G5京昆高速（绵广段）,暂无人员伤亡,绵阳站入口 成都方向封闭,下行,-44416,-16050,-16050_0 -16050_1,:-44416_0_0 :-44416_0_1,2025-09-18 10:11:00,,236,,"【交通事故首报】2025/9/18 10:11:27,接汪燕莎报：京昆高速绵广段广元至绵阳方向K1675+000发生一起单车事故事故，占用第一车道，目前无人员伤亡，已通知高速交警,执法,路维到场处置绵阳站入口 成都方向封闭,该事件为未达4级事件。",
153,16847,交通阻塞,2025-09-18 20:17:46,2025-09-18 21:05:16,1648.0,双向方向,,G5京昆高速（绵广段）,,,双向,-36281|-51407,-14642,-4060_0 -4060_1,:-36281_0_0 :-36281_0_1,,,,,"【交通阻塞首报】2025/9/18 20:17:46,接杨婷报：京昆高速绵广段双向方向K1648+000处发生一起高速交警通知非事故非施工抢险原因交通管制，目前江油站至江油北站入口封闭，已通知高速交警察看原因并进行疏导。",
154,16886,交通事故,2025-09-19 23:13:35,2025-09-20 00:48:05,1699.1,成都至绵阳方向,第二车道,G5京昆高速（成绵段）,暂无人员伤亡,关闭德阳南至罗江入口（成都至绵阳方向）,上行,-48985,,-17036_0 -17036_1,:-48985_0_0 :-48985_0_1,2025-09-19 23:14:00,,"213,212,211,210,209",,"【交通事故首报】2025/9/19 23:13:35,接黄欢报：京昆高速成绵段成都至绵阳方向K1699+100发生一起两货车追尾事故，占用第二车道，目前无人员伤亡，已通知高速交警,路维到场处置关闭德阳南至罗江入口（成都至绵阳方向）,该事件为未达4级事件。",
155,16887,交通事故,2025-09-20 01:20:24,2025-09-20 07:40:32,1705.0,成都至绵阳方向,"第一车道,第二车道",G5京昆高速（成绵段）,暂无人员伤亡下行方向交通阻断,关闭入口（成都至绵阳方向）,上行,-44436,-6726,,,2025-09-20 01:22:00,,"213,212,211,210,209",,"【交通事故首报】2025/9/20 1:20:24,接黄欢报：京昆高速成绵段成都至绵阳方向K1705+000发生一起两货车追尾事故，占用第一车道,第二车道，目前无人员伤亡，已通知高速交警,执法,路维,消防,急救到场处置关闭入口（成都至绵阳方向）,该事件为未达4级事件。",
156,16888,交通事故,2025-09-20 02:07:31,2025-09-20 06:59:30,1667.709,广元至绵阳方向,应急车道,G5京昆高速（绵广段）,暂无人员伤亡,因处置该事故现科学城站至厚坝站入口成都方向封闭。,下行,-47874,-11204,-11204_0 -11204_1,:-47874_0_0 :-47874_1_0 :-47874_1_1,2025-09-20 06:11:00,,"255,250,249,247,246,244",,"【交通事故首报】2025/9/20 2:07:31,接汪燕莎报：京昆高速绵广段广元至绵阳方向K1667+709发生一起货车自燃事故事故，占用应急车道，目前无人员伤亡，已通知高速交警,执法,路维,消防到场处置。因处置该事故现科学城站至厚坝站入口成都方向封闭。该事件为未达4级事件。",
157,16890,交通事故,2025-09-20 11:27:46,2025-09-20 13:19:47,1639.0,绵阳至广元方向,应急车道,G5京昆高速（绵广段）,暂无人员伤亡,,上行,-34833,-16112,-15612_0 -15612_1 -3510_0 -3510_1,:-34833_0_0 :-34833_0_1 :-34833_2_0 :-34833_2_1,2025-09-20 11:39:00,,"246,247",,"【交通事故首报】2025/9/20 11:27:46,接张欢报：京昆高速绵广段绵阳至广元方向K1639+000发生一起货车自燃事故事故，占用应急车道，目前无人员伤亡，已通知高速交警,执法,路维,消防到场处置,该事件为未达4级事件。",
158,16894,交通事故,2025-09-20 15:25:07,2025-09-20 18:19:07,1626.0,绵阳至广元方向,第一车道,G5京昆高速（绵广段）,暂无人员伤亡,江油站至江油北站入口广元方向封闭。,上行,-51738,-15950,-15840_0,,2025-09-20 15:25:00,,"246,247,249",,"【交通事故首报】2025/9/20 15:25:07,接张欢报：京昆高速绵广段绵阳至广元方向K1626+000发生一起货车侧翻事故事故，占用第一车道，目前无人员伤亡，已通知高速交警,执法,路维到场处置江油站至江油北站入口广元方向封闭。该事件为未达4级事件。",
159,16899,交通事故,2025-09-20 19:08:16,2025-09-20 21:50:06,2240.95,泸沽至黄联关方向,第一车道,G5京昆高速（泸黄段）,暂无人员伤亡,,上行,-33397,-9698,-3034_0 -3034_1,:-33397_0_0 :-33397_0_1 :-33397_0_2,2025-09-20 19:20:00,2025-09-20 21:50:00,",640,639",,"【交通事故首报】2025/9/20 19:08:16,接刘艳报：京昆高速泸黄段泸沽至黄联关方向K2240+950发生一起两车相撞事故，占用第一车道，目前无人员伤亡，已通知高速交警,路维,急救到场处置,该事件为未达4级事件。",
160,17223,交通事故,2025-09-29 09:47:05,2025-09-29 11:08:32,1606.0,绵阳至广元方向,"第一车道,第二车道,应急车道",G5京昆高速（绵广段）,暂无人员伤亡,绵广向K1606一辆货车发生交通事故，无人员受伤，现场道路中断，已通知高交、执法、路维；在相关情报板发布提示信息。接高交通知：因处置该事故，现江油站至小溪坝站入口广元方向封闭。,上行,-53415,-1062,-10476_0 -10476_1,:-53415_0_0 :-53415_0_1,2025-09-29 09:47:00,,"250,249,247,246",,"【交通事故首报】2025/9/29 9:47:05,接任良秀报：京昆高速绵广段绵阳至广元方向K1606+000发生一起货车单车事故事故，占用第一车道,第二车道,应急车道，目前无人员伤亡，已通知高速交警,执法,路维到场处置绵广向K1606一辆货车发生交通事故，无人员受伤，现场道路中断，已通知高交、执法、路维；在相关情报板发布提示信息。接高交通知：因处置该事故，现江油站至小溪坝站入口广元方向封闭。该事件为未达4级事件。",
161,17233,交通阻塞,2025-09-29 14:53:55,2025-09-29 15:24:29,1685.0,广元至绵阳方向,,G5京昆高速（绵广段）,,,下行,-43062,-13472,-6534_0 -6534_1,:-43062_0_0 :-43062_0_1,,,,,"【交通阻塞首报】2025/9/29 14:53:55,接任良秀报：京昆高速绵广段广元至绵阳方向K1685+000处发生一起高速交警通知非事故非施工抢险原因交通管制，因主线车流量大，现绵阳南站、绵阳站入口成都方向封闭；已通知高速交警,执法,路维察看原因并进行疏导。",
162,17245,交通事故,2025-09-30 06:11:11,2025-09-30 06:48:44,1640.0,绵阳至广元方向,第一车道,G5京昆高速（绵广段）,暂无人员伤亡,,上行,-34833,-9302,-15612_0 -15612_1 -3510_0 -3510_1,:-34833_0_0 :-34833_0_1 :-34833_2_0 :-34833_2_1,,,,,"【交通事故首报】2025/9/30 6:11:11,接张欢报：京昆高速绵广段绵阳至广元方向K1640+000发生一起小车追尾货车事故，占用第一车道，目前无人员伤亡，已通知高速交警,执法,路维到场处置,该事件为未达4级事件。",
163,17248,交通事故,2025-09-30 09:38:41,2025-09-30 12:54:34,2086.0,泸沽至雅安方向,应急车道,G5京昆高速（雅泸段）,暂无人员伤亡,,下行,-28701,,-16146_0 -16146_1,:-28701_0_0 :-28701_0_1,,,,,"【交通事故首报】2025/9/30 9:38:41,接巨江梅报：京昆高速雅泸段泸沽至雅安方向K2086+000发生一起单车侧翻事故，占用应急车道，目前无人员伤亡，已通知高速交警,执法,路维,消防,急救到场处置,该事件为未达4级事件。",
164,17249,交通事故,2025-09-30 09:51:38,2025-09-30 12:46:51,1575.85,绵阳至广元方向,第一车道,G5京昆高速（绵广段）,暂无人员伤亡,,上行,-46263,-4688,-7768_0 -7768_1,:-46263_0_0 :-46263_0_1,2025-09-30 11:18:00,2025-09-30 12:40:00,,,"【交通事故首报】2025/9/30 9:51:38,接罗海燕报：京昆高速绵广段绵阳至广元方向K1575+850发生一起单车侧翻事故，占用第一车道，目前无人员伤亡，已通知高速交警,执法,路维到场处置,该事件为未达4级事件。",
165,17250,交通事故,2025-09-30 10:00:02,2025-09-30 11:57:00,5.3,成都至雅安方向,第一车道,G5京昆高速（成雅段）,受伤3人,,上行,-31481,-10820,-5848_0 -5848_1 -5848_2,:-31481_0_0 :-31481_0_1 :-31481_0_2,,,,,"【交通事故首报】2025/9/30 10:00:02,接颜翠报：京昆高速成雅段成都至雅安方向K5+300发生一起三小车事故事故，占用第一车道，目前造成0死亡3受伤，已通知高速交警,执法,路维,急救到场处置,该事件为未达4级事件。",
166,17257,交通事故,2025-09-30 14:28:39,2025-09-30 14:59:31,1815.0,纳溪至贵州方向,第一车道,G76厦蓉高速（纳黔段）,暂无人员伤亡,,上行,-54038,-13404.425,-11216_0 -11216_1 -11216_2,:-54038_0_0 :-54038_0_1 :-54038_0_2,,,,,"【交通事故首报】2025/9/30 14:28:39,接陈茜报：厦蓉高速纳黔段纳溪至贵州方向K1815+000发生一起单车事故事故，占用第一车道，目前无人员伤亡，已通知高速交警,执法,路维到场处置,该事件为未达4级事件。",
167,17262,交通事故,2025-09-30 16:16:43,2025-09-30 16:57:23,1775.5,纳溪至贵州方向,第一车道,G76厦蓉高速（纳黔段）,暂无人员伤亡,,上行,-53295,-10088,-10424_0 -10424_1,:-53295_0_0 :-53295_0_1,,,,,"【交通事故首报】2025/9/30 16:16:43,接李英报：厦蓉高速纳黔段纳溪至贵州方向K1775+500发生一起2辆小车追尾事故，占用第一车道，目前无人员伤亡，已通知高速交警,执法,路维到场处置,该事件为未达4级事件。",
168,17263,交通事故,2025-09-30 16:49:22,2025-09-30 16:54:56,1764.0,贵州至纳溪方向,第二车道,G76厦蓉高速（纳黔段）,暂无人员伤亡,,双向,-67933|3426566784,-3000000076,-16618_0 -16618_1,,,,,,"【交通事故首报】2025/9/30 16:49:22,接李英报：厦蓉高速纳黔段贵州至纳溪方向K1764+000发生一起2辆车（小车：1辆，两轴货车：1辆）追尾事故，占用第二车道，目前无人员伤亡，已通知高速交警,执法,路维到场处置,该事件为未达4级事件。",
169,17266,车辆故障,2025-09-30 16:58:29,2025-09-30 18:09:46,2327.0,西昌至攀枝花方向,,G5京昆高速（西攀段）,,,上行,-43415,-6006,-9856_0 -9856_1,:-43415_0_0 :-43415_0_1,,,,,"【车辆故障首报】2025/9/30 16:58:29,监控查看：京昆高速西攀段西昌至攀枝花方向K2327+000发生一起车辆故障事件。经现场勘察，该车辆为运营客车,所属西昌运输公司,运营路线:德昌至会理,核载人数:39,实载人数:33,该事件为未达4级事件.",
170,17274,交通事故,2025-09-30 19:02:00,2025-09-30 19:17:00,1943.95,成都至雅安方向,应急车道,G5京昆高速（成雅段）,受伤1人,,上行,-33813,-1046,-3218_0 -3218_1,:-33813_0_0,,,,,"【交通事故首报】2025/9/30 19:02:00,接颜翠报：京昆高速成雅段成都至雅安方向K1943+950发生一起两辆小车追尾事故，占用应急车道，目前造成0死亡1人轻伤，已通知高速交警,执法,路维,急救到场处置,该事件为未达4级事件。",
171,17277,交通事故,2025-09-30 19:56:57,2025-09-30 20:35:32,1756.2,贵州至纳溪方向,第二车道,G76厦蓉高速（纳黔段）,暂无人员伤亡,,双向,-64586|3426567093,-14572|-10176,-15058_0 -16900_0 -16900_1 -16900_2,:-64586_0_0 :-64586_1_0 :-64586_1_1 :-64586_1_2,2025-09-30 19:43:00,,"183809,555",,"【交通事故首报】2025/9/30 19:56:57,接李英报：厦蓉高速纳黔段贵州至纳溪方向K1756+200发生一起3辆小车追尾事故，占用第二车道，目前无人员伤亡，已通知高速交警,执法,路维到场处置,该事件为未达4级事件。",
172,17278,交通事故,2025-09-30 20:26:47,2025-09-30 20:40:24,1756.0,贵州至纳溪方向,第一车道,G76厦蓉高速（纳黔段）,暂无人员伤亡,,双向,-64586|-51337,-14572|-10176,-15058_0 -16900_0 -16900_1 -16900_2,:-64586_0_0 :-64586_1_0 :-64586_1_1 :-64586_1_2,2025-09-30 19:43:00,,"183809,555",,"【交通事故首报】2025/9/30 20:26:47,接王英报：厦蓉高速纳黔段贵州至纳溪方向K1756+000发生一起小车事故，占用第一车道，目前无人员伤亡，已通知高速交警,执法,路维到场处置,该事件为未达4级事件。",
173,17280,交通事故,2025-09-30 20:35:32,2025-09-30 20:37:04,1763.0,贵州至纳溪方向,第一车道,G76厦蓉高速（纳黔段）,暂无人员伤亡,,双向,-67933|-56253,-11648|-3000000312,-16618_0 -16618_1,,,,,,"【交通事故首报】2025/9/30 20:35:32,接王英报：厦蓉高速纳黔段贵州至纳溪方向K1763+000发生一起小车事故，占用第一车道，目前无人员伤亡，已通知高速交警,执法,路维到场处置,该事件为未达4级事件。",
174,17281,交通事故,2025-09-30 20:45:30,2025-09-30 22:01:57,1762.75,贵州至纳溪方向,第一车道,G76厦蓉高速（纳黔段）,暂无人员伤亡,,双向,-67933|-33414,-3000000312,-16618_0 -16618_1,,2025-09-30 20:46:00,,"183809,555",,"【交通事故首报】2025/9/30 20:45:30,接李英报：厦蓉高速纳黔段贵州至纳溪方向K1762+750发生一起发生事故事故，占用第一车道，目前无人员伤亡，已通知高速交警,执法,路维到场处置,该事件为未达4级事件。",
175,17282,交通事故,2025-09-30 20:59:17,2025-09-30 21:02:36,1760.0,贵州至纳溪方向,第二车道,G76厦蓉高速（纳黔段）,暂无人员伤亡,,双向,-29605|-29606,-9222|-4114,-9550_0 -9550_1 -9550_2,:-29605_0_0 :-29605_0_1 :-29605_0_2,,,,,"【交通事故首报】2025/9/30 20:59:17,接王英报：厦蓉高速纳黔段贵州至纳溪方向K1760+000发生一起3小车追尾事故，占用第二车道，目前无人员伤亡，已通知高速交警,执法,路维到场处置,该事件为未达4级事件。",
176,17284,交通事故,2025-09-30 21:00:00,2025-09-30 23:50:00,1915.8,成都至雅安方向,"第一车道,第二车道",G5京昆高速（成雅段）,暂无人员伤亡,受成雅向K1915+800处小车自燃事故影响，雅安金鸡关、太平收费站入口关闭。,上行,-67949,-3170,-16628_0,,2025-09-30 20:56:00,,"683,686",,"【交通事故首报】2025/9/30 21:00:00,接颜翠报：京昆高速成雅段成都至雅安方向K1915+800发生一起小车自燃事故，占用第一车道,第二车道，目前无人员伤亡，已通知高速交警,执法,路维,消防到场处置受成雅向K1915+800处小车自燃事故影响，雅安金鸡关、太平收费站入口关闭。,该事件为未达4级事件。",
177,17285,交通事故,2025-09-30 21:18:24,2025-09-30 21:38:29,1645.0,绵阳至广元方向,"第一车道,应急车道",G5京昆高速（绵广段）,暂无人员伤亡,,上行,-31957,-1690,-2522_0 -13664_0 -13664_1,:-31957_0_0 :-31957_1_0 :-31957_1_1,2025-09-30 21:13:00,,"246,244,243,236,225",,"【交通事故首报】2025/9/30 21:18:24,接任良秀报：京昆高速绵广段绵阳至广元方向K1645+000发生一起两起追尾事故事故，占用第一车道,应急车道，目前无人员伤亡，已通知高速交警,执法,路维到场处置,该事件为未达4级事件。",
178,17291,交通事故,2025-09-30 21:57:51,2025-09-30 22:11:38,1761.0,贵州至纳溪方向,第一车道,G76厦蓉高速（纳黔段）,暂无人员伤亡,,双向,3976561392|-36449,-9222|-4114,-3000000332_0 -3000000002_0 -3000000002_1,:3976561392_0_0 :3976561392_1_0 :3976561392_1_1,,,,,"【交通事故首报】2025/9/30 21:57:51,接王英报：厦蓉高速纳黔段贵州至纳溪方向K1761+000发生一起3小车追尾事故，占用第一车道，目前无人员伤亡，已通知高速交警,执法,路维到场处置,该事件为未达4级事件。",
179,17292,交通事故,2025-09-30 21:58:00,2025-09-30 22:12:48,1739.0,贵州至纳溪方向,应急车道,G76厦蓉高速（纳黔段）,暂无人员伤亡,,双向,-57263|-29205,-6450,-12142_0,,,,,,"【交通事故首报】2025/9/30 21:58:00,接李英报：厦蓉高速纳黔段贵州至纳溪方向K1739+000发生一起2车追尾事故事故，占用应急车道，目前无人员伤亡，已通知高速交警,执法,路维到场处置,该事件为未达4级事件。",
180,17294,车辆故障,2025-09-30 22:31:33,2025-09-30 23:20:43,1760.0,贵州至纳溪方向,,G76厦蓉高速（纳黔段）,,,双向,-29605|-29606,-9222|-4114,-9550_0 -9550_1 -9550_2,:-29605_0_0 :-29605_0_1 :-29605_0_2,,,,,"【车辆故障首报】2025/9/30 22:31:33,接李英报：厦蓉高速纳黔段贵州至纳溪方向K1760+000发生一起车辆故障事件。经现场勘察，该车辆为危化品车,所属无,装载货物:硫酸,该事件为未达4级事件",
181,17295,交通事故,2025-09-30 22:33:05,2025-09-30 22:53:27,1758.0,贵州至纳溪方向,第一车道,G76厦蓉高速（纳黔段）,暂无人员伤亡,,双向,-50495|-41727,-6004,-12098_0 -9264_0 -9264_1 -9264_2,:-50495_0_0 :-50495_1_0 :-50495_1_1 :-50495_1_2,,,,,"【交通事故首报】2025/9/30 22:33:05,接李英报：厦蓉高速纳黔段贵州至纳溪方向K1758+000发生一起2车追尾事故，占用第一车道，目前无人员伤亡，已通知高速交警,执法,路维到场处置,该事件为未达4级事件。",
182,17298,交通事故,2025-09-30 22:43:57,2025-09-30 23:46:19,1762.63,贵州至纳溪方向,第一车道,G76厦蓉高速（纳黔段）,暂无人员伤亡,,双向,-67933|-33414,-3000000312,-16618_0 -16618_1,,,,,,"【交通事故首报】2025/9/30 22:43:57,接李英报：厦蓉高速纳黔段贵州至纳溪方向K1762+630发生一起2车追尾事故，占用第一车道，目前无人员伤亡，已通知高速交警,执法,路维到场处置,该事件为未达4级事件。",
183,17299,交通事故,2025-09-30 22:48:01,2025-09-30 23:01:19,1774.55,贵州至纳溪方向,第二车道,G76厦蓉高速（纳黔段）,暂无人员伤亡,,双向,-25639|-44452,,-3684_0 -3684_1 -3684_2,:-25639_0_0 :-25639_0_1 :-25639_0_2,,,,,"【交通事故首报】2025/9/30 22:48:01,接李英报：厦蓉高速纳黔段贵州至纳溪方向K1774+550发生一起2辆小车追尾事故，占用第二车道，目前无人员伤亡，已通知高速交警,执法,路维到场处置,该事件为未达4级事件。",
184,17302,交通事故,2025-09-30 22:59:03,2025-09-30 23:13:18,1784.0,贵州至纳溪方向,第一车道,G76厦蓉高速（纳黔段）,暂无人员伤亡,,双向,3538967798|-43329,-6622,-3000000063_0 -3000000063_1,:3538967798_0_0 :3538967798_0_1,,,,,"【交通事故首报】2025/9/30 22:59:03,接李英报：厦蓉高速纳黔段贵州至纳溪方向K1784+000发生一起3小车追尾事故，占用第一车道，目前无人员伤亡，已通知高速交警,执法,路维到场处置,该事件为未达4级事件。",
185,17305,交通事故,2025-09-30 23:07:01,2025-09-30 23:24:30,1760.23,贵州至纳溪方向,第一车道,G76厦蓉高速（纳黔段）,暂无人员伤亡,,双向,-29605|-36449,-9222|-4114,-9550_0 -9550_1 -9550_2,:-29605_0_0 :-29605_0_1 :-29605_0_2,,,,,"【交通事故首报】2025/9/30 23:07:01,接李英报：厦蓉高速纳黔段贵州至纳溪方向K1760+230发生一起2起事故，小车追尾事故，占用第一车道，目前无人员伤亡，已通知高速交警,执法,路维到场处置,该事件为未达4级事件。",
186,17306,交通事故,2025-09-30 23:09:30,2025-09-30 23:19:42,1854.0,纳溪至贵州方向,第一车道,G76厦蓉高速（纳黔段）,暂无人员伤亡,,上行,-39203,-1772,-5118_0 -5118_1,:-39203_0_0 :-39203_0_1,,,,,"【交通事故首报】2025/9/30 23:09:30,接李英报：厦蓉高速纳黔段纳溪至贵州方向K1854+000发生一起车辆追尾事故，占用第一车道，目前无人员伤亡，已通知高速交警,执法到场处置,该事件为未达4级事件。",
187,17315,交通事故,2025-09-30 23:34:07,2025-10-01 00:07:38,1807.0,纳溪至贵州方向,第一车道,G76厦蓉高速（纳黔段）,暂无人员伤亡,,上行,12539591436,-2000000412,-2000000429_0 -2000000429_1,:12539591436_0_0 :12539591436_0_1,,,,,"【交通事故首报】2025/9/30 23:34:07,接王英报：厦蓉高速纳黔段纳溪至贵州方向K1807+000发生一起3小车追尾事故，占用第一车道，目前无人员伤亡，已通知高速交警,执法,路维到场处置,该事件为未达4级事件。",
188,17316,交通事故,2025-09-30 23:38:07,2025-09-30 23:52:16,1761.0,贵州至纳溪方向,第一车道,G76厦蓉高速（纳黔段）,暂无人员伤亡,,双向,3976561392|-36449,-9222|-4114,-3000000332_0 -3000000002_0 -3000000002_1,:3976561392_0_0 :3976561392_1_0 :3976561392_1_1,,,,,"【交通事故首报】2025/9/30 23:38:07,接王英报：厦蓉高速纳黔段贵州至纳溪方向K1761+000发生一起3小车事故事故，占用第一车道，目前无人员伤亡，已通知高速交警,执法,路维到场处置,该事件为未达4级事件。",
189,17319,交通事故,2025-09-30 23:54:10,2025-10-01 00:33:18,1760.23,贵州至纳溪方向,"第一车道,第二车道",G76厦蓉高速（纳黔段）,暂无人员伤亡,,双向,-29605|-36449,-9222|-4114,-9550_0 -9550_1 -9550_2,:-29605_0_0 :-29605_0_1 :-29605_0_2,,,,,"【交通事故首报】2025/9/30 23:54:10,接李英报：厦蓉高速纳黔段贵州至纳溪方向K1760+230发生一起3辆小车事故，占用第一车道,第二车道，目前无人员伤亡，已通知高速交警,执法,路维到场处置,该事件为未达4级事件。",
190,17320,交通事故,2025-09-30 23:52:39,2025-10-01 00:26:09,1571.2,广元至绵阳方向,第一车道,G5京昆高速（绵广段）,暂无人员伤亡,,下行,-42616,-4768,,,,,,,"【交通事故首报】2025/9/30 23:52:39,接任良秀报：京昆高速绵广段广元至绵阳方向K1571+200发生一起三车追尾事故，占用第一车道，目前无人员伤亡，已通知高速交警,执法,路维到场处置,该事件为未达4级事件。",
191,17324,交通事故,2025-10-01 00:16:42,2025-10-01 00:25:42,1774.0,贵州至纳溪方向,第一车道,G76厦蓉高速（纳黔段）,暂无人员伤亡,,双向,-25639|9540576128,-3000000183,-3684_0 -3684_1 -3684_2,:-25639_0_0 :-25639_0_1 :-25639_0_2,,,,,"【交通事故首报】2025/10/1 0:16:42,接李英报：厦蓉高速纳黔段贵州至纳溪方向K1774+000发生一起2辆小车追尾事故，占用第一车道，目前无人员伤亡，已通知高速交警,执法,路维到场处置,该事件为未达4级事件。",
192,17325,交通事故,2025-10-01 00:21:06,2025-10-01 00:47:54,1786.0,贵州至纳溪方向,"第三车道,第二车道",G76厦蓉高速（纳黔段）,暂无人员伤亡,,双向,-32512|-38635,,-2706_0 -2706_1,:-32512_0_0 :-32512_0_1,,,,,"【交通事故首报】2025/10/1 0:21:06,接李英报：厦蓉高速纳黔段贵州至纳溪方向K1786+000发生一起2起追尾事故事故，占用第三车道,第二车道，目前无人员伤亡，已通知高速交警,执法,路维到场处置,该事件为未达4级事件。",
193,17331,交通事故,2025-10-01 01:13:39,2025-10-01 02:51:34,1808.0,纳溪至贵州方向,"第一车道,第二车道",G76厦蓉高速（纳黔段）,暂无人员伤亡,,上行,5744988501,-2000000259,-2000000416_0 -2000000416_1,:5744988501_0_0 :5744988501_0_1,,,,,"【交通事故首报】2025/10/1 1:13:39,接李英报：厦蓉高速纳黔段纳溪至贵州方向K1808+000发生一起2辆小车发生自燃事故，占用第一车道,第二车道，目前无人员伤亡，已通知高速交警,执法,路维,消防,急救到场处置,该事件为未达4级事件，后续在跟进中。",
194,17346,交通事故,2025-10-01 03:44:26,2025-10-01 07:56:18,1946.5,成都至雅安方向,"第一车道,第二车道",G5京昆高速（成雅段）,受伤2人,,上行,-27953,-9518,-1320_0 -1320_1,:-27953_0_0 :-27953_0_1,,,,,"【交通事故首报】2025/10/1 3:44:26,接颜翠报：京昆高速成雅段成都至雅安方向K1946+500发生一起三小车事故事故，占用第一车道,第二车道，目前造成0死亡2受伤，已通知高速交警,执法,路维,急救到场处置,该事件为未达4级事件。",
195,17357,交通事故,2025-10-01 06:36:44,2025-10-01 07:59:28,1918.757,成都至雅安方向,应急车道,G5京昆高速（成雅段）,受伤1人,,上行,-25537,-5980,-610_0 -610_1,:-25537_0_0 :-25537_0_1,,,,,"【交通事故首报】2025/10/1 6:36:44,接沈雁飞报：京昆高速成雅段成都至雅安方向K1918+757发生一起三车事故事故，占用应急车道，目前造成0死亡1受伤，已通知高速交警,执法,路维,急救到场处置,该事件为未达4级事件。",
196,17358,交通事故,2025-10-01 06:38:40,2025-10-01 07:43:45,1844.3,成都至雅安方向,"第三车道,应急车道",G5京昆高速（成雅段）,受伤1人,,上行,-54774,-9756,,,,,,,"【交通事故首报】2025/10/1 6:38:40,接沈雁飞报：京昆高速成雅段成都至雅安方向K1844+300发生一起三车事故事故，占用第三车道,应急车道，目前造成0死亡1受伤，已通知高速交警,执法,路维,急救到场处置,该事件为未达4级事件。",
197,17359,交通事故,2025-10-01 06:36:22,2025-10-01 07:06:22,1529.0,广元至绵阳方向,第一车道,G5京昆高速（绵广段）,暂无人员伤亡,,下行,-69244,-4866,-17234#0_0 -17234#0_1 -17236#0_0 -17236#0_1,:-69244_0_0 :-69244_0_1 :-69244_2_0 :-69244_2_1,,,,,"【交通事故首报】2025/10/1 6:36:22,接12122车主报：G5京昆高速广元段（广元至绵阳方向），1529公里处四辆小车追尾，无人员受伤，已通知高速交警,执法,路维到场处置,该事件为未达4级事件。",
198,17366,交通阻塞,2025-10-01 07:48:13,2025-10-01 08:15:01,1675.0,绵阳至广元方向,,G5京昆高速（绵广段）,,因主线车流量大，现绵阳至广元方向主线车辆分流至绵阳站出站。,上行,-30177,-16050,-10690_0,:-30177_0_0,2025-10-01 07:48:00,2025-10-01 08:15:00,,,"【交通阻塞首报】2025/10/1 7:48:13,接任良秀报：京昆高速绵广段绵阳至广元方向K1675+000处发生一起高速交警通知非事故非施工抢险原因交通管制，因主线车流量大，现绵阳至广元方向主线车辆分流至绵阳站出站。已通知高速交警,执法,路维察看原因并进行疏导。",
199,17370,交通事故,2025-10-01 08:33:04,2025-10-01 08:46:16,1854.0,纳溪至贵州方向,第一车道,G76厦蓉高速（纳黔段）,暂无人员伤亡,,上行,-39203,-1772,-5118_0 -5118_1,:-39203_0_0 :-39203_0_1,,,,,"【交通事故首报】2025/10/1 8:33:04,接李英报：厦蓉高速纳黔段纳溪至贵州方向K1854+000发生一起2小车追尾事故，占用第一车道，目前无人员伤亡，已通知高速交警,执法,路维到场处置,该事件为未达4级事件。",
200,17371,交通事故,2025-10-01 08:37:26,2025-10-01 08:44:34,1857.0,纳溪至贵州方向,第一车道,G76厦蓉高速（纳黔段）,暂无人员伤亡,三轴及三轴以上货车（鲜活车除外），大件车、危化品车管制,上行,-39203,-1772,-5118_0 -5118_1,:-39203_0_0 :-39203_0_1,2025-10-01 08:00:00,,"552,551,550",,"【交通事故首报】2025/10/1 8:37:26,接李英报：厦蓉高速纳黔段纳溪至贵州方向K1857+000发生一起3小车追尾事故，占用第一车道，目前无人员伤亡，已通知高速交警,执法,路维到场处置三轴及三轴以上货车（鲜活车除外），大件车、危化品车管制,该事件为未达4级事件。",
201,17383,车辆故障,2025-10-01 10:23:35,2025-10-01 10:35:35,1800.0,纳溪至贵州方向,,G76厦蓉高速（纳黔段）,,,上行,12539591439,-9132,-2000000432_0 -2000000432_1,:12539591439_0_0 :12539591439_0_1,,,,,"【车辆故障首报】2025/10/1 10:23:35,接钟瑾仪报：厦蓉高速纳黔段纳溪至贵州方向K1800+000发生一起车辆故障事件。经现场勘察，该车辆为运营客车,所属毕节交运集团客运有限公司,运营路线:毕节至泸州,核载人数:9,实载人数:9,该事件为未达4级事件",
202,17392,交通事故,2025-10-01 11:27:25,2025-10-01 11:53:25,2426.1,攀枝花至西昌方向,第一车道,G5京昆高速（西攀段）,暂无人员伤亡,,下行,2390046864,,-4000000079_0 -4000000079_1,:2390046864_0_0 :2390046864_0_1,,,,,"【交通事故首报】2025/10/1 11:27:25,接冯全俊报：京昆高速西攀段攀枝花至西昌方向徐家梁子隧道，K2426+100发生一起两车追尾事故，占用第一车道，目前无人员伤亡，已通知高速交警,执法,路维到场处置,该事件为未达4级事件。",
203,17395,交通事故,2025-10-01 11:54:33,2025-10-01 12:35:25,1550.0,绵阳至广元方向,第一车道,G5京昆高速（绵广段）,暂无人员伤亡,,上行,-43583,-11078,-7612_0 -7612_1,:-43583_0_0 :-43583_0_1,,,,,"【交通事故首报】2025/10/1 11:54:33,接高速公安通知：京昆高速绵广段绵阳至广元方向K1550+000发生一起两辆小车追尾事故，占用超车道，目前无人员伤亡，已通知高速交警,执法,路维到场处置,该事件为未达4级事件。",
204,17398,交通事故,2025-10-01 12:39:37,2025-10-01 13:03:54,1582.0,广元至绵阳方向,第一车道,G5京昆高速（绵广段）,暂无人员伤亡,,下行,-56969,-16616,-11994_0 -11994_1,:-56969_0_0 :-56969_0_1,,,,,"【交通事故首报】2025/10/1 12:39:37,接何勇报：京昆高速绵广段广元至绵阳方向K1582+000发生一起4辆小车追尾事故，占用第一车道，目前无人员伤亡，已通知高速交警,执法,路维到场处置,该事件为未达4级事件。",
205,17402,交通事故,2025-10-01 13:16:20,2025-10-01 14:12:25,1558.493,广元至绵阳方向,第一车道,G5京昆高速（绵广段）,暂无人员伤亡,,下行,-51354,-2046,-9864_0 -9864_1,:-51354_0_0 :-51354_0_1,,,,,"【交通事故首报】2025/10/1 13:16:20,接何勇报：京昆高速绵广段广元至绵阳方向K1558+493发生一起多辆小车追尾事故。事故，占用第一车道，目前无人员伤亡，已通知高速交警,执法,路维到场处置,该事件为未达4级事件。",
206,17409,交通事故,2025-10-01 14:34:28,2025-10-01 14:44:54,1566.793,广元至绵阳方向,第一车道,G5京昆高速（绵广段）,暂无人员伤亡,,下行,-38174,,-9260_0 -9260_1,:-38174_0_0 :-38174_0_1,,,,,"【交通事故首报】2025/10/1 14:34:28,接何勇报：京昆高速绵广段广元至绵阳方向K1566+793发生一起两车追尾事故，占用第一车道，目前无人员伤亡，已通知高速交警,执法,路维到场处置,该事件为未达4级事件。",
207,17410,交通事故,2025-10-01 14:56:05,2025-10-01 16:05:28,1535.0,绵阳至广元方向,应急车道,G5京昆高速（绵广段）,暂无人员伤亡,,上行,-49744,-9040,-14180_0,:-49744_0_0,,,,,"【交通事故首报】2025/10/1 14:56:05,接袁素红报：京昆高速绵广段绵阳至广元方向K1535+000发生一起两辆小车追尾事故，占用应急车道，目前无人员伤亡，已通知高速交警,执法,路维到场处置,该事件为未达4级事件。",
208,17423,交通事故,2025-10-01 18:18:49,2025-10-01 18:25:04,1844.0,贵州至纳溪方向,第一车道,G76厦蓉高速（纳黔段）,暂无人员伤亡,,双向,-54774|-51670,-9756|-2000000248,,,,,,,"【交通事故首报】2025/10/1 18:18:49,接王英报：厦蓉高速纳黔段贵州至纳溪方向K1844+000发生一起2小车事故事故，占用第一车道，目前无人员伤亡，已通知高速交警,执法,路维到场处置,该事件为未达4级事件。",
209,17430,交通事故,2025-10-01 20:25:46,2025-10-01 20:28:36,1785.0,贵州至纳溪方向,"匝道,应急车道",G76厦蓉高速（纳黔段）,暂无人员伤亡,,双向,-32512|-38635,,-2706_0 -2706_1,:-32512_0_0 :-32512_0_1,,,,,"【交通事故首报】2025/10/1 20:25:46,接王英报：厦蓉高速纳黔段贵州至纳溪方向K1785+000发生一起2小车追尾事故，占用匝道,应急车道，目前无人员伤亡，已通知高速交警,执法,路维到场处置,该事件为未达4级事件。",
210,17450,交通事故,2025-10-02 06:05:31,2025-10-02 07:01:44,1563.23,广元至绵阳方向,第一车道,G5京昆高速（绵广段）,暂无人员伤亡,,下行,-62495,,-16412_0 -16412_1,:-62495_0_0 :-62495_1_0 :-62495_1_1,,,,,"【交通事故首报】2025/10/2 6:05:31,接罗海燕报：京昆高速绵广段广元至绵阳方向K1563+230发生一起小车掉边沟事故，占用第一车道，目前无人员伤亡，已通知高速交警,执法,路维到场处置,该事件为未达4级事件。",
211,17455,交通事故,2025-10-02 08:45:49,2025-10-02 09:30:04,1534.0,广元至绵阳方向,第一车道,G5京昆高速（绵广段）,暂无人员伤亡,,下行,-58102,-12460,-12460_0 -12460_1,:-58102_0_0 :-58102_0_1,,,,,"【交通事故首报】2025/10/2 8:45:49,接外线报：京昆高速绵广段广元至绵阳方向K1534+000发生一起一辆小货车追尾小车事故，占用第一车道，目前无人员伤亡，已通知高速交警,执法,路维到场处置,该事件为未达4级事件。",
212,17456,交通事故,2025-10-02 08:53:02,2025-10-02 09:36:26,1691.0,成都至绵阳方向,第一车道,G5京昆高速（成绵段）,暂无人员伤亡,,上行,-36904,,-8062_0 -8062_1,:-36904_0_0 :-36904_0_1,2025-10-02 09:27:00,,214,,"【交通事故首报】2025/10/2 8:53:02,接代宇森报：京昆高速成绵段成都至绵阳方向K1691+000发生一起五小车追尾事故，占用第一车道，目前无人员伤亡，已通知高速交警,路维到场处置,该事件为未达4级事件。",
213,17459,交通事故,2025-10-02 10:15:43,2025-10-02 10:28:12,1854.179,纳溪至贵州方向,第一车道,G76厦蓉高速（纳黔段）,暂无人员伤亡,,上行,-39203,-1772,-5118_0 -5118_1,:-39203_0_0 :-39203_0_1,,,,,"【交通事故首报】2025/10/2 10:15:43,接李小玲报：厦蓉高速纳黔段纳溪至贵州方向K1854+179发生一起两车追尾事故，占用第一车道，目前无人员伤亡，已通知高速交警,执法,路维到场处置,该事件为未达4级事件。",
214,17471,交通事故,2025-10-02 14:12:11,2025-10-02 14:42:21,1854.773,纳溪至贵州方向,第一车道,G76厦蓉高速（纳黔段）,暂无人员伤亡,,上行,-39203,-1772,-5118_0 -5118_1,:-39203_0_0 :-39203_0_1,,,,,"【交通事故首报】2025/10/2 14:12:11,接李小玲报：厦蓉高速纳黔段纳溪至贵州方向K1854+773发生一起三车追尾事故，占用第一车道，目前无人员伤亡，已通知高速交警,执法,路维到场处置,该事件为未达4级事件。",
215,17478,交通事故,2025-10-02 15:46:46,2025-10-02 17:05:17,1538.1,广元至绵阳方向,第一车道,G5京昆高速（绵广段）,暂无人员伤亡,,下行,-35301,-14588,-14588_0 -14588_1,:-35301_0_0 :-35301_0_1,,,,,"【交通事故首报】2025/10/2 15:46:46,接广元路维报：京昆高速绵广段广元至绵阳方向K1538+100发生一起三辆小车追尾事故，占用第一车道，目前无人员伤亡，一辆小车已开走，其他两辆小车等待拖车，高速交警,执法,路维到场处置中,该事件为未达4级事件。",
216,17588,交通事故,2025-10-04 11:19:00,2025-10-04 11:43:00,1831.8,雅安至成都方向,应急车道,G5京昆高速（成雅段）,受伤1人,,下行,-35765,-15492,-13580_0,:-35765_0_0 :-35765_1_0,,,,,"【交通事故首报】2025/10/4 11:19:00,接王燕报：京昆高速成雅段雅安至成都方向K1831+800发生一起两小车追尾事故，占用应急车道，目前造成0死亡1人轻伤，已通知高速交警,执法,路维,急救到场处置,该事件为未达4级事件。",
217,17599,交通事故,2025-10-04 14:24:37,2025-10-04 14:35:14,1559.0,广元至绵阳方向,第一车道,G5京昆高速（绵广段）,暂无人员伤亡,,下行,-26998,-1498,-1016_0 -1016_1,:-26998_0_0 :-26998_0_1,,,,,"【交通事故首报】2025/10/4 14:24:37,接汪燕莎报：京昆高速绵广段广元至绵阳方向K1559+000发生一起两小车追尾事故，占用第一车道，目前无人员伤亡，已通知高速交警,执法,路维到场处置,该事件为未达4级事件。",
218,17610,交通事故,2025-10-04 16:38:07,2025-10-04 17:20:05,1923.299,成都至雅安方向,应急车道,G5京昆高速（成雅段）,受伤1人,,上行,-43758,-1318,-6784_0,:-43758_0_0 :-43758_1_0,,,,,"【交通事故首报】2025/10/4 16:38:07,接王燕报：京昆高速成雅段成都至雅安方向K1923+299发生一起三辆小车追尾事故，占用应急车道，目前造成0死亡1受伤，已通知高速交警,执法,路维,急救到场处置,该事件为未达4级事件。",
219,17614,交通事故,2025-10-04 20:14:13,2025-10-04 20:48:35,1845.359,贵州至纳溪方向,第一车道,G76厦蓉高速（纳黔段）,暂无人员伤亡,接高交通知因处置贵州至泸州方向大石板隧道内三车追尾事故，现护国、江门、黄桷坪站入口关闭,双向,-54774|-37491,-1454|-4544,,,2025-10-04 20:13:00,,"550,551,552",,"【交通事故首报】2025/10/4 20:14:13,接钟琴报：厦蓉高速纳黔段贵州至纳溪方向K1845+359发生一起三车追尾事故，占用第一车道，目前无人员伤亡，已通知高速交警,执法,路维到场处置，接高交通知因处置贵州至泸州方向大石板隧道内三车追尾事故，现护国、江门、黄桷坪站入口关闭,该事件为未达4级事件。",
220,17702,交通阻塞,2025-10-06 11:29:42,2025-10-06 12:02:10,1675.0,广元至绵阳方向,,G5京昆高速（绵广段）,,绵阳站至江油站入口成都方向封闭。,下行,-44416,-16050,-16050_0 -16050_1,:-44416_0_0 :-44416_0_1,2025-10-06 11:31:00,,"236,243,244,246",,"【交通阻塞首报】2025/10/6 11:29:42,接张欢报：京昆高速绵广段广元至绵阳方向K1675+000处发生一起主线交通中断，目前已阻断，已通知高速交警,执法,路维察看原因并进行疏导。",
221,17729,交通事故,2025-10-06 18:44:32,2025-10-06 19:22:54,1572.0,广元至绵阳方向,第一车道,G5京昆高速（绵广段）,受伤1人,,下行,-27388,-4768,-5096_0 -5812_0,:-27388_0_0 :-27388_1_0,,,,,"【交通事故首报】2025/10/6 18:44:32,接江明芝报：京昆高速绵广段广元至绵阳方向K1572+000发生一起三辆小车追尾事故，占用第一车道，目前造成0死亡1受伤，已通知高速交警,执法,路维,急救到场处置,该事件为未达4级事件。",
222,17735,交通事故,2025-10-06 19:51:00,2025-10-06 23:10:13,1563.0,绵阳至广元方向,"第一车道,第二车道",G5京昆高速（绵广段）,受伤1人,,上行,-26502,,-4850_0 -4850_1,:-26502_0_0 :-26502_0_1,2025-10-06 20:31:00,,",258,256,255,250,249,247,246,244,243,236",,"【交通事故首报】2025/10/6 19:51:00,接江明芝报：京昆高速绵广段绵阳至广元方向K1563+000发生一起多车追尾事故事故，占用第一车道,第二车道，目前造成0死亡1受伤，已通知高速交警,执法,路维,急救到场处置,该事件为未达4级事件。",
223,17753,交通事故,2025-10-07 12:39:32,2025-10-07 13:15:10,1788.0,纳溪至贵州方向,"第一车道,第二车道",G76厦蓉高速（纳黔段）,暂无人员伤亡,,上行,-32512,,-2706_0 -2706_1,:-32512_0_0 :-32512_0_1,,,,,"【交通事故首报】2025/10/7 12:39:32,接万燕报：厦蓉高速纳黔段纳溪至贵州方向K1788+000发生一起小车追尾事故，占用第一车道,第二车道，目前无人员伤亡，已通知高速交警,执法,路维到场处置,该事件为未达4级事件。",
224,17757,交通事故,2025-10-07 13:35:44,2025-10-07 14:03:53,1583.0,广元至绵阳方向,第一车道,G5京昆高速（绵广段）,暂无人员伤亡,,下行,-64054,-14814,-14814_0 -14814_1,:-64054_0_0 :-64054_0_1,,,,,"【交通事故首报】2025/10/7 13:35:44,接任良秀报：京昆高速绵广段广元至绵阳方向K1583+000发生一起两辆小车追尾事故，占用第一车道，目前无人员伤亡，广绵向K1683（官垭子隧道）两小车追尾，无人员受伤，占用超车道。已通知高速交警,执法,路维到场处置,该事件为未达4级事件。",
225,17760,交通事故,2025-10-07 14:04:18,2025-10-07 14:35:41,1762.0,贵州至纳溪方向,"第一车道,应急车道,第二车道",G76厦蓉高速（纳黔段）,暂无人员伤亡,麻城站、赤水河站、摩尼站入口往泸州方向关闭,双向,3976561455|-37700,-5670|-3000000312,-3000000380_0 -3000000380_1,:3976561455_0_0 :3976561455_0_1,2025-10-07 14:05:00,,"183809,555,183",,"【交通事故首报】2025/10/7 14:04:18,接万燕报：厦蓉高速纳黔段贵州至纳溪方向K1762+000发生一起三车追尾事故，占用第一车道,应急车道,第二车道，目前无人员伤亡，已通知高速交警,执法,路维到场处置麻城站、赤水河站、摩尼站入口往泸州方向关闭,该事件为未达4级事件。",
226,17766,交通事故,2025-10-07 14:55:26,2025-10-07 15:21:08,1566.0,绵阳至广元方向,第一车道,G5京昆高速（绵广段）,暂无人员伤亡,,上行,-26502,,-4850_0 -4850_1,:-26502_0_0 :-26502_0_1,,,,,"【交通事故首报】2025/10/7 14:55:26,接任良秀报：京昆高速绵广段绵阳至广元方向K1566+000发生一起三辆小车追尾事故，占用第一车道，目前无人员伤亡，已通知高速交警,执法,路维到场处置,该事件为未达4级事件。",
227,17816,交通事故,2025-10-08 11:47:08,2025-10-08 12:04:13,1921.0,成都至雅安方向,第一车道,G5京昆高速（成雅段）,受伤1人,,上行,-25537,-5980,-610_0 -610_1,:-25537_0_0 :-25537_0_1,,,,,"【交通事故首报】2025/10/8 11:47:08,接王燕报：京昆高速成雅段成都至雅安方向K1921+000发生一起两小车追尾事故，占用第一车道，目前造成0死亡1受伤，已通知高速交警,执法,路维,急救到场处置,该事件为未达4级事件。",
228,17818,交通事故,2025-10-08 12:28:41,2025-10-08 12:39:13,1826.6,雅安至成都方向,应急车道,G5京昆高速（成雅段）,受伤1人,,下行,-38626,-4902,-4902_0 -4902_1 -4902_2,:-38626_0_0 :-38626_0_1 :-38626_0_2,,,,,"【交通事故首报】2025/10/8 12:28:41,接王燕报：京昆高速成雅段雅安至成都方向K1826+600发生一起三车追尾事故，占用应急车道，目前造成0死亡1受伤，已通知高速交警,执法,路维,急救到场处置,该事件为未达4级事件。",
229,17822,车辆故障,2025-10-08 14:45:09,2025-10-08 15:58:54,1810.772,贵州至纳溪方向,,G76厦蓉高速（纳黔段）,,,双向,-46429|J95,-12788,-10274_0 -10274_1 -10274_2,:-46429_0_0 :-46429_0_1 :-46429_0_2,,,,,"【车辆故障首报】2025/10/8 14:45:09,接罗晓彤报：厦蓉高速纳黔段贵州至纳溪方向K1810+772发生一起车辆故障事件，占用应急车道及部分主车道。经现场勘察，该车辆为运营客车,所属无,运营路线:无,核载人数:未核实,实载人数:未核实,该事件为未达4级事件",
230,17828,交通事故,2025-10-08 18:09:11,2025-10-08 18:50:55,1607.0,绵阳至广元方向,"第一车道,应急车道",G5京昆高速（绵广段）,暂无人员伤亡,因处置绵广向K1607交通事故，现江油站至小溪坝站入口广元方向封闭。,上行,-53415,-1062,-10476_0 -10476_1,:-53415_0_0 :-53415_0_1,2025-10-08 18:10:00,,"246,247,249,250",,"【交通事故首报】2025/10/8 18:09:11,接任良秀报：京昆高速绵广段绵阳至广元方向K1607+000发生一起两起小车追尾事故，占用第一车道,应急车道，目前无人员伤亡，已通知高速交警,执法,路维到场处置因处置绵广向K1607交通事故，现江油站至小溪坝站入口广元方向封闭。该事件为未达4级事件。",
231,17829,交通事故,2025-10-08 18:35:18,2025-10-08 18:59:17,1637.0,广元至绵阳方向,第二车道,G5京昆高速（绵广段）,受伤1人,,下行,-61940,-14868,-13948_0 -13948_1,:-61940_0_0 :-61940_0_1,,,,,"【交通事故首报】2025/10/8 18:35:18,接任良秀报：京昆高速绵广段广元至绵阳方向K1637+000发生一起两小车追尾事故，占用第二车道，目前造成0死亡1受伤，已通知高速交警,执法,路维到场处置,该事件为未达4级事件。",
232,17832,交通事故,2025-10-08 23:54:54,2025-10-09 00:33:38,1813.0,成都至雅安方向,"第三车道,应急车道",G5京昆高速（成雅段）,受伤1人,,上行,-36224,-2000000030,-4038_0 -4038_1 -4038_2,:-36224_0_0 :-36224_0_1 :-36224_0_2,,,,,"【交通事故首报】2025/10/8 23:54:54,接王燕报：京昆高速成雅段成都至雅安方向K1813+000发生一起2车追尾事故，占用第三车道,应急车道，目前造成0死亡1受伤，已通知高速交警,执法,路维,消防,急救到场处置,该事件为未达4级事件。",
233,17835,车辆故障,2025-10-09 07:32:31,2025-10-09 08:15:19,1684.0,广元至绵阳方向,,G5京昆高速（绵广段）,,,下行,-32643,,-2750_0 -2750_1,:-32643_0_0 :-32643_0_1,,,,,"【车辆故障首报】2025/10/9 7:32:31,接任良秀报：京昆高速绵广段广元至绵阳方向K1684+000发生一起车辆故障事件。经现场勘察，该车辆为二轴危化品车,所属无,装载货物:乙炔,该事件为未达4级事件",
234,17838,交通事故,2025-10-09 10:45:15,2025-10-09 12:58:27,1777.0,纳溪至贵州方向,"第一车道,第二车道",G76厦蓉高速（纳黔段）,受伤1人,叙永站入口往贵州方向关闭,上行,-53295,-12928,-10424_0 -10424_1,:-53295_0_0 :-53295_0_1,2025-10-09 10:45:00,,553,,"【交通事故首报】2025/10/9 10:45:15,接曾永宽报：厦蓉高速纳黔段纳溪至贵州方向K1777+000发生一起小车追尾货车事故，占用第一车道,第二车道，目前造成0死亡1受伤，已通知高速交警,执法,路维,急救到场处置叙永站入口往贵州方向关闭,该事件为未达4级事件。",
235,17845,交通事故,2025-10-10 04:17:17,2025-10-10 05:59:34,1559.87,绵阳至广元方向,第二车道,G5京昆高速（绵广段）,暂无人员伤亡,,上行,-28279,-16412,-9930_0 -9930_1,:-28279_0_0 :-28279_0_1,,,,,"【交通事故首报】2025/10/10 4:17:17,接罗海燕报：京昆高速绵广段绵阳至广元方向K1559+870发生一起货车单车事故事故，占用第二车道，目前无人员伤亡，已通知高速交警,执法,路维到场处置,该事件为未达4级事件。",
236,17864,交通管制,2025-10-11 07:21:51,2025-10-11 09:42:41,1685.63,绵阳至广元方向,,G5京昆高速（绵广段）,,因暴雨天气，现绵阳南站至二郎庙站入口广元方向封闭,上行,-29722,-16326,-1848_0 -5554_0 -5554_1,:-29722_0_0 :-29722_1_0 :-29722_1_1,2025-10-11 07:24:00,,"255,250,247,246,243,225,256",绵阳南站 到 二郎庙站,"【交通管制首报】2025/10/11 7:21:51，接何勇报：因大雾雷雨天气，京昆高速绵广段绵阳南站至二郎庙站路段交通管制二郎庙站，厚坝站，小溪坝站，江油北站，贯山站，江油站，科学城站，绵阳北站，绵阳站，绵阳南站入口关闭，,预计小时后解除。",
237,17865,交通管制,2025-10-11 07:25:41,2025-10-11 09:05:41,1572.87,双向方向,,G5京昆高速（绵广段）,,因暴雨天气，现金子山站入口封闭。,双向,-29937|-39126,-1674,-8440_0 -8440_1,:-29937_0_0 :-29937_0_1,2025-10-11 07:26:00,,258,金子山站 到 金子山站,"【交通管制首报】2025/10/11 7:25:41，接何勇报：因大雾雷雨天气，京昆高速绵广段金子山站至金子山站路段交通管制金子山站入口关闭，,预计小时后解除。",
238,17868,交通事故,2025-10-11 08:55:38,2025-10-11 10:45:59,1559.0,绵阳至广元方向,第一车道,G5京昆高速（绵广段）,暂无人员伤亡,,上行,-28279,-1498,-9930_0 -9930_1,:-28279_0_0 :-28279_0_1,,,,,"【交通事故首报】2025/10/11 8:55:38,接何勇报：京昆高速绵广段绵阳至广元方向K1559+000（石瓮子隧道）发生一起单车事故事故，占用第一车道，目前无人员伤亡，已通知高速交警,执法,路维到场处置,该事件为未达4级事件。",
239,17878,车辆故障,2025-10-11 14:46:20,2025-10-11 16:14:30,1854.0,纳溪至贵州方向,,G76厦蓉高速（纳黔段）,,,上行,-39203,-1772,-5118_0 -5118_1,:-39203_0_0 :-39203_0_1,,,,,"【车辆故障首报】2025/10/11 14:46:20,接李英报：厦蓉高速纳黔段纳溪至贵州方向K1854+000发生一起车辆故障事件。经现场勘察，该车辆为危化品车,所属重庆中渝,装载货物:汽油，47t,该事件为未达4级事件",
240,17883,交通事故,2025-10-11 19:54:16,2025-10-11 20:03:38,1660.0,广元至绵阳方向,第一车道,G5京昆高速（绵广段）,暂无人员伤亡,江油站至厚坝站入口成都方向封闭。,下行,-45843,,-7622_0 -7622_1,:-45843_0_0 :-45843_1_0 :-45843_1_1,2025-10-11 19:54:00,2025-10-11 20:04:00,"246,247,249,250,255",,"【交通事故首报】2025/10/11 19:54:16,接姜春蓉报：京昆高速绵广段广元至绵阳方向K1660+000发生一起小车追尾货车事故，占用第一车道，目前无人员伤亡，已通知高速交警,执法,路维到场处置江油站至厚坝站入口成都方向封闭。该事件为未达4级事件。",
241,17902,交通事故,2025-10-13 07:07:15,2025-10-13 08:45:40,1762.0,绵阳至成都方向,"第一车道,第二车道,第四车道",G5京昆高速（成绵段）,暂无人员伤亡,,下行,-37700,-3000000312,-4610_0 -4610_1,:-37700_0_0 :-37700_0_1 :-37700_2_0,2025-10-13 07:10:00,,"215,214,213,212,211,210,209,208,206",,"【交通事故首报】2025/10/13 7:07:15,接李琦报：京昆高速成绵段绵阳至成都方向K1762+000发生一起2+3车追尾（其中三辆货车）事故，占用第一车道,第二车道,第四车道，目前无人员伤亡，已通知高速交警,路维到场处置,该事件为未达4级事件。",
242,17909,车辆故障,2025-10-13 16:27:17,2025-10-13 17:53:56,1670.0,广元至绵阳方向,,G5京昆高速（绵广段）,,,下行,-33424,-7944,-13732_0 -13732_1,:-33424_0_0 :-33424_0_1,,,,,"【车辆故障首报】2025/10/13 16:27:17,接江明芝报：京昆高速绵广段广元至绵阳方向K1670+000发生一起车辆故障事件。经现场勘察，该车辆为危化品车,所属无,装载货物:乙醇,该事件为未达4级事件",
243,17915,交通事故,2025-10-14 11:26:06,2025-10-14 19:54:33,1567.0,绵阳至广元方向,第二车道,G5京昆高速（绵广段）,暂无人员伤亡,,上行,-26502,,-4850_0 -4850_1,:-26502_0_0 :-26502_0_1,,,,,"【交通事故首报】2025/10/14 11:26:06,接张欢报：京昆高速绵广段绵阳至广元方向K1567+000发生一起四车追尾事故（三小车一货车）事故，占用第二车道，目前无人员伤亡，已通知高速交警,执法,路维到场处置,该事件为未达4级事件。",
244,17925,交通事故,2025-10-14 21:48:21,2025-10-15 00:54:20,1856.0,贵州至纳溪方向,第二车道,G76厦蓉高速（纳黔段）,暂无人员伤亡,,双向,-39203|1931049809,-1772,-5118_0 -5118_1,:-39203_0_0 :-39203_0_1,2025-10-14 22:03:00,2025-10-15 00:54:00,"552,550,551",,"【交通事故首报】2025/10/14 21:48:21,接万燕报：厦蓉高速纳黔段贵州至纳溪方向K1856+000发生一起货车侧翻事故，占用第二车道，目前无人员伤亡，已通知高速交警,执法,路维到场处置,该事件为未达4级事件。",
245,17931,交通事故,2025-10-15 08:07:27,2025-10-15 09:05:22,1703.3,成都至绵阳方向,"应急车道,第一车道",G5京昆高速（成绵段）,暂无人员伤亡,,上行,-25414,-2884,-7712_0,:-25414_0_0 :-25414_0_1,2025-10-15 08:09:00,,"209,211,212,213",,"【交通事故首报】2025/10/15 8:07:27,接李芳报：京昆高速成绵段成都至绵阳方向K1703+300发生一起单车撞护栏+4车追尾事故，占用应急车道,第一车道，目前无人员伤亡，已通知高速交警,路维到场处置,该事件为未达4级事件。",
246,17934,交通事故,2025-10-15 09:56:42,2025-10-15 12:21:46,1736.0,绵阳至成都方向,"第一车道,第三车道,应急车道",G5京昆高速（成绵段）,暂无人员伤亡,德阳至金山站入口绵阳至成都方向关闭,下行,-43014,,-15250_0 -15250_1 -15250_2 -15250_3,:-43014_0_0 :-43014_1_0 :-43014_1_1 :-43014_1_2 :-43014_1_3,2025-10-15 09:57:00,,,,"【交通事故首报】2025/10/15 9:56:42,接李芳报：京昆高速成绵段绵阳至成都方向K1736+000发生一起多起多车事故事故，占用第一车道,第三车道,应急车道，目前无人员伤亡，已通知高速交警,执法,路维到场处置德阳至金山站入口绵阳至成都方向关闭,该事件为未达4级事件。",
247,17941,交通事故,2025-10-15 18:24:42,2025-10-15 20:55:54,1598.0,广元至绵阳方向,"第二车道,应急车道",G5京昆高速（绵广段）,暂无人员伤亡,,下行,-38283,,-13320#1_0 -13320#1_1 -4788#3_0 -4788#3_1,:-38283_0_0 :-38283_0_1 :-38283_2_0 :-38283_2_1,2025-10-15 19:11:00,,",258",,"【交通事故首报】2025/10/15 18:24:42,接张欢报：京昆高速绵广段广元至绵阳方向K1598+000发生一起两货车追尾事故，占用第二车道,应急车道，目前无人员伤亡，已通知高速交警,执法,路维到场处置,该事件为未达4级事件。",
248,17943,车辆故障,2025-10-15 21:13:06,2025-10-15 22:37:33,1807.0,纳溪至贵州方向,,G76厦蓉高速（纳黔段）,,,上行,12539591436,-2000000412,-2000000429_0 -2000000429_1,:12539591436_0_0 :12539591436_0_1,,,,,"【车辆故障首报】2025/10/15 21:13:06,接金健报：厦蓉高速纳黔段纳溪至贵州方向K1807+000发生一起车辆故障事件。经现场勘察，该车辆为危化品车,所属无,装载货物:电解液,该事件为未达4级事件",
249,17952,车辆故障,2025-10-16 14:23:05,2025-10-16 17:48:56,1661.0,绵阳至广元方向,,G5京昆高速（绵广段）,,,上行,-56614,,-11818_0 -11818_1,:-56614_0_0 :-56614_0_1,,,,,"【车辆故障首报】2025/10/16 14:23:05,接罗海燕报：京昆高速绵广段绵阳至广元方向K1661+000发生一起车辆故障事件。经现场勘察，该车辆为运营客车,所属无,运营路线:无,核载人数:19,实载人数:14,该事件为未达4级事件",
250,17962,交通事故,2025-10-17 02:25:09,2025-10-17 04:07:41,1762.0,绵阳至成都方向,"第二车道,第三车道,应急车道",G5京昆高速（成绵段）,暂无人员伤亡,关闭青白江至德阳南站绵阳至成都方向入口,下行,-37700,-3000000312,-4610_0 -4610_1,:-37700_0_0 :-37700_0_1 :-37700_2_0,2025-10-17 02:26:00,,"206,208,215,209",,"【交通事故首报】2025/10/17 2:25:09,接杨国韬报：京昆高速成绵段绵阳至成都方向K1762+000发生一起两货车追尾事故，其中一辆货车有人卡在车内，119、路管队已到达，正在施救占用第二车道,第三车道,应急车道，目前无人员伤亡，已通知高速交警,路维到场处置两货车追尾,该事件为未达4级事件。",
251,17987,交通事故,2025-10-17 16:20:35,2025-10-17 18:03:20,78.0,德昌至会理方向,匝道,S81德会高速,暂无人员伤亡,由于K78+000（南阁枢纽会理至会东方向匝道）一辆货车发生侧翻单车事故，临时封闭会理至会东方向匝道，所有车辆分流至会理南收费站下站。,双向,-40152|-66849,-780,-14768_0 -14768_1 -12512_0 -12512_1 -12512_2,:-40152_0_0 :-40152_0_1 :-40152_2_0 :-40152_2_1 :-40152_2_2,2025-10-17 16:15:00,,,,"【交通事故首报】2025/10/17 16:20:35,接苏翔宇报：德会高速德昌至会理方向K78+000发生一起单车侧翻事故，占用匝道，目前无人员伤亡，已通知高速交警,执法,路维到场处置由于K78+000（南阁枢纽会理至会东方向匝道）一辆货车发生侧翻单车事故，临时封闭会理至会东方向匝道，所有车辆分流至会理南收费站下站。,该事件为未达4级事件。",
252,17995,交通事故,2025-10-18 06:38:03,2025-10-18 09:38:24,1555.9,广元至绵阳方向,应急车道,G5京昆高速（绵广段）,暂无人员伤亡,,下行,-39779,-2046,-11534_0 -11534_1,:-39779_0_0 :-39779_0_1,2025-10-18 07:08:00,2025-10-18 09:07:00,,,"【交通事故首报】2025/10/18 6:38:03,接罗海燕报：京昆高速绵广段广元至绵阳方向K1555+900发生一起货车自燃事故，占用应急车道，目前无人员伤亡，已通知高速交警,执法,路维,消防到场处置,该事件为未达4级事件。",
253,18006,交通事故,2025-10-18 20:57:18,2025-10-19 00:25:45,2085.0,泸沽至雅安方向,应急车道,G5京昆高速（雅泸段）,暂无人员伤亡,,下行,-28701,,-16146_0 -16146_1,:-28701_0_0 :-28701_0_1,,,,,"【交通事故首报】2025/10/18 20:57:18,接易宝琼报：京昆高速雅泸段泸沽至雅安方向K2085+000发生一起货车自燃事故，占用应急车道，目前无人员伤亡，已通知高速交警,执法,路维,消防到场处置,该事件为未达4级事件。",
254,18043,交通事故,2025-10-20 09:22:11,2025-10-20 10:12:44,1750.5,绵阳至成都方向,第一车道,G5京昆高速（成绵段）,暂无人员伤亡,,下行,-26289,-5192,-5192_0 -5192_1 -5192_2 -5192_3,:-26289_0_0 :-26289_0_1 :-26289_0_2 :-26289_0_3,,,,,"【交通事故首报】2025/10/20 9:22:11,接岳秋报：京昆高速成绵段绵阳至成都方向K1750+500发生一起五车追尾事故，占用第一车道，目前无人员伤亡，已通知路维到场处置,该事件为未达4级事件。",
255,18048,交通事故,2025-10-20 11:02:04,2025-10-20 12:59:05,1580.0,绵阳至广元方向,第一车道,G5京昆高速（绵广段）,受伤1人,,上行,-46263,-6322,-7768_0 -7768_1,:-46263_0_0 :-46263_0_1,,,,,"【交通事故首报】2025/10/20 11:02:04,接汪燕莎报：京昆高速绵广段绵阳至广元方向K1580+000发生一起七小车追尾事故，占用第一车道，目前造成0死亡1受伤，已通知高速交警,执法,路维,急救到场处置,该事件为未达4级事件。",
256,18049,交通事故,2025-10-20 12:15:41,2025-10-20 12:32:47,1667.709,广元至绵阳方向,第一车道,G5京昆高速（绵广段）,暂无人员伤亡,,下行,-47874,-11204,-11204_0 -11204_1,:-47874_0_0 :-47874_1_0 :-47874_1_1,,,,,"【交通事故首报】2025/10/20 12:15:41,接汪燕莎报：京昆高速绵广段广元至绵阳方向K1667+709发生一起小车追尾皮卡车事故，占用第一车道，目前无人员伤亡，已通知高速交警,执法,路维到场处置,该事件为未达4级事件。",
257,18050,交通事故,2025-10-20 13:11:11,2025-10-20 13:55:40,1589.0,广元至绵阳方向,"第二车道,应急车道",G5京昆高速（绵广段）,暂无人员伤亡,,下行,-34251,,-3364#1_0 -3364#1_1,:-34251_0_0 :-34251_0_1,,,,,"【交通事故首报】2025/10/20 13:11:11,接汪燕莎报：京昆高速绵广段广元至绵阳方向K1589+000发生一起两车追尾事故事故，占用第二车道,应急车道，目前无人员伤亡，已通知高速交警,执法,路维到场处置,该事件为未达4级事件。",
258,18071,交通事故,2025-10-21 01:11:25,2025-10-21 01:29:06,1840.54,贵州至纳溪方向,第一车道,G76厦蓉高速（纳黔段）,受伤1人,护国站入口关闭,双向,-37854|3426565833,-2000000064,-13864_0,:-37854_0_0 :-37854_1_0,2025-10-21 01:13:00,,550,,"【交通事故首报】2025/10/21 1:11:25,接罗晓报：厦蓉高速纳黔段贵州至纳溪方向K1840+540发生一起小车单车事故事故，占用第一车道，目前造成0死亡1受伤，已通知高速交警,执法,路维,急救到场处置护国站入口关闭,该事件为未达4级事件。",
259,18074,交通事故,2025-10-21 06:26:36,2025-10-21 08:48:11,1760.0,绵阳至成都方向,"第一车道,第二车道,第三车道,应急车道",G5京昆高速（成绵段）,暂无人员伤亡上行方向交通阻断,关闭广汉至金山站入口（绵阳至成都方向）,下行,-29606,-4114,-11302_0 -11302_1 -1788_0 -1788_1 -1788_2,:-29606_0_0 :-29606_0_1 :-29606_2_0 :-29606_2_1 :-29606_2_2,2025-10-21 06:27:00,,"215,214,213,212,211,210,209,208",,"【交通事故首报】2025/10/21 6:26:36,接李琦报：京昆高速成绵段绵阳至成都方向K1760+000发生一起两货车追尾事故，占用第一车道,第二车道,第三车道,应急车道，目前无人员伤亡，已通知高速交警,路维,消防,急救到场处置关闭广汉至金山站入口（绵阳至成都方向）,该事件为未达4级事件。",
260,18090,交通事故,2025-10-22 06:42:42,2025-10-22 07:23:18,1855.0,纳溪至贵州方向,"应急车道,第二车道",G76厦蓉高速（纳黔段）,暂无人员伤亡,,上行,-39203,-1772,-5118_0 -5118_1,:-39203_0_0 :-39203_0_1,,,,,"【交通事故首报】2025/10/22 6:42:42,接钟琴报：厦蓉高速纳黔段纳溪至贵州方向K1855+000发生一起小车追尾货车，货车已离开事故，小车占用应急车道,第二车道，目前无人员伤亡，已通知高速交警,执法,路维到场处置,该事件为未达4级事件。",
261,18097,交通事故,2025-10-23 06:01:27,2025-10-23 08:40:52,1695.8,成都至绵阳方向,"第一车道,第二车道",G5京昆高速（成绵段）,暂无人员伤亡,德阳南至罗江站，入口（绵阳至成都方向）关闭,上行,-33992,-15252,-4430_0 -4430_1,:-33992_0_0 :-33992_0_1,2025-10-23 06:02:00,,"211,212,213,210,209,214,215,601,208,206,202",,"【交通事故首报】2025/10/23 6:01:27,接岳秋报：京昆高速成绵段成都至绵阳方向K1695+800发生一起两车追尾＋货车撞护栏事故，占用第一车道,第二车道，目前无人员伤亡，已通知高速交警,路维到场处置德阳南至罗江站，入口（绵阳至成都方向）关闭,该事件为未达4级事件。",
262,18098,交通事故,2025-10-23 11:00:21,2025-10-23 14:39:00,1627.0,广元至绵阳方向,"应急车道,第二车道",G5京昆高速（绵广段）,暂无人员伤亡,,下行,-53412,-15950,-14240_0 -14240_1,:-53412_0_0 :-53412_0_1,2025-10-23 13:32:00,,",255,250",,"【交通事故首报】2025/10/23 11:00:21,接顾敏报：京昆高速绵广段广元至绵阳方向K1627+000发生一起货车侧翻事故，占用应急车道及部分主车道，目前无人员伤亡，已通知高速交警,执法,路维到场处置,该事件为未达4级事件。",
263,18106,车辆故障,2025-10-23 16:07:30,2025-10-23 17:31:43,1676.0,绵阳至广元方向,,G5京昆高速（绵广段）,,,上行,-30177,-5470,-10690_0,:-30177_0_0,,,,,"【车辆故障首报】2025/10/23 16:07:30,接顾敏报：京昆高速绵广段绵阳至广元方向K1676+000发生一起车辆故障事件，占用超车道。经现场勘察，该车辆为危化品车,所属无,装载货物:空车,该事件为未达4级事件",
264,18108,交通事故,2025-10-23 17:14:58,2025-10-23 19:03:05,1655.0,绵阳至广元方向,"应急车道,第一车道,第二车道",G5京昆高速（绵广段）,暂无人员伤亡下行方向交通阻断,,上行,-56614,,-11818_0 -11818_1,:-56614_0_0 :-56614_0_1,2025-10-23 17:24:00,,",246,247,249,250,255",,"【交通事故首报】2025/10/23 17:14:58,接张欢报：京昆高速绵广段绵阳至广元方向K1655+000发生一起货车自燃事故，占用应急车道,第一车道,第二车道，目前无人员伤亡，已通知高速交警,执法,路维,消防到场处置,该事件为未达4级事件。",
265,18113,交通事故,2025-10-23 20:39:31,2025-10-23 21:53:45,1666.0,广元至绵阳方向,"应急车道,第一车道,第二车道",G5京昆高速（绵广段）,暂无人员伤亡上行方向交通阻断,,下行,-51202,-16348,-14054_0,:-51202_0_0 :-51202_1_0,2025-10-23 21:43:00,,,,"【交通事故首报】2025/10/23 20:39:31,接张欢报：京昆高速绵广段广元至绵阳方向K1666+000发生一起两货车追尾事故，占用应急车道,第一车道,第二车道，目前无人员伤亡，已通知高速交警,执法,路维到场处置,该事件为未达4级事件。",
266,18117,交通事故,2025-10-24 04:23:37,2025-10-24 08:02:21,1552.0,绵阳至广元方向,"第一车道,第二车道,应急车道",G5京昆高速（绵广段）,暂无人员伤亡下行方向交通阻断,绵阳至广元方向1552公里处道路中断,上行,-28279,-11078,-9930_0 -9930_1,:-28279_0_0 :-28279_0_1,2025-10-24 05:01:00,,",258,256,255,250,249,247,246",,"【交通事故首报】2025/10/24 4:23:37,接张欢报：京昆高速绵广段绵阳至广元方向K1552+000发生一起两货车追尾事故，占用第一车道,第二车道,应急车道，目前无人员伤亡，已通知高速交警,执法,路维到场处置绵阳至广元方向1552公里处道路中断,该事件为未达4级事件。",
267,18118,交通事故,2025-10-24 06:21:12,2025-10-24 06:53:58,1710.48,绵阳至成都方向,"第二车道,应急车道",G5京昆高速（成绵段）,暂无人员伤亡,,下行,-43032,-6506,-6506_0 -6506_1,:-43032_0_0 :-43032_0_1,2025-10-24 06:29:00,,"213,214",,"【交通事故首报】2025/10/24 6:21:12,接代宇森报：京昆高速成绵段绵阳至成都方向K1710+480发生一起两货车追尾事故，占用第二车道,应急车道，目前无人员伤亡，已通知高速交警,执法,路维到场处置,该事件为未达4级事件。",
268,18129,车辆故障,2025-10-24 17:38:32,2025-10-24 17:42:32,17.2,会理至德昌方向,,S81德会高速,,,双向,-39190|-53203,-16282,-17448_0 -17448_1 -5108_0 -5108_1 -5108_2,:-39190_0_0 :-39190_0_1 :-39190_2_0 :-39190_2_1 :-39190_2_2,,,,,"【车辆故障首报】2025/10/24 17:38:32,接苏翔宇报：德会高速会理至德昌方向K17+200发生一起车辆故障事件。经现场勘察，该车辆为运营客车,所属无,运营路线:无,核载人数:无,实载人数:无,该事件为未达4级事件",
269,18162,交通事故,2025-10-27 00:53:17,2025-10-27 01:31:39,1594.0,绵阳至广元方向,"第二车道,应急车道",G5京昆高速（绵广段）,暂无人员伤亡,,上行,-58810,,-12804_0 -12804_1,:-58810_0_0 :-58810_0_1,,,,,"【交通事故首报】2025/10/27 0:53:17,接何勇报：京昆高速绵广段绵阳至广元方向K1594+000发生一起三车追尾事故，占用第二车道,应急车道，目前无人员伤亡，已通知高速交警,执法,路维到场处置,该事件为未达4级事件。",
270,18164,交通事故,2025-10-27 08:15:15,2025-10-27 08:54:09,6.0,外环方向方向,匝道,G4202成都绕城高速（绕东段）,死亡1人,,下行,-35926,-3924,-6210.244_0 -6210.244_1 -6210.244_2 -6210.244_3,:-35926_0_0 :-35926_0_1 :-35926_2_0 :-35926_2_1 :-35926_2_2,,,,,"【交通事故首报】2025/10/27 8:15:15,接王伟报：成都绕城高速(东段)外环方向方向K6+000发生一起5车追尾（3货车，2轿车）事故，占用匝道，目前造成1死亡0受伤，已通知高速交警,执法,路维,消防,急救到场处置,该事件为未达4级事件。",
271,18165,交通事故,2025-10-27 10:06:57,2025-10-27 12:07:51,1618.0,广元至绵阳方向,第一车道,G5京昆高速（绵广段）,暂无人员伤亡,,下行,-35446,-12700,-3754_0 -3754_1,:-35446_0_0 :-35446_1_0 :-35446_1_1,,,255,,"【交通事故首报】2025/10/27 10:06:57,接姚娟报：京昆高速绵广段广元至绵阳方向K1618+000发生一起五车追尾事故，占用第一车道，目前无人员伤亡，已通知高速交警,执法,路维到场处置,因处置该事故、现厚坝站入口成都方向封闭。该事件为未达4级事件。",
272,18173,交通事故,2025-10-27 20:44:46,2025-10-27 21:36:15,1817.0,贵州至纳溪方向,第二车道,G76厦蓉高速（纳黔段）,暂无人员伤亡,,双向,-40007|-33402,-8982|-2000000377,-5404_0,:-40007_0_0,,,,,"【交通事故首报】2025/10/27 20:44:46,接刘璐报：厦蓉高速纳黔段贵州至纳溪方向K1817+000发生一起单车撞护栏事故，占用第二车道，目前无人员伤亡，已通知高速交警,执法,路维到场处置,该事件为未达4级事件。",
273,18201,交通事故,2025-10-29 13:18:31,2025-10-29 13:55:11,1550.0,绵阳至广元方向,"应急车道,第二车道",G5京昆高速（绵广段）,暂无人员伤亡,,上行,-43583,-11078,-7612_0 -7612_1,:-43583_0_0 :-43583_0_1,,,,,"【交通事故首报】2025/10/29 13:18:31,接高速公安通知：京昆高速绵广段绵阳至广元方向K1550+000发生一起货车追尾小车事故事故，占用应急车道,第二车道，目前无人员伤亡，已通知高速交警,执法,路维到场处置,该事件为未达4级事件。",
274,18208,交通事故,2025-10-29 19:02:43,2025-10-29 20:00:10,1638.5,广元至绵阳方向,第一车道,G5京昆高速（绵广段）,暂无人员伤亡,江油北站至厚坝站入口成都方向封闭,下行,J178,-16112,E59_0 E59_1,:J178_0_0 :J178_0_1,2025-10-29 19:03:00,,"249,250,255",,"【交通事故首报】2025/10/29 19:02:43,接姜春蓉报：京昆高速绵广段广元至绵阳方向K1638+500发生一起两小车追尾事故，占用第一车道，目前无人员伤亡，已通知高速交警,执法,路维到场处置江油北站至厚坝站入口成都方向封闭,该事件为未达4级事件。",
275,18217,交通事故,2025-10-30 04:04:58,2025-10-30 04:45:06,1843.0,纳溪至贵州方向,"第二车道,应急车道",G76厦蓉高速（纳黔段）,暂无人员伤亡,,上行,-40862,-3280,-5726_0,:-40862_0_0,,,,,"【交通事故首报】2025/10/30 4:04:58,接万燕报：厦蓉高速纳黔段纳溪至贵州方向K1843+000发生一起两轴货车和小车追尾事故，占用第二车道,应急车道，目前无人员伤亡，已通知高速交警,执法,路维到场处置,该事件为未达4级事件。",
276,18246,交通事故,2025-10-31 18:01:29,2025-10-31 22:31:00,2386.4,西昌至攀枝花方向,第一车道,G5京昆高速（西攀段）,受伤1人,,上行,2390028752,-4000000206,-4000000030_0 -4000000030_1,:2390028752_0_0 :2390028752_0_1,2025-10-31 18:45:00,2025-10-31 22:31:00,,,"【交通事故首报】2025/10/31 18:01:29,接高交通知：京昆高速西攀段西昌至攀枝花方向K2386+400发生一起单车侧翻事故，占用第一车道，和对向第一第二车道，目前造成1人受伤，已通知高速交警,执法,消防,急救到场处置,该事件为未达4级事件。",
277,18248,交通事故,2025-10-31 19:23:05,2025-10-31 22:34:58,1856.0,贵州至纳溪方向,"第二车道,应急车道",G76厦蓉高速（纳黔段）,暂无人员伤亡,,双向,-39203|1931049809,-1772,-5118_0 -5118_1,:-39203_0_0 :-39203_0_1,2025-10-31 08:05:00,,"552,551,550",,"【交通事故首报】2025/10/31 19:23:05,接刘丹报：厦蓉高速纳黔段贵州至纳溪方向K1856+000发生一起两辆货车追尾事故，占用第二车道,应急车道，目前无人员伤亡，已通知高速交警,执法,路维到场处置,该事件为未达4级事件。",
278,18250,交通事故,2025-10-31 21:57:13,2025-10-31 22:28:47,1713.0,成都至绵阳方向,"第一车道,第二车道",G5京昆高速（成绵段）,暂无人员伤亡,,上行,-36258,-6700,-4076_0 -4076_1,:-36258_0_0 :-36258_0_1,2025-10-31 22:10:00,,"211,210,209",,"【交通事故首报】2025/10/31 21:57:13,接代宇森报：京昆高速成绵段成都至绵阳方向K1713+000发生一起三车追尾（两小车和一货车）事故，占用第一车道,第二车道，目前无人员伤亡，已通知高速交警,路维到场处置,该事件为未达4级事件。",
279,18268,交通事故,2025-11-01 23:06:51,2025-11-02 00:34:18,1709.7,绵阳至成都方向,"第二车道,第三车道,应急车道",G5京昆高速（成绵段）,暂无人员伤亡,关闭罗江站、金山站（绵阳至成都方向）入口,下行,-43032,-6506,-6506_0 -6506_1,:-43032_0_0 :-43032_0_1,2025-11-01 23:08:00,,,,"【交通事故首报】2025/11/1 23:06:51,接李琦报：京昆高速成绵段绵阳至成都方向K1709+700发生一起两货车追尾（其中一辆2轴轻卡货车LNG气罐轻微泄漏）事故，占用第二车道,第三车道,应急车道，目前无人员伤亡，已通知高速交警,执法,路维到场处置关闭罗江站、金山站（绵阳至成都方向）入口,该事件为未达4级事件。",
280,10736,车辆故障,2025-06-09 08:14:33,2025-06-09 09:11:33,1575.49,广元至绵阳方向,,G5京昆高速（绵广段）,,,下行,-35882,-3898,-3898_0 -3898_1,:-35882_0_0 :-35882_0_1,,,,,"【车辆故障首报】2025/6/9 8:14:33,接何勇报：京昆高速绵广段广元至绵阳方向K1575+490发生一起车辆故障事件。经现场勘察，该车辆为危化品车,所属暂无,装载货物:暂无,该事件为未达4级事件",
281,10741,车辆故障,2025-06-09 12:41:15,2025-06-09 13:30:05,1669.0,绵阳至广元方向,,G5京昆高速（绵广段）,,,上行,-39329,-7944,-5176_0 -5176_1,:-39329_0_0 :-39329_1_0 :-39329_1_1,,,,,"【车辆故障首报】2025/6/9 12:41:15,接任良秀报：京昆高速绵广段绵阳至广元方向K1669+000发生一起车辆故障事件。经现场勘察，该车辆为危化品车,所属无,装载货物:硫酸,该事件为未达4级事件",
282,10748,交通事故,2025-06-10 06:25:47,2025-06-10 07:35:31,2091.58,雅安至泸沽方向,"应急车道,第一车道",G5京昆高速（雅泸段）,暂无人员伤亡,石棉站管制西昌方向所有车辆,上行,-41048,,-13214_0 -13214_1,:-41048_0_0 :-41048_0_1,2025-06-10 06:26:00,2025-06-10 06:37:00,537,,"【交通事故首报】2025/6/10 6:25:47,接邓林报：京昆高速雅泸段雅安至泸沽方向K2091+580发生一起两货车追尾事故，占用应急车道,第一车道，目前无人员伤亡，已通知高速交警,执法,路维,消防,急救到场处置石棉站管制西昌方向所有车辆,该事件为未达4级事件。",
283,10751,交通事故,2025-06-10 07:36:55,2025-06-10 11:34:00,2305.5,攀枝花至西昌方向,"第一车道,第二车道,应急车道",G5京昆高速（西攀段）,暂无人员伤亡,,下行,-58299,,-12516_0 -12516_1,:-58299_0_0 :-58299_0_1,2025-06-10 07:43:00,,759,,"【交通事故首报】2025/6/10 7:36:55,接冯沁报：京昆高速西攀段攀枝花至西昌方向K2305+500发生一起两车追尾事故，占用第一车道,第二车道,应急车道，目前不清楚有无人员伤亡，已通知高速交警,执法,路维到场处置,该事件为未达4级事件。",
284,10754,交通事故,2025-06-10 10:43:48,2025-06-10 11:14:50,1834.3,雅安至成都方向,应急车道,G5京昆高速（成雅段）,受伤1人,,下行,-55409,-3734,-11350_0 -11350_1,:-55409_0_0 :-55409_0_1,,,,,"【交通事故首报】2025/6/10 10:43:48,接沈雁飞报：京昆高速成雅段雅安至成都方向K1834+300发生一起两小车事故事故，占用应急车道，目前造成0死亡1受伤，已通知高速交警,执法,路维,急救到场处置,该事件为未达4级事件。",
285,10762,交通事故,2025-06-10 15:12:57,2025-06-10 17:14:35,1775.3,绵阳至成都方向,第一车道,G5京昆高速（成绵段）,受伤1人,新都至青白江站，入口(绵阳至成都方向）,下行,-44454,-7016,-7016_0 -7016_1 -7016_2,:-44454_0_0 :-44454_0_1 :-44454_0_2,2025-06-10 16:01:00,2025-06-10 17:14:00,"601,202,206",,"【交通事故首报】2025/6/10 15:12:57,接黄欢报：京昆高速成绵段绵阳至成都方向K1775+300发生一起四车追尾事故，占用第一车道，目前造成0死亡1受伤，已通知高速交警,路维,急救到场处置新都至青白江站，入口(绵阳至成都方向）,该事件为未达4级事件。",
286,10768,交通管制,2025-06-10 20:16:06,2025-06-10 21:05:15,1572.87,双向方向,,G5京昆高速（绵广段）,,受大雨天气影响，现金子山站入口对大巴车、危化品运输车辆及大件运输车辆进行交通管制。,双向,-29937|-39126,-1674,-8440_0 -8440_1,:-29937_0_0 :-29937_0_1,2025-06-10 20:16:00,2025-06-10 21:16:00,258,金子山站 到 金子山站,【交通管制首报】2025/6/10 20:16:06，接任良秀报：因大雾雷雨天气，京昆高速绵广段金子山站至金子山站路段交通管制金子山站入口关闭，预计1.0小时后解除。,
287,10774,车辆故障,2025-06-11 07:44:32,2025-06-11 09:18:17,2387.24,西昌至攀枝花方向,,G5京昆高速（西攀段）,,,上行,2390028752,-4000000180,-4000000030_0 -4000000030_1,:2390028752_0_0 :2390028752_0_1,,,,,"【车辆故障首报】2025/6/11 7:44:32,接12122报：京昆高速西攀段西昌至攀枝花方向K2387+240发生一起车辆故障事件。经现场勘察，该车辆为危化品车,所属易普力公司,装载货物:硝酸铵水溶液,该事件为未达4级事件",
288,10793,交通事故,2025-06-12 11:07:15,2025-06-12 11:18:10,1817.2,雅安至成都方向,应急车道,G5京昆高速（成雅段）,受伤1人,,下行,-49565,-2000000377,-8982_0 -8982_1 -8982_2,,,,,,"【交通事故首报】2025/6/12 11:07:15,接路管报：京昆高速成雅段雅安至成都方向K1817+200发生一起三小车交通事故事故，占用应急车道，目前造成0死亡1受伤，已通知高速交警,执法,路维,急救到场处置,该事件为未达4级事件。（2025年6月12日11时07分，G5京昆高速成雅段，路管报：雅成向K1817+200发生三辆小车追尾交通事故，有一人伤（120已接走），无路产损失，占用应急车道，无阻断，事故正在处理中。）",
289,10807,交通事故,2025-06-13 10:17:21,2025-06-13 10:51:25,1725.768,纳溪至贵州方向,匝道,G76厦蓉高速（纳黔段）,暂无人员伤亡,赤水河站入口禁止货车进入高速,上行,-50199,-3026,-12406_0 -12406_1 -12406_2 -12406_3,:-50199_0_0 :-50199_0_1 :-50199_0_2 :-50199_0_3,2025-06-13 10:18:00,2025-06-13 10:51:00,183,,"【交通事故首报】2025/6/13 10:17:21,接刘璐报：厦蓉高速纳黔段纳溪至贵州方向K1725+768发生一起单车撞护栏事故，占用匝道，目前无人员伤亡，已通知高速交警,执法,路维到场处置赤水河站入口禁止货车进入高速,该事件为未达4级事件。",
290,10808,车辆故障,2025-06-13 10:29:35,2025-06-13 12:16:10,1656.0,绵阳至广元方向,,G5京昆高速（绵广段）,,,上行,-56614,,-11818_0 -11818_1,:-56614_0_0 :-56614_0_1,,,,,"【车辆故障首报】2025/6/13 10:29:35,接姚娟报：京昆高速绵广段绵阳至广元方向K1656+000一起车辆故障事件。经视频监控查看，该车辆为危化品车,所属无,装载货物:乙醇,该事件为未达4级事件。",
291,10814,交通事故,2025-06-13 15:22:37,2025-06-13 16:49:16,1555.0,绵阳至广元方向,第一车道,G5京昆高速（绵广段）,暂无人员伤亡,,上行,-28279,-5576,-9930_0 -9930_1,:-28279_0_0 :-28279_0_1,2025-06-13 15:43:00,,",258",,"【交通事故首报】2025/6/13 15:22:37,接姚娟报：京昆高速绵广段绵阳至广元方向K1555+000发生一起多车追尾事故事故，占用第一车道，目前无人员伤亡，已通知高速交警,执法,路维到场处置,该事件为未达4级事件。",
292,10817,交通事故,2025-06-13 16:18:02,2025-06-13 16:59:57,1810.18,纳溪至贵州方向,"第一车道,第二车道",G76厦蓉高速（纳黔段）,暂无人员伤亡,,上行,6564540230,-12788,-2000000245_0 -2000000245_1,:6564540230_0_0 :6564540230_0_1,,,,,"【交通事故首报】2025/6/13 16:18:02,接罗晓彤报：厦蓉高速纳黔段纳溪至贵州方向K1810+180发生一起小车单车事故事故，占用第一车道,第二车道，目前无人员伤亡，已通知高速交警,执法,路维到场处置,该事件为未达4级事件。",
293,10818,交通阻塞,2025-06-13 18:20:16,2025-06-13 19:24:30,1602.0,绵阳至广元方向,,G5京昆高速（绵广段）,,因主线车流量大，现主线绵广向K1602道路封闭，江油站至二郎庙站入口广元方向封闭。,上行,-65368,,-15404_0 -15404_1,:-65368_0_0 :-65368_0_1,2025-06-13 18:20:00,,"256,255,250,249,247,246",,"【交通阻塞首报】2025/6/13 18:20:16,接姜春蓉报：京昆高速绵广段绵阳至广元方向K1602+000处发生一起主线交通中断，江油站至二郎庙站入口广元方向封闭。已通知高速交警,执法,路维察看原因并进行疏导。",
294,10837,车辆故障,2025-06-14 15:15:28,2025-06-14 15:28:10,1542.563,广元至绵阳方向,,G5京昆高速（绵广段）,,,下行,-33093,-16756,-2934_0 -2934_1,:-33093_0_0 :-33093_0_1,,,,,"【车辆故障首报】2025/6/14 15:15:28,接广元路维中队报：京昆高速绵广段广元至绵阳方向K1542+563发生一起车辆故障事件。经现场勘察，该车辆为危化品车,所属宁夏胜凯汽车运输有限公司,装载货物:汽油、柴油,该事件为未达4级事件",
295,10844,交通事故,2025-06-14 16:45:44,2025-06-14 20:22:28,1728.0,纳溪至贵州方向,应急车道,G76厦蓉高速（纳黔段）,暂无人员伤亡,,上行,-37567,-3026,-9176_0 -9176_1 -9176_2 -9176_3,:-37567_0_0 :-37567_0_1 :-37567_0_2 :-37567_0_3,,,,,"【交通事故首报】2025/6/14 16:45:44,接罗晓报：厦蓉高速纳黔段纳溪至贵州方向K1728+000发生一起四轴货车（装载玉米）撞护栏事故，占用应急车道，目前无人员伤亡，已通知高速交警,执法,路维到场处置,该事件为未达4级事件。",
296,10848,交通事故,2025-06-14 17:18:02,2025-06-14 19:54:31,1983.0,泸沽至雅安方向,"第一车道,第二车道,应急车道",G5京昆高速（雅泸段）,暂无人员伤亡,K2010西昌至雅安方向，所有车辆原地等待,下行,-51838,-4260,-10516_0 -10516_1,:-51838_0_0 :-51838_0_1,2025-06-14 17:10:00,2025-06-14 19:56:00,,,"【交通事故首报】2025/6/14 17:18:02,接张璐报：京昆高速雅泸段泸沽至雅安方向K1983+000发生一起货车撞护栏事故，占用第一车道,第二车道,应急车道，目前无人员伤亡，已通知高速交警,执法,路维到场处置K2010西昌至雅安方向，所有车辆原地等待,该事件为未达4级事件。",
297,10850,交通管制,2025-06-14 17:29:15,2025-06-15 17:00:00,8.025,双向方向,,S81德会高速,,已通知路政、执法、高交，养护处理，路段无管制,双向,-41333|-33976,-5882.98,-15564_0 -15564_1 -10658_0 -10658_1 -10658_2,:-41333_0_0 :-41333_0_1 :-41333_2_0 :-41333_2_1 :-41333_2_2,2025-06-14 18:00:00,2025-06-15 18:00:00,"774,770,761,621,580",老碾收费站 到 会理收费站,"【交通管制首报】2025/6/14 17:29:15，收到气象预报：6月 14 日晚至6月15 日白天，对德昌县永郎镇、金沙乡、茨达镇3个乡镇，对宁南县竹寿镇、石梨镇2个乡镇，对会理市古城街道、城北街道、城南街道、黎溪镇、益门镇、内东乡、小黑箐镇、木古镇、云甸镇9个乡镇，对会东县鱼城街道、松坪镇2个乡镇对盐源县树河镇、藤桥乡2个乡镇,对布拖县特木里镇1个乡镇共计7个县(市)22个乡镇发布地质灾害气象风险橙色预警，该路段无管制；1、 已在沿线情报板发布预警信息，监控中心加强视频巡查，3、已通知高交、路政、养护，4、已通知各收费站，4、监控人员24小时2人值守，5、风险点位24小时驻屏巡查，6、上报管理处值班领导，7、已做好雨前排查，德会路段无异常情况",
298,10854,交通事故,2025-06-14 19:21:52,2025-06-14 20:10:18,2254.0,黄联关至泸沽方向,应急车道,G5京昆高速（泸黄段）,暂无人员伤亡,,下行,-32970,-4728,-3310_0 -6884_0,:-32970_0_0 :-32970_1_0,2025-06-14 19:17:00,2025-06-14 20:03:00,643,,"【交通事故首报】2025/6/14 19:21:52,接何心露报：京昆高速泸黄段黄联关至泸沽方向K2254+000发生一起车辆自燃事故，占用应急车道，目前无人员伤亡，已通知高速交警,执法,路维到场处置,该事件为未达4级事件。",
299,10856,交通管制,2025-06-14 20:59:29,2025-06-15 00:15:45,2314.03,双向方向,,G5京昆高速（西攀段）,,因天气预警响应需要，蒲坝站、永郎站入口（双向）所有车辆不能上站，恢复时间待定。,双向,-53305|-48358,-5294,-10432_0 -10432_1,:-53305_0_0 :-53305_0_1,2025-06-14 23:50:00,2025-06-15 09:00:00,"506,505",德昌站 到 永郎站,【交通管制首报】2025/6/14 20:59:29，接德昌预警通知：德昌至永郎路段有暴雨橙色预警，因大雾雷雨天气，京昆高速西攀段德昌站至永郎站路段交通管制永郎站，蒲坝站入口双向，回复时间待定。,
300,10865,交通管制,2025-06-15 00:33:42,2025-06-15 07:52:06,2373.18,双向方向,,G5京昆高速（西攀段）,,该路段有暴雨橙色预警，目前暂无管制,双向,2390028619|3119271926,-4000000173,-4000000061_0 -4000000061_1,:2390028619_0_0 :2390028619_0_1,2025-06-15 00:35:00,2025-06-15 23:00:00,"507,508,509",白马站 到 撒莲站,【交通管制首报】2025/6/15 0:33:42，接执法通知：白马至撒莲路段有暴雨橙色预警，无管制。1.已在沿线情报板发布预警信息。2.已通知路政加强巡查。3.已通知高速交警、执法支队、养护单位。4.已通知管理处值班人员。 5.已通知收费站关注路况。6.已加强视频巡查、风险点位驻屏巡查。,
301,10874,交通事故,2025-06-15 17:29:01,2025-06-15 18:03:50,1767.353,纳溪至贵州方向,"第一车道,第二车道",G76厦蓉高速（纳黔段）,暂无人员伤亡,,上行,-32918,-4154,-16356_0 -2848_0 -2848_1 -2848_2,:-32918_0_0 :-32918_1_0 :-32918_1_1 :-32918_1_2,2025-06-15 17:43:00,,",554,553",,"【交通事故首报】2025/6/15 17:29:01,接万燕报：厦蓉高速纳黔段纳溪至贵州方向K1767+353发生一起小车单车事故事故，占用第一车道,第二车道，目前无人员伤亡，已通知高速交警,执法,路维到场处置,该事件为未达4级事件。",
302,10889,交通管制,2025-06-16 13:57:49,2025-06-16 14:38:55,8.025,双向方向,,S81德会高速,,无管制,双向,-41333|-33976,-5882.98,-15564_0 -15564_1 -10658_0 -10658_1 -10658_2,:-41333_0_0 :-41333_0_1 :-41333_2_0 :-41333_2_1 :-41333_2_2,2025-06-16 13:50:00,,"774,580",老碾收费站 到 会理收费站,【交通管制首报】2025/6/16 13:57:49，接会理气象台2025年6月16日13时29分发布：会理市有冰雹橙色预警，路段无管制。1.已在沿线情报板发布预警信息。2.已通知路政加强巡查，监控中心加强视频巡查3.已通知高交、执法。4.已通知收费站关注路况。5.监控分中心2人值守。6.风险点位驻屏巡查。7、上报管理处值班领导 ， 8、已传达至相关站点。,
303,10894,交通事故,2025-06-16 15:30:59,2025-06-16 16:43:20,2393.5,西昌至攀枝花方向,"第一车道,第二车道,应急车道",G5京昆高速（西攀段）,受伤3人死亡2人,西昌至攀枝花方向，所有车辆在米易站分流下站，同时关闭米易站往攀枝花方向车辆。,上行,2390028752,,-4000000030_0 -4000000030_1,:2390028752_0_0 :2390028752_0_1,2025-06-16 15:32:00,2025-06-16 16:42:00,508,,"【交通事故首报】2025/6/16 15:30:59,接高速通知：京昆高速西攀段西昌至攀枝花方向K2393+500发生一起单车侧翻事故，占用第一车道,第二车道,应急车道，目前造成2死亡3受伤，已通知高速交警,执法,路维到场处置西昌至攀枝花方向，所有车辆在米易站分流下站，同时关闭米易站往攀枝花方向车辆。,该事件为4级事件。",
304,10898,车辆故障,2025-06-16 16:40:14,2025-06-16 17:01:07,1593.0,绵阳至广元方向,,G5京昆高速（绵广段）,,,上行,-58810,-4786#2,-12804_0 -12804_1,:-58810_0_0 :-58810_0_1,,,,,"【车辆故障首报】2025/6/16 16:40:14,接何勇报：京昆高速绵广段绵阳至广元方向K1593+000（辛家沟隧道内）发生一起车辆故障事件，占用主车道。经现场勘察，该车辆为危化品车,所属无,装载货物:汽油,该事件为未达4级事件",
305,10900,交通事故,2025-06-16 17:30:28,2025-06-16 17:49:07,1767.0,绵阳至成都方向,"第二车道,应急车道",G5京昆高速（成绵段）,暂无人员伤亡,,下行,-32362,-3000000074,-13900_0 -13900_1 -13900_2,:-32362_0_0 :-32362_1_0 :-32362_1_1 :-32362_1_2,,,,,"【交通事故首报】2025/6/16 17:30:28,接杨侹报：京昆高速成绵段绵阳至成都方向K1767+000发生一起五车追尾事故，占用第二车道,应急车道，目前无人员伤亡，已通知高速交警,执法,路维到场处置,该事件为未达4级事件。",
306,10907,地质灾害,2025-06-17 04:15:21,2025-06-17 12:01:54,2408.0,攀枝花至西昌方向,"第二车道,应急车道",G5京昆高速（西攀段）,暂无人员伤亡暂无车辆被困,,下行,2390046864,,-4000000079_0 -4000000079_1,:2390046864_0_0 :2390046864_0_1,,,,,"【地质灾害首报】2025/6/17 4:15:21,接谢光利报：因地质灾害京昆高速西攀段攀枝花至西昌方向K2408+000发生边坡垮塌,占用第二车道,应急车道,无人员伤亡,暂无人员伤亡暂无车辆被困,已通知高速交警,执法,路维到场处置。",
307,10912,交通阻塞,2025-06-17 14:46:54,2025-06-17 16:24:43,1622.0,广元至绵阳方向,,G5京昆高速（绵广段）,,,下行,-58719,-14240,-12762_0 -12762_1,:-58719_0_0 :-58719_0_1,,,,,"【交通阻塞首报】2025/6/17 14:46:54,接杨婷报：京昆高速绵广段广元至绵阳方向K1622+000处发生一起高速交警通知非事故非施工抢险原因交通管制，目前厚坝站、小溪坝站入口成都方向封闭，已通知高速交警,执法,路维察看原因并进行疏导。",
308,10913,公路用地范围内火情,2025-06-17 14:56:45,2025-06-17 15:25:00,1943.0,雅安至成都方向,,G5京昆高速（成雅段）,,,下行,-68440,-13936,-16870_0,,,,,,"【公路用地范围内火情首报】2025/6/17 14:56:45,接叶启慧报：京昆高速成雅段雅安至成都方向K1943+000出现火情，已通知高速交警,执法,路维,消防到场处置。2025年6月17日14时35分，G5京昆高速成雅段，司机反映：雅成向k1943附近，西康大桥桥头护栏外绿植有浓烟，已通知119、高交、执法、路管队前往处置。",
309,10914,车辆故障,2025-06-17 15:20:20,2025-06-17 16:28:24,1795.1,贵州至纳溪方向,,G76厦蓉高速（纳黔段）,,,双向,1931068307|-36000,-3000000090,-3000000064_0 -3000000064_1,:1931068307_0_0 :1931068307_0_1,,,,,"【车辆故障首报】2025/6/17 15:20:20,接刘丹报：厦蓉高速纳黔段贵州至纳溪方向K1795+100发生一起车辆故障事件。经现场勘察，该车辆为危化品车,所属无,装载货物:三氯甲烷,占用应急车道和部分主车道，该事件为未达4级事件。",
310,10943,交通事故,2025-06-18 00:10:17,2025-06-18 02:15:48,1657.0,广元至绵阳方向,"第二车道,应急车道",G5京昆高速（绵广段）,暂无人员伤亡,,下行,-41881,,-8974_0 -8974_1,:-41881_0_0 :-41881_0_1,,,,,"【交通事故首报】2025/6/18 0:10:17,接张欢报：京昆高速绵广段广元至绵阳方向K1657+000发生一起两小车追尾事故，占用第二车道,应急车道，目前无人员伤亡，已通知高速交警,执法,路维到场处置,该事件为未达4级事件。",
311,11074,交通管制,2025-06-18 18:57:51,2025-06-19 20:00:00,2314.03,双向方向,,G5京昆高速（西攀段）,,该路段有地质灾害橙色预警，目前暂无管制。,双向,-53305|-48358,-5294,-10432_0 -10432_1,:-53305_0_0 :-53305_0_1,2025-06-18 19:00:00,,,德昌站 到 蒲坝站,【交通管制首报】2025/6/18 18:57:51，接执法二大队通知：因大雾雷雨天气，京昆高速西攀段德昌站至蒲坝站路段该路段有地质灾害橙色预警，目前暂无管制。1.已在沿线情报板发布预警信息。2.已通知路政加强巡查。3.已通知高速交警、执法支队、养护单位。4.已通知管理处值班人员。5.已通知收费站关注路况。6.已加强视频巡查、风险点位驻屏巡查。,
312,11082,交通事故,2025-06-18 19:56:59,2025-06-18 20:36:23,2237.86,黄联关至泸沽方向,"第二车道,第三车道",G5京昆高速（泸黄段）,暂无人员伤亡,,下行,-40762,-17092,-16630_0 -5696_0 -5696_1,:-40762_0_0 :-40762_1_0 :-40762_1_1,,,,,"【交通事故首报】2025/6/18 19:56:59,接刘明芳报：京昆高速泸黄段黄联关至泸沽方向K2237+860发生一起单车事故事故，占用第二车道,第三车道，目前无人员伤亡，已通知高速交警,执法,路维到场处置,该事件为未达4级事件。",
313,11141,交通事故,2025-06-19 13:03:57,2025-06-19 13:27:50,1802.127,纳溪至贵州方向,第一车道,G76厦蓉高速（纳黔段）,暂无人员伤亡,,上行,12539591439,-3950,-2000000432_0 -2000000432_1,:12539591439_0_0 :12539591439_0_1,,,,,"【交通事故首报】2025/6/19 13:03:57,接刘敏报：厦蓉高速纳黔段纳溪至贵州方向K1802+127发生一起小车单车事故，占用第一车道，目前无人员伤亡，已通知高速交警,执法,路维到场处置,该事件为未达4级事件。",
314,11142,交通事故,2025-06-19 15:42:31,2025-06-19 18:02:36,2222.5,黄联关至泸沽方向,应急车道,G5京昆高速（泸黄段）,受伤1人,,下行,-28589,-1694,-4798_0 -4798_1,:-28589_0_0 :-28589_0_1,,,,,"【交通事故首报】2025/6/19 15:42:31,接刘波报：京昆高速泸黄段黄联关至泸沽方向K2222+500发生一起单车撞护栏事故，占用应急车道，目前造成0死亡1受伤，已通知高速交警,执法,路维到场处置,该事件为未达4级事件。",
315,11145,交通管制,2025-06-19 17:08:54,2025-06-20 17:52:25,8.025,双向方向,,S81德会高速,,无管制,双向,-41333|-33976,-5882.98,-15564_0 -15564_1 -10658_0 -10658_1 -10658_2,:-41333_0_0 :-41333_0_1 :-41333_2_0 :-41333_2_1 :-41333_2_2,2025-06-19 17:00:00,,,老碾收费站 到 会理收费站,"【交通管制首报】2025/6/19 17:08:54，接苏翔宇报：6月19日晚至6月20日白天，对德昌县茨达镇1个乡镇；会理市城北街道、益门镇、彰冠镇、小黑箐镇4个乡镇；
会东县姜州镇1个乡镇；盐源县藤桥乡、树河镇2个乡镇共4个县（市）8个乡镇发布地质灾害气象风险橙色预警和山洪灾害风险黄色预警。1、 已在沿线情报板发布预警信息，监控中心加强视频巡查，3、已通知高交、路政、养护，4、已通知各收费站，4、监控人员24小时2人值守，5、风险点位24小时驻屏巡查，6、上报管理处值班领导，7、已做好雨前排查，德会路段无异常情况",
316,11146,交通管制,2025-06-19 17:13:54,2025-06-19 20:26:39,2373.18,双向方向,,G5京昆高速（西攀段）,,无管制,双向,2390028619|3119271926,-4000000173,-4000000061_0 -4000000061_1,:2390028619_0_0 :2390028619_0_1,2025-06-19 20:00:00,2025-06-20 18:00:00,"507,509,508",白马站 到 撒莲站,"【交通管制首报】2025/6/19 17:13:54，根据攀枝花市气象台6月19日-6月20日气象预报，今天夜间至明天白天我市东区、西区、钒钛高新区、仁和区、米易县南部、盐边县大部将有一次暴雨天气过程,局地可能出现大暴雨，发布地质灾害橙色预警，已通知相关部门。",
317,11165,交通事故,2025-06-20 06:44:07,2025-06-20 10:13:37,1667.55,绵阳至广元方向,应急车道,G5京昆高速（绵广段）,暂无人员伤亡,,上行,-39329,-11204,-5176_0 -5176_1,:-39329_0_0 :-39329_1_0 :-39329_1_1,,,,,"【交通事故首报】2025/6/20 6:44:07,接罗海燕报：京昆高速绵广段绵阳至广元方向K1667+550发生一起单车擦挂护栏事故事故，占用应急车道，目前无人员伤亡，已通知高速交警,执法,路维到场处置,该事件为4级事件。",
318,11177,车辆故障,2025-06-20 17:12:28,2025-06-20 19:10:00,1825.0,纳溪至贵州方向,,G76厦蓉高速（纳黔段）,,,上行,-36424,-1024,-12408_0 -4108_0,:-36424_0_0 :-36424_1_0,,,,,"【车辆故障首报】2025/6/20 17:12:28,接王英报：厦蓉高速纳黔段纳溪至贵州方向K1825+000发生一起车辆故障事件。经现场勘察，该车辆为危化品车,所属自贡市凯移物流公司,装载货物:液碱,45t该事件为未达4级事件",
319,11179,车辆故障,2025-06-20 17:24:49,2025-06-20 18:12:18,1771.0,纳溪至贵州方向,,G76厦蓉高速（纳黔段）,,,上行,5949103841,-3000000326,-3000000377_0 -3000000377_1,:5949103841_0_0 :5949103841_1_0 :5949103841_1_1,,,,,"【车辆故障首报】2025/6/20 17:24:49,接王英报：厦蓉高速纳黔段纳溪至贵州方向K1771+000发生一起车辆故障事件。经现场勘察，该车辆为运营客车,所属无,运营路线:叙永至观兴,核载人数:9,实载人数:7,该事件为未达4级事件",
320,11180,车辆故障,2025-06-20 17:46:59,2025-06-20 17:57:32,1778.0,纳溪至贵州方向,,G76厦蓉高速（纳黔段）,,,上行,3426565789,-14276,-3000000069_0 -3000000069_1,:3426565789_0_0 :3426565789_0_1,,,,,"【车辆故障首报】2025/6/20 17:46:59,接王英报：厦蓉高速纳黔段纳溪至贵州方向K1778+000发生一起车辆故障事件。经现场勘察，该车辆为运营客车,所属川泸永宁运业,运营路线:叙永至观兴,核载人数:9,实载人数:9,该事件为未达4级事件",
321,11181,交通管制,2025-06-20 19:07:59,2025-06-20 20:54:15,1838.0,双向方向,,G76厦蓉高速（纳黔段）,,,双向,3538592043|-50871,-11122|-2000000038,-2000000061_0 -2000000061_1,:3538592043_0_0 :3538592043_0_1,2025-06-20 19:08:00,2025-06-20 20:54:00,,护国站 到 江门站,"【交通管制首报】2025/6/20 19:07:59，接温静报：因大雾雷雨天气，厦蓉高速纳黔段护国站至江门站路段交通管制,预计小时后解除。",
322,11183,交通管制,2025-06-20 20:55:31,2025-06-20 21:30:59,1724.0,贵州至纳溪方向,,G76厦蓉高速（纳黔段）,,管制所有车辆。,双向,-50199|-33361,-3026|-13944,-12406_0 -12406_1 -12406_2 -12406_3,:-50199_0_0 :-50199_0_1 :-50199_0_2 :-50199_0_3,2025-06-20 20:55:00,2025-06-20 21:28:00,,赤水河站 到 赤水河站,"【交通管制首报】2025/6/20 20:55:31，接罗晓彤报：因大雾雷雨天气，厦蓉高速纳黔段赤水河站至赤水河站路段交通管制,预计小时后解除。",
323,11184,交通管制,2025-06-20 20:56:28,2025-06-20 21:28:02,1750.0,双向方向,,G76厦蓉高速（纳黔段）,,管制所有车辆。,双向,3538591854|-33394,-5192,-3000000062_0 -3000000062_1,:3538591854_0_0 :3538591854_0_1,2025-06-20 20:56:00,2025-06-20 21:28:00,,麻城站 到 麻城站,"【交通管制首报】2025/6/20 20:56:28，接罗晓彤报：因大雾雷雨天气，厦蓉高速纳黔段麻城站至麻城站路段交通管制,预计小时后解除。",
324,11199,交通事故,2025-06-21 13:58:11,2025-06-21 14:33:03,1582.0,广元至绵阳方向,"第一车道,应急车道",G5京昆高速（绵广段）,暂无人员伤亡,,下行,-56969,-16616,-11994_0 -11994_1,:-56969_0_0 :-56969_0_1,,,,,"【交通事故首报】2025/6/21 13:58:11,接任良秀报：京昆高速绵广段广元至绵阳方向K1582+000发生一起货车与小车擦挂事故，占用第一车道,应急车道，目前无人员伤亡，已通知高速交警,执法,路维到场处置,该事件为未达4级事件。",
325,11206,交通事故,2025-06-21 17:55:19,2025-06-21 22:12:56,2432.78,西昌至攀枝花方向,第二车道,G5京昆高速（西攀段）,暂无人员伤亡,,上行,2390028752,,-4000000030_0 -4000000030_1,:2390028752_0_0 :2390028752_0_1,2025-06-21 18:44:00,,,,"【交通事故首报】2025/6/21 17:55:19,接陈莹报：京昆高速西攀段西昌至攀枝花方向K2432+780发生一起单车擦挂护栏。事故，占用第二车道，目前无人员伤亡，已通知高速交警,执法,路维到场处置,该事件为未达4级事件。",
326,11215,交通事故,2025-06-22 13:51:42,2025-06-22 14:16:53,1577.718,广元至绵阳方向,第一车道,G5京昆高速（绵广段）,暂无人员伤亡,,下行,-28734,-4688,-1566_0 -1566_1,:-28734_0_0 :-28734_0_1,,,,,"【交通事故首报】2025/6/22 13:51:42,接汪燕莎报：京昆高速绵广段广元至绵阳方向K1577+718发生一起单车撞护栏事故，占用第一车道，目前无人员伤亡，已通知高速交警,执法,路维到场处置,该事件为未达4级事件。",
327,11224,交通管制,2025-06-22 19:41:17,2025-06-23 02:55:49,1834.77,双向方向,,G5京昆高速（成雅段）,,未管制,双向,3538592011|-45267,-12518,-2000000067_0 -2000000067_1,:3538592011_0_0 :3538592011_0_1,2025-06-22 19:48:00,,,新津东站 到 新津南站,"【交通管制首报】2025/6/22 19:41:17，接李杨超报：因大雾雷雨天气，京昆高速成雅段新津东站至新津南站路段交通管制,预计小时后解除。（未管制）",
328,11249,交通事故,2025-06-23 15:40:15,2025-06-23 17:02:41,1808.225,纳溪至贵州方向,"应急车道,第二车道",G76厦蓉高速（纳黔段）,,,上行,5744988501,-2000000259,-2000000416_0 -2000000416_1,:5744988501_0_0 :5744988501_0_1,,,,,"【交通事故首报】2025/6/23 15:40:15,接周媛媛报：厦蓉高速纳黔段纳溪至贵州方向K1808+225121001施工处发生一起交通事故，占用应急车道,第二车道，目前无人员伤亡，已通知高速交警,执法,路维到场处置。",
329,11251,车辆故障,2025-06-23 16:44:55,2025-06-23 17:39:24,1792.0,纳溪至贵州方向,,G76厦蓉高速（纳黔段）,,,上行,1931068307,-10220,-3000000064_0 -3000000064_1,:1931068307_0_0 :1931068307_0_1,,,,,"【车辆故障首报】2025/6/23 16:44:55,接周媛媛报：厦蓉高速纳黔段纳溪至贵州方向K1792+000发生一起车辆故障事件。经现场勘察，该车辆为运营客车,所属无,运营路线:无,核载人数:14,实载人数:1,该事件为未达4级事件",
330,11256,车辆故障,2025-06-23 19:31:13,2025-06-23 19:34:47,1796.0,贵州至纳溪方向,,G76厦蓉高速（纳黔段）,,,双向,1931068307|-60422,-13416,-3000000064_0 -3000000064_1,:1931068307_0_0 :1931068307_0_1,,,,,"【车辆故障首报】2025/6/23 19:31:13,接万燕报：厦蓉高速纳黔段贵州至纳溪方向K1796+000发生一起车辆故障事件。经现场勘察，该车辆为危化品车,所属无,装载货物:乙二醇，49t,该事件为未达4级事件",
331,11271,交通事故,2025-06-24 08:46:00,2025-06-24 10:12:39,1693.5,绵阳至成都方向,"第二车道,应急车道",G5京昆高速（成绵段）,暂无人员伤亡,磨家枢纽分流至成绵复线,下行,-36905,-10736,-4322_0 -4322_1,:-36905_0_0 :-36905_0_1,,,,,"【交通事故首报】2025/6/24 8:46:00,接陈冬梅报：京昆高速成绵段绵阳至成都方向K1693+500发生一起单车侧翻事故，占用第二车道,应急车道，目前无人员伤亡，已通知高速交警,路维到场处置磨家枢纽分流至成绵复线,该事件为未达4级事件。",
332,11309,交通事故,2025-06-24 23:27:42,2025-06-25 01:35:58,1957.0,泸沽至雅安方向,"第一车道,第二车道,应急车道",G5京昆高速（雅泸段）,受伤1人下行方向交通阻断,西昌至雅安方向K1964主线所有车辆原地等待,下行,-43279,-6608,-11346_0 -11346_1,:-43279_0_0 :-43279_0_1,2025-06-24 22:53:00,,,,"【交通事故首报】2025/6/24 23:27:42,接邹扬报：京昆高速雅泸段泸沽至雅安方向K1957+000发生一起追尾事故，占用第一车道,第二车道,应急车道，目前造成0死亡1受伤，已通知高速交警,执法,路维,急救到场处置西昌至雅安方向K1964主线所有车辆原地等待,该事件为未达4级事件。",
333,11322,交通管制,2025-06-25 16:59:01,2025-06-26 19:54:11,2314.03,双向方向,,G5京昆高速（西攀段）,,无管制，地质灾害橙色预警。,双向,-53305|-48358,-5294,-10432_0 -10432_1,:-53305_0_0 :-53305_0_1,2025-06-25 00:00:00,2025-06-26 00:00:00,"759,506",德昌站 到 永郎站,"【交通管制首报】2025/6/25 16:59:01，接执法二队通知：因大雾雷雨天气，地质灾害橙色预警。无管制，1.已在沿线情报板发布预警信息。
2.已通知路政加强巡查。
3.已通知高速交警、执法支队、养护单位。
4.已通知管理处值班人员。
5.已通知收费站关注路况。
6.已加强视频巡查、风险点位驻屏巡查。",
334,11343,隧道内火情,2025-06-27 00:46:03,2025-06-27 01:34:12,2003.743,雅安至泸沽方向,"第一车道,第二车道",G5京昆高速（雅泸段）,暂无人员伤亡,,上行,-40797,,-9700_0 -9700_1,:-40797_0_0 :-40797_0_1,2025-06-26 23:57:00,2025-06-27 01:29:00,,,"【隧道内火情首报】2025/6/27 0:46:03,接叶聃报：京昆高速雅泸段雅安至泸沽方向泥巴山隧道右幅（特长隧道）K2003+743出现火情，无人员伤亡，目前已有1辆车受损，占用第一车道,第二车道，已通知高速交警,执法,路维,消防到场处置。",
335,11347,车辆故障,2025-06-27 08:30:01,2025-06-27 09:34:48,1562.7,广元至绵阳方向,,G5京昆高速（绵广段）,,,下行,-62495,,-16412_0 -16412_1,:-62495_0_0 :-62495_1_0 :-62495_1_1,,,,,"【车辆故障首报】2025/6/27 8:30:01,接姚娟报：京昆高速绵广段广元至绵阳方向K1562+700发生一起车辆故障事件。经现场勘察，该车辆为运营客车,所属无,运营路线:无,核载人数:无,实载人数:无,该事件为未达4级事件",
336,11353,交通事故,2025-06-27 13:33:25,2025-06-27 14:03:49,2226.3,黄联关至泸沽方向,第三车道,G5京昆高速（泸黄段）,暂无人员伤亡,,下行,-63729,-1528,-14686_0 -14686_1 -14686_2,:-63729_0_0 :-63729_0_1,,,,,"【交通事故首报】2025/6/27 13:33:25,接刘波报：京昆高速泸黄段黄联关至泸沽方向K2226+300发生一起两车追尾事故，占用第三车道，目前无人员伤亡，已通知高速交警,执法,路维到场处置,该事件为未达4级事件。",
337,11356,交通事故,2025-06-27 15:36:20,2025-06-27 15:51:27,1687.9,绵阳至成都方向,第二车道,G5京昆高速（成绵段）,暂无人员伤亡,,下行,-29648,-658,-7190_0 -7190_1,:-29648_0_0 :-29648_0_1,,,,,"【交通事故首报】2025/6/27 15:36:20,接李芳报：京昆高速成绵段绵阳至成都方向K1687+900发生一起三车追尾事故，占用第二车道，目前无人员伤亡，已通知路维到场处置,该事件为未达4级事件。",
338,11357,交通阻塞,2025-06-27 15:46:04,2025-06-27 16:07:43,1686.0,广元至绵阳方向,,G5京昆高速（绵广段）,,,下行,-27368,-8424,-1136_0 -2870_0,:-27368_0_0 :-27368_1_0,,,,,"【交通阻塞首报】2025/6/27 15:46:04,接江明芝报：京昆高速绵广段广元至绵阳方向K1686+000处发生一起主线交通阻塞，受成绵交通事故影响车辆倒灌至绵阳南路段，现绵阳南站、绵阳站入口成都方向封闭。目前拥堵距离2公里，已通知高速交警,执法,路维察看原因并进行疏导。",
339,11359,交通事故,2025-06-27 16:22:04,2025-06-27 17:24:20,1814.0,雅安至成都方向,第一车道,G5京昆高速（成雅段）,受伤1人,,下行,J87,-2000000030,-13404_0 -13404_1 -13404_2,:J87_0_0 :J87_0_1 :J87_0_2,,,,,"【交通事故首报】2025/6/27 16:22:04,接张萌报：京昆高速成雅段雅安至成都方向K1814+000发生一起四辆小车事故事故，占用第一车道，目前造成0死亡1受伤，已通知高速交警,执法,路维,急救到场处置,该事件为未达4级事件。",
340,11360,交通事故,2025-06-27 16:43:47,2025-06-27 22:15:48,2054.0,雅安至泸沽方向,"第一车道,第二车道",G5京昆高速（雅泸段）,暂无人员伤亡,汉源南（单耳朵站）入口临时管制所有车辆,上行,-57329,,-12162_0,:-57329_0_0,2025-06-27 16:40:00,2025-06-27 20:08:00,,,"【交通事故首报】2025/6/27 16:43:47,接罗梦蕾报：京昆高速雅泸段雅安至泸沽方向K2054+000发生一起2车追尾事故，占用第一车道,第二车道，目前无人员伤亡，已通知高速交警,执法,路维到场处置汉源南（单耳朵站）入口临时管制所有车辆,该事件为未达4级事件。",
341,11362,交通阻塞,2025-06-27 18:04:29,2025-06-27 18:32:35,1685.0,广元至绵阳方向,,G5京昆高速（绵广段）,,,下行,-43062,-13472,-6534_0 -6534_1,:-43062_0_0 :-43062_0_1,,,,,"【交通阻塞首报】2025/6/27 18:04:29,接罗海燕报：京昆高速绵广段广元至绵阳方向K1685+000处发生一起主线交通阻塞，目前拥堵距离1公里，已通知高速交警,执法,路维察看原因并进行疏导。绵阳南站、绵阳站入口成都方向封闭。",
342,11363,交通事故,2025-06-27 18:52:25,2025-06-27 19:30:40,2424.835,攀枝花至西昌方向,第二车道,G5京昆高速（西攀段）,暂无人员伤亡,,下行,2390046864,,-4000000079_0 -4000000079_1,:2390046864_0_0 :2390046864_0_1,,,,,"【交通事故首报】2025/6/27 18:52:25,接王方琼报：京昆高速西攀段攀枝花至西昌方向K2424+835徐家梁子隧道内发生一起两车追尾事故，占用第二车道，目前无人员伤亡，已通知高速交警,执法,路维到场处置,该事件为未达4级事件。",
343,11367,交通事故,2025-06-28 08:13:01,2025-06-28 08:40:09,2421.0,西昌至攀枝花方向,第一车道,G5京昆高速（西攀段）,暂无人员伤亡,,上行,2390028752,,-4000000030_0 -4000000030_1,:2390028752_0_0 :2390028752_0_1,,,,,"【交通事故首报】2025/6/28 8:13:01,接王方琼报：京昆高速西攀段西昌至攀枝花方向K2421+000发生一起单车事故事故，占用第一车道，目前无人员伤亡，已通知高速交警,执法,路维到场处置,该事件为未达4级事件。",
344,11376,交通事故,2025-06-28 15:07:52,2025-06-28 15:28:26,1563.35,绵阳至广元方向,应急车道,G5京昆高速（绵广段）,受伤1人,,上行,-26502,,-4850_0 -4850_1,:-26502_0_0 :-26502_0_1,,,,,"【交通事故首报】2025/6/28 15:07:52,接姜春蓉报：京昆高速绵广段绵阳至广元方向K1563+350发生一起小车撞右侧护栏事故，占用应急车道，目前造成0死亡1受伤，已通知高速交警,执法,路维,急救到场处置,该事件为未达4级事件。",
345,11389,交通管制,2025-06-29 01:30:53,2025-06-29 06:14:25,2314.03,双向方向,,G5京昆高速（西攀段）,,无管制,双向,-53305|-48358,-5294,-10432_0 -10432_1,:-53305_0_0 :-53305_0_1,2025-06-29 00:38:00,,,德昌站 到 蒲坝站,【交通管制首报】2025/6/29 1:30:53，接执法六支队二大队通知：德昌县气象台2025年06月29日00时38分发布暴雨橙色预警信号：德昌县南山傈僳族乡、昌州街道、麻栗镇、乐跃镇、德州街道等乡镇（街道）3小时降雨量将达50毫米以上（或降雨强度将达30毫米/小时以上）；或者3小时降雨量已达50毫米以上（或降雨强度已达30毫米/小时以上）且降雨（20毫米/小时以上）可能持续。请注意防范因强降雨引发的山洪、地质灾害、低洼地带内涝以及短时阵性大风、冰雹和雷电天气可能带来的危害，相关单位和人员做好灾害预防工作。,
346,11395,交通事故,2025-06-29 03:10:29,2025-06-29 03:32:46,1566.2,广元至绵阳方向,"应急车道,第二车道",G5京昆高速（绵广段）,受伤1人,,下行,-38174,,-9260_0 -9260_1,:-38174_0_0 :-38174_0_1,,,,,"【交通事故首报】2025/6/29 3:10:29,接江明芝报：京昆高速绵广段广元至绵阳方向K1566+200发生一起两货车追尾事故，占用应急车道,第二车道，目前造成0死亡1受伤，已通知高速交警,执法,路维,急救到场处置,该事件为未达4级事件。",
347,11401,交通管制,2025-06-29 04:12:36,2025-06-29 07:44:24,2349.26,双向方向,,G5京昆高速（西攀段）,,无管制,双向,3329908340|-47834,-12462,-4000000510_0 -4000000510_1,:3329908340_0_0 :3329908340_0_1,2025-06-29 00:03:00,,,永郎站 到 撒莲站,【交通管制首报】2025/6/29 4:12:36，接执法支队三大队报：米易县气象台2025年06月29日03时分发布暴雨色预警信号:过去一小时麻陇多云盘村已出现33.7毫米降雨，预计未来3小时，麻陇、得石、白坡、草场、普威、白马、湾丘，攀莲、撒莲等乡镇将出现强降水天气，部分地区小时雨强可能达到20-40毫米，最大过程累计雨量可达50毫米以上，请注意加强中小河流洪水、山洪、滑坡和泥石流等灾害的监测防范。强降雨伴有雷电、阵性大风等强对流天气，请注意防范山体滑坡、泥石流、山洪、城市内涝等次生灾害。,
348,11403,交通管制,2025-06-29 04:16:02,2025-06-29 06:12:29,8.025,双向方向,,S81德会高速,,无管制,双向,-41333|-33976,-5882.98,-15564_0 -15564_1 -10658_0 -10658_1 -10658_2,:-41333_0_0 :-41333_0_1 :-41333_2_0 :-41333_2_1 :-41333_2_2,2025-06-29 03:30:00,2025-06-29 06:30:00,"774,761",老碾收费站 到 六华收费站,【交通管制首报】2025/6/29 4:16:02，接黄小容报：凉山彝族自治州气象台发布德昌橙色暴雨灾害预警，德会高速德会段K0-K15、相关收费站有老碾站和六华站1.已在沿线情报板发布预警信息。2.已通知路政加强巡查，监控中心加强视频巡查。3.已通知高交、执法。4.已通知收费站关注路况。5.监控分中心2人值守。6.风险点位驻屏巡查。7、上报管理处值班领导。       8、已传达至相关站点。9已加强雨前雨中巡查，无异常。,
349,11406,交通管制,2025-06-29 05:09:09,2025-06-29 06:04:21,1906.69,双向方向,,G5京昆高速（成雅段）,,因暴雨天气，太平站、名山站、雅安北站、雅安金鸡关站、西康大桥站，入口关闭。,双向,-41736|-33247,-16860,-6010_0 -6010_1,:-41736_0_0 :-41736_0_1,2025-06-29 05:10:00,2025-06-29 06:04:00,"683,685,686,694,695",太平站 到 西康大桥站,"【交通管制首报】2025/6/29 5:09:09，接张馨尹报：因大雾雷雨天气，京昆高速成雅段太平站至西康大桥站路段交通管制西康大桥站，雅安北站，雅安金鸡关站，名山站，太平站入口关闭，,预计小时后解除。",
350,11414,交通管制,2025-06-29 07:03:54,2025-06-29 08:06:30,1.97,双向方向,,G4202成都绕城高速（绕东段）,,,双向,-42611|-50566,-9292|-8014,-6590_0 -6590_1 -6358_0 -6358_1 -6358_2,:-42611_0_0 :-42611_0_1 :-42611_2_0 :-42611_2_1 :-42611_2_2,2025-06-29 07:12:00,2025-06-29 08:06:00,,大件站 到 机场站,"【交通管制首报】2025/6/29 7:03:54，接王伟报：因大雾雷雨天气，成都绕城高速(东段)大件站至机场站路段交通管制,预计小时后解除。",
351,11415,交通管制,2025-06-29 07:12:26,2025-06-29 08:18:12,51.17,双向方向,,G4202成都绕城高速（绕西段）,,,双向,-53129|9868918130,-4000000348,-13198_0 -13198_1 -12680_0 -12680_1 -12680_2,:-53129_0_0 :-53129_0_1 :-53129_2_0 :-53129_2_1 :-53129_2_2,2025-06-29 07:51:00,2025-06-29 08:18:00,,双流站 到 货运大道站,"【交通管制首报】2025/6/29 7:12:26，接王伟报：因大雾雷雨天气，成都绕城高速(西段)双流站至货运大道站路段交通管制,预计小时后解除。",
352,11421,交通管制,2025-06-29 07:15:04,2025-06-29 09:48:25,1770.4,双向方向,,G5京昆高速（成绵段）,,入口双向关闭,双向,3426565849|5949103158,-12656,-3000000128_0 -3000000128_1,:3426565849_0_0 :3426565849_0_1,2025-06-29 07:43:00,2025-06-29 09:48:00,"601,206,215,214,213,212,211,210,209,208,202",新都站 到 广汉站,"【交通管制首报】2025/6/29 7:15:04，接李芳报：因大雾雷雨天气，京昆高速成绵段新都站至广汉站路段交通管制新都北站，青白江入口关闭，,预计小时后解除。",
353,11441,交通阻塞,2025-06-29 09:37:42,2025-06-29 10:50:57,1685.0,广元至绵阳方向,,G5京昆高速（绵广段）,,绵阳南站入口成都方向封闭,下行,-43062,-13472,-6534_0 -6534_1,:-43062_0_0 :-43062_0_1,,,225,,"【交通阻塞首报】2025/6/29 9:37:42,接顾敏报：京昆高速绵广段广元至绵阳方向K1685+000处受成绵高速交通事故影响导致该路段主线车流量大，绵阳南站入口成都方向封闭，已通知高速交警,执法,路维察看原因并进行疏导。",
354,11447,交通管制,2025-06-29 10:17:16,2025-06-29 10:45:18,1906.69,双向方向,,G5京昆高速（成雅段）,,,双向,-41736|-33247,-16860,-6010_0 -6010_1,:-41736_0_0 :-41736_0_1,2025-06-29 08:52:00,2025-06-29 10:42:00,"683,685,686,694,695",太平站 到 西康大桥站,"【交通管制首报】2025/6/29 10:17:16，接董霜报：因大雾雷雨天气，京昆高速成雅段太平站至西康大桥站路段交通管制西康大桥站，雅安北站，雅安金鸡关站，名山站，太平站入口关闭，,预计小时后解除。",
355,11458,交通阻塞,2025-06-29 12:04:27,2025-06-29 15:58:06,1572.0,双向方向,,G5京昆高速（绵广段）,,因金子山站入口治超系统故障，金子山站入口货车无法通行。,双向,-37323|-27388,-4768,-7568_0 -7568_1,:-37323_0_0 :-37323_0_1,2025-06-29 12:08:00,,258,,"【交通阻塞首报】2025/6/29 12:04:27,接姚娟报：京昆高速绵广段双向方向K1572+000处发生一起高速交警通知非事故非施工抢险原因交通管制，因金子山站入口治超系统故障，现金子山站入口所有货车无法通行；已通知维护分中心前往处置。已通知高交、执法、路维前往疏导。",
356,11481,交通阻塞,2025-06-29 14:46:46,2025-06-29 15:17:43,1685.0,广元至绵阳方向,,G5京昆高速（绵广段）,,,下行,-43062,-13472,-6534_0 -6534_1,:-43062_0_0 :-43062_0_1,,,,,"【交通阻塞首报】2025/6/29 14:46:46,接姚娟报：京昆高速绵广段广元至绵阳方向K1685+000处发生一起高速交警通知非事故非施工抢险原因交通管制，目前已阻断，因主线车流量大，现绵阳南站入口成都方向封闭；已通知高交、执法、路维前往疏导。",
357,11489,交通管制,2025-06-29 15:48:13,2025-06-29 18:32:06,1714.53,成都至绵阳方向,,G5京昆高速（成绵段）,,关闭德阳北金山站成都至绵阳方向入口,上行,-30464,-6700,-7928_0 -7928_1 -7928_2 -7928_3,:-30464_0_0 :-30464_0_1 :-30464_0_2 :-30464_0_3,2025-06-29 15:48:00,,"211,212,213,214",德阳北站 到 金山站,"【交通管制首报】2025/6/29 15:48:13，接李琦报：因大雾雷雨天气，高速交警要求关闭京昆高速成绵段金山站，罗江站，白马关站，德阳北站入口关闭，,预计2小时后解除。",
358,11493,交通阻塞,2025-06-29 16:20:16,2025-06-29 18:27:42,1685.0,广元至绵阳方向,,G5京昆高速（绵广段）,,,下行,-43062,-13472,-6534_0 -6534_1,:-43062_0_0 :-43062_0_1,,,,,"【交通阻塞首报】2025/6/29 16:20:16,接姚娟报：京昆高速绵广段广元至绵阳方向K1685+000处发生一起高速交警通知非事故非施工抢险原因交通管制，因主线车流量大，现绵阳南站入口成都方向封闭。已通知高速交警,执法,路维察看原因并进行疏导。",
359,11510,交通管制,2025-06-29 17:24:05,2025-06-30 17:04:46,47.697,双向方向,,S81德会高速,,无管制,双向,8721830466|8721830818,-4000000348,-4000000365_0 -4000000365_1,:8721830466_0_0 :8721830466_0_1,2025-06-29 18:00:00,2025-06-30 18:00:00,,益门收费站 到 会理北收费站,【交通管制首报】2025/6/29 17:24:05，接雷红月报：凉山彝族自治州气象台发布益门镇地质灾害橙色预警，德会高速德会段K35-K62、相关收费站有益门站和会理北站1.已在沿线情报板发布预警信息。2.已通知路政加强巡查，监控中心加强视频巡查。3.已通知高交、执法。4.已通知收费站关注路况。5.监控分中心2人值守。6.风险点位驻屏巡查。7、上报管理处值班领导。 8、已传达至相关站点。9已加强雨前雨中巡查，无异常。,
360,11554,暴雨橙色预警,2025-06-29 21:25:00,2025-06-30 00:13:00,1750.0,双向方向,,G76厦蓉高速（纳黔段）,,,双向,3538591854|-33394,-5192,-3000000062_0 -3000000062_1,:3538591854_0_0 :3538591854_0_1,2025-06-29 21:25:00,,,麻城站 到 护国站,"【暴雨橙色预警首报】2025/6/29 21:25:00，接陈茜报：收到暴雨橙色预警后采取了以下措施：
1、监控中心收到预警信息后，在一路三方群内发布气象风险信息
2、5分钟内将预警信息传递至公司相关部门并跟踪记录响应情况，10分钟内以电话、信息方式同步报执法队、高速交警
3、10分钟内在高速公路业务管理系统、阈值管控版块填报管控信息
4、在突发事件信息管理系统填报预警响应情况，10分钟内首报，续报间隔不超过30分钟，接收到预警解除信息后10分钟内终报；30分钟内在交通运输部路况信息管理系统填报预警信息
5、将预警信息报值班领导，值班中层干部
6、将预警信息报主要领导，值班领导在岗指挥调度
7、通过公路沿线可变情报板进行安全提示
8、按高速交警指令通知所辖收费站关闭开放车道
9、驻屏监测辖区二级风险点
10、全时段驻屏监视三级及以上地灾风险点位
11、在“蜀安直达”上接收预警信息
12、密切关注降雨预报及降雨实况，动态掌握暴雨、地灾等预警和短临预报信息
13、如实接收上级调度，对预警区域管理中心值班人员、站队进行调度
14、登记预警响应工作台账",
361,11677,交通事故,2025-06-30 10:04:04,2025-06-30 10:44:01,1585.0,绵阳至广元方向,第一车道,G5京昆高速（绵广段）,暂无人员伤亡,,上行,-50465,,-11970_0 -11970_1,:-50465_0_0 :-50465_0_1,,,,,"【交通事故首报】2025/6/30 10:04:04,接汪燕莎报：京昆高速绵广段绵阳至广元方向K1585+000发生一起三小车追尾事故事故，占用第一车道，目前无人员伤亡，已通知高速交警,执法,路维到场处置,该事件为未达4级事件。",
362,11719,交通事故,2025-07-02 00:34:53,2025-07-02 02:16:57,1662.0,绵阳至广元方向,"第二车道,应急车道",G5京昆高速（绵广段）,暂无人员伤亡,,上行,-30993,,-2224_0,:-30993_0_0 :-30993_1_0,,,,,"【交通事故首报】2025/7/2 0:34:53,接任良秀报：京昆高速绵广段绵阳至广元方向K1662+000发生一起两货车追尾事故，占用第二车道,应急车道，目前无人员伤亡，已通知高速交警,执法,路维,消防到场处置,该事件为未达4级事件。",
363,11724,交通管制,2025-07-02 03:48:00,2025-07-02 05:52:00,1906.69,双向方向,,G5京昆高速（成雅段）,,因暴雨天气，临时交通管制，太平站入口关闭。,双向,-41736|-33247,-16860,-6010_0 -6010_1,:-41736_0_0 :-41736_0_1,2025-07-02 03:48:00,,683,太平站 到 太平站,【交通管制首报】2025/7/2 3:48:00，接张馨尹报：因暴雨天气，临时交通管制，京昆高速成雅段太平收费站入口关闭。,
364,11759,交通事故,2025-07-03 02:06:20,2025-07-03 07:06:22,1664.0,广元至绵阳方向,"第一车道,第二车道,应急车道",G5京昆高速（绵广段）,受伤1人上行方向交通阻断,,下行,-52539,-13846,-13846_0 -13846_1,:-52539_0_0 :-52539_1_0 :-52539_1_1,2025-07-03 02:07:00,,"246,247,249,250,255",,"【交通事故首报】2025/7/3 2:06:20,接江明芝报：京昆高速绵广段广元至绵阳方向K1664+000发生一起两货车追尾事故，占用第一车道,第二车道,应急车道，目前造成0死亡1受伤，已通知高速交警,执法,路维,急救到场处置,该事件为未达4级事件。",
365,11775,交通事故,2025-07-03 14:16:37,2025-07-03 22:28:55,2067.18,泸沽至雅安方向,应急车道,G5京昆高速（雅泸段）,暂无人员伤亡,,下行,-49052,-14050,-8788_0 -8788_1,:-49052_0_0 :-49052_0_1,,,,,"【交通事故首报】2025/7/3 14:16:37,接邓林报：京昆高速雅泸段泸沽至雅安方向K2067+180发生一起货车自燃事故，占用应急车道，目前无人员伤亡，已通知高速交警,执法,路维,消防到场处置,该事件为未达4级事件。",
366,11777,交通阻塞,2025-07-03 15:00:49,2025-07-03 15:29:53,1572.0,双向方向,,G5京昆高速（绵广段）,,,双向,-37323|-27388,-4768,-7568_0 -7568_1,:-37323_0_0 :-37323_0_1,,,,,"【交通阻塞首报】2025/7/3 15:00:49,接顾敏报：京昆高速绵广段双向方向K1572+000处发生一起高速交警通知非事故非施工抢险原因交通管制，因金子山站入口1车道治超称台故障，现入口仅ETC客车通行，维护分中心已在现场处置，已通知高速交警,执法,路维察看原因并进行疏导。",
367,11814,交通管制,2025-07-03 18:15:52,2025-07-03 23:04:44,1812.64,双向方向,,G5京昆高速（成雅段）,,暂无管制,双向,3426593534|-42915,-2000000030,-2000000411_0 -2000000411_1,:3426593534_0_0 :3426593534_0_1,2025-07-03 18:58:00,,,成都站 到 双流南站,"【交通管制首报】2025/7/3 18:15:52，接王萍报：因大雾雷雨天气，京昆高速成雅段成都站至双流南站路段交通管制,预计小时后解除。（双流区气象台2025年07月03日17时50分更新暴雨黄色预警信号为暴雨橙色预警信号，获取预警后，已将预警信息传递至一线单位，上报公司值班人员、公司相关部门并跟踪记录响应情况，信息方式同步报执法大队、高速交警；预警期间时刻关注雨情变化。）",
368,11828,交通管制,2025-07-03 21:41:30,2025-07-03 22:30:43,1760.1,双向方向,,G5京昆高速（成绵段）,,关闭入口,双向,-29605|-29606,-9222|-4114,-9550_0 -9550_1 -9550_2,:-29605_0_0 :-29605_0_1 :-29605_0_2,2025-07-03 21:42:00,,"208,206",青白江 到 广汉站,"【交通管制首报】2025/7/3 21:41:30，接祖福明报：因大雾雷雨天气，京昆高速成绵段青白江至广汉站路段交通管制广汉站，青白江入口关闭，,预计2小时后解除。",
369,11829,交通管制,2025-07-03 22:06:39,2025-07-04 00:16:40,1736.35,双向方向,,G5京昆高速（成绵段）,,关闭入口,双向,-52781|-43060,-6504|-14710,-15602_0 -15602_1 -15602_2 -15602_3,:-52781_0_0 :-52781_0_1 :-52781_0_2 :-52781_0_3,2025-07-03 22:07:00,,"211,210,209",德阳南站 到 德阳北站,"【交通管制首报】2025/7/3 22:06:39，接祖福明报：因大雾雷雨天气，京昆高速成绵段德阳南站至德阳北站路段交通管制德阳北站，德阳站，德阳南站入口关闭，,预计2小时后解除。",
370,11831,交通管制,2025-07-03 23:13:11,2025-07-04 00:16:07,1702.9,双向方向,,G5京昆高速（成绵段）,,关闭罗江东站，入口（成都至绵阳方向），金山站入口,双向,-33919|-37408,-2884,-5308_0 -5308_1,:-33919_0_0 :-33919_0_1,2025-07-03 23:13:00,,"214,213",罗江站 到 金山站,"【交通管制首报】2025/7/3 23:13:11，接祖福明报：因大雾雷雨天气，京昆高速成绵段罗江站至金山站路段交通管制罗江东站，入口（成都至绵阳方向）金山站入口关闭，,预计2小时后解除。",
371,11847,交通事故,2025-07-04 13:50:14,2025-07-04 14:47:00,1832.3,雅安至成都方向,应急车道,G5京昆高速（成雅段）,受伤1人,,下行,-35765,-15492,-13580_0,:-35765_0_0 :-35765_1_0,,,,,"【交通事故首报】2025/7/4 13:50:14,接沈雁飞报：京昆高速成雅段雅安至成都方向K1832+300发生一起单车事故事故，占用应急车道，目前造成0死亡1受伤，已通知高速交警,执法,路维,急救到场处置,该事件为未达4级事件。",
372,11852,交通事故,2025-07-04 16:15:37,2025-07-04 17:33:58,1825.21,贵州至纳溪方向,第二车道,G76厦蓉高速（纳黔段）,暂无人员伤亡,,双向,-36424|1931056855,-2000000090,-12408_0 -4108_0,:-36424_0_0 :-36424_1_0,,,,,"【交通事故首报】2025/7/4 16:15:37,接罗晓彤报：厦蓉高速纳黔段贵州至纳溪方向K1825+210发生一起二货车追尾事故，占用第二车道，目前无人员伤亡，已通知高速交警,执法,路维到场处置,该事件为未达4级事件。",
373,11868,交通管制,2025-07-04 18:52:09,2025-07-04 19:02:37,1572.87,双向方向,,G5京昆高速（绵广段）,,因暴雨天气，现金子山站入口封闭。,双向,-29937|-39126,-1674,-8440_0 -8440_1,:-29937_0_0 :-29937_0_1,2025-07-04 18:53:00,2025-07-04 19:53:00,258,金子山站 到 金子山站,【交通管制首报】2025/7/4 18:52:09，接任良秀报：因大雾雷雨天气，京昆高速绵广段金子山站至金子山站路段交通管制金子山站入口关闭，已通知高交、执法、路维、收费站。因暴雨天气，现金子山站入口封闭。预计1.0小时后解除。,
374,12004,交通事故,2025-07-05 11:01:52,2025-07-05 11:38:40,2300.0,攀枝花至西昌方向,应急车道,G5京昆高速（西攀段）,暂无人员伤亡,,下行,-31801,,-2464_0 -2464_1,:-31801_0_0 :-31801_0_1,,,,,"【交通事故首报】2025/7/5 11:01:52,接刘波报：京昆高速西攀段攀枝花至西昌方向K2300+000发生一起单车侧翻事故，占用应急车道，目前无人员伤亡，已通知高速交警,执法,路维到场处置,该事件为未达4级事件。",
375,12028,交通事故,2025-07-06 04:25:11,2025-07-06 06:07:34,1667.0,广元至绵阳方向,第一车道,G5京昆高速（绵广段）,暂无人员伤亡,,下行,-55198,-14976,-12874_0 -12874_1,:-55198_0_0 :-55198_0_1,,,,,"【交通事故首报】2025/7/6 4:25:11,接罗海燕报：京昆高速绵广段广元至绵阳方向K1667+000发生一起单车撞护栏事故，占用第一车道，目前无人员伤亡，已通知高速交警,执法,路维到场处置,该事件为未达4级事件。",
376,12046,交通事故,2025-07-06 21:27:59,2025-07-06 21:52:54,1761.5,绵阳至成都方向,第二车道,G5京昆高速（成绵段）,暂无人员伤亡,,下行,7513094084,-8186,-3000000311_0 -3000000311_1,:7513094084_0_0 :7513094084_0_1,,,,,"【交通事故首报】2025/7/6 21:27:59,接岳秋报：京昆高速成绵段绵阳至成都方向K1761+500发生一起三车追尾事故，占用第二车道，目前无人员伤亡，已通知高速交警,执法,路维,急救到场处置,该事件为未达4级事件。",
377,12071,交通事故,2025-07-07 06:55:02,2025-07-07 11:37:58,1739.8,纳溪至贵州方向,"第二车道,应急车道",G76厦蓉高速（纳黔段）,暂无人员伤亡,,上行,-57263,,-12142_0,,,,,,"【交通事故首报】2025/7/7 6:55:02,接刘璐报：厦蓉高速纳黔段纳溪至贵州方向K1739+800发生一起两轴货车侧翻事故，占用第二车道,应急车道，目前无人员伤亡，已通知高速交警,执法,路维到场处置,该事件为未达4级事件。",
378,12110,车辆故障,2025-07-07 15:10:14,2025-07-07 15:40:19,1765.478,纳溪至贵州方向,,G76厦蓉高速（纳黔段）,,,上行,-30773,-3000000074,-2140_0,:-30773_0_0,,,,,"【车辆故障首报】2025/7/7 15:10:14,接陈茜报：厦蓉高速纳黔段纳溪至贵州方向K1765+478发生一起车辆故障事件。经现场勘察，该车辆为运营客车,所属无,运营路线:无,核载人数:39,实载人数:14,该事件为未达4级事件",
379,12180,交通事故,2025-07-08 17:13:51,2025-07-08 21:25:48,2324.96,攀枝花至西昌方向,应急车道,G5京昆高速（西攀段）,暂无人员伤亡,,下行,-37021,-12920,-4374_0 -4374_1,:-37021_0_0 :-37021_0_1,2025-07-08 19:10:00,2025-07-08 21:25:00,"506,505",,"【交通事故首报】2025/7/8 17:13:51,接高交报：京昆高速西攀段攀枝花至西昌方向K2324+960发生一起单车事故，占用应急车道，目前无人员伤亡，已通知高速交警、,执法,、路维到场处置,该事件为未达4级事件，目前情况正在核实中。",
380,12181,交通事故,2025-07-08 17:20:53,2025-07-08 17:49:50,1841.0,雅安至成都方向,第一车道,G5京昆高速（成雅段）,受伤1人,,下行,-41336,-9248,-9248_0 -9248_1 -9248_2,:-41336_0_0 :-41336_1_0 :-41336_1_1 :-41336_1_2,,,,,"【交通事故首报】2025/7/8 17:20:53,接叶启慧报：京昆高速成雅段雅安至成都方向K1841+000发生一起四辆小车事故事故，占用第一车道，目前造成0死亡1受伤，已通知高速交警,执法,路维到场处置,该事件为未达4级事件。",
381,12207,交通管制,2025-07-09 01:21:36,2025-07-09 13:48:37,1784.0,纳溪至贵州方向,,G76厦蓉高速（纳黔段）,,现泸州至贵州方向车辆在叙永站分流出站，贵州至泸州方向车辆在麻城站分流出站。,上行,3538967798,-6622,-3000000063_0 -3000000063_1,:3538967798_0_0 :3538967798_0_1,2025-07-09 01:23:00,,"553,183,555,554",叙永站 到 赤水河站,"【交通管制首报】2025/7/9 1:21:36，接金健报：因大雾雷雨天气，厦蓉高速纳黔段叙永站至麻城站路段交通管制麻城站，叙永站入口关闭，,叙永站往麻城站方向车辆在叙永站分流下站,麻城站往叙永站方向车辆在麻城站分流下站,预计小时后解除。",
382,12210,交通管制,2025-07-09 01:51:00,2025-07-09 04:15:47,2338.61,双向方向,,G5京昆高速（西攀段）,,无管制,双向,-57237|-35970,-3932,-16508_0 -16508_1,:-57237_0_0 :-57237_0_1,2025-07-09 01:51:00,,,蒲坝站 到 永郎站,【交通管制首报】2025/7/9 1:51：00，接执法六支队二大队通知：德昌县气象台2025年07月09日01时41分发布暴雨橙色预警信号：德昌县金沙傈僳族乡、南山傈僳族乡、热河镇、巴洞镇、昌州街道、茨达镇、麻栗镇、乐跃镇等乡镇（街道）3小时降雨量将达50毫米以上（或降雨强度将达30毫米/小时以上）；或者3小时降雨量已达50毫米以上（或降雨强度已达30毫米/小时以上）且降雨（20毫米/小时以上）可能持续请注意防范因强降雨引发的山洪、地质灾害、低洼地带内涝以及短时阵性大风、冰雹和雷电天气可能带来的危害，相关单位和人员做好灾害预防工作。,
383,12242,交通阻塞,2025-07-09 08:35:49,2025-07-09 09:05:54,1637.0,双向方向,,G5京昆高速（绵广段）,,,双向,-27373|-61940,-14868,-1138#3_0 -1138#3_1 -16822#13_0 -16822#13_1,:-27373_0_0 :-27373_0_1 :-27373_2_0 :-27373_3_0 :-27373_3_1 :-27373_5_0,,,,,"【交通阻塞首报】2025/7/9 8:35:49,接任良秀报：京昆高速绵广段双向方向K1637+000处发生一起高速交警通知因交通管制需要，目前江油站、贯山站、江油北站入口封闭，已通知高速交警察看原因并进行疏导。",
384,12267,交通阻塞,2025-07-09 16:20:14,2025-07-09 16:56:04,1637.0,双向方向,,G5京昆高速（绵广段）,,,双向,-27373|-61940,-14868,-1138#3_0 -1138#3_1 -16822#13_0 -16822#13_1,:-27373_0_0 :-27373_0_1 :-27373_2_0 :-27373_3_0 :-27373_3_1 :-27373_5_0,2025-07-09 16:21:00,2025-07-09 16:54:00,"249,247,246",,"【交通阻塞首报】2025/7/9 16:20:14,接何勇报：京昆高速绵广段双向方向K1637+000处发生一起高速交警通知非事故非施工抢险原因交通管制，目前已阻断，已通知高速交警察看原因并进行疏导。",
385,12292,交通事故,2025-07-09 20:44:27,2025-07-09 22:42:49,1855.0,贵州至纳溪方向,"第一车道,第二车道",G76厦蓉高速（纳黔段）,暂无人员伤亡,护国、江门、黄桷坪站入口关闭。贵州至泸州方向车辆护国站分流出站,双向,-39203|1931049796,-1772,-5118_0 -5118_1,:-39203_0_0 :-39203_0_1,2025-07-09 20:46:00,2025-07-09 22:43:00,"551,550,552",,"【交通事故首报】2025/7/9 20:44:27,接刘丹报：厦蓉高速纳黔段贵州至纳溪方向K1855+000发生一起危化品车，占用第一车道,第二车道无泄露，目前无人员伤亡，已通知高速交警到场处置,2025-07-09 20:46到护国、江门、黄桷坪站入口关闭。贵州至泸州方向车辆护国站分流出站。",
386,12301,交通事故,2025-07-09 21:57:29,2025-07-09 22:27:28,1613.0,广元至绵阳方向,应急车道,G5京昆高速（绵广段）,暂无人员伤亡,,下行,-32812,-2818,-2818_0 -2818_1,:-32812_0_0 :-32812_0_1,,,,,"【交通事故首报】2025/7/9 21:57:29,接汪燕莎报：京昆高速绵广段广元至绵阳方向K1613+000发生一起危化品车，占用应急车道,该车装载48吨无泄露，目前无人员伤亡，已通知高速交警,执法,路维到场处置。",
387,12307,交通事故,2025-07-10 01:16:28,2025-07-10 04:26:23,1627.0,广元至绵阳方向,第二车道,G5京昆高速（绵广段）,暂无人员伤亡,,下行,-53412,-15950,-14240_0 -14240_1,:-53412_0_0 :-53412_0_1,,,,,"【交通事故首报】2025/7/10 1:16:28,接罗海燕报：京昆高速绵广段广元至绵阳方向K1627+000发生一起三货车追尾事故，占用第二车道，目前无人员伤亡，已通知高速交警,执法,路维到场处置,该事件为未达4级事件。",
388,12308,交通事故,2025-07-10 01:44:42,2025-07-10 03:40:57,1626.0,广元至绵阳方向,第二车道,G5京昆高速（绵广段）,受伤1人,,下行,-53412,-15950,-14240_0 -14240_1,:-53412_0_0 :-53412_0_1,,,,,"【交通事故首报】2025/7/10 1:44:42,接罗海燕报：京昆高速绵广段广元至绵阳方向K1626+000发生一起两货车追尾事故，占用第二车道，目前造成0死亡1受伤，已通知高速交警,执法,路维,消防,急救到场处置,该事件为未达4级事件。",
389,12312,交通事故,2025-07-10 05:45:17,2025-07-10 07:17:19,2057.0,泸沽至雅安方向,第二车道,G5京昆高速（雅泸段）,受伤2人,,下行,-56211,,-11636_0 -11636_1,:-56211_0_0 :-56211_0_1,2025-07-10 05:59:00,,537,,"【交通事故首报】2025/7/10 5:45:17,接姜琴报：京昆高速雅泸段泸沽至雅安方向K2057+000发生一起2货车发生事故事故，占用第二车道，目前造成0死亡2受伤，已通知高速交警,执法,路维,急救到场处置,该事件为未达4级事件。",
390,12323,交通事故,2025-07-10 12:16:54,2025-07-10 12:51:39,1775.0,绵阳至成都方向,应急车道,G5京昆高速（成绵段）,暂无人员伤亡,新都、新都北绵阳至成都方向关闭,下行,5951609706,-7016,-3000000384_0 -3000000384_1,:5951609706_0_0 :5951609706_0_1,2025-07-10 12:18:00,,"601,202",,"【交通事故首报】2025/7/10 12:16:54,接杨侹报：京昆高速成绵段绵阳至成都方向K1775+000发生一起六车追尾事故，占用应急车道，目前无人员伤亡，已通知高速交警,执法,路维到场处置新都、新都北绵阳至成都方向关闭,该事件为未达4级事件。",
391,12375,交通管制,2025-07-11 03:15:51,2025-07-11 06:45:56,51.17,双向方向,,G4202成都绕城高速（绕西段）,,双流站出、入口,双向,-53129|9868918130,-4000000348,-13198_0 -13198_1 -12680_0 -12680_1 -12680_2,:-53129_0_0 :-53129_0_1 :-53129_2_0 :-53129_2_1 :-53129_2_2,2025-07-11 03:54:00,,327,双流站 到 双流站,"【交通管制首报】2025/7/11 3:15:51，接王伟报：因大雾雷雨天气，成都绕城高速(西段)双流站至双流站路段交通管制双流站入口关闭，,双流站往双流站方向车辆在双流站分流下站,双流站往双流站方向车辆在双流站分流下站,预计3小时后解除。",
392,12382,交通管制,2025-07-11 04:01:46,2025-07-11 06:47:17,54.0,双向方向,,G4202成都绕城高速（绕西段）,,AC入口,双向,-38350|-26103,-14746|-4000000335,-4814_0 -4814_1 -4814_2,:-38350_0_0 :-38350_0_1 :-38350_0_2 :-38350_0_3,2025-07-11 04:43:00,,725,成新蒲站 到 成新蒲站,"【交通管制首报】2025/7/11 4:01:46，接王伟报：因大雾雷雨天气，成都绕城高速(西段)成新蒲站至成新蒲站路段交通管制成新蒲站入口关闭，,预计3小时后解除。",
393,12406,交通事故,2025-07-11 07:39:30,2025-07-11 07:57:07,1638.0,广元至绵阳方向,应急车道,G5京昆高速（绵广段）,暂无人员伤亡,,下行,-50006,-16112,-9106_0 -9106_1,:-50006_0_0 :-50006_0_1,,,,,"【交通事故首报】2025/7/11 7:39:30,接何勇报：京昆高速绵广段广元至绵阳方向K1638+000发生一起单车撞护栏事故，占用应急车道，目前无人员伤亡，已通知高速交警,执法,路维到场处置,该事件为未达4级事件。",
394,12485,交通事故,2025-07-11 17:43:34,2025-07-11 18:04:47,1856.0,贵州至纳溪方向,第一车道,G76厦蓉高速（纳黔段）,暂无人员伤亡,,双向,-39203|1931049809,-1772,-5118_0 -5118_1,:-39203_0_0 :-39203_0_1,,,,,"【交通事故首报】2025/7/11 17:43:34,接周媛媛报：厦蓉高速纳黔段贵州至纳溪方向K1856+000发生一起小车追尾事故，占用第一车道，目前无人员伤亡，已通知高速交警,执法,路维到场处置,该事件为未达4级事件。",
395,12499,交通事故,2025-07-12 01:17:59,2025-07-12 01:55:04,1698.5,绵阳至成都方向,第二车道,G5京昆高速（成绵段）,暂无人员伤亡,,下行,-27440,,-1150_0 -9506_0,:-27440_0_0 :-27440_1_0,,,,,"【交通事故首报】2025/7/12 1:17:59,接杨侹报：京昆高速成绵段绵阳至成都方向K1698+500发生一起两货车追尾事故，占用第二车道，目前无人员伤亡，已通知高速交警,路维到场处置,该事件为未达4级事件。",
396,12512,交通事故,2025-07-12 10:28:16,2025-07-12 11:12:52,1678.0,绵阳至广元方向,第一车道,G5京昆高速（绵广段）,暂无人员伤亡,,上行,-30939,-17298,-16716_0 -16716_1,:-30939_0_0 :-30939_0_1,,,,,"【交通事故首报】2025/7/12 10:28:16,接罗海燕报：京昆高速绵广段绵阳至广元方向K1678+000发生一起两小车追尾事故，占用第一车道，目前无人员伤亡，已通知高速交警,执法,路维到场处置,该事件为未达4级事件。",
397,12518,车辆故障,2025-07-12 14:12:49,2025-07-12 15:25:34,45.466,德昌至会理方向,,S81德会高速,,,双向,8721830485|-33001,-2894,-4000000363_0 -4000000363_1,:8721830485_0_0 :8721830485_0_1,,,,,"【车辆故障首报】2025/7/12 14:12:49,接徐莉报：德会高速德昌至会理方向K45+466发生一起车辆故障事件。经现场勘察，该车辆为运营客车,所属网约车,运营路线:德昌至会理,核载人数:7,实载人数:6,该事件为未达4级事件",
398,12522,突发事件,2025-07-12 16:45:26,2025-07-12 17:53:07,1822.85,成都至雅安方向,,G5京昆高速（成雅段）,,,上行,-49209,-1024,-8858_0 -8858_1 -8858_2,,,,,,"【突发事件首报】2025/7/12 16:45:26,接管护报：成雅向1822.850公里处一辆客运车发生自燃，火已自己扑灭，119在现场，车上司机与乘客（共20人）无人受伤。",
399,12538,交通事故,2025-07-13 15:31:41,2025-07-13 16:08:59,1606.0,绵阳至广元方向,第一车道,G5京昆高速（绵广段）,受伤1人,,上行,-53415,-1062,-10476_0 -10476_1,:-53415_0_0 :-53415_0_1,,,,,"【交通事故首报】2025/7/13 15:31:41,接罗海燕报：京昆高速绵广段绵阳至广元方向K1606+000发生一起单车撞护栏事故，占用第一车道，目前造成0死亡1受伤，已通知高速交警,执法,路维,急救到场处置,该事件为未达4级事件。",
