id,report_id,类型,开始时间,结束时间,发生地点,车道方向,占用车道情况,所在高速公路,伤亡情况,管控措施,上下行,junction_id,edge_id,inc_lanes,int_lanes,管控开始时间,管控结束时间,管控收费站,管控范围,详细信息,匹配地点
400,06090700,流量激增,2025-06-09 07:00:00,2025-06-09 07:10:00,G420151001000110010,绕西货运大道站-绕东大件站门架,,G4202成都一绕高速,,,内环,,-13154,,,,,,,,
401,06170715,流量激增,2025-06-17 07:15:00,2025-06-17 07:40:00,G420151001000110010,绕西货运大道站-绕东大件站门架,,G4202成都一绕高速,,,内环,,-13154,,,,,,,,
402,06250900,流量激增,2025-06-25 09:00:00,2025-06-25 09:15:00,G420151001000110010,绕西货运大道站-绕东大件站门架,,G4202成都一绕高速,,,内环,,-13154,,,,,,,,
403,06270900,流量激增,2025-06-27 09:00:00,2025-06-27 09:10:00,G420151001000110010,绕西货运大道站-绕东大件站门架,,G4202成都一绕高速,,,内环,,-13154,,,,,,,,
404,07140900,流量激增,2025-07-14 09:00:00,2025-07-14 09:10:00,G420151001000110010,绕西货运大道站-绕东大件站门架,,G4202成都一绕高速,,,内环,,-13154,,,,,,,,
405,07150900,流量激增,2025-07-15 09:00:00,2025-07-15 09:10:00,G420151001000110010,绕西货运大道站-绕东大件站门架,,G4202成都一绕高速,,,内环,,-13154,,,,,,,,
406,07230905,流量激增,2025-07-23 09:05:00,2025-07-23 09:15:00,G420151001000110010,绕西货运大道站-绕东大件站门架,,G4202成都一绕高速,,,内环,,-13154,,,,,,,,
407,07281030,流量激增,2025-07-28 10:30:00,2025-07-28 10:40:00,G420151001000110010,绕西货运大道站-绕东大件站门架,,G4202成都一绕高速,,,内环,,-13154,,,,,,,,
408,08190855,流量激增,2025-08-19 08:55:00,2025-08-19 09:15:00,G420151001000110010,绕西货运大道站-绕东大件站门架,,G4202成都一绕高速,,,内环,,-13154,,,,,,,,
409,08250805,流量激增,2025-08-25 08:05:00,2025-08-25 08:15:00,G420151001000110010,绕西货运大道站-绕东大件站门架,,G4202成都一绕高速,,,内环,,-13154,,,,,,,,
410,08250900,流量激增,2025-08-25 09:00:00,2025-08-25 09:20:00,G420151001000110010,绕西货运大道站-绕东大件站门架,,G4202成都一绕高速,,,内环,,-13154,,,,,,,,
411,08270855,流量激增,2025-08-27 08:55:00,2025-08-27 09:05:00,G420151001000110010,绕西货运大道站-绕东大件站门架,,G4202成都一绕高速,,,内环,,-13154,,,,,,,,
412,09010900,流量激增,2025-09-01 09:00:00,2025-09-01 09:10:00,G420151001000110010,绕西货运大道站-绕东大件站门架,,G4202成都一绕高速,,,内环,,-13154,,,,,,,,
413,09041510,流量激增,2025-09-04 15:10:00,2025-09-04 15:20:00,G420151001000110010,绕西货运大道站-绕东大件站门架,,G4202成都一绕高速,,,内环,,-13154,,,,,,,,
414,06110900,流量激增,2025-06-11 09:00:00,2025-06-11 09:25:00,G420151001000120010,绕东大件站-绕西货运大道站门架,,G4202成都一绕高速,,,外环,,-11324.141,,,,,,,,
415,06121120,流量激增,2025-06-12 11:20:00,2025-06-12 11:35:00,G420151001000120010,绕东大件站-绕西货运大道站门架,,G4202成都一绕高速,,,外环,,-11324.141,,,,,,,,
416,06131935,流量激增,2025-06-13 19:35:00,2025-06-13 19:50:00,G420151001000120010,绕东大件站-绕西货运大道站门架,,G4202成都一绕高速,,,外环,,-11324.141,,,,,,,,
417,06150910,流量激增,2025-06-15 09:10:00,2025-06-15 09:20:00,G420151001000120010,绕东大件站-绕西货运大道站门架,,G4202成都一绕高速,,,外环,,-11324.141,,,,,,,,
418,06150945,流量激增,2025-06-15 09:45:00,2025-06-15 09:55:00,G420151001000120010,绕东大件站-绕西货运大道站门架,,G4202成都一绕高速,,,外环,,-11324.141,,,,,,,,
419,06200855,流量激增,2025-06-20 08:55:00,2025-06-20 09:10:00,G420151001000120010,绕东大件站-绕西货运大道站门架,,G4202成都一绕高速,,,外环,,-11324.141,,,,,,,,
420,06211550,流量激增,2025-06-21 15:50:00,2025-06-21 16:00:00,G420151001000120010,绕东大件站-绕西货运大道站门架,,G4202成都一绕高速,,,外环,,-11324.141,,,,,,,,
421,06220905,流量激增,2025-06-22 09:05:00,2025-06-22 09:20:00,G420151001000120010,绕东大件站-绕西货运大道站门架,,G4202成都一绕高速,,,外环,,-11324.141,,,,,,,,
422,06230905,流量激增,2025-06-23 09:05:00,2025-06-23 09:15:00,G420151001000120010,绕东大件站-绕西货运大道站门架,,G4202成都一绕高速,,,外环,,-11324.141,,,,,,,,
423,06260900,流量激增,2025-06-26 09:00:00,2025-06-26 09:10:00,G420151001000120010,绕东大件站-绕西货运大道站门架,,G4202成都一绕高速,,,外环,,-11324.141,,,,,,,,
424,06300905,流量激增,2025-06-30 09:05:00,2025-06-30 09:15:00,G420151001000120010,绕东大件站-绕西货运大道站门架,,G4202成都一绕高速,,,外环,,-11324.141,,,,,,,,
425,07100905,流量激增,2025-07-10 09:05:00,2025-07-10 09:15:00,G420151001000120010,绕东大件站-绕西货运大道站门架,,G4202成都一绕高速,,,外环,,-11324.141,,,,,,,,
426,07111925,流量激增,2025-07-11 19:25:00,2025-07-11 19:35:00,G420151001000120010,绕东大件站-绕西货运大道站门架,,G4202成都一绕高速,,,外环,,-11324.141,,,,,,,,
427,07120905,流量激增,2025-07-12 09:05:00,2025-07-12 09:15:00,G420151001000120010,绕东大件站-绕西货运大道站门架,,G4202成都一绕高速,,,外环,,-11324.141,,,,,,,,
428,07150900,流量激增,2025-07-15 09:00:00,2025-07-15 09:20:00,G420151001000120010,绕东大件站-绕西货运大道站门架,,G4202成都一绕高速,,,外环,,-11324.141,,,,,,,,
429,07180900,流量激增,2025-07-18 09:00:00,2025-07-18 09:20:00,G420151001000120010,绕东大件站-绕西货运大道站门架,,G4202成都一绕高速,,,外环,,-11324.141,,,,,,,,
430,07191630,流量激增,2025-07-19 16:30:00,2025-07-19 16:45:00,G420151001000120010,绕东大件站-绕西货运大道站门架,,G4202成都一绕高速,,,外环,,-11324.141,,,,,,,,
431,07211615,流量激增,2025-07-21 16:15:00,2025-07-21 16:30:00,G420151001000120010,绕东大件站-绕西货运大道站门架,,G4202成都一绕高速,,,外环,,-11324.141,,,,,,,,
432,07230900,流量激增,2025-07-23 09:00:00,2025-07-23 09:10:00,G420151001000120010,绕东大件站-绕西货运大道站门架,,G4202成都一绕高速,,,外环,,-11324.141,,,,,,,,
433,07250905,流量激增,2025-07-25 09:05:00,2025-07-25 09:20:00,G420151001000120010,绕东大件站-绕西货运大道站门架,,G4202成都一绕高速,,,外环,,-11324.141,,,,,,,,
434,07261300,流量激增,2025-07-26 13:00:00,2025-07-26 13:15:00,G420151001000120010,绕东大件站-绕西货运大道站门架,,G4202成都一绕高速,,,外环,,-11324.141,,,,,,,,
435,07261505,流量激增,2025-07-26 15:05:00,2025-07-26 15:20:00,G420151001000120010,绕东大件站-绕西货运大道站门架,,G4202成都一绕高速,,,外环,,-11324.141,,,,,,,,
436,07280955,流量激增,2025-07-28 09:55:00,2025-07-28 10:10:00,G420151001000120010,绕东大件站-绕西货运大道站门架,,G4202成都一绕高速,,,外环,,-11324.141,,,,,,,,
437,07310800,流量激增,2025-07-31 08:00:00,2025-07-31 08:10:00,G420151001000120010,绕东大件站-绕西货运大道站门架,,G4202成都一绕高速,,,外环,,-11324.141,,,,,,,,
438,07310905,流量激增,2025-07-31 09:05:00,2025-07-31 09:20:00,G420151001000120010,绕东大件站-绕西货运大道站门架,,G4202成都一绕高速,,,外环,,-11324.141,,,,,,,,
439,08010945,流量激增,2025-08-01 09:45:00,2025-08-01 09:55:00,G420151001000120010,绕东大件站-绕西货运大道站门架,,G4202成都一绕高速,,,外环,,-11324.141,,,,,,,,
440,08091005,流量激增,2025-08-09 10:05:00,2025-08-09 10:15:00,G420151001000120010,绕东大件站-绕西货运大道站门架,,G4202成都一绕高速,,,外环,,-11324.141,,,,,,,,
441,08140905,流量激增,2025-08-14 09:05:00,2025-08-14 09:20:00,G420151001000120010,绕东大件站-绕西货运大道站门架,,G4202成都一绕高速,,,外环,,-11324.141,,,,,,,,
442,08231410,流量激增,2025-08-23 14:10:00,2025-08-23 14:25:00,G420151001000120010,绕东大件站-绕西货运大道站门架,,G4202成都一绕高速,,,外环,,-11324.141,,,,,,,,
443,08250900,流量激增,2025-08-25 09:00:00,2025-08-25 09:15:00,G420151001000120010,绕东大件站-绕西货运大道站门架,,G4202成都一绕高速,,,外环,,-11324.141,,,,,,,,
444,08271715,流量激增,2025-08-27 17:15:00,2025-08-27 17:30:00,G420151001000120010,绕东大件站-绕西货运大道站门架,,G4202成都一绕高速,,,外环,,-11324.141,,,,,,,,
445,08281935,流量激增,2025-08-28 19:35:00,2025-08-28 19:50:00,G420151001000120010,绕东大件站-绕西货运大道站门架,,G4202成都一绕高速,,,外环,,-11324.141,,,,,,,,
446,08300915,流量激增,2025-08-30 09:15:00,2025-08-30 09:25:00,G420151001000120010,绕东大件站-绕西货运大道站门架,,G4202成都一绕高速,,,外环,,-11324.141,,,,,,,,
447,09030905,流量激增,2025-09-03 09:05:00,2025-09-03 09:15:00,G420151001000120010,绕东大件站-绕西货运大道站门架,,G4202成都一绕高速,,,外环,,-11324.141,,,,,,,,
448,09040900,流量激增,2025-09-04 09:00:00,2025-09-04 09:10:00,G420151001000120010,绕东大件站-绕西货运大道站门架,,G4202成都一绕高速,,,外环,,-11324.141,,,,,,,,
449,09041020,流量激增,2025-09-04 10:20:00,2025-09-04 10:35:00,G420151001000120010,绕东大件站-绕西货运大道站门架,,G4202成都一绕高速,,,外环,,-11324.141,,,,,,,,
450,06091810,流量激增,2025-06-09 18:10:00,2025-06-09 18:25:00,G420151001000220010,绕东成绵站-绕东大件站门架,,G4202成都一绕高速,,,外环,,-3162,,,,,,,,
451,06110900,流量激增,2025-06-11 09:00:00,2025-06-11 09:15:00,G420151001000220010,绕东成绵站-绕东大件站门架,,G4202成都一绕高速,,,外环,,-3162,,,,,,,,
452,06120900,流量激增,2025-06-12 09:00:00,2025-06-12 09:15:00,G420151001000220010,绕东成绵站-绕东大件站门架,,G4202成都一绕高速,,,外环,,-3162,,,,,,,,
453,06131940,流量激增,2025-06-13 19:40:00,2025-06-13 19:50:00,G420151001000220010,绕东成绵站-绕东大件站门架,,G4202成都一绕高速,,,外环,,-3162,,,,,,,,
454,06140905,流量激增,2025-06-14 09:05:00,2025-06-14 09:25:00,G420151001000220010,绕东成绵站-绕东大件站门架,,G4202成都一绕高速,,,外环,,-3162,,,,,,,,
455,06201930,流量激增,2025-06-20 19:30:00,2025-06-20 19:40:00,G420151001000220010,绕东成绵站-绕东大件站门架,,G4202成都一绕高速,,,外环,,-3162,,,,,,,,
456,06211940,流量激增,2025-06-21 19:40:00,2025-06-21 19:50:00,G420151001000220010,绕东成绵站-绕东大件站门架,,G4202成都一绕高速,,,外环,,-3162,,,,,,,,
457,06230900,流量激增,2025-06-23 09:00:00,2025-06-23 09:15:00,G420151001000220010,绕东成绵站-绕东大件站门架,,G4202成都一绕高速,,,外环,,-3162,,,,,,,,
458,06231025,流量激增,2025-06-23 10:25:00,2025-06-23 10:35:00,G420151001000220010,绕东成绵站-绕东大件站门架,,G4202成都一绕高速,,,外环,,-3162,,,,,,,,
459,06270900,流量激增,2025-06-27 09:00:00,2025-06-27 09:15:00,G420151001000220010,绕东成绵站-绕东大件站门架,,G4202成都一绕高速,,,外环,,-3162,,,,,,,,
460,06271130,流量激增,2025-06-27 11:30:00,2025-06-27 11:45:00,G420151001000220010,绕东成绵站-绕东大件站门架,,G4202成都一绕高速,,,外环,,-3162,,,,,,,,
461,06300905,流量激增,2025-06-30 09:05:00,2025-06-30 09:15:00,G420151001000220010,绕东成绵站-绕东大件站门架,,G4202成都一绕高速,,,外环,,-3162,,,,,,,,
462,07170900,流量激增,2025-07-17 09:00:00,2025-07-17 09:20:00,G420151001000220010,绕东成绵站-绕东大件站门架,,G4202成都一绕高速,,,外环,,-3162,,,,,,,,
463,07180905,流量激增,2025-07-18 09:05:00,2025-07-18 09:15:00,G420151001000220010,绕东成绵站-绕东大件站门架,,G4202成都一绕高速,,,外环,,-3162,,,,,,,,
464,07211935,流量激增,2025-07-21 19:35:00,2025-07-21 19:50:00,G420151001000220010,绕东成绵站-绕东大件站门架,,G4202成都一绕高速,,,外环,,-3162,,,,,,,,
465,08120905,流量激增,2025-08-12 09:05:00,2025-08-12 09:15:00,G420151001000220010,绕东成绵站-绕东大件站门架,,G4202成都一绕高速,,,外环,,-3162,,,,,,,,
466,08271710,流量激增,2025-08-27 17:10:00,2025-08-27 17:25:00,G420151001000220010,绕东成绵站-绕东大件站门架,,G4202成都一绕高速,,,外环,,-3162,,,,,,,,
467,08280950,流量激增,2025-08-28 09:50:00,2025-08-28 10:10:00,G420151001000220010,绕东成绵站-绕东大件站门架,,G4202成都一绕高速,,,外环,,-3162,,,,,,,,
468,08291435,流量激增,2025-08-29 14:35:00,2025-08-29 14:50:00,G420151001000220010,绕东成绵站-绕东大件站门架,,G4202成都一绕高速,,,外环,,-3162,,,,,,,,
469,09030910,流量激增,2025-09-03 09:10:00,2025-09-03 09:20:00,G420151001000220010,绕东成绵站-绕东大件站门架,,G4202成都一绕高速,,,外环,,-3162,,,,,,,,
470,09050845,流量激增,2025-09-05 08:45:00,2025-09-05 09:10:00,G420151001000220010,绕东成绵站-绕东大件站门架,,G4202成都一绕高速,,,外环,,-3162,,,,,,,,
471,09061425,流量激增,2025-09-06 14:25:00,2025-09-06 14:35:00,G420151001000220010,绕东成绵站-绕东大件站门架,,G4202成都一绕高速,,,外环,,-3162,,,,,,,,
472,06110900,流量激增,2025-06-11 09:00:00,2025-06-11 09:15:00,G420151001000410010,绕东成金站-绕东成南站门架,,G4202成都一绕高速,,,内环,,-10594,,,,,,,,
473,06140905,流量激增,2025-06-14 09:05:00,2025-06-14 09:15:00,G420151001000410010,绕东成金站-绕东成南站门架,,G4202成都一绕高速,,,内环,,-10594,,,,,,,,
474,06160635,流量激增,2025-06-16 06:35:00,2025-06-16 06:50:00,G420151001000410010,绕东成金站-绕东成南站门架,,G4202成都一绕高速,,,内环,,-10594,,,,,,,,
475,06220905,流量激增,2025-06-22 09:05:00,2025-06-22 09:15:00,G420151001000410010,绕东成金站-绕东成南站门架,,G4202成都一绕高速,,,内环,,-10594,,,,,,,,
476,06230900,流量激增,2025-06-23 09:00:00,2025-06-23 09:15:00,G420151001000410010,绕东成金站-绕东成南站门架,,G4202成都一绕高速,,,内环,,-10594,,,,,,,,
477,06251940,流量激增,2025-06-25 19:40:00,2025-06-25 19:50:00,G420151001000410010,绕东成金站-绕东成南站门架,,G4202成都一绕高速,,,内环,,-10594,,,,,,,,
478,06270905,流量激增,2025-06-27 09:05:00,2025-06-27 09:20:00,G420151001000410010,绕东成金站-绕东成南站门架,,G4202成都一绕高速,,,内环,,-10594,,,,,,,,
479,06280900,流量激增,2025-06-28 09:00:00,2025-06-28 09:15:00,G420151001000410010,绕东成金站-绕东成南站门架,,G4202成都一绕高速,,,内环,,-10594,,,,,,,,
480,07030905,流量激增,2025-07-03 09:05:00,2025-07-03 09:15:00,G420151001000410010,绕东成金站-绕东成南站门架,,G4202成都一绕高速,,,内环,,-10594,,,,,,,,
481,07040905,流量激增,2025-07-04 09:05:00,2025-07-04 09:15:00,G420151001000410010,绕东成金站-绕东成南站门架,,G4202成都一绕高速,,,内环,,-10594,,,,,,,,
482,07061410,流量激增,2025-07-06 14:10:00,2025-07-06 14:20:00,G420151001000410010,绕东成金站-绕东成南站门架,,G4202成都一绕高速,,,内环,,-10594,,,,,,,,
483,07081020,流量激增,2025-07-08 10:20:00,2025-07-08 10:30:00,G420151001000410010,绕东成金站-绕东成南站门架,,G4202成都一绕高速,,,内环,,-10594,,,,,,,,
484,07090900,流量激增,2025-07-09 09:00:00,2025-07-09 09:20:00,G420151001000410010,绕东成金站-绕东成南站门架,,G4202成都一绕高速,,,内环,,-10594,,,,,,,,
485,07111045,流量激增,2025-07-11 10:45:00,2025-07-11 10:55:00,G420151001000410010,绕东成金站-绕东成南站门架,,G4202成都一绕高速,,,内环,,-10594,,,,,,,,
486,07130905,流量激增,2025-07-13 09:05:00,2025-07-13 09:25:00,G420151001000410010,绕东成金站-绕东成南站门架,,G4202成都一绕高速,,,内环,,-10594,,,,,,,,
487,07210905,流量激增,2025-07-21 09:05:00,2025-07-21 09:20:00,G420151001000410010,绕东成金站-绕东成南站门架,,G4202成都一绕高速,,,内环,,-10594,,,,,,,,
488,08020905,流量激增,2025-08-02 09:05:00,2025-08-02 09:20:00,G420151001000410010,绕东成金站-绕东成南站门架,,G4202成都一绕高速,,,内环,,-10594,,,,,,,,
489,08090910,流量激增,2025-08-09 09:10:00,2025-08-09 09:25:00,G420151001000410010,绕东成金站-绕东成南站门架,,G4202成都一绕高速,,,内环,,-10594,,,,,,,,
490,08210905,流量激增,2025-08-21 09:05:00,2025-08-21 09:20:00,G420151001000410010,绕东成金站-绕东成南站门架,,G4202成都一绕高速,,,内环,,-10594,,,,,,,,
491,08260820,流量激增,2025-08-26 08:20:00,2025-08-26 08:30:00,G420151001000410010,绕东成金站-绕东成南站门架,,G4202成都一绕高速,,,内环,,-10594,,,,,,,,
492,08302135,流量激增,2025-08-30 21:35:00,2025-08-30 21:45:00,G420151001000410010,绕东成金站-绕东成南站门架,,G4202成都一绕高速,,,内环,,-10594,,,,,,,,
493,07180905,流量激增,2025-07-18 09:05:00,2025-07-18 09:15:00,G420151001000510010,绕东成南站-绕东成安渝站门架,,G4202成都一绕高速,,,内环,,-16228.95,,,,,,,,
494,07260910,流量激增,2025-07-26 09:10:00,2025-07-26 09:20:00,G420151001000510010,绕东成南站-绕东成安渝站门架,,G4202成都一绕高速,,,内环,,-16228.95,,,,,,,,
495,08220910,流量激增,2025-08-22 09:10:00,2025-08-22 09:25:00,G420151001000510010,绕东成南站-绕东成安渝站门架,,G4202成都一绕高速,,,内环,,-16228.95,,,,,,,,
496,06160630,流量激增,2025-06-16 06:30:00,2025-06-16 06:40:00,G420151001000610010,绕东成安渝站-绕东成渝站门架,,G4202成都一绕高速,,,内环,,-2266,,,,,,,,
497,06201100,流量激增,2025-06-20 11:00:00,2025-06-20 11:10:00,G420151001000610010,绕东成安渝站-绕东成渝站门架,,G4202成都一绕高速,,,内环,,-2266,,,,,,,,
498,06270655,流量激增,2025-06-27 06:55:00,2025-06-27 07:05:00,G420151001000610010,绕东成安渝站-绕东成渝站门架,,G4202成都一绕高速,,,内环,,-2266,,,,,,,,
499,06300630,流量激增,2025-06-30 06:30:00,2025-06-30 06:50:00,G420151001000610010,绕东成安渝站-绕东成渝站门架,,G4202成都一绕高速,,,内环,,-2266,,,,,,,,
500,07020655,流量激增,2025-07-02 06:55:00,2025-07-02 07:10:00,G420151001000610010,绕东成安渝站-绕东成渝站门架,,G4202成都一绕高速,,,内环,,-2266,,,,,,,,
501,07080700,流量激增,2025-07-08 07:00:00,2025-07-08 07:10:00,G420151001000610010,绕东成安渝站-绕东成渝站门架,,G4202成都一绕高速,,,内环,,-2266,,,,,,,,
502,07150700,流量激增,2025-07-15 07:00:00,2025-07-15 07:10:00,G420151001000610010,绕东成安渝站-绕东成渝站门架,,G4202成都一绕高速,,,内环,,-2266,,,,,,,,
503,07220705,流量激增,2025-07-22 07:05:00,2025-07-22 07:15:00,G420151001000610010,绕东成安渝站-绕东成渝站门架,,G4202成都一绕高速,,,内环,,-2266,,,,,,,,
504,07251115,流量激增,2025-07-25 11:15:00,2025-07-25 11:25:00,G420151001000610010,绕东成安渝站-绕东成渝站门架,,G4202成都一绕高速,,,内环,,-2266,,,,,,,,
505,07280635,流量激增,2025-07-28 06:35:00,2025-07-28 06:45:00,G420151001000610010,绕东成安渝站-绕东成渝站门架,,G4202成都一绕高速,,,内环,,-2266,,,,,,,,
506,08120725,流量激增,2025-08-12 07:25:00,2025-08-12 07:35:00,G420151001000610010,绕东成安渝站-绕东成渝站门架,,G4202成都一绕高速,,,内环,,-2266,,,,,,,,
507,08210655,流量激增,2025-08-21 06:55:00,2025-08-21 07:15:00,G420151001000610010,绕东成安渝站-绕东成渝站门架,,G4202成都一绕高速,,,内环,,-2266,,,,,,,,
508,08250650,流量激增,2025-08-25 06:50:00,2025-08-25 07:05:00,G420151001000610010,绕东成安渝站-绕东成渝站门架,,G4202成都一绕高速,,,内环,,-2266,,,,,,,,
509,08270655,流量激增,2025-08-27 06:55:00,2025-08-27 07:15:00,G420151001000610010,绕东成安渝站-绕东成渝站门架,,G4202成都一绕高速,,,内环,,-2266,,,,,,,,
510,09010645,流量激增,2025-09-01 06:45:00,2025-09-01 07:05:00,G420151001000610010,绕东成安渝站-绕东成渝站门架,,G4202成都一绕高速,,,内环,,-2266,,,,,,,,
511,07100910,流量激增,2025-07-10 09:10:00,2025-07-10 09:20:00,G420151001000620010,绕东成渝站-绕东成安渝站门架,,G4202成都一绕高速,,,外环,,-10034.151,,,,,,,,
512,07181610,流量激增,2025-07-18 16:10:00,2025-07-18 16:20:00,G420151001000620010,绕东成渝站-绕东成安渝站门架,,G4202成都一绕高速,,,外环,,-10034.151,,,,,,,,
513,09071515,流量激增,2025-09-07 15:15:00,2025-09-07 15:25:00,G420151001000620010,绕东成渝站-绕东成安渝站门架,,G4202成都一绕高速,,,外环,,-10034.151,,,,,,,,
514,06120905,流量激增,2025-06-12 09:05:00,2025-06-12 09:15:00,G420151001000710010,绕东成渝站-绕东成龙站门架,,G4202成都一绕高速,,,外环,,-14840,,,,,,,,
515,06170900,流量激增,2025-06-17 09:00:00,2025-06-17 09:20:00,G420151001000710010,绕东成渝站-绕东成龙站门架,,G4202成都一绕高速,,,外环,,-14840,,,,,,,,
516,06200650,流量激增,2025-06-20 06:50:00,2025-06-20 07:05:00,G420151001000710010,绕东成渝站-绕东成龙站门架,,G4202成都一绕高速,,,外环,,-14840,,,,,,,,
517,06200910,流量激增,2025-06-20 09:10:00,2025-06-20 09:25:00,G420151001000710010,绕东成渝站-绕东成龙站门架,,G4202成都一绕高速,,,外环,,-14840,,,,,,,,
518,07020700,流量激增,2025-07-02 07:00:00,2025-07-02 07:15:00,G420151001000710010,绕东成渝站-绕东成龙站门架,,G4202成都一绕高速,,,外环,,-14840,,,,,,,,
519,07030650,流量激增,2025-07-03 06:50:00,2025-07-03 07:10:00,G420151001000710010,绕东成渝站-绕东成龙站门架,,G4202成都一绕高速,,,外环,,-14840,,,,,,,,
520,07040730,流量激增,2025-07-04 07:30:00,2025-07-04 07:40:00,G420151001000710010,绕东成渝站-绕东成龙站门架,,G4202成都一绕高速,,,外环,,-14840,,,,,,,,
521,07101000,流量激增,2025-07-10 10:00:00,2025-07-10 10:20:00,G420151001000710010,绕东成渝站-绕东成龙站门架,,G4202成都一绕高速,,,外环,,-14840,,,,,,,,
522,07150705,流量激增,2025-07-15 07:05:00,2025-07-15 07:15:00,G420151001000710010,绕东成渝站-绕东成龙站门架,,G4202成都一绕高速,,,外环,,-14840,,,,,,,,
523,07211430,流量激增,2025-07-21 14:30:00,2025-07-21 14:40:00,G420151001000710010,绕东成渝站-绕东成龙站门架,,G4202成都一绕高速,,,外环,,-14840,,,,,,,,
524,07240710,流量激增,2025-07-24 07:10:00,2025-07-24 07:25:00,G420151001000710010,绕东成渝站-绕东成龙站门架,,G4202成都一绕高速,,,外环,,-14840,,,,,,,,
525,08010655,流量激增,2025-08-01 06:55:00,2025-08-01 07:10:00,G420151001000710010,绕东成渝站-绕东成龙站门架,,G4202成都一绕高速,,,外环,,-14840,,,,,,,,
526,08080925,流量激增,2025-08-08 09:25:00,2025-08-08 09:35:00,G420151001000710010,绕东成渝站-绕东成龙站门架,,G4202成都一绕高速,,,外环,,-14840,,,,,,,,
527,08140700,流量激增,2025-08-14 07:00:00,2025-08-14 07:15:00,G420151001000710010,绕东成渝站-绕东成龙站门架,,G4202成都一绕高速,,,外环,,-14840,,,,,,,,
528,08190650,流量激增,2025-08-19 06:50:00,2025-08-19 07:15:00,G420151001000710010,绕东成渝站-绕东成龙站门架,,G4202成都一绕高速,,,外环,,-14840,,,,,,,,
529,08210655,流量激增,2025-08-21 06:55:00,2025-08-21 07:25:00,G420151001000710010,绕东成渝站-绕东成龙站门架,,G4202成都一绕高速,,,外环,,-14840,,,,,,,,
530,08270655,流量激增,2025-08-27 06:55:00,2025-08-27 07:20:00,G420151001000710010,绕东成渝站-绕东成龙站门架,,G4202成都一绕高速,,,外环,,-14840,,,,,,,,
531,09040650,流量激增,2025-09-04 06:50:00,2025-09-04 07:10:00,G420151001000710010,绕东成渝站-绕东成龙站门架,,G4202成都一绕高速,,,外环,,-14840,,,,,,,,
532,09050930,流量激增,2025-09-05 09:30:00,2025-09-05 09:45:00,G420151001000710010,绕东成渝站-绕东成龙站门架,,G4202成都一绕高速,,,外环,,-14840,,,,,,,,
533,09061135,流量激增,2025-09-06 11:35:00,2025-09-06 11:50:00,G420151001000720010,绕东成龙站-绕东成渝站门架,,G4202成都一绕高速,,,内环,,-6692,,,,,,,,
534,06100710,流量激增,2025-06-10 07:10:00,2025-06-10 07:35:00,G420151001000810010,绕东成龙站-绕东天府国际机场站门架,,G4202成都一绕高速,,,内环,,-14078,,,,,,,,
535,06110905,流量激增,2025-06-11 09:05:00,2025-06-11 09:15:00,G420151001000810010,绕东成龙站-绕东天府国际机场站门架,,G4202成都一绕高速,,,内环,,-14078,,,,,,,,
536,06120705,流量激增,2025-06-12 07:05:00,2025-06-12 07:35:00,G420151001000810010,绕东成龙站-绕东天府国际机场站门架,,G4202成都一绕高速,,,内环,,-14078,,,,,,,,
537,06130730,流量激增,2025-06-13 07:30:00,2025-06-13 07:40:00,G420151001000810010,绕东成龙站-绕东天府国际机场站门架,,G4202成都一绕高速,,,内环,,-14078,,,,,,,,
538,06170900,流量激增,2025-06-17 09:00:00,2025-06-17 09:20:00,G420151001000810010,绕东成龙站-绕东天府国际机场站门架,,G4202成都一绕高速,,,内环,,-14078,,,,,,,,
539,06180720,流量激增,2025-06-18 07:20:00,2025-06-18 07:45:00,G420151001000810010,绕东成龙站-绕东天府国际机场站门架,,G4202成都一绕高速,,,内环,,-14078,,,,,,,,
540,06180855,流量激增,2025-06-18 08:55:00,2025-06-18 09:05:00,G420151001000810010,绕东成龙站-绕东天府国际机场站门架,,G4202成都一绕高速,,,内环,,-14078,,,,,,,,
541,07010725,流量激增,2025-07-01 07:25:00,2025-07-01 07:40:00,G420151001000810010,绕东成龙站-绕东天府国际机场站门架,,G4202成都一绕高速,,,内环,,-14078,,,,,,,,
542,07030725,流量激增,2025-07-03 07:25:00,2025-07-03 07:35:00,G420151001000810010,绕东成龙站-绕东天府国际机场站门架,,G4202成都一绕高速,,,内环,,-14078,,,,,,,,
543,07040710,流量激增,2025-07-04 07:10:00,2025-07-04 07:30:00,G420151001000810010,绕东成龙站-绕东天府国际机场站门架,,G4202成都一绕高速,,,内环,,-14078,,,,,,,,
544,07070715,流量激增,2025-07-07 07:15:00,2025-07-07 07:35:00,G420151001000810010,绕东成龙站-绕东天府国际机场站门架,,G4202成都一绕高速,,,内环,,-14078,,,,,,,,
545,07080705,流量激增,2025-07-08 07:05:00,2025-07-08 07:30:00,G420151001000810010,绕东成龙站-绕东天府国际机场站门架,,G4202成都一绕高速,,,内环,,-14078,,,,,,,,
546,07110715,流量激增,2025-07-11 07:15:00,2025-07-11 07:35:00,G420151001000810010,绕东成龙站-绕东天府国际机场站门架,,G4202成都一绕高速,,,内环,,-14078,,,,,,,,
547,07180720,流量激增,2025-07-18 07:20:00,2025-07-18 07:50:00,G420151001000810010,绕东成龙站-绕东天府国际机场站门架,,G4202成都一绕高速,,,内环,,-14078,,,,,,,,
548,07240720,流量激增,2025-07-24 07:20:00,2025-07-24 07:35:00,G420151001000810010,绕东成龙站-绕东天府国际机场站门架,,G4202成都一绕高速,,,内环,,-14078,,,,,,,,
549,07251120,流量激增,2025-07-25 11:20:00,2025-07-25 11:30:00,G420151001000810010,绕东成龙站-绕东天府国际机场站门架,,G4202成都一绕高速,,,内环,,-14078,,,,,,,,
550,07280705,流量激增,2025-07-28 07:05:00,2025-07-28 07:25:00,G420151001000810010,绕东成龙站-绕东天府国际机场站门架,,G4202成都一绕高速,,,内环,,-14078,,,,,,,,
551,07290720,流量激增,2025-07-29 07:20:00,2025-07-29 07:35:00,G420151001000810010,绕东成龙站-绕东天府国际机场站门架,,G4202成都一绕高速,,,内环,,-14078,,,,,,,,
552,07300910,流量激增,2025-07-30 09:10:00,2025-07-30 09:20:00,G420151001000810010,绕东成龙站-绕东天府国际机场站门架,,G4202成都一绕高速,,,内环,,-14078,,,,,,,,
553,08050905,流量激增,2025-08-05 09:05:00,2025-08-05 09:25:00,G420151001000810010,绕东成龙站-绕东天府国际机场站门架,,G4202成都一绕高速,,,内环,,-14078,,,,,,,,
554,08120720,流量激增,2025-08-12 07:20:00,2025-08-12 07:40:00,G420151001000810010,绕东成龙站-绕东天府国际机场站门架,,G4202成都一绕高速,,,内环,,-14078,,,,,,,,
555,08120810,流量激增,2025-08-12 08:10:00,2025-08-12 08:20:00,G420151001000810010,绕东成龙站-绕东天府国际机场站门架,,G4202成都一绕高速,,,内环,,-14078,,,,,,,,
556,08150735,流量激增,2025-08-15 07:35:00,2025-08-15 07:55:00,G420151001000810010,绕东成龙站-绕东天府国际机场站门架,,G4202成都一绕高速,,,内环,,-14078,,,,,,,,
557,08150910,流量激增,2025-08-15 09:10:00,2025-08-15 09:20:00,G420151001000810010,绕东成龙站-绕东天府国际机场站门架,,G4202成都一绕高速,,,内环,,-14078,,,,,,,,
558,08250850,流量激增,2025-08-25 08:50:00,2025-08-25 09:05:00,G420151001000810010,绕东成龙站-绕东天府国际机场站门架,,G4202成都一绕高速,,,内环,,-14078,,,,,,,,
559,08260655,流量激增,2025-08-26 06:55:00,2025-08-26 07:30:00,G420151001000810010,绕东成龙站-绕东天府国际机场站门架,,G4202成都一绕高速,,,内环,,-14078,,,,,,,,
560,08290705,流量激增,2025-08-29 07:05:00,2025-08-29 07:30:00,G420151001000810010,绕东成龙站-绕东天府国际机场站门架,,G4202成都一绕高速,,,内环,,-14078,,,,,,,,
561,08290740,流量激增,2025-08-29 07:40:00,2025-08-29 07:55:00,G420151001000810010,绕东成龙站-绕东天府国际机场站门架,,G4202成都一绕高速,,,内环,,-14078,,,,,,,,
562,09010655,流量激增,2025-09-01 06:55:00,2025-09-01 07:10:00,G420151001000810010,绕东成龙站-绕东天府国际机场站门架,,G4202成都一绕高速,,,内环,,-14078,,,,,,,,
563,09010930,流量激增,2025-09-01 09:30:00,2025-09-01 09:40:00,G420151001000810010,绕东成龙站-绕东天府国际机场站门架,,G4202成都一绕高速,,,内环,,-14078,,,,,,,,
564,09030655,流量激增,2025-09-03 06:55:00,2025-09-03 07:40:00,G420151001000810010,绕东成龙站-绕东天府国际机场站门架,,G4202成都一绕高速,,,内环,,-14078,,,,,,,,
565,09050910,流量激增,2025-09-05 09:10:00,2025-09-05 09:25:00,G420151001000810010,绕东成龙站-绕东天府国际机场站门架,,G4202成都一绕高速,,,内环,,-14078,,,,,,,,
566,06160635,流量激增,2025-06-16 06:35:00,2025-06-16 06:45:00,G420151001000910010,绕东天府国际机场站-绕东成自泸站门架,,G4202成都一绕高速,,,内环,,-2602.118,,,,,,,,
567,08290735,流量激增,2025-08-29 07:35:00,2025-08-29 07:50:00,G420151001000910010,绕东天府国际机场站-绕东成自泸站门架,,G4202成都一绕高速,,,内环,,-2602.118,,,,,,,,
568,09010735,流量激增,2025-09-01 07:35:00,2025-09-01 07:50:00,G420151001000910010,绕东天府国际机场站-绕东成自泸站门架,,G4202成都一绕高速,,,内环,,-2602.118,,,,,,,,
569,07030720,流量激增,2025-07-03 07:20:00,2025-07-03 07:35:00,G420151001001010010,绕东成自泸站-绕东天府站门架,,G4202成都一绕高速,,,内环,,-9142,,,,,,,,
570,07280710,流量激增,2025-07-28 07:10:00,2025-07-28 07:20:00,G420151001001010010,绕东成自泸站-绕东天府站门架,,G4202成都一绕高速,,,内环,,-9142,,,,,,,,
571,09020740,流量激增,2025-09-02 07:40:00,2025-09-02 07:50:00,G420151001001010010,绕东成自泸站-绕东天府站门架,,G4202成都一绕高速,,,内环,,-9142,,,,,,,,
572,06251730,流量激增,2025-06-25 17:30:00,2025-06-25 17:45:00,G420151001001020010,绕东天府站-绕东成自泸站门架,,G4202成都一绕高速,,,外环,,-8502,,,,,,,,
573,07011720,流量激增,2025-07-01 17:20:00,2025-07-01 17:30:00,G420151001001020010,绕东天府站-绕东成自泸站门架,,G4202成都一绕高速,,,外环,,-8502,,,,,,,,
574,07021710,流量激增,2025-07-02 17:10:00,2025-07-02 17:20:00,G420151001001020010,绕东天府站-绕东成自泸站门架,,G4202成都一绕高速,,,外环,,-8502,,,,,,,,
575,06090725,流量激增,2025-06-09 07:25:00,2025-06-09 07:40:00,G420151001001120010,绕东锦城湖站-绕东天府站门架,,G4202成都一绕高速,,应急车道开放,外环,,-15344,,,,,,"edge_id:-15896,-15896.145,-3108,-15344,-992,-992.141,-10002,-16266",,
576,06100720,流量激增,2025-06-10 07:20:00,2025-06-10 07:30:00,G420151001001120010,绕东锦城湖站-绕东天府站门架,,G4202成都一绕高速,,应急车道开放,外环,,-15344,,,,,,"edge_id:-15896,-15896.145,-3108,-15344,-992,-992.141,-10002,-16266",,
577,06110740,流量激增,2025-06-11 07:40:00,2025-06-11 07:55:00,G420151001001120010,绕东锦城湖站-绕东天府站门架,,G4202成都一绕高速,,应急车道开放,外环,,-15344,,,,,,"edge_id:-15896,-15896.145,-3108,-15344,-992,-992.141,-10002,-16266",,
578,06180805,流量激增,2025-06-18 08:05:00,2025-06-18 08:15:00,G420151001001120010,绕东锦城湖站-绕东天府站门架,,G4202成都一绕高速,,应急车道开放,外环,,-15344,,,,,,"edge_id:-15896,-15896.145,-3108,-15344,-992,-992.141,-10002,-16266",,
579,06200725,流量激增,2025-06-20 07:25:00,2025-06-20 07:35:00,G420151001001120010,绕东锦城湖站-绕东天府站门架,,G4202成都一绕高速,,应急车道开放,外环,,-15344,,,,,,"edge_id:-15896,-15896.145,-3108,-15344,-992,-992.141,-10002,-16266",,
580,07070720,流量激增,2025-07-07 07:20:00,2025-07-07 07:35:00,G420151001001120010,绕东锦城湖站-绕东天府站门架,,G4202成都一绕高速,,应急车道开放,外环,,-15344,,,,,,"edge_id:-15896,-15896.145,-3108,-15344,-992,-992.141,-10002,-16266",,
581,07210740,流量激增,2025-07-21 07:40:00,2025-07-21 08:05:00,G420151001001120010,绕东锦城湖站-绕东天府站门架,,G4202成都一绕高速,,应急车道开放,外环,,-15344,,,,,,"edge_id:-15896,-15896.145,-3108,-15344,-992,-992.141,-10002,-16266",,
582,06181805,流量激增,2025-06-18 18:05:00,2025-06-18 18:20:00,G420151001001220010,绕东成雅站-绕东锦城湖站门架,,G4202成都一绕高速,,,外环,,-15156,,,,,,,,
583,09011710,流量激增,2025-09-01 17:10:00,2025-09-01 17:25:00,G420151001001310010,绕东成雅站-绕东机场站门架,,G4202成都一绕高速,,,内环,,-6140,,,,,,,,
584,06230635,流量激增,2025-06-23 06:35:00,2025-06-23 06:45:00,G420151001001320010,绕东机场站-绕东成雅站门架,,G4202成都一绕高速,,,外环,,-13696,,,,,,,,
585,06300635,流量激增,2025-06-30 06:35:00,2025-06-30 06:45:00,G420151001001320010,绕东机场站-绕东成雅站门架,,G4202成都一绕高速,,,外环,,-13696,,,,,,,,
586,06090715,流量激增,2025-06-09 07:15:00,2025-06-09 07:30:00,G42015100100301010,成都A入口,,G4202成都一绕高速,,,内环,,-8564,,,,,,,,
587,06120720,流量激增,2025-06-12 07:20:00,2025-06-12 07:30:00,G42015100100301010,成都A入口,,G4202成都一绕高速,,,内环,,-8564,,,,,,,,
588,06200725,流量激增,2025-06-20 07:25:00,2025-06-20 07:35:00,G42015100100301010,成都A入口,,G4202成都一绕高速,,,内环,,-8564,,,,,,,,
589,06230720,流量激增,2025-06-23 07:20:00,2025-06-23 07:30:00,G42015100100301010,成都A入口,,G4202成都一绕高速,,,内环,,-8564,,,,,,,,
590,07040735,流量激增,2025-07-04 07:35:00,2025-07-04 07:45:00,G42015100100301010,成都A入口,,G4202成都一绕高速,,,内环,,-8564,,,,,,,,
591,07140715,流量激增,2025-07-14 07:15:00,2025-07-14 07:30:00,G42015100100301010,成都A入口,,G4202成都一绕高速,,,内环,,-8564,,,,,,,,
592,07150735,流量激增,2025-07-15 07:35:00,2025-07-15 07:45:00,G42015100100301010,成都A入口,,G4202成都一绕高速,,,内环,,-8564,,,,,,,,
593,08040735,流量激增,2025-08-04 07:35:00,2025-08-04 07:45:00,G42015100100301010,成都A入口,,G4202成都一绕高速,,,内环,,-8564,,,,,,,,
594,08140735,流量激增,2025-08-14 07:35:00,2025-08-14 07:50:00,G42015100100301010,成都A入口,,G4202成都一绕高速,,,内环,,-8564,,,,,,,,
595,08150745,流量激增,2025-08-15 07:45:00,2025-08-15 07:55:00,G42015100100301010,成都A入口,,G4202成都一绕高速,,,内环,,-8564,,,,,,,,
596,08180730,流量激增,2025-08-18 07:30:00,2025-08-18 07:40:00,G42015100100301010,成都A入口,,G4202成都一绕高速,,,内环,,-8564,,,,,,,,
597,08260730,流量激增,2025-08-26 07:30:00,2025-08-26 07:50:00,G42015100100301010,成都A入口,,G4202成都一绕高速,,,内环,,-8564,,,,,,,,
598,09020730,流量激增,2025-09-02 07:30:00,2025-09-02 07:45:00,G42015100100301010,成都A入口,,G4202成都一绕高速,,,内环,,-8564,,,,,,,,
599,09030725,流量激增,2025-09-03 07:25:00,2025-09-03 07:40:00,G42015100100301010,成都A入口,,G4202成都一绕高速,,,内环,,-8564,,,,,,,,
600,06160650,流量激增,2025-06-16 06:50:00,2025-06-16 07:00:00,G42015100100302010,成都B出口,,G4202成都一绕高速,,,内环,,-4058,,,,,,,,
601,06090750,流量激增,2025-06-09 07:50:00,2025-06-09 08:05:00,G42015100100402010,天府出口,,G4202成都一绕高速,,,内环,,-11206,,,,,,,,
602,06090750,流量激增,2025-06-09 07:50:00,2025-06-09 08:05:00,G42015100100402010,天府出口,,G4202成都一绕高速,,,内环,,-11206,,,,,,,,
603,06110740,流量激增,2025-06-11 07:40:00,2025-06-11 08:00:00,G42015100100402010,天府出口,,G4202成都一绕高速,,,内环,,-11206,,,,,,,,
604,06110740,流量激增,2025-06-11 07:40:00,2025-06-11 08:00:00,G42015100100402010,天府出口,,G4202成都一绕高速,,,内环,,-11206,,,,,,,,
605,06130735,流量激增,2025-06-13 07:35:00,2025-06-13 07:45:00,G42015100100402010,天府出口,,G4202成都一绕高速,,,内环,,-11206,,,,,,,,
606,06130735,流量激增,2025-06-13 07:35:00,2025-06-13 07:45:00,G42015100100402010,天府出口,,G4202成都一绕高速,,,内环,,-11206,,,,,,,,
607,06240800,流量激增,2025-06-24 08:00:00,2025-06-24 08:20:00,G42015100100402010,天府出口,,G4202成都一绕高速,,,内环,,-11206,,,,,,,,
608,06240800,流量激增,2025-06-24 08:00:00,2025-06-24 08:20:00,G42015100100402010,天府出口,,G4202成都一绕高速,,,内环,,-11206,,,,,,,,
609,06250750,流量激增,2025-06-25 07:50:00,2025-06-25 08:10:00,G42015100100402010,天府出口,,G4202成都一绕高速,,,内环,,-11206,,,,,,,,
610,06250750,流量激增,2025-06-25 07:50:00,2025-06-25 08:10:00,G42015100100402010,天府出口,,G4202成都一绕高速,,,内环,,-11206,,,,,,,,
611,07080730,流量激增,2025-07-08 07:30:00,2025-07-08 08:00:00,G42015100100402010,天府出口,,G4202成都一绕高速,,,内环,,-11206,,,,,,,,
612,07080730,流量激增,2025-07-08 07:30:00,2025-07-08 08:00:00,G42015100100402010,天府出口,,G4202成都一绕高速,,,内环,,-11206,,,,,,,,
613,07090800,流量激增,2025-07-09 08:00:00,2025-07-09 08:15:00,G42015100100402010,天府出口,,G4202成都一绕高速,,,内环,,-11206,,,,,,,,
614,07090800,流量激增,2025-07-09 08:00:00,2025-07-09 08:15:00,G42015100100402010,天府出口,,G4202成都一绕高速,,,内环,,-11206,,,,,,,,
615,07100800,流量激增,2025-07-10 08:00:00,2025-07-10 08:10:00,G42015100100402010,天府出口,,G4202成都一绕高速,,,内环,,-11206,,,,,,,,
616,07100800,流量激增,2025-07-10 08:00:00,2025-07-10 08:10:00,G42015100100402010,天府出口,,G4202成都一绕高速,,,内环,,-11206,,,,,,,,
617,07140740,流量激增,2025-07-14 07:40:00,2025-07-14 08:10:00,G42015100100402010,天府出口,,G4202成都一绕高速,,,内环,,-11206,,,,,,,,
618,07140740,流量激增,2025-07-14 07:40:00,2025-07-14 08:10:00,G42015100100402010,天府出口,,G4202成都一绕高速,,,内环,,-11206,,,,,,,,
619,08050745,流量激增,2025-08-05 07:45:00,2025-08-05 08:05:00,G42015100100402010,天府出口,,G4202成都一绕高速,,,内环,,-11206,,,,,,,,
620,08050745,流量激增,2025-08-05 07:45:00,2025-08-05 08:05:00,G42015100100402010,天府出口,,G4202成都一绕高速,,,内环,,-11206,,,,,,,,
621,08220750,流量激增,2025-08-22 07:50:00,2025-08-22 08:10:00,G42015100100402010,天府出口,,G4202成都一绕高速,,,内环,,-11206,,,,,,,,
622,08220750,流量激增,2025-08-22 07:50:00,2025-08-22 08:10:00,G42015100100402010,天府出口,,G4202成都一绕高速,,,内环,,-11206,,,,,,,,
623,08270740,流量激增,2025-08-27 07:40:00,2025-08-27 08:15:00,G42015100100402010,天府出口,,G4202成都一绕高速,,,内环,,-11206,,,,,,,,
624,08270740,流量激增,2025-08-27 07:40:00,2025-08-27 08:15:00,G42015100100402010,天府出口,,G4202成都一绕高速,,,内环,,-11206,,,,,,,,
625,09010745,流量激增,2025-09-01 07:45:00,2025-09-01 08:10:00,G42015100100402010,天府出口,,G4202成都一绕高速,,,内环,,-11206,,,,,,,,
626,09010745,流量激增,2025-09-01 07:45:00,2025-09-01 08:10:00,G42015100100402010,天府出口,,G4202成都一绕高速,,,内环,,-11206,,,,,,,,
627,07161805,流量激增,2025-07-16 18:05:00,2025-07-16 18:20:00,G42015100100501010,成都A入口,,G4202成都一绕高速,,,内环,,-3732,,,,,,,,
628,06091650,流量激增,2025-06-09 16:50:00,2025-06-09 17:00:00,G42015100100502020,华阳D出口,,G4202成都一绕高速,,,外环,,-5434,,,,,,,,
629,06120905,流量激增,2025-06-12 09:05:00,2025-06-12 09:15:00,G42015100100502020,华阳D出口,,G4202成都一绕高速,,,外环,,-5434,,,,,,,,
630,06181655,流量激增,2025-06-18 16:55:00,2025-06-18 17:05:00,G42015100100502020,华阳D出口,,G4202成都一绕高速,,,外环,,-5434,,,,,,,,
631,06201750,流量激增,2025-06-20 17:50:00,2025-06-20 18:00:00,G42015100100502020,华阳D出口,,G4202成都一绕高速,,,外环,,-5434,,,,,,,,
632,06231715,流量激增,2025-06-23 17:15:00,2025-06-23 17:30:00,G42015100100502020,华阳D出口,,G4202成都一绕高速,,,外环,,-5434,,,,,,,,
633,06261655,流量激增,2025-06-26 16:55:00,2025-06-26 17:05:00,G42015100100502020,华阳D出口,,G4202成都一绕高速,,,外环,,-5434,,,,,,,,
634,06281740,流量激增,2025-06-28 17:40:00,2025-06-28 17:50:00,G42015100100502020,华阳D出口,,G4202成都一绕高速,,,外环,,-5434,,,,,,,,
635,06301750,流量激增,2025-06-30 17:50:00,2025-06-30 18:00:00,G42015100100502020,华阳D出口,,G4202成都一绕高速,,,外环,,-5434,,,,,,,,
636,07031755,流量激增,2025-07-03 17:55:00,2025-07-03 18:10:00,G42015100100502020,华阳D出口,,G4202成都一绕高速,,,外环,,-5434,,,,,,,,
637,07080830,流量激增,2025-07-08 08:30:00,2025-07-08 08:40:00,G42015100100502020,华阳D出口,,G4202成都一绕高速,,,外环,,-5434,,,,,,,,
638,07100835,流量激增,2025-07-10 08:35:00,2025-07-10 08:45:00,G42015100100502020,华阳D出口,,G4202成都一绕高速,,,外环,,-5434,,,,,,,,
639,07111755,流量激增,2025-07-11 17:55:00,2025-07-11 18:10:00,G42015100100502020,华阳D出口,,G4202成都一绕高速,,,外环,,-5434,,,,,,,,
640,07180810,流量激增,2025-07-18 08:10:00,2025-07-18 08:25:00,G42015100100502020,华阳D出口,,G4202成都一绕高速,,,外环,,-5434,,,,,,,,
641,07181830,流量激增,2025-07-18 18:30:00,2025-07-18 18:40:00,G42015100100502020,华阳D出口,,G4202成都一绕高速,,,外环,,-5434,,,,,,,,
642,07230830,流量激增,2025-07-23 08:30:00,2025-07-23 08:40:00,G42015100100502020,华阳D出口,,G4202成都一绕高速,,,外环,,-5434,,,,,,,,
643,07240830,流量激增,2025-07-24 08:30:00,2025-07-24 08:40:00,G42015100100502020,华阳D出口,,G4202成都一绕高速,,,外环,,-5434,,,,,,,,
644,07262150,流量激增,2025-07-26 21:50:00,2025-07-26 22:00:00,G42015100100502020,华阳D出口,,G4202成都一绕高速,,,外环,,-5434,,,,,,,,
645,07311800,流量激增,2025-07-31 18:00:00,2025-07-31 18:10:00,G42015100100502020,华阳D出口,,G4202成都一绕高速,,,外环,,-5434,,,,,,,,
646,08051835,流量激增,2025-08-05 18:35:00,2025-08-05 18:45:00,G42015100100502020,华阳D出口,,G4202成都一绕高速,,,外环,,-5434,,,,,,,,
647,08081715,流量激增,2025-08-08 17:15:00,2025-08-08 17:35:00,G42015100100502020,华阳D出口,,G4202成都一绕高速,,,外环,,-5434,,,,,,,,
648,08150830,流量激增,2025-08-15 08:30:00,2025-08-15 08:40:00,G42015100100502020,华阳D出口,,G4202成都一绕高速,,,外环,,-5434,,,,,,,,
649,08260810,流量激增,2025-08-26 08:10:00,2025-08-26 08:30:00,G42015100100502020,华阳D出口,,G4202成都一绕高速,,,外环,,-5434,,,,,,,,
650,08261820,流量激增,2025-08-26 18:20:00,2025-08-26 18:30:00,G42015100100502020,华阳D出口,,G4202成都一绕高速,,,外环,,-5434,,,,,,,,
651,09021720,流量激增,2025-09-02 17:20:00,2025-09-02 17:40:00,G42015100100502020,华阳D出口,,G4202成都一绕高速,,,外环,,-5434,,,,,,,,
652,09031740,流量激增,2025-09-03 17:40:00,2025-09-03 17:55:00,G42015100100502020,华阳D出口,,G4202成都一绕高速,,,外环,,-5434,,,,,,,,
653,06251735,流量激增,2025-06-25 17:35:00,2025-06-25 17:45:00,G42015100100601010,成雅绕城站D匝道入口广场,,G4202成都一绕高速,,,内环,,-10274,,,,,,,,
654,08071735,流量激增,2025-08-07 17:35:00,2025-08-07 17:50:00,G42015100100601010,成雅绕城站D匝道入口广场,,G4202成都一绕高速,,,内环,,-10274,,,,,,,,
655,08181735,流量激增,2025-08-18 17:35:00,2025-08-18 17:45:00,G42015100100601010,成雅绕城站D匝道入口广场,,G4202成都一绕高速,,,内环,,-10274,,,,,,,,
656,06101750,流量激增,2025-06-10 17:50:00,2025-06-10 18:00:00,G42015100100701010,机场A入口,,G4202成都一绕高速,,,内环,,-9306,,,,,,,,
657,06111815,流量激增,2025-06-11 18:15:00,2025-06-11 18:25:00,G42015100100701010,机场A入口,,G4202成都一绕高速,,,内环,,-9306,,,,,,,,
658,06121745,流量激增,2025-06-12 17:45:00,2025-06-12 18:00:00,G42015100100701010,机场A入口,,G4202成都一绕高速,,,内环,,-9306,,,,,,,,
659,06121810,流量激增,2025-06-12 18:10:00,2025-06-12 18:20:00,G42015100100701010,机场A入口,,G4202成都一绕高速,,,内环,,-9306,,,,,,,,
660,06151750,流量激增,2025-06-15 17:50:00,2025-06-15 18:00:00,G42015100100701010,机场A入口,,G4202成都一绕高速,,,内环,,-9306,,,,,,,,
661,06161735,流量激增,2025-06-16 17:35:00,2025-06-16 17:45:00,G42015100100701010,机场A入口,,G4202成都一绕高速,,,内环,,-9306,,,,,,,,
662,06191725,流量激增,2025-06-19 17:25:00,2025-06-19 17:45:00,G42015100100701010,机场A入口,,G4202成都一绕高速,,,内环,,-9306,,,,,,,,
663,06191755,流量激增,2025-06-19 17:55:00,2025-06-19 18:05:00,G42015100100701010,机场A入口,,G4202成都一绕高速,,,内环,,-9306,,,,,,,,
664,06191835,流量激增,2025-06-19 18:35:00,2025-06-19 18:45:00,G42015100100701010,机场A入口,,G4202成都一绕高速,,,内环,,-9306,,,,,,,,
665,06211830,流量激增,2025-06-21 18:30:00,2025-06-21 18:40:00,G42015100100701010,机场A入口,,G4202成都一绕高速,,,内环,,-9306,,,,,,,,
666,06221830,流量激增,2025-06-22 18:30:00,2025-06-22 18:45:00,G42015100100701010,机场A入口,,G4202成都一绕高速,,,内环,,-9306,,,,,,,,
667,06231740,流量激增,2025-06-23 17:40:00,2025-06-23 17:50:00,G42015100100701010,机场A入口,,G4202成都一绕高速,,,内环,,-9306,,,,,,,,
668,06231825,流量激增,2025-06-23 18:25:00,2025-06-23 18:45:00,G42015100100701010,机场A入口,,G4202成都一绕高速,,,内环,,-9306,,,,,,,,
669,06241705,流量激增,2025-06-24 17:05:00,2025-06-24 17:15:00,G42015100100701010,机场A入口,,G4202成都一绕高速,,,内环,,-9306,,,,,,,,
670,06241845,流量激增,2025-06-24 18:45:00,2025-06-24 18:55:00,G42015100100701010,机场A入口,,G4202成都一绕高速,,,内环,,-9306,,,,,,,,
671,06251740,流量激增,2025-06-25 17:40:00,2025-06-25 18:00:00,G42015100100701010,机场A入口,,G4202成都一绕高速,,,内环,,-9306,,,,,,,,
672,06261745,流量激增,2025-06-26 17:45:00,2025-06-26 18:00:00,G42015100100701010,机场A入口,,G4202成都一绕高速,,,内环,,-9306,,,,,,,,
673,06271705,流量激增,2025-06-27 17:05:00,2025-06-27 17:35:00,G42015100100701010,机场A入口,,G4202成都一绕高速,,,内环,,-9306,,,,,,,,
674,06272015,流量激增,2025-06-27 20:15:00,2025-06-27 20:25:00,G42015100100701010,机场A入口,,G4202成都一绕高速,,,内环,,-9306,,,,,,,,
675,06281740,流量激增,2025-06-28 17:40:00,2025-06-28 17:55:00,G42015100100701010,机场A入口,,G4202成都一绕高速,,,内环,,-9306,,,,,,,,
676,06301715,流量激增,2025-06-30 17:15:00,2025-06-30 17:25:00,G42015100100701010,机场A入口,,G4202成都一绕高速,,,内环,,-9306,,,,,,,,
677,06301735,流量激增,2025-06-30 17:35:00,2025-06-30 17:45:00,G42015100100701010,机场A入口,,G4202成都一绕高速,,,内环,,-9306,,,,,,,,
678,07011715,流量激增,2025-07-01 17:15:00,2025-07-01 17:30:00,G42015100100701010,机场A入口,,G4202成都一绕高速,,,内环,,-9306,,,,,,,,
679,07021720,流量激增,2025-07-02 17:20:00,2025-07-02 17:35:00,G42015100100701010,机场A入口,,G4202成都一绕高速,,,内环,,-9306,,,,,,,,
680,07031650,流量激增,2025-07-03 16:50:00,2025-07-03 17:00:00,G42015100100701010,机场A入口,,G4202成都一绕高速,,,内环,,-9306,,,,,,,,
681,07041725,流量激增,2025-07-04 17:25:00,2025-07-04 17:50:00,G42015100100701010,机场A入口,,G4202成都一绕高速,,,内环,,-9306,,,,,,,,
682,07061825,流量激增,2025-07-06 18:25:00,2025-07-06 18:40:00,G42015100100701010,机场A入口,,G4202成都一绕高速,,,内环,,-9306,,,,,,,,
683,07081710,流量激增,2025-07-08 17:10:00,2025-07-08 17:20:00,G42015100100701010,机场A入口,,G4202成都一绕高速,,,内环,,-9306,,,,,,,,
684,07081730,流量激增,2025-07-08 17:30:00,2025-07-08 17:45:00,G42015100100701010,机场A入口,,G4202成都一绕高速,,,内环,,-9306,,,,,,,,
685,07091745,流量激增,2025-07-09 17:45:00,2025-07-09 17:55:00,G42015100100701010,机场A入口,,G4202成都一绕高速,,,内环,,-9306,,,,,,,,
686,07091900,流量激增,2025-07-09 19:00:00,2025-07-09 19:10:00,G42015100100701010,机场A入口,,G4202成都一绕高速,,,内环,,-9306,,,,,,,,
687,07101715,流量激增,2025-07-10 17:15:00,2025-07-10 17:30:00,G42015100100701010,机场A入口,,G4202成都一绕高速,,,内环,,-9306,,,,,,,,
688,07101835,流量激增,2025-07-10 18:35:00,2025-07-10 18:50:00,G42015100100701010,机场A入口,,G4202成都一绕高速,,,内环,,-9306,,,,,,,,
689,07111625,流量激增,2025-07-11 16:25:00,2025-07-11 16:35:00,G42015100100701010,机场A入口,,G4202成都一绕高速,,,内环,,-9306,,,,,,,,
690,07121445,流量激增,2025-07-12 14:45:00,2025-07-12 14:55:00,G42015100100701010,机场A入口,,G4202成都一绕高速,,,内环,,-9306,,,,,,,,
691,07141735,流量激增,2025-07-14 17:35:00,2025-07-14 17:55:00,G42015100100701010,机场A入口,,G4202成都一绕高速,,,内环,,-9306,,,,,,,,
692,07141925,流量激增,2025-07-14 19:25:00,2025-07-14 19:35:00,G42015100100701010,机场A入口,,G4202成都一绕高速,,,内环,,-9306,,,,,,,,
693,07151745,流量激增,2025-07-15 17:45:00,2025-07-15 18:05:00,G42015100100701010,机场A入口,,G4202成都一绕高速,,,内环,,-9306,,,,,,,,
694,07151905,流量激增,2025-07-15 19:05:00,2025-07-15 19:15:00,G42015100100701010,机场A入口,,G4202成都一绕高速,,,内环,,-9306,,,,,,,,
695,07161655,流量激增,2025-07-16 16:55:00,2025-07-16 17:05:00,G42015100100701010,机场A入口,,G4202成都一绕高速,,,内环,,-9306,,,,,,,,
696,07171745,流量激增,2025-07-17 17:45:00,2025-07-17 17:55:00,G42015100100701010,机场A入口,,G4202成都一绕高速,,,内环,,-9306,,,,,,,,
697,07171805,流量激增,2025-07-17 18:05:00,2025-07-17 18:15:00,G42015100100701010,机场A入口,,G4202成都一绕高速,,,内环,,-9306,,,,,,,,
698,07180650,流量激增,2025-07-18 06:50:00,2025-07-18 07:00:00,G42015100100701010,机场A入口,,G4202成都一绕高速,,,内环,,-9306,,,,,,,,
699,07181745,流量激增,2025-07-18 17:45:00,2025-07-18 17:55:00,G42015100100701010,机场A入口,,G4202成都一绕高速,,,内环,,-9306,,,,,,,,
700,07190925,流量激增,2025-07-19 09:25:00,2025-07-19 09:40:00,G42015100100701010,机场A入口,,G4202成都一绕高速,,,内环,,-9306,,,,,,,,
701,07211700,流量激增,2025-07-21 17:00:00,2025-07-21 17:15:00,G42015100100701010,机场A入口,,G4202成都一绕高速,,,内环,,-9306,,,,,,,,
702,07211820,流量激增,2025-07-21 18:20:00,2025-07-21 18:35:00,G42015100100701010,机场A入口,,G4202成都一绕高速,,,内环,,-9306,,,,,,,,
703,07221725,流量激增,2025-07-22 17:25:00,2025-07-22 17:45:00,G42015100100701010,机场A入口,,G4202成都一绕高速,,,内环,,-9306,,,,,,,,
704,07231810,流量激增,2025-07-23 18:10:00,2025-07-23 18:20:00,G42015100100701010,机场A入口,,G4202成都一绕高速,,,内环,,-9306,,,,,,,,
705,07241915,流量激增,2025-07-24 19:15:00,2025-07-24 19:25:00,G42015100100701010,机场A入口,,G4202成都一绕高速,,,内环,,-9306,,,,,,,,
706,07250130,流量激增,2025-07-25 01:30:00,2025-07-25 01:45:00,G42015100100701010,机场A入口,,G4202成都一绕高速,,,内环,,-9306,,,,,,,,
707,07250450,流量激增,2025-07-25 04:50:00,2025-07-25 05:00:00,G42015100100701010,机场A入口,,G4202成都一绕高速,,,内环,,-9306,,,,,,,,
708,07250600,流量激增,2025-07-25 06:00:00,2025-07-25 06:10:00,G42015100100701010,机场A入口,,G4202成都一绕高速,,,内环,,-9306,,,,,,,,
709,07251720,流量激增,2025-07-25 17:20:00,2025-07-25 17:30:00,G42015100100701010,机场A入口,,G4202成都一绕高速,,,内环,,-9306,,,,,,,,
710,07281655,流量激增,2025-07-28 16:55:00,2025-07-28 17:05:00,G42015100100701010,机场A入口,,G4202成都一绕高速,,,内环,,-9306,,,,,,,,
711,07281715,流量激增,2025-07-28 17:15:00,2025-07-28 17:25:00,G42015100100701010,机场A入口,,G4202成都一绕高速,,,内环,,-9306,,,,,,,,
712,07291745,流量激增,2025-07-29 17:45:00,2025-07-29 17:55:00,G42015100100701010,机场A入口,,G4202成都一绕高速,,,内环,,-9306,,,,,,,,
713,07301750,流量激增,2025-07-30 17:50:00,2025-07-30 18:05:00,G42015100100701010,机场A入口,,G4202成都一绕高速,,,内环,,-9306,,,,,,,,
714,07301815,流量激增,2025-07-30 18:15:00,2025-07-30 18:25:00,G42015100100701010,机场A入口,,G4202成都一绕高速,,,内环,,-9306,,,,,,,,
715,07311810,流量激增,2025-07-31 18:10:00,2025-07-31 18:20:00,G42015100100701010,机场A入口,,G4202成都一绕高速,,,内环,,-9306,,,,,,,,
716,08011730,流量激增,2025-08-01 17:30:00,2025-08-01 17:50:00,G42015100100701010,机场A入口,,G4202成都一绕高速,,,内环,,-9306,,,,,,,,
717,08011825,流量激增,2025-08-01 18:25:00,2025-08-01 18:45:00,G42015100100701010,机场A入口,,G4202成都一绕高速,,,内环,,-9306,,,,,,,,
718,08041745,流量激增,2025-08-04 17:45:00,2025-08-04 17:55:00,G42015100100701010,机场A入口,,G4202成都一绕高速,,,内环,,-9306,,,,,,,,
719,08051745,流量激增,2025-08-05 17:45:00,2025-08-05 18:05:00,G42015100100701010,机场A入口,,G4202成都一绕高速,,,内环,,-9306,,,,,,,,
720,08061745,流量激增,2025-08-06 17:45:00,2025-08-06 18:00:00,G42015100100701010,机场A入口,,G4202成都一绕高速,,,内环,,-9306,,,,,,,,
721,08061825,流量激增,2025-08-06 18:25:00,2025-08-06 18:35:00,G42015100100701010,机场A入口,,G4202成都一绕高速,,,内环,,-9306,,,,,,,,
722,08081730,流量激增,2025-08-08 17:30:00,2025-08-08 17:45:00,G42015100100701010,机场A入口,,G4202成都一绕高速,,,内环,,-9306,,,,,,,,
723,08081800,流量激增,2025-08-08 18:00:00,2025-08-08 18:20:00,G42015100100701010,机场A入口,,G4202成都一绕高速,,,内环,,-9306,,,,,,,,
724,08111725,流量激增,2025-08-11 17:25:00,2025-08-11 17:35:00,G42015100100701010,机场A入口,,G4202成都一绕高速,,,内环,,-9306,,,,,,,,
725,08121735,流量激增,2025-08-12 17:35:00,2025-08-12 17:45:00,G42015100100701010,机场A入口,,G4202成都一绕高速,,,内环,,-9306,,,,,,,,
726,08131810,流量激增,2025-08-13 18:10:00,2025-08-13 18:20:00,G42015100100701010,机场A入口,,G4202成都一绕高速,,,内环,,-9306,,,,,,,,
727,08181715,流量激增,2025-08-18 17:15:00,2025-08-18 17:25:00,G42015100100701010,机场A入口,,G4202成都一绕高速,,,内环,,-9306,,,,,,,,
728,08181825,流量激增,2025-08-18 18:25:00,2025-08-18 18:35:00,G42015100100701010,机场A入口,,G4202成都一绕高速,,,内环,,-9306,,,,,,,,
729,08191730,流量激增,2025-08-19 17:30:00,2025-08-19 17:40:00,G42015100100701010,机场A入口,,G4202成都一绕高速,,,内环,,-9306,,,,,,,,
730,08191800,流量激增,2025-08-19 18:00:00,2025-08-19 18:10:00,G42015100100701010,机场A入口,,G4202成都一绕高速,,,内环,,-9306,,,,,,,,
731,08200105,流量激增,2025-08-20 01:05:00,2025-08-20 01:15:00,G42015100100701010,机场A入口,,G4202成都一绕高速,,,内环,,-9306,,,,,,,,
732,08200205,流量激增,2025-08-20 02:05:00,2025-08-20 02:20:00,G42015100100701010,机场A入口,,G4202成都一绕高速,,,内环,,-9306,,,,,,,,
733,08200420,流量激增,2025-08-20 04:20:00,2025-08-20 04:30:00,G42015100100701010,机场A入口,,G4202成都一绕高速,,,内环,,-9306,,,,,,,,
734,08200815,流量激增,2025-08-20 08:15:00,2025-08-20 08:25:00,G42015100100701010,机场A入口,,G4202成都一绕高速,,,内环,,-9306,,,,,,,,
735,08200920,流量激增,2025-08-20 09:20:00,2025-08-20 09:30:00,G42015100100701010,机场A入口,,G4202成都一绕高速,,,内环,,-9306,,,,,,,,
736,08201210,流量激增,2025-08-20 12:10:00,2025-08-20 12:20:00,G42015100100701010,机场A入口,,G4202成都一绕高速,,,内环,,-9306,,,,,,,,
737,08201720,流量激增,2025-08-20 17:20:00,2025-08-20 17:30:00,G42015100100701010,机场A入口,,G4202成都一绕高速,,,内环,,-9306,,,,,,,,
738,08201745,流量激增,2025-08-20 17:45:00,2025-08-20 17:55:00,G42015100100701010,机场A入口,,G4202成都一绕高速,,,内环,,-9306,,,,,,,,
739,08202020,流量激增,2025-08-20 20:20:00,2025-08-20 20:30:00,G42015100100701010,机场A入口,,G4202成都一绕高速,,,内环,,-9306,,,,,,,,
740,08202125,流量激增,2025-08-20 21:25:00,2025-08-20 21:35:00,G42015100100701010,机场A入口,,G4202成都一绕高速,,,内环,,-9306,,,,,,,,
741,08202300,流量激增,2025-08-20 23:00:00,2025-08-20 23:10:00,G42015100100701010,机场A入口,,G4202成都一绕高速,,,内环,,-9306,,,,,,,,
742,08210510,流量激增,2025-08-21 05:10:00,2025-08-21 05:25:00,G42015100100701010,机场A入口,,G4202成都一绕高速,,,内环,,-9306,,,,,,,,
743,08211110,流量激增,2025-08-21 11:10:00,2025-08-21 11:20:00,G42015100100701010,机场A入口,,G4202成都一绕高速,,,内环,,-9306,,,,,,,,
744,08211225,流量激增,2025-08-21 12:25:00,2025-08-21 12:35:00,G42015100100701010,机场A入口,,G4202成都一绕高速,,,内环,,-9306,,,,,,,,
745,08211245,流量激增,2025-08-21 12:45:00,2025-08-21 13:05:00,G42015100100701010,机场A入口,,G4202成都一绕高速,,,内环,,-9306,,,,,,,,
746,08211650,流量激增,2025-08-21 16:50:00,2025-08-21 17:10:00,G42015100100701010,机场A入口,,G4202成都一绕高速,,,内环,,-9306,,,,,,,,
747,08212045,流量激增,2025-08-21 20:45:00,2025-08-21 20:55:00,G42015100100701010,机场A入口,,G4202成都一绕高速,,,内环,,-9306,,,,,,,,
748,08212120,流量激增,2025-08-21 21:20:00,2025-08-21 21:30:00,G42015100100701010,机场A入口,,G4202成都一绕高速,,,内环,,-9306,,,,,,,,
749,08221720,流量激增,2025-08-22 17:20:00,2025-08-22 17:40:00,G42015100100701010,机场A入口,,G4202成都一绕高速,,,内环,,-9306,,,,,,,,
750,08221815,流量激增,2025-08-22 18:15:00,2025-08-22 18:35:00,G42015100100701010,机场A入口,,G4202成都一绕高速,,,内环,,-9306,,,,,,,,
751,08231100,流量激增,2025-08-23 11:00:00,2025-08-23 11:10:00,G42015100100701010,机场A入口,,G4202成都一绕高速,,,内环,,-9306,,,,,,,,
752,08251740,流量激增,2025-08-25 17:40:00,2025-08-25 18:05:00,G42015100100701010,机场A入口,,G4202成都一绕高速,,,内环,,-9306,,,,,,,,
753,08251910,流量激增,2025-08-25 19:10:00,2025-08-25 19:20:00,G42015100100701010,机场A入口,,G4202成都一绕高速,,,内环,,-9306,,,,,,,,
754,08261720,流量激增,2025-08-26 17:20:00,2025-08-26 17:30:00,G42015100100701010,机场A入口,,G4202成都一绕高速,,,内环,,-9306,,,,,,,,
755,08261940,流量激增,2025-08-26 19:40:00,2025-08-26 19:50:00,G42015100100701010,机场A入口,,G4202成都一绕高速,,,内环,,-9306,,,,,,,,
756,08271650,流量激增,2025-08-27 16:50:00,2025-08-27 17:00:00,G42015100100701010,机场A入口,,G4202成都一绕高速,,,内环,,-9306,,,,,,,,
757,08271710,流量激增,2025-08-27 17:10:00,2025-08-27 17:20:00,G42015100100701010,机场A入口,,G4202成都一绕高速,,,内环,,-9306,,,,,,,,
758,08271730,流量激增,2025-08-27 17:30:00,2025-08-27 17:40:00,G42015100100701010,机场A入口,,G4202成都一绕高速,,,内环,,-9306,,,,,,,,
759,08281720,流量激增,2025-08-28 17:20:00,2025-08-28 17:45:00,G42015100100701010,机场A入口,,G4202成都一绕高速,,,内环,,-9306,,,,,,,,
760,08281950,流量激增,2025-08-28 19:50:00,2025-08-28 20:00:00,G42015100100701010,机场A入口,,G4202成都一绕高速,,,内环,,-9306,,,,,,,,
761,08291735,流量激增,2025-08-29 17:35:00,2025-08-29 17:45:00,G42015100100701010,机场A入口,,G4202成都一绕高速,,,内环,,-9306,,,,,,,,
762,08291915,流量激增,2025-08-29 19:15:00,2025-08-29 19:25:00,G42015100100701010,机场A入口,,G4202成都一绕高速,,,内环,,-9306,,,,,,,,
763,09031715,流量激增,2025-09-03 17:15:00,2025-09-03 17:40:00,G42015100100701010,机场A入口,,G4202成都一绕高速,,,内环,,-9306,,,,,,,,
764,09041715,流量激增,2025-09-04 17:15:00,2025-09-04 17:30:00,G42015100100701010,机场A入口,,G4202成都一绕高速,,,内环,,-9306,,,,,,,,
765,09051550,流量激增,2025-09-05 15:50:00,2025-09-05 16:00:00,G42015100100701010,机场A入口,,G4202成都一绕高速,,,内环,,-9306,,,,,,,,
766,09051715,流量激增,2025-09-05 17:15:00,2025-09-05 17:25:00,G42015100100701010,机场A入口,,G4202成都一绕高速,,,内环,,-9306,,,,,,,,
767,09051810,流量激增,2025-09-05 18:10:00,2025-09-05 18:20:00,G42015100100701010,机场A入口,,G4202成都一绕高速,,,内环,,-9306,,,,,,,,
768,09051850,流量激增,2025-09-05 18:50:00,2025-09-05 19:00:00,G42015100100701010,机场A入口,,G4202成都一绕高速,,,内环,,-9306,,,,,,,,
769,09071625,流量激增,2025-09-07 16:25:00,2025-09-07 16:35:00,G42015100100701010,机场A入口,,G4202成都一绕高速,,,内环,,-9306,,,,,,,,
770,06111815,流量激增,2025-06-11 18:15:00,2025-06-11 18:25:00,G42015100100702010,机场B出口,,G4202成都一绕高速,,,内环,,-9840.169,,,,,,,,
771,06131745,流量激增,2025-06-13 17:45:00,2025-06-13 18:00:00,G42015100100702010,机场B出口,,G4202成都一绕高速,,,内环,,-9840.169,,,,,,,,
772,06171740,流量激增,2025-06-17 17:40:00,2025-06-17 17:55:00,G42015100100702010,机场B出口,,G4202成都一绕高速,,,内环,,-9840.169,,,,,,,,
773,06181740,流量激增,2025-06-18 17:40:00,2025-06-18 17:50:00,G42015100100702010,机场B出口,,G4202成都一绕高速,,,内环,,-9840.169,,,,,,,,
774,06191725,流量激增,2025-06-19 17:25:00,2025-06-19 17:45:00,G42015100100702010,机场B出口,,G4202成都一绕高速,,,内环,,-9840.169,,,,,,,,
775,06231740,流量激增,2025-06-23 17:40:00,2025-06-23 17:50:00,G42015100100702010,机场B出口,,G4202成都一绕高速,,,内环,,-9840.169,,,,,,,,
776,06251735,流量激增,2025-06-25 17:35:00,2025-06-25 17:45:00,G42015100100702010,机场B出口,,G4202成都一绕高速,,,内环,,-9840.169,,,,,,,,
777,06261745,流量激增,2025-06-26 17:45:00,2025-06-26 18:00:00,G42015100100702010,机场B出口,,G4202成都一绕高速,,,内环,,-9840.169,,,,,,,,
778,06271705,流量激增,2025-06-27 17:05:00,2025-06-27 17:25:00,G42015100100702010,机场B出口,,G4202成都一绕高速,,,内环,,-9840.169,,,,,,,,
779,06300735,流量激增,2025-06-30 07:35:00,2025-06-30 07:45:00,G42015100100702010,机场B出口,,G4202成都一绕高速,,,内环,,-9840.169,,,,,,,,
780,07010735,流量激增,2025-07-01 07:35:00,2025-07-01 07:50:00,G42015100100702010,机场B出口,,G4202成都一绕高速,,,内环,,-9840.169,,,,,,,,
781,07011710,流量激增,2025-07-01 17:10:00,2025-07-01 17:25:00,G42015100100702010,机场B出口,,G4202成都一绕高速,,,内环,,-9840.169,,,,,,,,
782,07011810,流量激增,2025-07-01 18:10:00,2025-07-01 18:30:00,G42015100100702010,机场B出口,,G4202成都一绕高速,,,内环,,-9840.169,,,,,,,,
783,07020740,流量激增,2025-07-02 07:40:00,2025-07-02 07:50:00,G42015100100702010,机场B出口,,G4202成都一绕高速,,,内环,,-9840.169,,,,,,,,
784,07041725,流量激增,2025-07-04 17:25:00,2025-07-04 17:35:00,G42015100100702010,机场B出口,,G4202成都一绕高速,,,内环,,-9840.169,,,,,,,,
785,07101830,流量激增,2025-07-10 18:30:00,2025-07-10 18:40:00,G42015100100702010,机场B出口,,G4202成都一绕高速,,,内环,,-9840.169,,,,,,,,
786,07111750,流量激增,2025-07-11 17:50:00,2025-07-11 18:05:00,G42015100100702010,机场B出口,,G4202成都一绕高速,,,内环,,-9840.169,,,,,,,,
787,07141730,流量激增,2025-07-14 17:30:00,2025-07-14 17:45:00,G42015100100702010,机场B出口,,G4202成都一绕高速,,,内环,,-9840.169,,,,,,,,
788,07171745,流量激增,2025-07-17 17:45:00,2025-07-17 17:55:00,G42015100100702010,机场B出口,,G4202成都一绕高速,,,内环,,-9840.169,,,,,,,,
789,07211820,流量激增,2025-07-21 18:20:00,2025-07-21 18:30:00,G42015100100702010,机场B出口,,G4202成都一绕高速,,,内环,,-9840.169,,,,,,,,
790,07281705,流量激增,2025-07-28 17:05:00,2025-07-28 17:20:00,G42015100100702010,机场B出口,,G4202成都一绕高速,,,内环,,-9840.169,,,,,,,,
791,07291735,流量激增,2025-07-29 17:35:00,2025-07-29 17:55:00,G42015100100702010,机场B出口,,G4202成都一绕高速,,,内环,,-9840.169,,,,,,,,
792,07311840,流量激增,2025-07-31 18:40:00,2025-07-31 18:50:00,G42015100100702010,机场B出口,,G4202成都一绕高速,,,内环,,-9840.169,,,,,,,,
793,08011725,流量激增,2025-08-01 17:25:00,2025-08-01 17:45:00,G42015100100702010,机场B出口,,G4202成都一绕高速,,,内环,,-9840.169,,,,,,,,
794,08051745,流量激增,2025-08-05 17:45:00,2025-08-05 17:55:00,G42015100100702010,机场B出口,,G4202成都一绕高速,,,内环,,-9840.169,,,,,,,,
795,08061750,流量激增,2025-08-06 17:50:00,2025-08-06 18:05:00,G42015100100702010,机场B出口,,G4202成都一绕高速,,,内环,,-9840.169,,,,,,,,
796,08081730,流量激增,2025-08-08 17:30:00,2025-08-08 17:40:00,G42015100100702010,机场B出口,,G4202成都一绕高速,,,内环,,-9840.169,,,,,,,,
797,08111725,流量激增,2025-08-11 17:25:00,2025-08-11 17:35:00,G42015100100702010,机场B出口,,G4202成都一绕高速,,,内环,,-9840.169,,,,,,,,
798,08141730,流量激增,2025-08-14 17:30:00,2025-08-14 17:40:00,G42015100100702010,机场B出口,,G4202成都一绕高速,,,内环,,-9840.169,,,,,,,,
799,08181715,流量激增,2025-08-18 17:15:00,2025-08-18 17:25:00,G42015100100702010,机场B出口,,G4202成都一绕高速,,,内环,,-9840.169,,,,,,,,
800,08201735,流量激增,2025-08-20 17:35:00,2025-08-20 18:05:00,G42015100100702010,机场B出口,,G4202成都一绕高速,,,内环,,-9840.169,,,,,,,,
801,08201835,流量激增,2025-08-20 18:35:00,2025-08-20 18:45:00,G42015100100702010,机场B出口,,G4202成都一绕高速,,,内环,,-9840.169,,,,,,,,
802,08251740,流量激增,2025-08-25 17:40:00,2025-08-25 17:50:00,G42015100100702010,机场B出口,,G4202成都一绕高速,,,内环,,-9840.169,,,,,,,,
803,08281720,流量激增,2025-08-28 17:20:00,2025-08-28 17:40:00,G42015100100702010,机场B出口,,G4202成都一绕高速,,,内环,,-9840.169,,,,,,,,
804,08291735,流量激增,2025-08-29 17:35:00,2025-08-29 17:45:00,G42015100100702010,机场B出口,,G4202成都一绕高速,,,内环,,-9840.169,,,,,,,,
805,09031715,流量激增,2025-09-03 17:15:00,2025-09-03 17:35:00,G42015100100702010,机场B出口,,G4202成都一绕高速,,,内环,,-9840.169,,,,,,,,
806,09041715,流量激增,2025-09-04 17:15:00,2025-09-04 17:25:00,G42015100100702010,机场B出口,,G4202成都一绕高速,,,内环,,-9840.169,,,,,,,,
807,09051805,流量激增,2025-09-05 18:05:00,2025-09-05 18:15:00,G42015100100702010,机场B出口,,G4202成都一绕高速,,,内环,,-9840.169,,,,,,,,
808,07110430,流量激增,2025-07-11 04:30:00,2025-07-11 04:45:00,G42015100100702020,机场D出口,,G4202成都一绕高速,,,外环,,-3366,,,,,,,,
809,07110455,流量激增,2025-07-11 04:55:00,2025-07-11 05:05:00,G42015100100702020,机场D出口,,G4202成都一绕高速,,,外环,,-3366,,,,,,,,
810,09051720,流量激增,2025-09-05 17:20:00,2025-09-05 17:30:00,G42015100100702020,机场D出口,,G4202成都一绕高速,,,外环,,-3366,,,,,,,,
811,06110705,流量激增,2025-06-11 07:05:00,2025-06-11 07:25:00,G42015100100801010,成都A入口,,G4202成都一绕高速,,,内环,,-4708,,,,,,,,
812,06120705,流量激增,2025-06-12 07:05:00,2025-06-12 07:30:00,G42015100100801010,成都A入口,,G4202成都一绕高速,,,内环,,-4708,,,,,,,,
813,06160705,流量激增,2025-06-16 07:05:00,2025-06-16 07:15:00,G42015100100801010,成都A入口,,G4202成都一绕高速,,,内环,,-4708,,,,,,,,
814,06230655,流量激增,2025-06-23 06:55:00,2025-06-23 07:25:00,G42015100100801010,成都A入口,,G4202成都一绕高速,,,内环,,-4708,,,,,,,,
815,06240705,流量激增,2025-06-24 07:05:00,2025-06-24 07:20:00,G42015100100801010,成都A入口,,G4202成都一绕高速,,,内环,,-4708,,,,,,,,
816,06250705,流量激增,2025-06-25 07:05:00,2025-06-25 07:20:00,G42015100100801010,成都A入口,,G4202成都一绕高速,,,内环,,-4708,,,,,,,,
817,06270710,流量激增,2025-06-27 07:10:00,2025-06-27 07:25:00,G42015100100801010,成都A入口,,G4202成都一绕高速,,,内环,,-4708,,,,,,,,
818,07010710,流量激增,2025-07-01 07:10:00,2025-07-01 07:25:00,G42015100100801010,成都A入口,,G4202成都一绕高速,,,内环,,-4708,,,,,,,,
819,07020805,流量激增,2025-07-02 08:05:00,2025-07-02 08:15:00,G42015100100801010,成都A入口,,G4202成都一绕高速,,,内环,,-4708,,,,,,,,
820,07040710,流量激增,2025-07-04 07:10:00,2025-07-04 07:20:00,G42015100100801010,成都A入口,,G4202成都一绕高速,,,内环,,-4708,,,,,,,,
821,07040735,流量激增,2025-07-04 07:35:00,2025-07-04 07:45:00,G42015100100801010,成都A入口,,G4202成都一绕高速,,,内环,,-4708,,,,,,,,
822,07040800,流量激增,2025-07-04 08:00:00,2025-07-04 08:15:00,G42015100100801010,成都A入口,,G4202成都一绕高速,,,内环,,-4708,,,,,,,,
823,07070700,流量激增,2025-07-07 07:00:00,2025-07-07 07:10:00,G42015100100801010,成都A入口,,G4202成都一绕高速,,,内环,,-4708,,,,,,,,
824,07100705,流量激增,2025-07-10 07:05:00,2025-07-10 07:15:00,G42015100100801010,成都A入口,,G4202成都一绕高速,,,内环,,-4708,,,,,,,,
825,07110705,流量激增,2025-07-11 07:05:00,2025-07-11 07:15:00,G42015100100801010,成都A入口,,G4202成都一绕高速,,,内环,,-4708,,,,,,,,
826,07160700,流量激增,2025-07-16 07:00:00,2025-07-16 07:20:00,G42015100100801010,成都A入口,,G4202成都一绕高速,,,内环,,-4708,,,,,,,,
827,07230710,流量激增,2025-07-23 07:10:00,2025-07-23 07:20:00,G42015100100801010,成都A入口,,G4202成都一绕高速,,,内环,,-4708,,,,,,,,
828,07240710,流量激增,2025-07-24 07:10:00,2025-07-24 07:25:00,G42015100100801010,成都A入口,,G4202成都一绕高速,,,内环,,-4708,,,,,,,,
829,07250815,流量激增,2025-07-25 08:15:00,2025-07-25 08:25:00,G42015100100801010,成都A入口,,G4202成都一绕高速,,,内环,,-4708,,,,,,,,
830,07300705,流量激增,2025-07-30 07:05:00,2025-07-30 07:25:00,G42015100100801010,成都A入口,,G4202成都一绕高速,,,内环,,-4708,,,,,,,,
831,07300750,流量激增,2025-07-30 07:50:00,2025-07-30 08:00:00,G42015100100801010,成都A入口,,G4202成都一绕高速,,,内环,,-4708,,,,,,,,
832,08040710,流量激增,2025-08-04 07:10:00,2025-08-04 07:30:00,G42015100100801010,成都A入口,,G4202成都一绕高速,,,内环,,-4708,,,,,,,,
833,08070720,流量激增,2025-08-07 07:20:00,2025-08-07 07:30:00,G42015100100801010,成都A入口,,G4202成都一绕高速,,,内环,,-4708,,,,,,,,
834,08080730,流量激增,2025-08-08 07:30:00,2025-08-08 07:40:00,G42015100100801010,成都A入口,,G4202成都一绕高速,,,内环,,-4708,,,,,,,,
835,08150830,流量激增,2025-08-15 08:30:00,2025-08-15 08:40:00,G42015100100801010,成都A入口,,G4202成都一绕高速,,,内环,,-4708,,,,,,,,
836,08180710,流量激增,2025-08-18 07:10:00,2025-08-18 07:25:00,G42015100100801010,成都A入口,,G4202成都一绕高速,,,内环,,-4708,,,,,,,,
837,08190740,流量激增,2025-08-19 07:40:00,2025-08-19 07:50:00,G42015100100801010,成都A入口,,G4202成都一绕高速,,,内环,,-4708,,,,,,,,
838,08250715,流量激增,2025-08-25 07:15:00,2025-08-25 07:25:00,G42015100100801010,成都A入口,,G4202成都一绕高速,,,内环,,-4708,,,,,,,,
839,08260715,流量激增,2025-08-26 07:15:00,2025-08-26 07:25:00,G42015100100801010,成都A入口,,G4202成都一绕高速,,,内环,,-4708,,,,,,,,
840,08260745,流量激增,2025-08-26 07:45:00,2025-08-26 07:55:00,G42015100100801010,成都A入口,,G4202成都一绕高速,,,内环,,-4708,,,,,,,,
841,08260815,流量激增,2025-08-26 08:15:00,2025-08-26 08:30:00,G42015100100801010,成都A入口,,G4202成都一绕高速,,,内环,,-4708,,,,,,,,
842,08270705,流量激增,2025-08-27 07:05:00,2025-08-27 07:15:00,G42015100100801010,成都A入口,,G4202成都一绕高速,,,内环,,-4708,,,,,,,,
843,08290710,流量激增,2025-08-29 07:10:00,2025-08-29 07:20:00,G42015100100801010,成都A入口,,G4202成都一绕高速,,,内环,,-4708,,,,,,,,
844,09020705,流量激增,2025-09-02 07:05:00,2025-09-02 07:25:00,G42015100100801010,成都A入口,,G4202成都一绕高速,,,内环,,-4708,,,,,,,,
845,09050710,流量激增,2025-09-05 07:10:00,2025-09-05 07:20:00,G42015100100801010,成都A入口,,G4202成都一绕高速,,,内环,,-4708,,,,,,,,
846,07280730,流量激增,2025-07-28 07:30:00,2025-07-28 07:40:00,G42015100100801020,龙泉C入口,,G4202成都一绕高速,,,外环,,-13292,,,,,,,,
847,06120820,流量激增,2025-06-12 08:20:00,2025-06-12 08:30:00,G42015100100802010,成都B出口,,G4202成都一绕高速,,,内环,,-2772,,,,,,,,
848,06131735,流量激增,2025-06-13 17:35:00,2025-06-13 17:45:00,G42015100100802010,成都B出口,,G4202成都一绕高速,,,内环,,-2772,,,,,,,,
849,06161735,流量激增,2025-06-16 17:35:00,2025-06-16 17:45:00,G42015100100802010,成都B出口,,G4202成都一绕高速,,,内环,,-2772,,,,,,,,
850,06181705,流量激增,2025-06-18 17:05:00,2025-06-18 17:20:00,G42015100100802010,成都B出口,,G4202成都一绕高速,,,内环,,-2772,,,,,,,,
851,06181740,流量激增,2025-06-18 17:40:00,2025-06-18 17:50:00,G42015100100802010,成都B出口,,G4202成都一绕高速,,,内环,,-2772,,,,,,,,
852,06190925,流量激增,2025-06-19 09:25:00,2025-06-19 09:35:00,G42015100100802010,成都B出口,,G4202成都一绕高速,,,内环,,-2772,,,,,,,,
853,06191035,流量激增,2025-06-19 10:35:00,2025-06-19 10:45:00,G42015100100802010,成都B出口,,G4202成都一绕高速,,,内环,,-2772,,,,,,,,
854,06191345,流量激增,2025-06-19 13:45:00,2025-06-19 14:00:00,G42015100100802010,成都B出口,,G4202成都一绕高速,,,内环,,-2772,,,,,,,,
855,06191650,流量激增,2025-06-19 16:50:00,2025-06-19 17:00:00,G42015100100802010,成都B出口,,G4202成都一绕高速,,,内环,,-2772,,,,,,,,
856,06200830,流量激增,2025-06-20 08:30:00,2025-06-20 08:40:00,G42015100100802010,成都B出口,,G4202成都一绕高速,,,内环,,-2772,,,,,,,,
857,06201705,流量激增,2025-06-20 17:05:00,2025-06-20 17:15:00,G42015100100802010,成都B出口,,G4202成都一绕高速,,,内环,,-2772,,,,,,,,
858,06211040,流量激增,2025-06-21 10:40:00,2025-06-21 10:50:00,G42015100100802010,成都B出口,,G4202成都一绕高速,,,内环,,-2772,,,,,,,,
859,06211130,流量激增,2025-06-21 11:30:00,2025-06-21 11:40:00,G42015100100802010,成都B出口,,G4202成都一绕高速,,,内环,,-2772,,,,,,,,
860,06211400,流量激增,2025-06-21 14:00:00,2025-06-21 14:10:00,G42015100100802010,成都B出口,,G4202成都一绕高速,,,内环,,-2772,,,,,,,,
861,06211630,流量激增,2025-06-21 16:30:00,2025-06-21 16:45:00,G42015100100802010,成都B出口,,G4202成都一绕高速,,,内环,,-2772,,,,,,,,
862,06211835,流量激增,2025-06-21 18:35:00,2025-06-21 18:45:00,G42015100100802010,成都B出口,,G4202成都一绕高速,,,内环,,-2772,,,,,,,,
863,06221030,流量激增,2025-06-22 10:30:00,2025-06-22 10:40:00,G42015100100802010,成都B出口,,G4202成都一绕高速,,,内环,,-2772,,,,,,,,
864,06221340,流量激增,2025-06-22 13:40:00,2025-06-22 13:50:00,G42015100100802010,成都B出口,,G4202成都一绕高速,,,内环,,-2772,,,,,,,,
865,06221650,流量激增,2025-06-22 16:50:00,2025-06-22 17:00:00,G42015100100802010,成都B出口,,G4202成都一绕高速,,,内环,,-2772,,,,,,,,
866,06221830,流量激增,2025-06-22 18:30:00,2025-06-22 18:40:00,G42015100100802010,成都B出口,,G4202成都一绕高速,,,内环,,-2772,,,,,,,,
867,06231705,流量激增,2025-06-23 17:05:00,2025-06-23 17:25:00,G42015100100802010,成都B出口,,G4202成都一绕高速,,,内环,,-2772,,,,,,,,
868,06251650,流量激增,2025-06-25 16:50:00,2025-06-25 17:15:00,G42015100100802010,成都B出口,,G4202成都一绕高速,,,内环,,-2772,,,,,,,,
869,06260850,流量激增,2025-06-26 08:50:00,2025-06-26 09:05:00,G42015100100802010,成都B出口,,G4202成都一绕高速,,,内环,,-2772,,,,,,,,
870,06261700,流量激增,2025-06-26 17:00:00,2025-06-26 17:20:00,G42015100100802010,成都B出口,,G4202成都一绕高速,,,内环,,-2772,,,,,,,,
871,06271710,流量激增,2025-06-27 17:10:00,2025-06-27 17:25:00,G42015100100802010,成都B出口,,G4202成都一绕高速,,,内环,,-2772,,,,,,,,
872,06281055,流量激增,2025-06-28 10:55:00,2025-06-28 11:05:00,G42015100100802010,成都B出口,,G4202成都一绕高速,,,内环,,-2772,,,,,,,,
873,06281355,流量激增,2025-06-28 13:55:00,2025-06-28 14:05:00,G42015100100802010,成都B出口,,G4202成都一绕高速,,,内环,,-2772,,,,,,,,
874,06281735,流量激增,2025-06-28 17:35:00,2025-06-28 17:45:00,G42015100100802010,成都B出口,,G4202成都一绕高速,,,内环,,-2772,,,,,,,,
875,06291745,流量激增,2025-06-29 17:45:00,2025-06-29 17:55:00,G42015100100802010,成都B出口,,G4202成都一绕高速,,,内环,,-2772,,,,,,,,
876,06301715,流量激增,2025-06-30 17:15:00,2025-06-30 17:30:00,G42015100100802010,成都B出口,,G4202成都一绕高速,,,内环,,-2772,,,,,,,,
877,07011715,流量激增,2025-07-01 17:15:00,2025-07-01 17:25:00,G42015100100802010,成都B出口,,G4202成都一绕高速,,,内环,,-2772,,,,,,,,
878,07011750,流量激增,2025-07-01 17:50:00,2025-07-01 18:10:00,G42015100100802010,成都B出口,,G4202成都一绕高速,,,内环,,-2772,,,,,,,,
879,07021735,流量激增,2025-07-02 17:35:00,2025-07-02 17:50:00,G42015100100802010,成都B出口,,G4202成都一绕高速,,,内环,,-2772,,,,,,,,
880,07031905,流量激增,2025-07-03 19:05:00,2025-07-03 19:15:00,G42015100100802010,成都B出口,,G4202成都一绕高速,,,内环,,-2772,,,,,,,,
881,07040845,流量激增,2025-07-04 08:45:00,2025-07-04 08:55:00,G42015100100802010,成都B出口,,G4202成都一绕高速,,,内环,,-2772,,,,,,,,
882,07041645,流量激增,2025-07-04 16:45:00,2025-07-04 17:00:00,G42015100100802010,成都B出口,,G4202成都一绕高速,,,内环,,-2772,,,,,,,,
883,07081735,流量激增,2025-07-08 17:35:00,2025-07-08 17:45:00,G42015100100802010,成都B出口,,G4202成都一绕高速,,,内环,,-2772,,,,,,,,
884,07100825,流量激增,2025-07-10 08:25:00,2025-07-10 08:40:00,G42015100100802010,成都B出口,,G4202成都一绕高速,,,内环,,-2772,,,,,,,,
885,07101600,流量激增,2025-07-10 16:00:00,2025-07-10 16:10:00,G42015100100802010,成都B出口,,G4202成都一绕高速,,,内环,,-2772,,,,,,,,
886,07111720,流量激增,2025-07-11 17:20:00,2025-07-11 17:30:00,G42015100100802010,成都B出口,,G4202成都一绕高速,,,内环,,-2772,,,,,,,,
887,07131425,流量激增,2025-07-13 14:25:00,2025-07-13 14:35:00,G42015100100802010,成都B出口,,G4202成都一绕高速,,,内环,,-2772,,,,,,,,
888,07131645,流量激增,2025-07-13 16:45:00,2025-07-13 16:55:00,G42015100100802010,成都B出口,,G4202成都一绕高速,,,内环,,-2772,,,,,,,,
889,07140910,流量激增,2025-07-14 09:10:00,2025-07-14 09:20:00,G42015100100802010,成都B出口,,G4202成都一绕高速,,,内环,,-2772,,,,,,,,
890,07141710,流量激增,2025-07-14 17:10:00,2025-07-14 17:20:00,G42015100100802010,成都B出口,,G4202成都一绕高速,,,内环,,-2772,,,,,,,,
891,07171715,流量激增,2025-07-17 17:15:00,2025-07-17 17:30:00,G42015100100802010,成都B出口,,G4202成都一绕高速,,,内环,,-2772,,,,,,,,
892,07191325,流量激增,2025-07-19 13:25:00,2025-07-19 13:35:00,G42015100100802010,成都B出口,,G4202成都一绕高速,,,内环,,-2772,,,,,,,,
893,07201420,流量激增,2025-07-20 14:20:00,2025-07-20 14:30:00,G42015100100802010,成都B出口,,G4202成都一绕高速,,,内环,,-2772,,,,,,,,
894,07211700,流量激增,2025-07-21 17:00:00,2025-07-21 17:10:00,G42015100100802010,成都B出口,,G4202成都一绕高速,,,内环,,-2772,,,,,,,,
895,07211740,流量激增,2025-07-21 17:40:00,2025-07-21 17:50:00,G42015100100802010,成都B出口,,G4202成都一绕高速,,,内环,,-2772,,,,,,,,
896,07211825,流量激增,2025-07-21 18:25:00,2025-07-21 18:35:00,G42015100100802010,成都B出口,,G4202成都一绕高速,,,内环,,-2772,,,,,,,,
897,07220755,流量激增,2025-07-22 07:55:00,2025-07-22 08:05:00,G42015100100802010,成都B出口,,G4202成都一绕高速,,,内环,,-2772,,,,,,,,
898,07220820,流量激增,2025-07-22 08:20:00,2025-07-22 08:30:00,G42015100100802010,成都B出口,,G4202成都一绕高速,,,内环,,-2772,,,,,,,,
899,07230815,流量激增,2025-07-23 08:15:00,2025-07-23 08:25:00,G42015100100802010,成都B出口,,G4202成都一绕高速,,,内环,,-2772,,,,,,,,
900,07241735,流量激增,2025-07-24 17:35:00,2025-07-24 17:45:00,G42015100100802010,成都B出口,,G4202成都一绕高速,,,内环,,-2772,,,,,,,,
901,07251720,流量激增,2025-07-25 17:20:00,2025-07-25 17:30:00,G42015100100802010,成都B出口,,G4202成都一绕高速,,,内环,,-2772,,,,,,,,
902,07261450,流量激增,2025-07-26 14:50:00,2025-07-26 15:00:00,G42015100100802010,成都B出口,,G4202成都一绕高速,,,内环,,-2772,,,,,,,,
903,07281705,流量激增,2025-07-28 17:05:00,2025-07-28 17:15:00,G42015100100802010,成都B出口,,G4202成都一绕高速,,,内环,,-2772,,,,,,,,
904,07290815,流量激增,2025-07-29 08:15:00,2025-07-29 08:25:00,G42015100100802010,成都B出口,,G4202成都一绕高速,,,内环,,-2772,,,,,,,,
905,07291705,流量激增,2025-07-29 17:05:00,2025-07-29 17:15:00,G42015100100802010,成都B出口,,G4202成都一绕高速,,,内环,,-2772,,,,,,,,
906,07291755,流量激增,2025-07-29 17:55:00,2025-07-29 18:05:00,G42015100100802010,成都B出口,,G4202成都一绕高速,,,内环,,-2772,,,,,,,,
907,07301750,流量激增,2025-07-30 17:50:00,2025-07-30 18:00:00,G42015100100802010,成都B出口,,G4202成都一绕高速,,,内环,,-2772,,,,,,,,
908,08011740,流量激增,2025-08-01 17:40:00,2025-08-01 17:50:00,G42015100100802010,成都B出口,,G4202成都一绕高速,,,内环,,-2772,,,,,,,,
909,08041705,流量激增,2025-08-04 17:05:00,2025-08-04 17:20:00,G42015100100802010,成都B出口,,G4202成都一绕高速,,,内环,,-2772,,,,,,,,
910,08041820,流量激增,2025-08-04 18:20:00,2025-08-04 18:30:00,G42015100100802010,成都B出口,,G4202成都一绕高速,,,内环,,-2772,,,,,,,,
911,08070820,流量激增,2025-08-07 08:20:00,2025-08-07 08:35:00,G42015100100802010,成都B出口,,G4202成都一绕高速,,,内环,,-2772,,,,,,,,
912,08071710,流量激增,2025-08-07 17:10:00,2025-08-07 17:30:00,G42015100100802010,成都B出口,,G4202成都一绕高速,,,内环,,-2772,,,,,,,,
913,08091745,流量激增,2025-08-09 17:45:00,2025-08-09 17:55:00,G42015100100802010,成都B出口,,G4202成都一绕高速,,,内环,,-2772,,,,,,,,
914,08131705,流量激增,2025-08-13 17:05:00,2025-08-13 17:20:00,G42015100100802010,成都B出口,,G4202成都一绕高速,,,内环,,-2772,,,,,,,,
915,08151700,流量激增,2025-08-15 17:00:00,2025-08-15 17:10:00,G42015100100802010,成都B出口,,G4202成都一绕高速,,,内环,,-2772,,,,,,,,
916,08181710,流量激增,2025-08-18 17:10:00,2025-08-18 17:20:00,G42015100100802010,成都B出口,,G4202成都一绕高速,,,内环,,-2772,,,,,,,,
917,08190805,流量激增,2025-08-19 08:05:00,2025-08-19 08:15:00,G42015100100802010,成都B出口,,G4202成都一绕高速,,,内环,,-2772,,,,,,,,
918,08191820,流量激增,2025-08-19 18:20:00,2025-08-19 18:30:00,G42015100100802010,成都B出口,,G4202成都一绕高速,,,内环,,-2772,,,,,,,,
919,08200740,流量激增,2025-08-20 07:40:00,2025-08-20 07:55:00,G42015100100802010,成都B出口,,G4202成都一绕高速,,,内环,,-2772,,,,,,,,
920,08220825,流量激增,2025-08-22 08:25:00,2025-08-22 08:40:00,G42015100100802010,成都B出口,,G4202成都一绕高速,,,内环,,-2772,,,,,,,,
921,08231720,流量激增,2025-08-23 17:20:00,2025-08-23 17:35:00,G42015100100802010,成都B出口,,G4202成都一绕高速,,,内环,,-2772,,,,,,,,
922,08251955,流量激增,2025-08-25 19:55:00,2025-08-25 20:05:00,G42015100100802010,成都B出口,,G4202成都一绕高速,,,内环,,-2772,,,,,,,,
923,08260810,流量激增,2025-08-26 08:10:00,2025-08-26 08:30:00,G42015100100802010,成都B出口,,G4202成都一绕高速,,,内环,,-2772,,,,,,,,
924,08261705,流量激增,2025-08-26 17:05:00,2025-08-26 17:20:00,G42015100100802010,成都B出口,,G4202成都一绕高速,,,内环,,-2772,,,,,,,,
925,08270820,流量激增,2025-08-27 08:20:00,2025-08-27 08:40:00,G42015100100802010,成都B出口,,G4202成都一绕高速,,,内环,,-2772,,,,,,,,
926,08271655,流量激增,2025-08-27 16:55:00,2025-08-27 17:20:00,G42015100100802010,成都B出口,,G4202成都一绕高速,,,内环,,-2772,,,,,,,,
927,08271910,流量激增,2025-08-27 19:10:00,2025-08-27 19:20:00,G42015100100802010,成都B出口,,G4202成都一绕高速,,,内环,,-2772,,,,,,,,
928,08280755,流量激增,2025-08-28 07:55:00,2025-08-28 08:05:00,G42015100100802010,成都B出口,,G4202成都一绕高速,,,内环,,-2772,,,,,,,,
929,08280815,流量激增,2025-08-28 08:15:00,2025-08-28 08:25:00,G42015100100802010,成都B出口,,G4202成都一绕高速,,,内环,,-2772,,,,,,,,
930,08311040,流量激增,2025-08-31 10:40:00,2025-08-31 10:50:00,G42015100100802010,成都B出口,,G4202成都一绕高速,,,内环,,-2772,,,,,,,,
931,08311110,流量激增,2025-08-31 11:10:00,2025-08-31 11:25:00,G42015100100802010,成都B出口,,G4202成都一绕高速,,,内环,,-2772,,,,,,,,
932,08311455,流量激增,2025-08-31 14:55:00,2025-08-31 15:05:00,G42015100100802010,成都B出口,,G4202成都一绕高速,,,内环,,-2772,,,,,,,,
933,08311615,流量激增,2025-08-31 16:15:00,2025-08-31 16:25:00,G42015100100802010,成都B出口,,G4202成都一绕高速,,,内环,,-2772,,,,,,,,
934,09010735,流量激增,2025-09-01 07:35:00,2025-09-01 07:45:00,G42015100100802010,成都B出口,,G4202成都一绕高速,,,内环,,-2772,,,,,,,,
935,09020810,流量激增,2025-09-02 08:10:00,2025-09-02 08:25:00,G42015100100802010,成都B出口,,G4202成都一绕高速,,,内环,,-2772,,,,,,,,
936,09020855,流量激增,2025-09-02 08:55:00,2025-09-02 09:05:00,G42015100100802010,成都B出口,,G4202成都一绕高速,,,内环,,-2772,,,,,,,,
937,09021655,流量激增,2025-09-02 16:55:00,2025-09-02 17:05:00,G42015100100802010,成都B出口,,G4202成都一绕高速,,,内环,,-2772,,,,,,,,
938,09031715,流量激增,2025-09-03 17:15:00,2025-09-03 17:30:00,G42015100100802010,成都B出口,,G4202成都一绕高速,,,内环,,-2772,,,,,,,,
939,09040810,流量激增,2025-09-04 08:10:00,2025-09-04 08:25:00,G42015100100802010,成都B出口,,G4202成都一绕高速,,,内环,,-2772,,,,,,,,
940,09041705,流量激增,2025-09-04 17:05:00,2025-09-04 17:30:00,G42015100100802010,成都B出口,,G4202成都一绕高速,,,内环,,-2772,,,,,,,,
941,09050800,流量激增,2025-09-05 08:00:00,2025-09-05 08:10:00,G42015100100802010,成都B出口,,G4202成都一绕高速,,,内环,,-2772,,,,,,,,
942,09050820,流量激增,2025-09-05 08:20:00,2025-09-05 08:30:00,G42015100100802010,成都B出口,,G4202成都一绕高速,,,内环,,-2772,,,,,,,,
943,09051700,流量激增,2025-09-05 17:00:00,2025-09-05 17:20:00,G42015100100802010,成都B出口,,G4202成都一绕高速,,,内环,,-2772,,,,,,,,
944,09051745,流量激增,2025-09-05 17:45:00,2025-09-05 18:00:00,G42015100100802010,成都B出口,,G4202成都一绕高速,,,内环,,-2772,,,,,,,,
945,09061415,流量激增,2025-09-06 14:15:00,2025-09-06 14:25:00,G42015100100802010,成都B出口,,G4202成都一绕高速,,,内环,,-2772,,,,,,,,
946,09061705,流量激增,2025-09-06 17:05:00,2025-09-06 17:15:00,G42015100100802010,成都B出口,,G4202成都一绕高速,,,内环,,-2772,,,,,,,,
947,09071440,流量激增,2025-09-07 14:40:00,2025-09-07 14:50:00,G42015100100802010,成都B出口,,G4202成都一绕高速,,,内环,,-2772,,,,,,,,
948,08190810,流量激增,2025-08-19 08:10:00,2025-08-19 08:20:00,G42015100100901010,绕城高速成仁收费站C入口,,G4202成都一绕高速,,,外环,,E0,,,,,,,,
949,09020835,流量激增,2025-09-02 08:35:00,2025-09-02 08:45:00,G42015100100902010,绕城高速成仁收费站D出口,,G4202成都一绕高速,,,外环,,E1,,,,,,,,
950,06090635,流量激增,2025-06-09 06:35:00,2025-06-09 06:45:00,G420151002000120010,绕西双流站-绕东机场站门架,,G4202成都一绕高速,,,外环,,-7444.135,,,,,,,,
951,06250640,流量激增,2025-06-25 06:40:00,2025-06-25 06:55:00,G420151002000120010,绕西双流站-绕东机场站门架,,G4202成都一绕高速,,,外环,,-7444.135,,,,,,,,
952,06270635,流量激增,2025-06-27 06:35:00,2025-06-27 06:55:00,G420151002000120010,绕西双流站-绕东机场站门架,,G4202成都一绕高速,,,外环,,-7444.135,,,,,,,,
953,06300630,流量激增,2025-06-30 06:30:00,2025-06-30 06:45:00,G420151002000120010,绕西双流站-绕东机场站门架,,G4202成都一绕高速,,,外环,,-7444.135,,,,,,,,
954,07020645,流量激增,2025-07-02 06:45:00,2025-07-02 06:55:00,G420151002000120010,绕西双流站-绕东机场站门架,,G4202成都一绕高速,,,外环,,-7444.135,,,,,,,,
955,07070630,流量激增,2025-07-07 06:30:00,2025-07-07 06:45:00,G420151002000120010,绕西双流站-绕东机场站门架,,G4202成都一绕高速,,,外环,,-7444.135,,,,,,,,
956,07080640,流量激增,2025-07-08 06:40:00,2025-07-08 06:55:00,G420151002000120010,绕西双流站-绕东机场站门架,,G4202成都一绕高速,,,外环,,-7444.135,,,,,,,,
957,07140630,流量激增,2025-07-14 06:30:00,2025-07-14 06:45:00,G420151002000120010,绕西双流站-绕东机场站门架,,G4202成都一绕高速,,,外环,,-7444.135,,,,,,,,
958,07160640,流量激增,2025-07-16 06:40:00,2025-07-16 06:55:00,G420151002000120010,绕西双流站-绕东机场站门架,,G4202成都一绕高速,,,外环,,-7444.135,,,,,,,,
959,07280630,流量激增,2025-07-28 06:30:00,2025-07-28 06:45:00,G420151002000120010,绕西双流站-绕东机场站门架,,G4202成都一绕高速,,,外环,,-7444.135,,,,,,,,
960,07300645,流量激增,2025-07-30 06:45:00,2025-07-30 06:55:00,G420151002000120010,绕西双流站-绕东机场站门架,,G4202成都一绕高速,,,外环,,-7444.135,,,,,,,,
961,07310640,流量激增,2025-07-31 06:40:00,2025-07-31 06:55:00,G420151002000120010,绕西双流站-绕东机场站门架,,G4202成都一绕高速,,,外环,,-7444.135,,,,,,,,
962,08200645,流量激增,2025-08-20 06:45:00,2025-08-20 06:55:00,G420151002000120010,绕西双流站-绕东机场站门架,,G4202成都一绕高速,,,外环,,-7444.135,,,,,,,,
963,08210650,流量激增,2025-08-21 06:50:00,2025-08-21 07:00:00,G420151002000120010,绕西双流站-绕东机场站门架,,G4202成都一绕高速,,,外环,,-7444.135,,,,,,,,
964,08270645,流量激增,2025-08-27 06:45:00,2025-08-27 07:05:00,G420151002000120010,绕西双流站-绕东机场站门架,,G4202成都一绕高速,,,外环,,-7444.135,,,,,,,,
965,09040640,流量激增,2025-09-04 06:40:00,2025-09-04 06:55:00,G420151002000120010,绕西双流站-绕东机场站门架,,G4202成都一绕高速,,,外环,,-7444.135,,,,,,,,
966,06160625,流量激增,2025-06-16 06:25:00,2025-06-16 06:35:00,G420151002000220010,绕西成新蒲站-绕西双流站门架,,G4202成都一绕高速,,,外环,,-6906,,,,,,,,
967,06260630,流量激增,2025-06-26 06:30:00,2025-06-26 06:50:00,G420151002000220010,绕西成新蒲站-绕西双流站门架,,G4202成都一绕高速,,,外环,,-6906,,,,,,,,
968,06270640,流量激增,2025-06-27 06:40:00,2025-06-27 06:50:00,G420151002000220010,绕西成新蒲站-绕西双流站门架,,G4202成都一绕高速,,,外环,,-6906,,,,,,,,
969,07090635,流量激增,2025-07-09 06:35:00,2025-07-09 06:55:00,G420151002000220010,绕西成新蒲站-绕西双流站门架,,G4202成都一绕高速,,,外环,,-6906,,,,,,,,
970,07300645,流量激增,2025-07-30 06:45:00,2025-07-30 06:55:00,G420151002000220010,绕西成新蒲站-绕西双流站门架,,G4202成都一绕高速,,,外环,,-6906,,,,,,,,
971,06090630,流量激增,2025-06-09 06:30:00,2025-06-09 06:40:00,G420151002000420010,绕西成温邛站-绕西光华大道站门架,,G4202成都一绕高速,,,外环,,-1698,,,,,,,,
972,06271205,流量激增,2025-06-27 12:05:00,2025-06-27 12:15:00,G420151002000420010,绕西成温邛站-绕西光华大道站门架,,G4202成都一绕高速,,,外环,,-1698,,,,,,,,
973,07210630,流量激增,2025-07-21 06:30:00,2025-07-21 06:50:00,G420151002000420010,绕西成温邛站-绕西光华大道站门架,,G4202成都一绕高速,,,外环,,-1698,,,,,,,,
974,07010635,流量激增,2025-07-01 06:35:00,2025-07-01 06:45:00,G420151002000520010,绕西永宁站-绕西成温邛站门架,,G4202成都一绕高速,,,外环,,-17388,,,,,,,,
975,07210625,流量激增,2025-07-21 06:25:00,2025-07-21 06:45:00,G420151002000520010,绕西永宁站-绕西成温邛站门架,,G4202成都一绕高速,,,外环,,-17388,,,,,,,,
976,09010630,流量激增,2025-09-01 06:30:00,2025-09-01 06:40:00,G420151002000520010,绕西永宁站-绕西成温邛站门架,,G4202成都一绕高速,,,外环,,-17388,,,,,,,,
977,07281245,流量激增,2025-07-28 12:45:00,2025-07-28 12:55:00,G420151002000610010,绕西永宁站-绕西成灌站门架,,G4202成都一绕高速,,,内环,,-9702,,,,,,,,
978,08250630,流量激增,2025-08-25 06:30:00,2025-08-25 06:50:00,G420151002000620010,绕西成灌站-绕西永宁站门架,,G4202成都一绕高速,,,外环,,-4744,,,,,,,,
979,06141940,流量激增,2025-06-14 19:40:00,2025-06-14 19:50:00,G420151002000710010,绕西成灌站-绕西蜀源站门架,,G4202成都一绕高速,,,内环,,-9594,,,,,,,,
980,06251940,流量激增,2025-06-25 19:40:00,2025-06-25 19:50:00,G420151002000710010,绕西成灌站-绕西蜀源站门架,,G4202成都一绕高速,,,内环,,-9594,,,,,,,,
981,08271030,流量激增,2025-08-27 10:30:00,2025-08-27 10:40:00,G420151002000710010,绕西成灌站-绕西蜀源站门架,,G4202成都一绕高速,,,内环,,-9594,,,,,,,,
982,08271940,流量激增,2025-08-27 19:40:00,2025-08-27 19:50:00,G420151002000710010,绕西成灌站-绕西蜀源站门架,,G4202成都一绕高速,,,内环,,-9594,,,,,,,,
983,06140905,流量激增,2025-06-14 09:05:00,2025-06-14 09:15:00,G420151002000720010,绕西蜀源站-绕西成灌站门架,,G4202成都一绕高速,,,外环,,-10042,,,,,,,,
984,06190855,流量激增,2025-06-19 08:55:00,2025-06-19 09:20:00,G420151002000720010,绕西蜀源站-绕西成灌站门架,,G4202成都一绕高速,,,外环,,-10042,,,,,,,,
985,06191130,流量激增,2025-06-19 11:30:00,2025-06-19 11:40:00,G420151002000720010,绕西蜀源站-绕西成灌站门架,,G4202成都一绕高速,,,外环,,-10042,,,,,,,,
986,06210905,流量激增,2025-06-21 09:05:00,2025-06-21 09:15:00,G420151002000720010,绕西蜀源站-绕西成灌站门架,,G4202成都一绕高速,,,外环,,-10042,,,,,,,,
987,07041210,流量激增,2025-07-04 12:10:00,2025-07-04 12:20:00,G420151002000720010,绕西蜀源站-绕西成灌站门架,,G4202成都一绕高速,,,外环,,-10042,,,,,,,,
988,08060905,流量激增,2025-08-06 09:05:00,2025-08-06 09:15:00,G420151002000720010,绕西蜀源站-绕西成灌站门架,,G4202成都一绕高速,,,外环,,-10042,,,,,,,,
989,08080905,流量激增,2025-08-08 09:05:00,2025-08-08 09:15:00,G420151002000720010,绕西蜀源站-绕西成灌站门架,,G4202成都一绕高速,,,外环,,-10042,,,,,,,,
990,08131105,流量激增,2025-08-13 11:05:00,2025-08-13 11:15:00,G420151002000720010,绕西蜀源站-绕西成灌站门架,,G4202成都一绕高速,,,外环,,-10042,,,,,,,,
991,08240905,流量激增,2025-08-24 09:05:00,2025-08-24 09:20:00,G420151002000720010,绕西蜀源站-绕西成灌站门架,,G4202成都一绕高速,,,外环,,-10042,,,,,,,,
992,08271320,流量激增,2025-08-27 13:20:00,2025-08-27 13:30:00,G420151002000720010,绕西蜀源站-绕西成灌站门架,,G4202成都一绕高速,,,外环,,-10042,,,,,,,,
993,06200920,流量激增,2025-06-20 09:20:00,2025-06-20 09:40:00,G420151002000810010,绕西蜀源站-绕西成彭站门架,,G4202成都一绕高速,,,内环,,-15960,,,,,,,,
994,07260910,流量激增,2025-07-26 09:10:00,2025-07-26 09:25:00,G420151002000810010,绕西蜀源站-绕西成彭站门架,,G4202成都一绕高速,,,内环,,-15960,,,,,,,,
995,08130910,流量激增,2025-08-13 09:10:00,2025-08-13 09:25:00,G420151002000810010,绕西蜀源站-绕西成彭站门架,,G4202成都一绕高速,,,内环,,-15960,,,,,,,,
996,08311515,流量激增,2025-08-31 15:15:00,2025-08-31 15:25:00,G420151002000810010,绕西蜀源站-绕西成彭站门架,,G4202成都一绕高速,,,内环,,-15960,,,,,,,,
997,06130900,流量激增,2025-06-13 09:00:00,2025-06-13 09:10:00,G420151002000820010,绕西成彭站-绕西蜀源站门架,,G4202成都一绕高速,,,外环,,-2152,,,,,,,,
998,06190900,流量激增,2025-06-19 09:00:00,2025-06-19 09:20:00,G420151002000820010,绕西成彭站-绕西蜀源站门架,,G4202成都一绕高速,,,外环,,-2152,,,,,,,,
999,06210900,流量激增,2025-06-21 09:00:00,2025-06-21 09:20:00,G420151002000820010,绕西成彭站-绕西蜀源站门架,,G4202成都一绕高速,,,外环,,-2152,,,,,,,,
1000,06260720,流量激增,2025-06-26 07:20:00,2025-06-26 07:30:00,G420151002000820010,绕西成彭站-绕西蜀源站门架,,G4202成都一绕高速,,,外环,,-2152,,,,,,,,
1001,07121610,流量激增,2025-07-12 16:10:00,2025-07-12 16:20:00,G420151002000820010,绕西成彭站-绕西蜀源站门架,,G4202成都一绕高速,,,外环,,-2152,,,,,,,,
1002,07191355,流量激增,2025-07-19 13:55:00,2025-07-19 14:10:00,G420151002000820010,绕西成彭站-绕西蜀源站门架,,G4202成都一绕高速,,,外环,,-2152,,,,,,,,
1003,07220900,流量激增,2025-07-22 09:00:00,2025-07-22 09:35:00,G420151002000820010,绕西成彭站-绕西蜀源站门架,,G4202成都一绕高速,,,外环,,-2152,,,,,,,,
1004,08151930,流量激增,2025-08-15 19:30:00,2025-08-15 19:40:00,G420151002000820010,绕西成彭站-绕西蜀源站门架,,G4202成都一绕高速,,,外环,,-2152,,,,,,,,
1005,08201055,流量激增,2025-08-20 10:55:00,2025-08-20 11:05:00,G420151002000820010,绕西成彭站-绕西蜀源站门架,,G4202成都一绕高速,,,外环,,-2152,,,,,,,,
1006,08270920,流量激增,2025-08-27 09:20:00,2025-08-27 09:30:00,G420151002000820010,绕西成彭站-绕西蜀源站门架,,G4202成都一绕高速,,,外环,,-2152,,,,,,,,
1007,08271315,流量激增,2025-08-27 13:15:00,2025-08-27 13:25:00,G420151002000820010,绕西成彭站-绕西蜀源站门架,,G4202成都一绕高速,,,外环,,-2152,,,,,,,,
1008,08311340,流量激增,2025-08-31 13:40:00,2025-08-31 14:00:00,G420151002000820010,绕西成彭站-绕西蜀源站门架,,G4202成都一绕高速,,,外环,,-2152,,,,,,,,
1009,09010935,流量激增,2025-09-01 09:35:00,2025-09-01 09:45:00,G420151002000820010,绕西成彭站-绕西蜀源站门架,,G4202成都一绕高速,,,外环,,-2152,,,,,,,,
1010,09020905,流量激增,2025-09-02 09:05:00,2025-09-02 09:15:00,G420151002000820010,绕西成彭站-绕西蜀源站门架,,G4202成都一绕高速,,,外环,,-2152,,,,,,,,
1011,09041330,流量激增,2025-09-04 13:30:00,2025-09-04 13:40:00,G420151002000820010,绕西成彭站-绕西蜀源站门架,,G4202成都一绕高速,,,外环,,-2152,,,,,,,,
1012,09071510,流量激增,2025-09-07 15:10:00,2025-09-07 15:20:00,G420151002000820010,绕西成彭站-绕西蜀源站门架,,G4202成都一绕高速,,,外环,,-2152,,,,,,,,
1013,06280910,流量激增,2025-06-28 09:10:00,2025-06-28 09:20:00,G420151002000910010,绕西成彭站-绕西北新站门架,,G4202成都一绕高速,,,内环,,-4336,,,,,,,,
1014,06110900,流量激增,2025-06-11 09:00:00,2025-06-11 09:10:00,G420151002000920010,绕西北新站-绕西成彭站门架,,G4202成都一绕高速,,,外环,,-6298,,,,,,,,
1015,06250900,流量激增,2025-06-25 09:00:00,2025-06-25 09:10:00,G420151002000920010,绕西北新站-绕西成彭站门架,,G4202成都一绕高速,,,外环,,-6298,,,,,,,,
1016,09071500,流量激增,2025-09-07 15:00:00,2025-09-07 15:15:00,G420151002000920010,绕西北新站-绕西成彭站门架,,G4202成都一绕高速,,,外环,,-6298,,,,,,,,
1017,06261540,流量激增,2025-06-26 15:40:00,2025-06-26 15:50:00,G420151002001010010,绕西北新站-绕西货运大道站门架,,G4202成都一绕高速,,,内环,,-4516.107,,,,,,,,
1018,08201600,流量激增,2025-08-20 16:00:00,2025-08-20 16:10:00,G420151002001010010,绕西北新站-绕西货运大道站门架,,G4202成都一绕高速,,,内环,,-4516.107,,,,,,,,
1019,08270855,流量激增,2025-08-27 08:55:00,2025-08-27 09:15:00,G420151002001010010,绕西北新站-绕西货运大道站门架,,G4202成都一绕高速,,,内环,,-4516.107,,,,,,,,
1020,06120900,流量激增,2025-06-12 09:00:00,2025-06-12 09:15:00,G420151002001020010,绕西货运大道站-绕西北新站门架,,G4202成都一绕高速,,,外环,,-7206,,,,,,,,
1021,06130900,流量激增,2025-06-13 09:00:00,2025-06-13 09:10:00,G420151002001020010,绕西货运大道站-绕西北新站门架,,G4202成都一绕高速,,,外环,,-7206,,,,,,,,
1022,06140900,流量激增,2025-06-14 09:00:00,2025-06-14 09:15:00,G420151002001020010,绕西货运大道站-绕西北新站门架,,G4202成都一绕高速,,,外环,,-7206,,,,,,,,
1023,06150950,流量激增,2025-06-15 09:50:00,2025-06-15 10:00:00,G420151002001020010,绕西货运大道站-绕西北新站门架,,G4202成都一绕高速,,,外环,,-7206,,,,,,,,
1024,06200900,流量激增,2025-06-20 09:00:00,2025-06-20 09:10:00,G420151002001020010,绕西货运大道站-绕西北新站门架,,G4202成都一绕高速,,,外环,,-7206,,,,,,,,
1025,06211550,流量激增,2025-06-21 15:50:00,2025-06-21 16:00:00,G420151002001020010,绕西货运大道站-绕西北新站门架,,G4202成都一绕高速,,,外环,,-7206,,,,,,,,
1026,06230900,流量激增,2025-06-23 09:00:00,2025-06-23 09:20:00,G420151002001020010,绕西货运大道站-绕西北新站门架,,G4202成都一绕高速,,,外环,,-7206,,,,,,,,
1027,06250855,流量激增,2025-06-25 08:55:00,2025-06-25 09:10:00,G420151002001020010,绕西货运大道站-绕西北新站门架,,G4202成都一绕高速,,,外环,,-7206,,,,,,,,
1028,06260900,流量激增,2025-06-26 09:00:00,2025-06-26 09:15:00,G420151002001020010,绕西货运大道站-绕西北新站门架,,G4202成都一绕高速,,,外环,,-7206,,,,,,,,
1029,06280900,流量激增,2025-06-28 09:00:00,2025-06-28 09:10:00,G420151002001020010,绕西货运大道站-绕西北新站门架,,G4202成都一绕高速,,,外环,,-7206,,,,,,,,
1030,07090900,流量激增,2025-07-09 09:00:00,2025-07-09 09:10:00,G420151002001020010,绕西货运大道站-绕西北新站门架,,G4202成都一绕高速,,,外环,,-7206,,,,,,,,
1031,07120905,流量激增,2025-07-12 09:05:00,2025-07-12 09:20:00,G420151002001020010,绕西货运大道站-绕西北新站门架,,G4202成都一绕高速,,,外环,,-7206,,,,,,,,
1032,07140900,流量激增,2025-07-14 09:00:00,2025-07-14 09:20:00,G420151002001020010,绕西货运大道站-绕西北新站门架,,G4202成都一绕高速,,,外环,,-7206,,,,,,,,
1033,07150900,流量激增,2025-07-15 09:00:00,2025-07-15 09:10:00,G420151002001020010,绕西货运大道站-绕西北新站门架,,G4202成都一绕高速,,,外环,,-7206,,,,,,,,
1034,07151040,流量激增,2025-07-15 10:40:00,2025-07-15 10:50:00,G420151002001020010,绕西货运大道站-绕西北新站门架,,G4202成都一绕高速,,,外环,,-7206,,,,,,,,
1035,07210910,流量激增,2025-07-21 09:10:00,2025-07-21 09:30:00,G420151002001020010,绕西货运大道站-绕西北新站门架,,G4202成都一绕高速,,,外环,,-7206,,,,,,,,
1036,08190900,流量激增,2025-08-19 09:00:00,2025-08-19 09:15:00,G420151002001020010,绕西货运大道站-绕西北新站门架,,G4202成都一绕高速,,,外环,,-7206,,,,,,,,
1037,08221535,流量激增,2025-08-22 15:35:00,2025-08-22 15:45:00,G420151002001020010,绕西货运大道站-绕西北新站门架,,G4202成都一绕高速,,,外环,,-7206,,,,,,,,
1038,08260900,流量激增,2025-08-26 09:00:00,2025-08-26 09:10:00,G420151002001020010,绕西货运大道站-绕西北新站门架,,G4202成都一绕高速,,,外环,,-7206,,,,,,,,
1039,08270900,流量激增,2025-08-27 09:00:00,2025-08-27 09:10:00,G420151002001020010,绕西货运大道站-绕西北新站门架,,G4202成都一绕高速,,,外环,,-7206,,,,,,,,
1040,08280900,流量激增,2025-08-28 09:00:00,2025-08-28 09:10:00,G420151002001020010,绕西货运大道站-绕西北新站门架,,G4202成都一绕高速,,,外环,,-7206,,,,,,,,
1041,08281345,流量激增,2025-08-28 13:45:00,2025-08-28 13:55:00,G420151002001020010,绕西货运大道站-绕西北新站门架,,G4202成都一绕高速,,,外环,,-7206,,,,,,,,
1042,08290900,流量激增,2025-08-29 09:00:00,2025-08-29 09:10:00,G420151002001020010,绕西货运大道站-绕西北新站门架,,G4202成都一绕高速,,,外环,,-7206,,,,,,,,
1043,09010715,流量激增,2025-09-01 07:15:00,2025-09-01 07:30:00,G420151002001020010,绕西货运大道站-绕西北新站门架,,G4202成都一绕高速,,,外环,,-7206,,,,,,,,
1044,09010900,流量激增,2025-09-01 09:00:00,2025-09-01 09:10:00,G420151002001020010,绕西货运大道站-绕西北新站门架,,G4202成都一绕高速,,,外环,,-7206,,,,,,,,
1045,09071415,流量激增,2025-09-07 14:15:00,2025-09-07 14:30:00,G420151002001020010,绕西货运大道站-绕西北新站门架,,G4202成都一绕高速,,,外环,,-7206,,,,,,,,
1046,06091555,流量激增,2025-06-09 15:55:00,2025-06-09 16:10:00,G42015100200102010,货运大道收费站出口广场,,G4202成都一绕高速,,,外环,,-16654,,,,,,,,
1047,06091555,流量激增,2025-06-09 15:55:00,2025-06-09 16:10:00,G42015100200102010,货运大道收费站出口广场,,G4202成都一绕高速,,,外环,,-16654,,,,,,,,
1048,06100935,流量激增,2025-06-10 09:35:00,2025-06-10 09:50:00,G42015100200102010,货运大道收费站出口广场,,G4202成都一绕高速,,,外环,,-16654,,,,,,,,
1049,06100935,流量激增,2025-06-10 09:35:00,2025-06-10 09:50:00,G42015100200102010,货运大道收费站出口广场,,G4202成都一绕高速,,,外环,,-16654,,,,,,,,
1050,06121140,流量激增,2025-06-12 11:40:00,2025-06-12 11:55:00,G42015100200102010,货运大道收费站出口广场,,G4202成都一绕高速,,,外环,,-16654,,,,,,,,
1051,06121140,流量激增,2025-06-12 11:40:00,2025-06-12 11:55:00,G42015100200102010,货运大道收费站出口广场,,G4202成都一绕高速,,,外环,,-16654,,,,,,,,
1052,06161950,流量激增,2025-06-16 19:50:00,2025-06-16 20:00:00,G42015100200102010,货运大道收费站出口广场,,G4202成都一绕高速,,,外环,,-16654,,,,,,,,
1053,06161950,流量激增,2025-06-16 19:50:00,2025-06-16 20:00:00,G42015100200102010,货运大道收费站出口广场,,G4202成都一绕高速,,,外环,,-16654,,,,,,,,
1054,06181525,流量激增,2025-06-18 15:25:00,2025-06-18 15:40:00,G42015100200102010,货运大道收费站出口广场,,G4202成都一绕高速,,,外环,,-16654,,,,,,,,
1055,06181525,流量激增,2025-06-18 15:25:00,2025-06-18 15:40:00,G42015100200102010,货运大道收费站出口广场,,G4202成都一绕高速,,,外环,,-16654,,,,,,,,
1056,06181945,流量激增,2025-06-18 19:45:00,2025-06-18 19:55:00,G42015100200102010,货运大道收费站出口广场,,G4202成都一绕高速,,,外环,,-16654,,,,,,,,
1057,06181945,流量激增,2025-06-18 19:45:00,2025-06-18 19:55:00,G42015100200102010,货运大道收费站出口广场,,G4202成都一绕高速,,,外环,,-16654,,,,,,,,
1058,06201430,流量激增,2025-06-20 14:30:00,2025-06-20 14:45:00,G42015100200102010,货运大道收费站出口广场,,G4202成都一绕高速,,,外环,,-16654,,,,,,,,
1059,06201430,流量激增,2025-06-20 14:30:00,2025-06-20 14:45:00,G42015100200102010,货运大道收费站出口广场,,G4202成都一绕高速,,,外环,,-16654,,,,,,,,
1060,06211515,流量激增,2025-06-21 15:15:00,2025-06-21 15:25:00,G42015100200102010,货运大道收费站出口广场,,G4202成都一绕高速,,,外环,,-16654,,,,,,,,
1061,06211515,流量激增,2025-06-21 15:15:00,2025-06-21 15:25:00,G42015100200102010,货运大道收费站出口广场,,G4202成都一绕高速,,,外环,,-16654,,,,,,,,
1062,06231945,流量激增,2025-06-23 19:45:00,2025-06-23 19:55:00,G42015100200102010,货运大道收费站出口广场,,G4202成都一绕高速,,,外环,,-16654,,,,,,,,
1063,06231945,流量激增,2025-06-23 19:45:00,2025-06-23 19:55:00,G42015100200102010,货运大道收费站出口广场,,G4202成都一绕高速,,,外环,,-16654,,,,,,,,
1064,06250920,流量激增,2025-06-25 09:20:00,2025-06-25 09:30:00,G42015100200102010,货运大道收费站出口广场,,G4202成都一绕高速,,,外环,,-16654,,,,,,,,
1065,06250920,流量激增,2025-06-25 09:20:00,2025-06-25 09:30:00,G42015100200102010,货运大道收费站出口广场,,G4202成都一绕高速,,,外环,,-16654,,,,,,,,
1066,06251050,流量激增,2025-06-25 10:50:00,2025-06-25 11:10:00,G42015100200102010,货运大道收费站出口广场,,G4202成都一绕高速,,,外环,,-16654,,,,,,,,
1067,06251050,流量激增,2025-06-25 10:50:00,2025-06-25 11:10:00,G42015100200102010,货运大道收费站出口广场,,G4202成都一绕高速,,,外环,,-16654,,,,,,,,
1068,06251445,流量激增,2025-06-25 14:45:00,2025-06-25 14:55:00,G42015100200102010,货运大道收费站出口广场,,G4202成都一绕高速,,,外环,,-16654,,,,,,,,
1069,06251445,流量激增,2025-06-25 14:45:00,2025-06-25 14:55:00,G42015100200102010,货运大道收费站出口广场,,G4202成都一绕高速,,,外环,,-16654,,,,,,,,
1070,06251950,流量激增,2025-06-25 19:50:00,2025-06-25 20:00:00,G42015100200102010,货运大道收费站出口广场,,G4202成都一绕高速,,,外环,,-16654,,,,,,,,
1071,06251950,流量激增,2025-06-25 19:50:00,2025-06-25 20:00:00,G42015100200102010,货运大道收费站出口广场,,G4202成都一绕高速,,,外环,,-16654,,,,,,,,
1072,06261125,流量激增,2025-06-26 11:25:00,2025-06-26 11:35:00,G42015100200102010,货运大道收费站出口广场,,G4202成都一绕高速,,,外环,,-16654,,,,,,,,
1073,06261125,流量激增,2025-06-26 11:25:00,2025-06-26 11:35:00,G42015100200102010,货运大道收费站出口广场,,G4202成都一绕高速,,,外环,,-16654,,,,,,,,
1074,06261605,流量激增,2025-06-26 16:05:00,2025-06-26 16:15:00,G42015100200102010,货运大道收费站出口广场,,G4202成都一绕高速,,,外环,,-16654,,,,,,,,
1075,06261605,流量激增,2025-06-26 16:05:00,2025-06-26 16:15:00,G42015100200102010,货运大道收费站出口广场,,G4202成都一绕高速,,,外环,,-16654,,,,,,,,
1076,06271950,流量激增,2025-06-27 19:50:00,2025-06-27 20:00:00,G42015100200102010,货运大道收费站出口广场,,G4202成都一绕高速,,,外环,,-16654,,,,,,,,
1077,06271950,流量激增,2025-06-27 19:50:00,2025-06-27 20:00:00,G42015100200102010,货运大道收费站出口广场,,G4202成都一绕高速,,,外环,,-16654,,,,,,,,
1078,06301645,流量激增,2025-06-30 16:45:00,2025-06-30 16:55:00,G42015100200102010,货运大道收费站出口广场,,G4202成都一绕高速,,,外环,,-16654,,,,,,,,
1079,06301645,流量激增,2025-06-30 16:45:00,2025-06-30 16:55:00,G42015100200102010,货运大道收费站出口广场,,G4202成都一绕高速,,,外环,,-16654,,,,,,,,
1080,07011120,流量激增,2025-07-01 11:20:00,2025-07-01 11:35:00,G42015100200102010,货运大道收费站出口广场,,G4202成都一绕高速,,,外环,,-16654,,,,,,,,
1081,07011120,流量激增,2025-07-01 11:20:00,2025-07-01 11:35:00,G42015100200102010,货运大道收费站出口广场,,G4202成都一绕高速,,,外环,,-16654,,,,,,,,
1082,07020920,流量激增,2025-07-02 09:20:00,2025-07-02 09:30:00,G42015100200102010,货运大道收费站出口广场,,G4202成都一绕高速,,,外环,,-16654,,,,,,,,
1083,07020920,流量激增,2025-07-02 09:20:00,2025-07-02 09:30:00,G42015100200102010,货运大道收费站出口广场,,G4202成都一绕高速,,,外环,,-16654,,,,,,,,
1084,07021535,流量激增,2025-07-02 15:35:00,2025-07-02 15:45:00,G42015100200102010,货运大道收费站出口广场,,G4202成都一绕高速,,,外环,,-16654,,,,,,,,
1085,07021535,流量激增,2025-07-02 15:35:00,2025-07-02 15:45:00,G42015100200102010,货运大道收费站出口广场,,G4202成都一绕高速,,,外环,,-16654,,,,,,,,
1086,07030955,流量激增,2025-07-03 09:55:00,2025-07-03 10:05:00,G42015100200102010,货运大道收费站出口广场,,G4202成都一绕高速,,,外环,,-16654,,,,,,,,
1087,07030955,流量激增,2025-07-03 09:55:00,2025-07-03 10:05:00,G42015100200102010,货运大道收费站出口广场,,G4202成都一绕高速,,,外环,,-16654,,,,,,,,
1088,07041525,流量激增,2025-07-04 15:25:00,2025-07-04 15:35:00,G42015100200102010,货运大道收费站出口广场,,G4202成都一绕高速,,,外环,,-16654,,,,,,,,
1089,07041525,流量激增,2025-07-04 15:25:00,2025-07-04 15:35:00,G42015100200102010,货运大道收费站出口广场,,G4202成都一绕高速,,,外环,,-16654,,,,,,,,
1090,07051045,流量激增,2025-07-05 10:45:00,2025-07-05 10:55:00,G42015100200102010,货运大道收费站出口广场,,G4202成都一绕高速,,,外环,,-16654,,,,,,,,
1091,07051045,流量激增,2025-07-05 10:45:00,2025-07-05 10:55:00,G42015100200102010,货运大道收费站出口广场,,G4202成都一绕高速,,,外环,,-16654,,,,,,,,
1092,07051125,流量激增,2025-07-05 11:25:00,2025-07-05 11:35:00,G42015100200102010,货运大道收费站出口广场,,G4202成都一绕高速,,,外环,,-16654,,,,,,,,
1093,07051125,流量激增,2025-07-05 11:25:00,2025-07-05 11:35:00,G42015100200102010,货运大道收费站出口广场,,G4202成都一绕高速,,,外环,,-16654,,,,,,,,
1094,07051635,流量激增,2025-07-05 16:35:00,2025-07-05 16:50:00,G42015100200102010,货运大道收费站出口广场,,G4202成都一绕高速,,,外环,,-16654,,,,,,,,
1095,07051635,流量激增,2025-07-05 16:35:00,2025-07-05 16:50:00,G42015100200102010,货运大道收费站出口广场,,G4202成都一绕高速,,,外环,,-16654,,,,,,,,
1096,07071115,流量激增,2025-07-07 11:15:00,2025-07-07 11:25:00,G42015100200102010,货运大道收费站出口广场,,G4202成都一绕高速,,,外环,,-16654,,,,,,,,
1097,07071115,流量激增,2025-07-07 11:15:00,2025-07-07 11:25:00,G42015100200102010,货运大道收费站出口广场,,G4202成都一绕高速,,,外环,,-16654,,,,,,,,
1098,07071455,流量激增,2025-07-07 14:55:00,2025-07-07 15:10:00,G42015100200102010,货运大道收费站出口广场,,G4202成都一绕高速,,,外环,,-16654,,,,,,,,
1099,07071455,流量激增,2025-07-07 14:55:00,2025-07-07 15:10:00,G42015100200102010,货运大道收费站出口广场,,G4202成都一绕高速,,,外环,,-16654,,,,,,,,
1100,07081515,流量激增,2025-07-08 15:15:00,2025-07-08 15:25:00,G42015100200102010,货运大道收费站出口广场,,G4202成都一绕高速,,,外环,,-16654,,,,,,,,
1101,07081515,流量激增,2025-07-08 15:15:00,2025-07-08 15:25:00,G42015100200102010,货运大道收费站出口广场,,G4202成都一绕高速,,,外环,,-16654,,,,,,,,
1102,07081600,流量激增,2025-07-08 16:00:00,2025-07-08 16:15:00,G42015100200102010,货运大道收费站出口广场,,G4202成都一绕高速,,,外环,,-16654,,,,,,,,
1103,07081600,流量激增,2025-07-08 16:00:00,2025-07-08 16:15:00,G42015100200102010,货运大道收费站出口广场,,G4202成都一绕高速,,,外环,,-16654,,,,,,,,
1104,07091305,流量激增,2025-07-09 13:05:00,2025-07-09 13:15:00,G42015100200102010,货运大道收费站出口广场,,G4202成都一绕高速,,,外环,,-16654,,,,,,,,
1105,07091305,流量激增,2025-07-09 13:05:00,2025-07-09 13:15:00,G42015100200102010,货运大道收费站出口广场,,G4202成都一绕高速,,,外环,,-16654,,,,,,,,
1106,07111215,流量激增,2025-07-11 12:15:00,2025-07-11 12:25:00,G42015100200102010,货运大道收费站出口广场,,G4202成都一绕高速,,,外环,,-16654,,,,,,,,
1107,07111215,流量激增,2025-07-11 12:15:00,2025-07-11 12:25:00,G42015100200102010,货运大道收费站出口广场,,G4202成都一绕高速,,,外环,,-16654,,,,,,,,
1108,07111520,流量激增,2025-07-11 15:20:00,2025-07-11 15:35:00,G42015100200102010,货运大道收费站出口广场,,G4202成都一绕高速,,,外环,,-16654,,,,,,,,
1109,07111520,流量激增,2025-07-11 15:20:00,2025-07-11 15:35:00,G42015100200102010,货运大道收费站出口广场,,G4202成都一绕高速,,,外环,,-16654,,,,,,,,
1110,07111950,流量激增,2025-07-11 19:50:00,2025-07-11 20:05:00,G42015100200102010,货运大道收费站出口广场,,G4202成都一绕高速,,,外环,,-16654,,,,,,,,
1111,07111950,流量激增,2025-07-11 19:50:00,2025-07-11 20:05:00,G42015100200102010,货运大道收费站出口广场,,G4202成都一绕高速,,,外环,,-16654,,,,,,,,
1112,07121045,流量激增,2025-07-12 10:45:00,2025-07-12 10:55:00,G42015100200102010,货运大道收费站出口广场,,G4202成都一绕高速,,,外环,,-16654,,,,,,,,
1113,07121045,流量激增,2025-07-12 10:45:00,2025-07-12 10:55:00,G42015100200102010,货运大道收费站出口广场,,G4202成都一绕高速,,,外环,,-16654,,,,,,,,
1114,07141040,流量激增,2025-07-14 10:40:00,2025-07-14 10:50:00,G42015100200102010,货运大道收费站出口广场,,G4202成都一绕高速,,,外环,,-16654,,,,,,,,
1115,07141040,流量激增,2025-07-14 10:40:00,2025-07-14 10:50:00,G42015100200102010,货运大道收费站出口广场,,G4202成都一绕高速,,,外环,,-16654,,,,,,,,
1116,07150925,流量激增,2025-07-15 09:25:00,2025-07-15 09:35:00,G42015100200102010,货运大道收费站出口广场,,G4202成都一绕高速,,,外环,,-16654,,,,,,,,
1117,07150925,流量激增,2025-07-15 09:25:00,2025-07-15 09:35:00,G42015100200102010,货运大道收费站出口广场,,G4202成都一绕高速,,,外环,,-16654,,,,,,,,
1118,07151005,流量激增,2025-07-15 10:05:00,2025-07-15 10:15:00,G42015100200102010,货运大道收费站出口广场,,G4202成都一绕高速,,,外环,,-16654,,,,,,,,
1119,07151005,流量激增,2025-07-15 10:05:00,2025-07-15 10:15:00,G42015100200102010,货运大道收费站出口广场,,G4202成都一绕高速,,,外环,,-16654,,,,,,,,
1120,07151105,流量激增,2025-07-15 11:05:00,2025-07-15 11:15:00,G42015100200102010,货运大道收费站出口广场,,G4202成都一绕高速,,,外环,,-16654,,,,,,,,
1121,07151105,流量激增,2025-07-15 11:05:00,2025-07-15 11:15:00,G42015100200102010,货运大道收费站出口广场,,G4202成都一绕高速,,,外环,,-16654,,,,,,,,
1122,07161115,流量激增,2025-07-16 11:15:00,2025-07-16 11:30:00,G42015100200102010,货运大道收费站出口广场,,G4202成都一绕高速,,,外环,,-16654,,,,,,,,
1123,07161115,流量激增,2025-07-16 11:15:00,2025-07-16 11:30:00,G42015100200102010,货运大道收费站出口广场,,G4202成都一绕高速,,,外环,,-16654,,,,,,,,
1124,07191645,流量激增,2025-07-19 16:45:00,2025-07-19 16:55:00,G42015100200102010,货运大道收费站出口广场,,G4202成都一绕高速,,,外环,,-16654,,,,,,,,
1125,07191645,流量激增,2025-07-19 16:45:00,2025-07-19 16:55:00,G42015100200102010,货运大道收费站出口广场,,G4202成都一绕高速,,,外环,,-16654,,,,,,,,
1126,07230920,流量激增,2025-07-23 09:20:00,2025-07-23 09:30:00,G42015100200102010,货运大道收费站出口广场,,G4202成都一绕高速,,,外环,,-16654,,,,,,,,
1127,07230920,流量激增,2025-07-23 09:20:00,2025-07-23 09:30:00,G42015100200102010,货运大道收费站出口广场,,G4202成都一绕高速,,,外环,,-16654,,,,,,,,
1128,07231120,流量激增,2025-07-23 11:20:00,2025-07-23 11:30:00,G42015100200102010,货运大道收费站出口广场,,G4202成都一绕高速,,,外环,,-16654,,,,,,,,
1129,07231120,流量激增,2025-07-23 11:20:00,2025-07-23 11:30:00,G42015100200102010,货运大道收费站出口广场,,G4202成都一绕高速,,,外环,,-16654,,,,,,,,
1130,07231205,流量激增,2025-07-23 12:05:00,2025-07-23 12:15:00,G42015100200102010,货运大道收费站出口广场,,G4202成都一绕高速,,,外环,,-16654,,,,,,,,
1131,07231205,流量激增,2025-07-23 12:05:00,2025-07-23 12:15:00,G42015100200102010,货运大道收费站出口广场,,G4202成都一绕高速,,,外环,,-16654,,,,,,,,
1132,07241440,流量激增,2025-07-24 14:40:00,2025-07-24 14:50:00,G42015100200102010,货运大道收费站出口广场,,G4202成都一绕高速,,,外环,,-16654,,,,,,,,
1133,07241440,流量激增,2025-07-24 14:40:00,2025-07-24 14:50:00,G42015100200102010,货运大道收费站出口广场,,G4202成都一绕高速,,,外环,,-16654,,,,,,,,
1134,07261115,流量激增,2025-07-26 11:15:00,2025-07-26 11:25:00,G42015100200102010,货运大道收费站出口广场,,G4202成都一绕高速,,,外环,,-16654,,,,,,,,
1135,07261115,流量激增,2025-07-26 11:15:00,2025-07-26 11:25:00,G42015100200102010,货运大道收费站出口广场,,G4202成都一绕高速,,,外环,,-16654,,,,,,,,
1136,07261515,流量激增,2025-07-26 15:15:00,2025-07-26 15:30:00,G42015100200102010,货运大道收费站出口广场,,G4202成都一绕高速,,,外环,,-16654,,,,,,,,
1137,07261515,流量激增,2025-07-26 15:15:00,2025-07-26 15:30:00,G42015100200102010,货运大道收费站出口广场,,G4202成都一绕高速,,,外环,,-16654,,,,,,,,
1138,07261545,流量激增,2025-07-26 15:45:00,2025-07-26 15:55:00,G42015100200102010,货运大道收费站出口广场,,G4202成都一绕高速,,,外环,,-16654,,,,,,,,
1139,07261545,流量激增,2025-07-26 15:45:00,2025-07-26 15:55:00,G42015100200102010,货运大道收费站出口广场,,G4202成都一绕高速,,,外环,,-16654,,,,,,,,
1140,07281045,流量激增,2025-07-28 10:45:00,2025-07-28 10:55:00,G42015100200102010,货运大道收费站出口广场,,G4202成都一绕高速,,,外环,,-16654,,,,,,,,
1141,07281045,流量激增,2025-07-28 10:45:00,2025-07-28 10:55:00,G42015100200102010,货运大道收费站出口广场,,G4202成都一绕高速,,,外环,,-16654,,,,,,,,
1142,07281135,流量激增,2025-07-28 11:35:00,2025-07-28 11:45:00,G42015100200102010,货运大道收费站出口广场,,G4202成都一绕高速,,,外环,,-16654,,,,,,,,
1143,07281135,流量激增,2025-07-28 11:35:00,2025-07-28 11:45:00,G42015100200102010,货运大道收费站出口广场,,G4202成都一绕高速,,,外环,,-16654,,,,,,,,
1144,07291505,流量激增,2025-07-29 15:05:00,2025-07-29 15:20:00,G42015100200102010,货运大道收费站出口广场,,G4202成都一绕高速,,,外环,,-16654,,,,,,,,
1145,07291505,流量激增,2025-07-29 15:05:00,2025-07-29 15:20:00,G42015100200102010,货运大道收费站出口广场,,G4202成都一绕高速,,,外环,,-16654,,,,,,,,
1146,07301035,流量激增,2025-07-30 10:35:00,2025-07-30 10:45:00,G42015100200102010,货运大道收费站出口广场,,G4202成都一绕高速,,,外环,,-16654,,,,,,,,
1147,07301035,流量激增,2025-07-30 10:35:00,2025-07-30 10:45:00,G42015100200102010,货运大道收费站出口广场,,G4202成都一绕高速,,,外环,,-16654,,,,,,,,
1148,07301540,流量激增,2025-07-30 15:40:00,2025-07-30 15:50:00,G42015100200102010,货运大道收费站出口广场,,G4202成都一绕高速,,,外环,,-16654,,,,,,,,
1149,07301540,流量激增,2025-07-30 15:40:00,2025-07-30 15:50:00,G42015100200102010,货运大道收费站出口广场,,G4202成都一绕高速,,,外环,,-16654,,,,,,,,
1150,08011015,流量激增,2025-08-01 10:15:00,2025-08-01 10:25:00,G42015100200102010,货运大道收费站出口广场,,G4202成都一绕高速,,,外环,,-16654,,,,,,,,
1151,08011015,流量激增,2025-08-01 10:15:00,2025-08-01 10:25:00,G42015100200102010,货运大道收费站出口广场,,G4202成都一绕高速,,,外环,,-16654,,,,,,,,
1152,08030940,流量激增,2025-08-03 09:40:00,2025-08-03 09:50:00,G42015100200102010,货运大道收费站出口广场,,G4202成都一绕高速,,,外环,,-16654,,,,,,,,
1153,08030940,流量激增,2025-08-03 09:40:00,2025-08-03 09:50:00,G42015100200102010,货运大道收费站出口广场,,G4202成都一绕高速,,,外环,,-16654,,,,,,,,
1154,08040935,流量激增,2025-08-04 09:35:00,2025-08-04 09:50:00,G42015100200102010,货运大道收费站出口广场,,G4202成都一绕高速,,,外环,,-16654,,,,,,,,
1155,08040935,流量激增,2025-08-04 09:35:00,2025-08-04 09:50:00,G42015100200102010,货运大道收费站出口广场,,G4202成都一绕高速,,,外环,,-16654,,,,,,,,
1156,08041550,流量激增,2025-08-04 15:50:00,2025-08-04 16:00:00,G42015100200102010,货运大道收费站出口广场,,G4202成都一绕高速,,,外环,,-16654,,,,,,,,
1157,08041550,流量激增,2025-08-04 15:50:00,2025-08-04 16:00:00,G42015100200102010,货运大道收费站出口广场,,G4202成都一绕高速,,,外环,,-16654,,,,,,,,
1158,08051035,流量激增,2025-08-05 10:35:00,2025-08-05 10:45:00,G42015100200102010,货运大道收费站出口广场,,G4202成都一绕高速,,,外环,,-16654,,,,,,,,
1159,08051035,流量激增,2025-08-05 10:35:00,2025-08-05 10:45:00,G42015100200102010,货运大道收费站出口广场,,G4202成都一绕高速,,,外环,,-16654,,,,,,,,
1160,08080955,流量激增,2025-08-08 09:55:00,2025-08-08 10:15:00,G42015100200102010,货运大道收费站出口广场,,G4202成都一绕高速,,,外环,,-16654,,,,,,,,
1161,08080955,流量激增,2025-08-08 09:55:00,2025-08-08 10:15:00,G42015100200102010,货运大道收费站出口广场,,G4202成都一绕高速,,,外环,,-16654,,,,,,,,
1162,08081520,流量激增,2025-08-08 15:20:00,2025-08-08 15:35:00,G42015100200102010,货运大道收费站出口广场,,G4202成都一绕高速,,,外环,,-16654,,,,,,,,
1163,08081520,流量激增,2025-08-08 15:20:00,2025-08-08 15:35:00,G42015100200102010,货运大道收费站出口广场,,G4202成都一绕高速,,,外环,,-16654,,,,,,,,
1164,08110930,流量激增,2025-08-11 09:30:00,2025-08-11 09:40:00,G42015100200102010,货运大道收费站出口广场,,G4202成都一绕高速,,,外环,,-16654,,,,,,,,
1165,08110930,流量激增,2025-08-11 09:30:00,2025-08-11 09:40:00,G42015100200102010,货运大道收费站出口广场,,G4202成都一绕高速,,,外环,,-16654,,,,,,,,
1166,08111605,流量激增,2025-08-11 16:05:00,2025-08-11 16:15:00,G42015100200102010,货运大道收费站出口广场,,G4202成都一绕高速,,,外环,,-16654,,,,,,,,
1167,08111605,流量激增,2025-08-11 16:05:00,2025-08-11 16:15:00,G42015100200102010,货运大道收费站出口广场,,G4202成都一绕高速,,,外环,,-16654,,,,,,,,
1168,08120930,流量激增,2025-08-12 09:30:00,2025-08-12 09:45:00,G42015100200102010,货运大道收费站出口广场,,G4202成都一绕高速,,,外环,,-16654,,,,,,,,
1169,08120930,流量激增,2025-08-12 09:30:00,2025-08-12 09:45:00,G42015100200102010,货运大道收费站出口广场,,G4202成都一绕高速,,,外环,,-16654,,,,,,,,
1170,08121610,流量激增,2025-08-12 16:10:00,2025-08-12 16:25:00,G42015100200102010,货运大道收费站出口广场,,G4202成都一绕高速,,,外环,,-16654,,,,,,,,
1171,08121610,流量激增,2025-08-12 16:10:00,2025-08-12 16:25:00,G42015100200102010,货运大道收费站出口广场,,G4202成都一绕高速,,,外环,,-16654,,,,,,,,
1172,08131525,流量激增,2025-08-13 15:25:00,2025-08-13 15:35:00,G42015100200102010,货运大道收费站出口广场,,G4202成都一绕高速,,,外环,,-16654,,,,,,,,
1173,08131525,流量激增,2025-08-13 15:25:00,2025-08-13 15:35:00,G42015100200102010,货运大道收费站出口广场,,G4202成都一绕高速,,,外环,,-16654,,,,,,,,
1174,08140915,流量激增,2025-08-14 09:15:00,2025-08-14 09:40:00,G42015100200102010,货运大道收费站出口广场,,G4202成都一绕高速,,,外环,,-16654,,,,,,,,
1175,08140915,流量激增,2025-08-14 09:15:00,2025-08-14 09:40:00,G42015100200102010,货运大道收费站出口广场,,G4202成都一绕高速,,,外环,,-16654,,,,,,,,
1176,08141540,流量激增,2025-08-14 15:40:00,2025-08-14 15:50:00,G42015100200102010,货运大道收费站出口广场,,G4202成都一绕高速,,,外环,,-16654,,,,,,,,
1177,08141540,流量激增,2025-08-14 15:40:00,2025-08-14 15:50:00,G42015100200102010,货运大道收费站出口广场,,G4202成都一绕高速,,,外环,,-16654,,,,,,,,
1178,08151105,流量激增,2025-08-15 11:05:00,2025-08-15 11:15:00,G42015100200102010,货运大道收费站出口广场,,G4202成都一绕高速,,,外环,,-16654,,,,,,,,
1179,08151105,流量激增,2025-08-15 11:05:00,2025-08-15 11:15:00,G42015100200102010,货运大道收费站出口广场,,G4202成都一绕高速,,,外环,,-16654,,,,,,,,
1180,08181540,流量激增,2025-08-18 15:40:00,2025-08-18 15:50:00,G42015100200102010,货运大道收费站出口广场,,G4202成都一绕高速,,,外环,,-16654,,,,,,,,
1181,08181540,流量激增,2025-08-18 15:40:00,2025-08-18 15:50:00,G42015100200102010,货运大道收费站出口广场,,G4202成都一绕高速,,,外环,,-16654,,,,,,,,
1182,08201555,流量激增,2025-08-20 15:55:00,2025-08-20 16:05:00,G42015100200102010,货运大道收费站出口广场,,G4202成都一绕高速,,,外环,,-16654,,,,,,,,
1183,08201555,流量激增,2025-08-20 15:55:00,2025-08-20 16:05:00,G42015100200102010,货运大道收费站出口广场,,G4202成都一绕高速,,,外环,,-16654,,,,,,,,
1184,08211655,流量激增,2025-08-21 16:55:00,2025-08-21 17:05:00,G42015100200102010,货运大道收费站出口广场,,G4202成都一绕高速,,,外环,,-16654,,,,,,,,
1185,08211655,流量激增,2025-08-21 16:55:00,2025-08-21 17:05:00,G42015100200102010,货运大道收费站出口广场,,G4202成都一绕高速,,,外环,,-16654,,,,,,,,
1186,08231455,流量激增,2025-08-23 14:55:00,2025-08-23 15:05:00,G42015100200102010,货运大道收费站出口广场,,G4202成都一绕高速,,,外环,,-16654,,,,,,,,
1187,08231455,流量激增,2025-08-23 14:55:00,2025-08-23 15:05:00,G42015100200102010,货运大道收费站出口广场,,G4202成都一绕高速,,,外环,,-16654,,,,,,,,
1188,08231620,流量激增,2025-08-23 16:20:00,2025-08-23 16:30:00,G42015100200102010,货运大道收费站出口广场,,G4202成都一绕高速,,,外环,,-16654,,,,,,,,
1189,08231620,流量激增,2025-08-23 16:20:00,2025-08-23 16:30:00,G42015100200102010,货运大道收费站出口广场,,G4202成都一绕高速,,,外环,,-16654,,,,,,,,
1190,08251550,流量激增,2025-08-25 15:50:00,2025-08-25 16:00:00,G42015100200102010,货运大道收费站出口广场,,G4202成都一绕高速,,,外环,,-16654,,,,,,,,
1191,08251550,流量激增,2025-08-25 15:50:00,2025-08-25 16:00:00,G42015100200102010,货运大道收费站出口广场,,G4202成都一绕高速,,,外环,,-16654,,,,,,,,
1192,08261010,流量激增,2025-08-26 10:10:00,2025-08-26 10:20:00,G42015100200102010,货运大道收费站出口广场,,G4202成都一绕高速,,,外环,,-16654,,,,,,,,
1193,08261010,流量激增,2025-08-26 10:10:00,2025-08-26 10:20:00,G42015100200102010,货运大道收费站出口广场,,G4202成都一绕高速,,,外环,,-16654,,,,,,,,
1194,08280945,流量激增,2025-08-28 09:45:00,2025-08-28 09:55:00,G42015100200102010,货运大道收费站出口广场,,G4202成都一绕高速,,,外环,,-16654,,,,,,,,
1195,08280945,流量激增,2025-08-28 09:45:00,2025-08-28 09:55:00,G42015100200102010,货运大道收费站出口广场,,G4202成都一绕高速,,,外环,,-16654,,,,,,,,
1196,08291235,流量激增,2025-08-29 12:35:00,2025-08-29 12:45:00,G42015100200102010,货运大道收费站出口广场,,G4202成都一绕高速,,,外环,,-16654,,,,,,,,
1197,08291235,流量激增,2025-08-29 12:35:00,2025-08-29 12:45:00,G42015100200102010,货运大道收费站出口广场,,G4202成都一绕高速,,,外环,,-16654,,,,,,,,
1198,08291505,流量激增,2025-08-29 15:05:00,2025-08-29 15:15:00,G42015100200102010,货运大道收费站出口广场,,G4202成都一绕高速,,,外环,,-16654,,,,,,,,
1199,08291505,流量激增,2025-08-29 15:05:00,2025-08-29 15:15:00,G42015100200102010,货运大道收费站出口广场,,G4202成都一绕高速,,,外环,,-16654,,,,,,,,
1200,08301100,流量激增,2025-08-30 11:00:00,2025-08-30 11:10:00,G42015100200102010,货运大道收费站出口广场,,G4202成都一绕高速,,,外环,,-16654,,,,,,,,
1201,08301100,流量激增,2025-08-30 11:00:00,2025-08-30 11:10:00,G42015100200102010,货运大道收费站出口广场,,G4202成都一绕高速,,,外环,,-16654,,,,,,,,
1202,09010930,流量激增,2025-09-01 09:30:00,2025-09-01 09:40:00,G42015100200102010,货运大道收费站出口广场,,G4202成都一绕高速,,,外环,,-16654,,,,,,,,
1203,09010930,流量激增,2025-09-01 09:30:00,2025-09-01 09:40:00,G42015100200102010,货运大道收费站出口广场,,G4202成都一绕高速,,,外环,,-16654,,,,,,,,
1204,09010950,流量激增,2025-09-01 09:50:00,2025-09-01 10:00:00,G42015100200102010,货运大道收费站出口广场,,G4202成都一绕高速,,,外环,,-16654,,,,,,,,
1205,09010950,流量激增,2025-09-01 09:50:00,2025-09-01 10:00:00,G42015100200102010,货运大道收费站出口广场,,G4202成都一绕高速,,,外环,,-16654,,,,,,,,
1206,09011210,流量激增,2025-09-01 12:10:00,2025-09-01 12:20:00,G42015100200102010,货运大道收费站出口广场,,G4202成都一绕高速,,,外环,,-16654,,,,,,,,
1207,09011210,流量激增,2025-09-01 12:10:00,2025-09-01 12:20:00,G42015100200102010,货运大道收费站出口广场,,G4202成都一绕高速,,,外环,,-16654,,,,,,,,
1208,09020940,流量激增,2025-09-02 09:40:00,2025-09-02 09:50:00,G42015100200102010,货运大道收费站出口广场,,G4202成都一绕高速,,,外环,,-16654,,,,,,,,
1209,09020940,流量激增,2025-09-02 09:40:00,2025-09-02 09:50:00,G42015100200102010,货运大道收费站出口广场,,G4202成都一绕高速,,,外环,,-16654,,,,,,,,
1210,09021100,流量激增,2025-09-02 11:00:00,2025-09-02 11:15:00,G42015100200102010,货运大道收费站出口广场,,G4202成都一绕高速,,,外环,,-16654,,,,,,,,
1211,09021100,流量激增,2025-09-02 11:00:00,2025-09-02 11:15:00,G42015100200102010,货运大道收费站出口广场,,G4202成都一绕高速,,,外环,,-16654,,,,,,,,
1212,09041500,流量激增,2025-09-04 15:00:00,2025-09-04 15:15:00,G42015100200102010,货运大道收费站出口广场,,G4202成都一绕高速,,,外环,,-16654,,,,,,,,
1213,09041500,流量激增,2025-09-04 15:00:00,2025-09-04 15:15:00,G42015100200102010,货运大道收费站出口广场,,G4202成都一绕高速,,,外环,,-16654,,,,,,,,
1214,06251835,流量激增,2025-06-25 18:35:00,2025-06-25 18:45:00,G42015100200202020,北新收费站出口广场2,,G4202成都一绕高速,,,外环,,-1338,,,,,,,,
1215,08121805,流量激增,2025-08-12 18:05:00,2025-08-12 18:15:00,G42015100200202020,北新收费站出口广场2,,G4202成都一绕高速,,,外环,,-1338,,,,,,,,
1216,06111700,流量激增,2025-06-11 17:00:00,2025-06-11 17:10:00,G42015100200301020,成灌收费站入口广场2,,G4202成都一绕高速,,,外环,,-11986,,,,,,,,
1217,06160645,流量激增,2025-06-16 06:45:00,2025-06-16 06:55:00,G42015100200301020,成灌收费站入口广场2,,G4202成都一绕高速,,,外环,,-11986,,,,,,,,
1218,06161730,流量激增,2025-06-16 17:30:00,2025-06-16 17:40:00,G42015100200301020,成灌收费站入口广场2,,G4202成都一绕高速,,,外环,,-11986,,,,,,,,
1219,06161800,流量激增,2025-06-16 18:00:00,2025-06-16 18:20:00,G42015100200301020,成灌收费站入口广场2,,G4202成都一绕高速,,,外环,,-11986,,,,,,,,
1220,06171735,流量激增,2025-06-17 17:35:00,2025-06-17 17:45:00,G42015100200301020,成灌收费站入口广场2,,G4202成都一绕高速,,,外环,,-11986,,,,,,,,
1221,06191700,流量激增,2025-06-19 17:00:00,2025-06-19 17:10:00,G42015100200301020,成灌收费站入口广场2,,G4202成都一绕高速,,,外环,,-11986,,,,,,,,
1222,06191735,流量激增,2025-06-19 17:35:00,2025-06-19 17:45:00,G42015100200301020,成灌收费站入口广场2,,G4202成都一绕高速,,,外环,,-11986,,,,,,,,
1223,06231700,流量激增,2025-06-23 17:00:00,2025-06-23 17:10:00,G42015100200301020,成灌收费站入口广场2,,G4202成都一绕高速,,,外环,,-11986,,,,,,,,
1224,06251725,流量激增,2025-06-25 17:25:00,2025-06-25 17:35:00,G42015100200301020,成灌收费站入口广场2,,G4202成都一绕高速,,,外环,,-11986,,,,,,,,
1225,07011735,流量激增,2025-07-01 17:35:00,2025-07-01 17:45:00,G42015100200301020,成灌收费站入口广场2,,G4202成都一绕高速,,,外环,,-11986,,,,,,,,
1226,07040705,流量激增,2025-07-04 07:05:00,2025-07-04 07:25:00,G42015100200301020,成灌收费站入口广场2,,G4202成都一绕高速,,,外环,,-11986,,,,,,,,
1227,07041700,流量激增,2025-07-04 17:00:00,2025-07-04 17:15:00,G42015100200301020,成灌收费站入口广场2,,G4202成都一绕高速,,,外环,,-11986,,,,,,,,
1228,07151735,流量激增,2025-07-15 17:35:00,2025-07-15 17:45:00,G42015100200301020,成灌收费站入口广场2,,G4202成都一绕高速,,,外环,,-11986,,,,,,,,
1229,07161725,流量激增,2025-07-16 17:25:00,2025-07-16 17:45:00,G42015100200301020,成灌收费站入口广场2,,G4202成都一绕高速,,,外环,,-11986,,,,,,,,
1230,07171700,流量激增,2025-07-17 17:00:00,2025-07-17 17:10:00,G42015100200301020,成灌收费站入口广场2,,G4202成都一绕高速,,,外环,,-11986,,,,,,,,
1231,07181735,流量激增,2025-07-18 17:35:00,2025-07-18 17:45:00,G42015100200301020,成灌收费站入口广场2,,G4202成都一绕高速,,,外环,,-11986,,,,,,,,
1232,07181800,流量激增,2025-07-18 18:00:00,2025-07-18 18:10:00,G42015100200301020,成灌收费站入口广场2,,G4202成都一绕高速,,,外环,,-11986,,,,,,,,
1233,07221730,流量激增,2025-07-22 17:30:00,2025-07-22 17:40:00,G42015100200301020,成灌收费站入口广场2,,G4202成都一绕高速,,,外环,,-11986,,,,,,,,
1234,07241730,流量激增,2025-07-24 17:30:00,2025-07-24 17:40:00,G42015100200301020,成灌收费站入口广场2,,G4202成都一绕高速,,,外环,,-11986,,,,,,,,
1235,07251705,流量激增,2025-07-25 17:05:00,2025-07-25 17:15:00,G42015100200301020,成灌收费站入口广场2,,G4202成都一绕高速,,,外环,,-11986,,,,,,,,
1236,07281735,流量激增,2025-07-28 17:35:00,2025-07-28 17:45:00,G42015100200301020,成灌收费站入口广场2,,G4202成都一绕高速,,,外环,,-11986,,,,,,,,
1237,08011700,流量激增,2025-08-01 17:00:00,2025-08-01 17:10:00,G42015100200301020,成灌收费站入口广场2,,G4202成都一绕高速,,,外环,,-11986,,,,,,,,
1238,08011735,流量激增,2025-08-01 17:35:00,2025-08-01 17:45:00,G42015100200301020,成灌收费站入口广场2,,G4202成都一绕高速,,,外环,,-11986,,,,,,,,
1239,08041735,流量激增,2025-08-04 17:35:00,2025-08-04 17:45:00,G42015100200301020,成灌收费站入口广场2,,G4202成都一绕高速,,,外环,,-11986,,,,,,,,
1240,08061730,流量激增,2025-08-06 17:30:00,2025-08-06 17:40:00,G42015100200301020,成灌收费站入口广场2,,G4202成都一绕高速,,,外环,,-11986,,,,,,,,
1241,08071730,流量激增,2025-08-07 17:30:00,2025-08-07 17:40:00,G42015100200301020,成灌收费站入口广场2,,G4202成都一绕高速,,,外环,,-11986,,,,,,,,
1242,08081735,流量激增,2025-08-08 17:35:00,2025-08-08 17:45:00,G42015100200301020,成灌收费站入口广场2,,G4202成都一绕高速,,,外环,,-11986,,,,,,,,
1243,08120810,流量激增,2025-08-12 08:10:00,2025-08-12 08:20:00,G42015100200301020,成灌收费站入口广场2,,G4202成都一绕高速,,,外环,,-11986,,,,,,,,
1244,08211730,流量激增,2025-08-21 17:30:00,2025-08-21 17:45:00,G42015100200301020,成灌收费站入口广场2,,G4202成都一绕高速,,,外环,,-11986,,,,,,,,
1245,08221730,流量激增,2025-08-22 17:30:00,2025-08-22 17:40:00,G42015100200301020,成灌收费站入口广场2,,G4202成都一绕高速,,,外环,,-11986,,,,,,,,
1246,08251730,流量激增,2025-08-25 17:30:00,2025-08-25 17:40:00,G42015100200301020,成灌收费站入口广场2,,G4202成都一绕高速,,,外环,,-11986,,,,,,,,
1247,08291725,流量激增,2025-08-29 17:25:00,2025-08-29 17:40:00,G42015100200301020,成灌收费站入口广场2,,G4202成都一绕高速,,,外环,,-11986,,,,,,,,
1248,09010810,流量激增,2025-09-01 08:10:00,2025-09-01 08:20:00,G42015100200301020,成灌收费站入口广场2,,G4202成都一绕高速,,,外环,,-11986,,,,,,,,
1249,09020720,流量激增,2025-09-02 07:20:00,2025-09-02 07:30:00,G42015100200301020,成灌收费站入口广场2,,G4202成都一绕高速,,,外环,,-11986,,,,,,,,
1250,09021730,流量激增,2025-09-02 17:30:00,2025-09-02 17:40:00,G42015100200301020,成灌收费站入口广场2,,G4202成都一绕高速,,,外环,,-11986,,,,,,,,
1251,09031735,流量激增,2025-09-03 17:35:00,2025-09-03 17:45:00,G42015100200301020,成灌收费站入口广场2,,G4202成都一绕高速,,,外环,,-11986,,,,,,,,
1252,09041730,流量激增,2025-09-04 17:30:00,2025-09-04 17:40:00,G42015100200301020,成灌收费站入口广场2,,G4202成都一绕高速,,,外环,,-11986,,,,,,,,
1253,09051800,流量激增,2025-09-05 18:00:00,2025-09-05 18:10:00,G42015100200301020,成灌收费站入口广场2,,G4202成都一绕高速,,,外环,,-11986,,,,,,,,
1254,09060855,流量激增,2025-09-06 08:55:00,2025-09-06 09:05:00,G42015100200301020,成灌收费站入口广场2,,G4202成都一绕高速,,,外环,,-11986,,,,,,,,
1255,09061735,流量激增,2025-09-06 17:35:00,2025-09-06 17:45:00,G42015100200301020,成灌收费站入口广场2,,G4202成都一绕高速,,,外环,,-11986,,,,,,,,
1256,06100810,流量激增,2025-06-10 08:10:00,2025-06-10 08:20:00,G42015100200402010,成新蒲收费站出口广场1,,G4202成都一绕高速,,,内环,,-12520,,,,,,,,
1257,07040810,流量激增,2025-07-04 08:10:00,2025-07-04 08:30:00,G42015100200402010,成新蒲收费站出口广场1,,G4202成都一绕高速,,,内环,,-12520,,,,,,,,
1258,07170815,流量激增,2025-07-17 08:15:00,2025-07-17 08:25:00,G42015100200402010,成新蒲收费站出口广场1,,G4202成都一绕高速,,,内环,,-12520,,,,,,,,
1259,08280815,流量激增,2025-08-28 08:15:00,2025-08-28 08:25:00,G42015100200402010,成新蒲收费站出口广场1,,G4202成都一绕高速,,,内环,,-12520,,,,,,,,
1260,08290815,流量激增,2025-08-29 08:15:00,2025-08-29 08:25:00,G42015100200402010,成新蒲收费站出口广场1,,G4202成都一绕高速,,,内环,,-12520,,,,,,,,
1261,09040810,流量激增,2025-09-04 08:10:00,2025-09-04 08:25:00,G42015100200402010,成新蒲收费站出口广场1,,G4202成都一绕高速,,,内环,,-12520,,,,,,,,
1262,09050810,流量激增,2025-09-05 08:10:00,2025-09-05 08:25:00,G42015100200402010,成新蒲收费站出口广场1,,G4202成都一绕高速,,,内环,,-12520,,,,,,,,
1263,06100705,流量激增,2025-06-10 07:05:00,2025-06-10 07:20:00,G42015100200602010,永宁收费站出口广场,,G4202成都一绕高速,,,外环,,E9,,,,,,,,
1264,06100705,流量激增,2025-06-10 07:05:00,2025-06-10 07:20:00,G42015100200602010,永宁收费站出口广场,,G4202成都一绕高速,,,外环,,E9,,,,,,,,
1265,06120705,流量激增,2025-06-12 07:05:00,2025-06-12 07:20:00,G42015100200602010,永宁收费站出口广场,,G4202成都一绕高速,,,外环,,E9,,,,,,,,
1266,06120705,流量激增,2025-06-12 07:05:00,2025-06-12 07:20:00,G42015100200602010,永宁收费站出口广场,,G4202成都一绕高速,,,外环,,E9,,,,,,,,
1267,06130705,流量激增,2025-06-13 07:05:00,2025-06-13 07:25:00,G42015100200602010,永宁收费站出口广场,,G4202成都一绕高速,,,外环,,E9,,,,,,,,
1268,06130705,流量激增,2025-06-13 07:05:00,2025-06-13 07:25:00,G42015100200602010,永宁收费站出口广场,,G4202成都一绕高速,,,外环,,E9,,,,,,,,
1269,06180815,流量激增,2025-06-18 08:15:00,2025-06-18 08:25:00,G42015100200602010,永宁收费站出口广场,,G4202成都一绕高速,,,外环,,E9,,,,,,,,
1270,06180815,流量激增,2025-06-18 08:15:00,2025-06-18 08:25:00,G42015100200602010,永宁收费站出口广场,,G4202成都一绕高速,,,外环,,E9,,,,,,,,
1271,06200700,流量激增,2025-06-20 07:00:00,2025-06-20 07:25:00,G42015100200602010,永宁收费站出口广场,,G4202成都一绕高速,,,外环,,E9,,,,,,,,
1272,06200700,流量激增,2025-06-20 07:00:00,2025-06-20 07:25:00,G42015100200602010,永宁收费站出口广场,,G4202成都一绕高速,,,外环,,E9,,,,,,,,
1273,06240710,流量激增,2025-06-24 07:10:00,2025-06-24 07:30:00,G42015100200602010,永宁收费站出口广场,,G4202成都一绕高速,,,外环,,E9,,,,,,,,
1274,06240710,流量激增,2025-06-24 07:10:00,2025-06-24 07:30:00,G42015100200602010,永宁收费站出口广场,,G4202成都一绕高速,,,外环,,E9,,,,,,,,
1275,06280730,流量激增,2025-06-28 07:30:00,2025-06-28 07:50:00,G42015100200602010,永宁收费站出口广场,,G4202成都一绕高速,,,外环,,E9,,,,,,,,
1276,06280730,流量激增,2025-06-28 07:30:00,2025-06-28 07:50:00,G42015100200602010,永宁收费站出口广场,,G4202成都一绕高速,,,外环,,E9,,,,,,,,
1277,07020705,流量激增,2025-07-02 07:05:00,2025-07-02 07:25:00,G42015100200602010,永宁收费站出口广场,,G4202成都一绕高速,,,外环,,E9,,,,,,,,
1278,07020705,流量激增,2025-07-02 07:05:00,2025-07-02 07:25:00,G42015100200602010,永宁收费站出口广场,,G4202成都一绕高速,,,外环,,E9,,,,,,,,
1279,07070710,流量激增,2025-07-07 07:10:00,2025-07-07 07:25:00,G42015100200602010,永宁收费站出口广场,,G4202成都一绕高速,,,外环,,E9,,,,,,,,
1280,07070710,流量激增,2025-07-07 07:10:00,2025-07-07 07:25:00,G42015100200602010,永宁收费站出口广场,,G4202成都一绕高速,,,外环,,E9,,,,,,,,
1281,07080705,流量激增,2025-07-08 07:05:00,2025-07-08 07:15:00,G42015100200602010,永宁收费站出口广场,,G4202成都一绕高速,,,外环,,E9,,,,,,,,
1282,07080705,流量激增,2025-07-08 07:05:00,2025-07-08 07:15:00,G42015100200602010,永宁收费站出口广场,,G4202成都一绕高速,,,外环,,E9,,,,,,,,
1283,07090710,流量激增,2025-07-09 07:10:00,2025-07-09 07:20:00,G42015100200602010,永宁收费站出口广场,,G4202成都一绕高速,,,外环,,E9,,,,,,,,
1284,07090710,流量激增,2025-07-09 07:10:00,2025-07-09 07:20:00,G42015100200602010,永宁收费站出口广场,,G4202成都一绕高速,,,外环,,E9,,,,,,,,
1285,07100710,流量激增,2025-07-10 07:10:00,2025-07-10 07:30:00,G42015100200602010,永宁收费站出口广场,,G4202成都一绕高速,,,外环,,E9,,,,,,,,
1286,07100710,流量激增,2025-07-10 07:10:00,2025-07-10 07:30:00,G42015100200602010,永宁收费站出口广场,,G4202成都一绕高速,,,外环,,E9,,,,,,,,
1287,07110810,流量激增,2025-07-11 08:10:00,2025-07-11 08:20:00,G42015100200602010,永宁收费站出口广场,,G4202成都一绕高速,,,外环,,E9,,,,,,,,
1288,07110810,流量激增,2025-07-11 08:10:00,2025-07-11 08:20:00,G42015100200602010,永宁收费站出口广场,,G4202成都一绕高速,,,外环,,E9,,,,,,,,
1289,07140805,流量激增,2025-07-14 08:05:00,2025-07-14 08:20:00,G42015100200602010,永宁收费站出口广场,,G4202成都一绕高速,,,外环,,E9,,,,,,,,
1290,07140805,流量激增,2025-07-14 08:05:00,2025-07-14 08:20:00,G42015100200602010,永宁收费站出口广场,,G4202成都一绕高速,,,外环,,E9,,,,,,,,
1291,07180710,流量激增,2025-07-18 07:10:00,2025-07-18 07:20:00,G42015100200602010,永宁收费站出口广场,,G4202成都一绕高速,,,外环,,E9,,,,,,,,
1292,07180710,流量激增,2025-07-18 07:10:00,2025-07-18 07:20:00,G42015100200602010,永宁收费站出口广场,,G4202成都一绕高速,,,外环,,E9,,,,,,,,
1293,07280700,流量激增,2025-07-28 07:00:00,2025-07-28 07:10:00,G42015100200602010,永宁收费站出口广场,,G4202成都一绕高速,,,外环,,E9,,,,,,,,
1294,07280700,流量激增,2025-07-28 07:00:00,2025-07-28 07:10:00,G42015100200602010,永宁收费站出口广场,,G4202成都一绕高速,,,外环,,E9,,,,,,,,
1295,07290710,流量激增,2025-07-29 07:10:00,2025-07-29 07:20:00,G42015100200602010,永宁收费站出口广场,,G4202成都一绕高速,,,外环,,E9,,,,,,,,
1296,07290710,流量激增,2025-07-29 07:10:00,2025-07-29 07:20:00,G42015100200602010,永宁收费站出口广场,,G4202成都一绕高速,,,外环,,E9,,,,,,,,
1297,07300705,流量激增,2025-07-30 07:05:00,2025-07-30 07:15:00,G42015100200602010,永宁收费站出口广场,,G4202成都一绕高速,,,外环,,E9,,,,,,,,
1298,07300705,流量激增,2025-07-30 07:05:00,2025-07-30 07:15:00,G42015100200602010,永宁收费站出口广场,,G4202成都一绕高速,,,外环,,E9,,,,,,,,
1299,08050705,流量激增,2025-08-05 07:05:00,2025-08-05 07:15:00,G42015100200602010,永宁收费站出口广场,,G4202成都一绕高速,,,外环,,E9,,,,,,,,
1300,08050705,流量激增,2025-08-05 07:05:00,2025-08-05 07:15:00,G42015100200602010,永宁收费站出口广场,,G4202成都一绕高速,,,外环,,E9,,,,,,,,
1301,08120705,流量激增,2025-08-12 07:05:00,2025-08-12 07:20:00,G42015100200602010,永宁收费站出口广场,,G4202成都一绕高速,,,外环,,E9,,,,,,,,
1302,08120705,流量激增,2025-08-12 07:05:00,2025-08-12 07:20:00,G42015100200602010,永宁收费站出口广场,,G4202成都一绕高速,,,外环,,E9,,,,,,,,
1303,08140710,流量激增,2025-08-14 07:10:00,2025-08-14 07:20:00,G42015100200602010,永宁收费站出口广场,,G4202成都一绕高速,,,外环,,E9,,,,,,,,
1304,08140710,流量激增,2025-08-14 07:10:00,2025-08-14 07:20:00,G42015100200602010,永宁收费站出口广场,,G4202成都一绕高速,,,外环,,E9,,,,,,,,
1305,08190705,流量激增,2025-08-19 07:05:00,2025-08-19 07:15:00,G42015100200602010,永宁收费站出口广场,,G4202成都一绕高速,,,外环,,E9,,,,,,,,
1306,08190705,流量激增,2025-08-19 07:05:00,2025-08-19 07:15:00,G42015100200602010,永宁收费站出口广场,,G4202成都一绕高速,,,外环,,E9,,,,,,,,
1307,08250710,流量激增,2025-08-25 07:10:00,2025-08-25 07:25:00,G42015100200602010,永宁收费站出口广场,,G4202成都一绕高速,,,外环,,E9,,,,,,,,
1308,08250710,流量激增,2025-08-25 07:10:00,2025-08-25 07:25:00,G42015100200602010,永宁收费站出口广场,,G4202成都一绕高速,,,外环,,E9,,,,,,,,
1309,08280705,流量激增,2025-08-28 07:05:00,2025-08-28 07:25:00,G42015100200602010,永宁收费站出口广场,,G4202成都一绕高速,,,外环,,E9,,,,,,,,
1310,08280705,流量激增,2025-08-28 07:05:00,2025-08-28 07:25:00,G42015100200602010,永宁收费站出口广场,,G4202成都一绕高速,,,外环,,E9,,,,,,,,
1311,09010815,流量激增,2025-09-01 08:15:00,2025-09-01 08:25:00,G42015100200602010,永宁收费站出口广场,,G4202成都一绕高速,,,外环,,E9,,,,,,,,
1312,09010815,流量激增,2025-09-01 08:15:00,2025-09-01 08:25:00,G42015100200602010,永宁收费站出口广场,,G4202成都一绕高速,,,外环,,E9,,,,,,,,
1313,09020705,流量激增,2025-09-02 07:05:00,2025-09-02 07:15:00,G42015100200602010,永宁收费站出口广场,,G4202成都一绕高速,,,外环,,E9,,,,,,,,
1314,09020705,流量激增,2025-09-02 07:05:00,2025-09-02 07:15:00,G42015100200602010,永宁收费站出口广场,,G4202成都一绕高速,,,外环,,E9,,,,,,,,
1315,09050705,流量激增,2025-09-05 07:05:00,2025-09-05 07:20:00,G42015100200602010,永宁收费站出口广场,,G4202成都一绕高速,,,外环,,E9,,,,,,,,
1316,09050705,流量激增,2025-09-05 07:05:00,2025-09-05 07:20:00,G42015100200602010,永宁收费站出口广场,,G4202成都一绕高速,,,外环,,E9,,,,,,,,
1317,06151100,流量激增,2025-06-15 11:00:00,2025-06-15 11:10:00,G42015100200801010,光华大道站入口广场1,,G4202成都一绕高速,,,内环,,-9744,,,,,,,,
1318,07261530,流量激增,2025-07-26 15:30:00,2025-07-26 15:45:00,G42015100200801010,光华大道站入口广场1,,G4202成都一绕高速,,,内环,,-9744,,,,,,,,
1319,08271805,流量激增,2025-08-27 18:05:00,2025-08-27 18:15:00,G42015100200801010,光华大道站入口广场1,,G4202成都一绕高速,,,内环,,-9744,,,,,,,,
1320,06090815,流量激增,2025-06-09 08:15:00,2025-06-09 08:30:00,G42015100200802010,光华大道站出口广场1,,G4202成都一绕高速,,,内环,,-7706,,,,,,,,
1321,06130810,流量激增,2025-06-13 08:10:00,2025-06-13 08:30:00,G42015100200802010,光华大道站出口广场1,,G4202成都一绕高速,,,内环,,-7706,,,,,,,,
1322,06160800,流量激增,2025-06-16 08:00:00,2025-06-16 08:10:00,G42015100200802010,光华大道站出口广场1,,G4202成都一绕高速,,,内环,,-7706,,,,,,,,
1323,06180815,流量激增,2025-06-18 08:15:00,2025-06-18 08:25:00,G42015100200802010,光华大道站出口广场1,,G4202成都一绕高速,,,内环,,-7706,,,,,,,,
1324,06270815,流量激增,2025-06-27 08:15:00,2025-06-27 08:30:00,G42015100200802010,光华大道站出口广场1,,G4202成都一绕高速,,,内环,,-7706,,,,,,,,
1325,07020810,流量激增,2025-07-02 08:10:00,2025-07-02 08:25:00,G42015100200802010,光华大道站出口广场1,,G4202成都一绕高速,,,内环,,-7706,,,,,,,,
1326,07030805,流量激增,2025-07-03 08:05:00,2025-07-03 08:25:00,G42015100200802010,光华大道站出口广场1,,G4202成都一绕高速,,,内环,,-7706,,,,,,,,
1327,07040805,流量激增,2025-07-04 08:05:00,2025-07-04 08:25:00,G42015100200802010,光华大道站出口广场1,,G4202成都一绕高速,,,内环,,-7706,,,,,,,,
1328,07100805,流量激增,2025-07-10 08:05:00,2025-07-10 08:25:00,G42015100200802010,光华大道站出口广场1,,G4202成都一绕高速,,,内环,,-7706,,,,,,,,
1329,07150830,流量激增,2025-07-15 08:30:00,2025-07-15 08:40:00,G42015100200802010,光华大道站出口广场1,,G4202成都一绕高速,,,内环,,-7706,,,,,,,,
1330,07170800,流量激增,2025-07-17 08:00:00,2025-07-17 08:20:00,G42015100200802010,光华大道站出口广场1,,G4202成都一绕高速,,,内环,,-7706,,,,,,,,
1331,07180830,流量激增,2025-07-18 08:30:00,2025-07-18 08:40:00,G42015100200802010,光华大道站出口广场1,,G4202成都一绕高速,,,内环,,-7706,,,,,,,,
1332,07220810,流量激增,2025-07-22 08:10:00,2025-07-22 08:35:00,G42015100200802010,光华大道站出口广场1,,G4202成都一绕高速,,,内环,,-7706,,,,,,,,
1333,07240830,流量激增,2025-07-24 08:30:00,2025-07-24 08:40:00,G42015100200802010,光华大道站出口广场1,,G4202成都一绕高速,,,内环,,-7706,,,,,,,,
1334,07250800,流量激增,2025-07-25 08:00:00,2025-07-25 08:10:00,G42015100200802010,光华大道站出口广场1,,G4202成都一绕高速,,,内环,,-7706,,,,,,,,
1335,08130820,流量激增,2025-08-13 08:20:00,2025-08-13 08:35:00,G42015100200802010,光华大道站出口广场1,,G4202成都一绕高速,,,内环,,-7706,,,,,,,,
1336,08190815,流量激增,2025-08-19 08:15:00,2025-08-19 08:25:00,G42015100200802010,光华大道站出口广场1,,G4202成都一绕高速,,,内环,,-7706,,,,,,,,
1337,08260755,流量激增,2025-08-26 07:55:00,2025-08-26 08:15:00,G42015100200802010,光华大道站出口广场1,,G4202成都一绕高速,,,内环,,-7706,,,,,,,,
1338,08260830,流量激增,2025-08-26 08:30:00,2025-08-26 08:40:00,G42015100200802010,光华大道站出口广场1,,G4202成都一绕高速,,,内环,,-7706,,,,,,,,
1339,08280805,流量激增,2025-08-28 08:05:00,2025-08-28 08:15:00,G42015100200802010,光华大道站出口广场1,,G4202成都一绕高速,,,内环,,-7706,,,,,,,,
1340,08280830,流量激增,2025-08-28 08:30:00,2025-08-28 08:40:00,G42015100200802010,光华大道站出口广场1,,G4202成都一绕高速,,,内环,,-7706,,,,,,,,
1341,08290825,流量激增,2025-08-29 08:25:00,2025-08-29 08:35:00,G42015100200802010,光华大道站出口广场1,,G4202成都一绕高速,,,内环,,-7706,,,,,,,,
1342,09040755,流量激增,2025-09-04 07:55:00,2025-09-04 08:10:00,G42015100200802010,光华大道站出口广场1,,G4202成都一绕高速,,,内环,,-7706,,,,,,,,
